station_name,weather_date,temperature,relative_humidity,wind_direction,wind_speed,precipitation,ffmc,isi,fwi
MOUNT CAYLEY,2021031400,-0.5,49,165,5.9,0,74.46906,1.002552,0.2005104
MOUNT CAYLEY,2021031401,-0.4,56,159,10.5,0,75.01895,1.301513,0.2603027
MOUNT CAYLEY,2021031402,-1,67,176,6.4,0,75.34299,1.078189,0.2156377
MOUNT CAYLEY,2021031403,-0.8,59,149,6.8,0,75.75815,1.127818,0.2255635
MOUNT CAYLEY,2021031404,-1.2,65,158,14.1,0,76.12509,1.667614,0.3335228
MOUNT CAYLEY,2021031405,-1.4,78,130,15.8,0,76.30258,1.838155,0.367631
MOUNT CAYLEY,2021031406,-1.7,93,175,7.3,0,76.28679,1.196492,0.2392984
MOUNT CAYLEY,2021031407,-2.1,100,178,8.2,0,75.91677,1.222299,0.2444597
MOUNT CAYLEY,2021031408,-1.8,100,162,9.4,0,75.56675,1.270809,0.2541618
MOUNT CAYLEY,2021031409,-1.9,99,146,11.3,0,75.30065,1.376776,0.2753552
MOUNT CAYLEY,2021031410,-1.5,98,159,11.7,0,75.11723,1.390229,0.2780458
MOUNT CAYLEY,2021031411,-1.5,97,146,10.1,0,75.00982,1.274899,0.2549798
MOUNT CAYLEY,2021031412,-1.4,100,183,7.5,0,74.744,1.102374,0.2204749
MOUNT CAYLEY,2021031413,-1.6,100,187,8.9,0,74.49142,1.167494,0.2334988
MOUNT CAYLEY,2021031414,-1.2,100,204,2.8,0,74.29772,0.8502051,0.170041
MOUNT CAYLEY,2021031415,-1.6,100,182,6.2,0.2,70.3608,0.8649899,0.172998
MOUNT CAYLEY,2021031416,-3.3,100,187,5.4,0.2,66.69064,0.7373655,0.1474731
MOUNT CAYLEY,2021031417,-4.9,100,175,6.4,0.2,63.26268,0.6752935,0.1350587
MOUNT CAYLEY,2021031418,-5.1,100,156,3.2,0,63.30321,0.5758209,0.1151642
MOUNT CAYLEY,2021031419,-5.7,100,139,4.8,0,63.34375,0.6253499,0.12507
MOUNT CAYLEY,2021031420,-6,100,116,7.1,0,63.38431,0.7035172,0.1407034
MOUNT CAYLEY,2021031421,-6.3,100,133,4.9,0,63.42488,0.6308777,0.1261755
MOUNT CAYLEY,2021031422,-7.1,97,116,5.5,0,63.50534,0.6526551,0.130531
MOUNT CAYLEY,2021031423,-7.5,100,102,5.5,0,63.54595,0.6538692,0.1307738
MOUNT CAYLEY,2021031500,-8,99,102,7,0,63.59785,0.7068776,0.1413755
MOUNT CAYLEY,2021031501,-9,97,90,2.3,0,63.66596,0.5595377,0.1119075
MOUNT CAYLEY,2021031502,-9.2,93,102,2.8,0,63.78772,0.5769613,0.1153923
MOUNT CAYLEY,2021031503,-8.7,94,76,0.4,0,63.8745,0.5132174,0.1026435
MOUNT CAYLEY,2021031504,-8.7,100,55,2.9,0,63.91523,0.5831683,0.1166337
MOUNT CAYLEY,2021031505,-9.4,100,79,0.6,0,63.95597,0.5202836,0.1040567
MOUNT CAYLEY,2021031506,-9.5,100,32,2.9,0,63.99673,0.5852622,0.1170525
MOUNT CAYLEY,2021031507,-8.9,95,99,1,0,64.07868,0.533733,0.1067466
MOUNT CAYLEY,2021031508,-5.9,81,105,0.2,0,64.31866,0.5179628,0.1035926
MOUNT CAYLEY,2021031509,-3,70,142,1,0,64.79226,0.550007,0.1100014
MOUNT CAYLEY,2021031510,-2.2,69,197,3.3,0.7,54.69915,0.3205814,6.41E-02
MOUNT CAYLEY,2021031511,-2.2,66,312,1.4,7.4,15.5632,2.21E-05,4.42E-06
MOUNT CAYLEY,2021031512,-3.3,76,299,1.5,0,16.53771,3.41E-05,6.83E-06
MOUNT CAYLEY,2021031513,-1.3,61,44,1.1,0,17.96006,6.11E-05,1.22E-05
MOUNT CAYLEY,2021031514,-1.8,60,234,3.7,0,19.63709,1.37E-04,2.73E-05
MOUNT CAYLEY,2021031515,-2,56,305,3.4,0,21.36847,2.59E-04,5.19E-05
MOUNT CAYLEY,2021031516,-2.4,55,305,1.3,0,22.88157,4.02E-04,8.04E-05
MOUNT CAYLEY,2021031517,-5.6,69,95,0,0,23.63585,4.89E-04,9.77E-05
MOUNT CAYLEY,2021031518,-6.9,72,110,0.5,0,24.4469,6.58E-04,1.32E-04
MOUNT CAYLEY,2021031519,-6.9,74,119,0.2,0,25.15246,8.18E-04,1.64E-04
MOUNT CAYLEY,2021031520,-7,73,114,0.6,0,25.94549,1.08E-03,2.15E-04
MOUNT CAYLEY,2021031521,-7.4,74,126,0.8,0,26.72546,1.38E-03,2.77E-04
MOUNT CAYLEY,2021031522,-7.6,75,111,0.1,0,27.35489,1.62E-03,3.24E-04
MOUNT CAYLEY,2021031523,-7.5,76,110,0.7,0,28.06655,2.06E-03,4.12E-04
MOUNT CAYLEY,2021031600,-7.7,79,97,0,0,28.54194,2.29E-03,4.57E-04
MOUNT CAYLEY,2021031601,-7.6,80,101,0.2,0,29.07834,2.69E-03,5.38E-04
MOUNT CAYLEY,2021031602,-7.4,81,87,0.6,0,29.65188,3.23E-03,6.45E-04
MOUNT CAYLEY,2021031603,-7.9,84,111,0,0,30.01465,3.46E-03,6.92E-04
MOUNT CAYLEY,2021031604,-7.8,84,114,0.7,0,30.5111,4.10E-03,8.21E-04
MOUNT CAYLEY,2021031605,-7.4,81,121,1.3,0,31.1419,5.01E-03,1.00E-03
MOUNT CAYLEY,2021031606,-6.8,74,126,1,0,31.92881,6.05E-03,1.21E-03
MOUNT CAYLEY,2021031607,-6,62,69,2.6,0,33.138,8.89E-03,1.78E-03
MOUNT CAYLEY,2021031608,-3,42,57,0.2,0,34.58347,1.11E-02,2.23E-03
MOUNT CAYLEY,2021031609,0.4,37,330,0.2,0,36.30775,1.65E-02,3.29E-03
MOUNT CAYLEY,2021031610,0,48,229,2.9,0,38.11857,2.77E-02,5.54E-03
MOUNT CAYLEY,2021031611,0.5,48,238,2.6,0,39.90188,3.89E-02,7.77E-03
MOUNT CAYLEY,2021031612,1.5,45,263,2.3,0,41.75605,5.39E-02,1.08E-02
MOUNT CAYLEY,2021031613,2.8,46,348,0.8,0,43.44641,6.68E-02,1.34E-02
MOUNT CAYLEY,2021031614,2.4,47,319,2.1,0,45.21257,9.45E-02,0.0188942
MOUNT CAYLEY,2021031615,2.5,43,259,1.3,0,46.94117,0.1170952,2.34E-02
MOUNT CAYLEY,2021031616,1.2,50,288,0.8,0,48.33009,0.138139,0.0276278
MOUNT CAYLEY,2021031617,-1.5,65,294,0.1,0,49.1316,0.1479928,2.96E-02
MOUNT CAYLEY,2021031618,-3.3,71,97,0.7,0,49.8503,0.1668818,3.34E-02
MOUNT CAYLEY,2021031619,-3.7,75,107,0.1,0,50.37993,0.1726352,3.45E-02
MOUNT CAYLEY,2021031620,-3.3,70,112,0.2,0,51.02895,0.1872381,3.74E-02
MOUNT CAYLEY,2021031621,-2.9,64,81,1.1,0,51.90347,0.2161934,4.32E-02
MOUNT CAYLEY,2021031622,-3,59,110,0.1,0,52.70963,0.2241509,4.48E-02
MOUNT CAYLEY,2021031623,-3,55,63,0.1,0,53.56863,0.2447248,4.89E-02
MOUNT CAYLEY,2021031700,-3,50,116,0.3,0,54.53697,0.271466,5.43E-02
MOUNT CAYLEY,2021031701,-2.8,51,98,0.1,0,55.43061,0.2915407,5.83E-02
MOUNT CAYLEY,2021031702,-3.2,53,62,0.3,0,56.30084,0.3173535,6.35E-02
MOUNT CAYLEY,2021031703,-3.2,56,64,0.7,0,57.15292,0.3469247,6.94E-02
MOUNT CAYLEY,2021031704,-3,52,63,2.2,0,58.16624,0.4039457,8.08E-02
MOUNT CAYLEY,2021031705,-3.3,51,95,0.3,0,58.99977,0.3892563,7.79E-02
MOUNT CAYLEY,2021031706,-2.2,39,95,1.5,0,60.15612,0.445808,0.0891616
MOUNT CAYLEY,2021031707,-0.9,33,109,0,0,61.20019,0.4397301,8.79E-02
MOUNT CAYLEY,2021031708,1.3,24,124,3.9,0,62.87491,0.5844417,0.1168883
MOUNT CAYLEY,2021031709,3.3,32,219,0.4,0,64.1628,0.5197275,0.1039455
MOUNT CAYLEY,2021031710,3.8,35,248,1.5,0,65.487,0.5797414,0.1159483
MOUNT CAYLEY,2021031711,4.4,32,296,2,0,66.87724,0.6252989,0.1250598
MOUNT CAYLEY,2021031712,4.6,31,268,2.2,0,68.24181,0.6608864,0.1321773
MOUNT CAYLEY,2021031713,4.3,42,268,2.9,0,69.34921,0.7091603,0.1418321
MOUNT CAYLEY,2021031714,3.2,48,166,3.8,0,70.2822,0.7645072,0.1529014
MOUNT CAYLEY,2021031715,3.1,49,151,5,0,71.184,0.8368354,0.1673671
MOUNT CAYLEY,2021031716,2.9,52,93,3.8,0,71.94739,0.8092625,0.1618525
MOUNT CAYLEY,2021031717,0.9,59,95,3.6,0,72.50548,0.8182001,0.16364
MOUNT CAYLEY,2021031718,0.5,56,355,0.8,0,72.98173,0.7242339,0.1448468
MOUNT CAYLEY,2021031719,0.7,54,122,6.4,0,73.614,0.9868883,0.1973777
MOUNT CAYLEY,2021031720,0.8,53,99,5.6,0,74.21735,0.9751603,0.1950321
MOUNT CAYLEY,2021031721,2,54,153,9,0,74.86115,1.196405,0.2392809
MOUNT CAYLEY,2021031722,1.9,57,150,5.6,0,75.37253,1.037369,0.2074738
MOUNT CAYLEY,2021031723,2,56,163,5.5,0,75.87212,1.063823,0.2127646
MOUNT CAYLEY,2021031800,1.9,58,148,7.7,0,76.34318,1.225468,0.2450936
MOUNT CAYLEY,2021031801,1.6,61,149,7.6,0,76.73956,1.253175,0.250635
MOUNT CAYLEY,2021031802,1.4,64,150,8.5,0,77.07909,1.344112,0.2688224
MOUNT CAYLEY,2021031803,1.1,65,151,5.6,0,77.36016,1.186408,0.2372817
MOUNT CAYLEY,2021031804,0.5,66,82,3.2,0,77.58703,1.070149,0.2140297
MOUNT CAYLEY,2021031805,0.6,61,67,2.3,0,77.84687,1.044446,0.2088893
MOUNT CAYLEY,2021031806,1.3,56,109,3.6,0,78.17821,1.146639,0.2293278
MOUNT CAYLEY,2021031807,2.2,51,89,5.1,0,78.5909,1.282337,0.2564673
MOUNT CAYLEY,2021031808,0.9,73,162,4.2,0.2,74.59468,0.9262084,0.1852417
MOUNT CAYLEY,2021031809,0.3,93,145,3,0.4,66.96161,0.6595249,0.131905
MOUNT CAYLEY,2021031810,0.1,99,147,8.1,1.1,50.01787,0.2473129,4.95E-02
MOUNT CAYLEY,2021031811,-0.1,100,155,2.8,0.4,45.28059,9.89E-02,1.98E-02
MOUNT CAYLEY,2021031812,0,100,183,4.3,1.1,34.42078,1.32E-02,2.64E-03
MOUNT CAYLEY,2021031813,0.3,100,153,10,2.8,17.56773,8.13E-05,1.63E-05
MOUNT CAYLEY,2021031814,-0.1,100,202,5.6,0.9,14.49414,1.68E-05,3.35E-06
MOUNT CAYLEY,2021031815,-0.7,100,231,0.4,0,14.51857,1.30E-05,2.61E-06
MOUNT CAYLEY,2021031816,-2.3,100,183,9.7,0,14.543,2.11E-05,4.22E-06
MOUNT CAYLEY,2021031817,-2.4,100,186,1.4,0,14.56745,1.40E-05,2.81E-06
MOUNT CAYLEY,2021031818,-3,100,115,7,0,14.5919,1.88E-05,3.76E-06
MOUNT CAYLEY,2021031819,-3,100,142,9.5,0,14.61636,2.16E-05,4.32E-06
MOUNT CAYLEY,2021031820,-3.4,100,172,7.1,0,14.64083,1.94E-05,3.87E-06
MOUNT CAYLEY,2021031821,-3.4,100,191,2.7,0,14.66531,1.57E-05,3.14E-06
MOUNT CAYLEY,2021031822,-3.9,100,165,8.1,0,14.6898,2.08E-05,4.16E-06
MOUNT CAYLEY,2021031823,-4,100,133,2.9,0,14.71429,1.62E-05,3.24E-06
MOUNT CAYLEY,2021031900,-3.6,100,163,4.7,0,14.73879,1.79E-05,3.59E-06
MOUNT CAYLEY,2021031901,-3.2,100,124,7.3,0,14.7633,2.07E-05,4.14E-06
MOUNT CAYLEY,2021031902,-3.3,100,153,6.2,0,14.78782,1.98E-05,3.96E-06
MOUNT CAYLEY,2021031903,-3.4,100,135,8,0,14.81235,2.19E-05,4.38E-06
MOUNT CAYLEY,2021031904,-3.4,100,152,7,0,14.83688,2.11E-05,4.21E-06
MOUNT CAYLEY,2021031905,-3.4,100,141,8.4,0,14.86143,2.29E-05,4.57E-06
MOUNT CAYLEY,2021031906,-3.5,100,145,5.9,0,14.88598,2.04E-05,4.08E-06
MOUNT CAYLEY,2021031907,-3.4,100,157,4.6,0,14.91053,1.93E-05,3.86E-06
MOUNT CAYLEY,2021031908,-2.6,100,117,5.7,0,14.9351,2.06E-05,4.13E-06
MOUNT CAYLEY,2021031909,-1.8,100,176,2.9,0,14.95968,1.81E-05,3.63E-06
MOUNT CAYLEY,2021031910,-1.6,100,174,0,0.2,14.409,1.21E-05,2.43E-06
MOUNT CAYLEY,2021031911,-2,100,160,6.9,0.4,13.34887,1.04E-05,2.08E-06
MOUNT CAYLEY,2021031912,-1.5,100,163,9.5,0.7,11.68581,5.18E-06,1.04E-06
MOUNT CAYLEY,2021031913,-2.1,100,150,9.3,0.4,10.91097,3.43E-06,6.86E-07
MOUNT CAYLEY,2021031914,-2.3,100,152,6.6,0.4,10.21812,2.07E-06,4.14E-07
MOUNT CAYLEY,2021031915,-2.9,100,145,9.8,0.2,9.918426,2.07E-06,4.14E-07
MOUNT CAYLEY,2021031916,-3.1,100,152,7.1,0,9.941344,1.83E-06,3.65E-07
MOUNT CAYLEY,2021031917,-3.3,100,335,2.7,0,9.964271,1.48E-06,2.96E-07
MOUNT CAYLEY,2021031918,-3.5,100,105,1.9,0,9.987205,1.44E-06,2.88E-07
MOUNT CAYLEY,2021031919,-3.4,100,184,1.3,0,10.01015,1.42E-06,2.83E-07
MOUNT CAYLEY,2021031920,-3.3,100,167,5.6,0,10.0331,1.78E-06,3.56E-07
MOUNT CAYLEY,2021031921,-3.5,100,345,1.7,0,10.05605,1.48E-06,2.96E-07
MOUNT CAYLEY,2021031922,-3.4,100,301,1,0,10.07902,1.45E-06,2.90E-07
MOUNT CAYLEY,2021031923,-3.5,100,272,0.9,0,10.10199,1.46E-06,2.92E-07
MOUNT CAYLEY,2021032000,-3.6,100,23,0.1,0,10.12497,1.42E-06,2.84E-07
MOUNT CAYLEY,2021032001,-3.6,100,156,0.2,0,10.14795,1.44E-06,2.89E-07
MOUNT CAYLEY,2021032002,-3.8,100,100,1.3,0,10.17095,1.54E-06,3.09E-07
MOUNT CAYLEY,2021032003,-3.9,100,144,0,0,10.19395,1.47E-06,2.93E-07
MOUNT CAYLEY,2021032004,-3.8,100,131,0.1,0,10.21696,1.49E-06,2.98E-07
MOUNT CAYLEY,2021032005,-3.8,100,227,1.2,0,10.23997,1.60E-06,3.19E-07
MOUNT CAYLEY,2021032006,-3.5,100,168,1.4,0,10.263,1.63E-06,3.26E-07
MOUNT CAYLEY,2021032007,-2.4,100,240,0.9,0,10.28603,1.61E-06,3.22E-07
MOUNT CAYLEY,2021032008,-1.3,100,182,3.9,0.2,9.982716,1.59E-06,3.18E-07
MOUNT CAYLEY,2021032009,-1.1,100,229,6.3,0.9,8.632251,8.46E-07,1.69E-07
MOUNT CAYLEY,2021032010,0.3,100,239,4.6,2,6.414564,2.09E-07,4.17E-08
MOUNT CAYLEY,2021032011,0,100,242,4,2.8,4.852956,7.51E-08,1.50E-08
MOUNT CAYLEY,2021032012,1.1,100,238,4.4,3.7,3.953351,4.22E-08,8.43E-09
MOUNT CAYLEY,2021032013,0.4,100,230,4,3,3.566723,3.18E-08,6.35E-09
MOUNT CAYLEY,2021032014,-1.1,100,220,5.2,1.3,3.454364,3.12E-08,6.25E-09
MOUNT CAYLEY,2021032015,-1.6,100,236,4.9,0,3.475149,3.12E-08,6.24E-09
MOUNT CAYLEY,2021032016,-0.8,100,240,3.7,0.2,3.477335,2.94E-08,5.89E-09
MOUNT CAYLEY,2021032017,-3.1,100,226,1.9,0,3.498127,2.73E-08,5.45E-09
MOUNT CAYLEY,2021032018,-4.3,100,212,2.5,0,3.518926,2.85E-08,5.70E-09
MOUNT CAYLEY,2021032019,-5.6,100,157,0.1,0,3.539732,2.56E-08,5.13E-09
MOUNT CAYLEY,2021032020,-5.6,100,102,0,0,3.560544,2.59E-08,5.17E-09
MOUNT CAYLEY,2021032021,-5.8,100,100,0,0,3.581363,2.62E-08,5.25E-09
MOUNT CAYLEY,2021032022,-5.4,100,219,0.9,0,3.60219,2.78E-08,5.57E-09
MOUNT CAYLEY,2021032023,-5.2,100,200,1,0,3.623023,2.84E-08,5.68E-09
MOUNT CAYLEY,2021032100,-5.4,100,220,0.7,0,3.643863,2.84E-08,5.67E-09
MOUNT CAYLEY,2021032101,-5.4,100,208,0.4,0,3.66471,2.83E-08,5.67E-09
MOUNT CAYLEY,2021032102,-5.3,100,226,0,0,3.685564,2.82E-08,5.63E-09
MOUNT CAYLEY,2021032103,-5.4,100,184,2.7,0,3.706425,3.27E-08,6.55E-09
MOUNT CAYLEY,2021032104,-5.5,100,184,2.3,0,3.727292,3.25E-08,6.51E-09
MOUNT CAYLEY,2021032105,-5.7,100,197,2.7,0,3.748167,3.37E-08,6.74E-09
MOUNT CAYLEY,2021032106,-5.5,100,187,5.2,0,3.769048,3.87E-08,7.75E-09
MOUNT CAYLEY,2021032107,-4.7,100,186,3.4,0,3.789937,3.59E-08,7.18E-09
MOUNT CAYLEY,2021032108,-4.2,99,262,4.2,0,3.877902,3.97E-08,7.93E-09
MOUNT CAYLEY,2021032109,-2.8,100,222,2.3,0.2,3.870523,3.59E-08,7.17E-09
MOUNT CAYLEY,2021032110,-2.2,99,204,4.2,1.1,3.809733,3.79E-08,7.58E-09
MOUNT CAYLEY,2021032111,-2.5,93,196,7.5,1.1,4.22305,5.91E-08,1.18E-08
MOUNT CAYLEY,2021032112,-3.1,97,193,7,0.4,4.405429,6.50E-08,1.30E-08
MOUNT CAYLEY,2021032113,-3.1,99,196,4.5,0.2,4.453935,5.92E-08,1.18E-08
MOUNT CAYLEY,2021032114,-3.9,100,163,7.5,0.2,4.429466,6.78E-08,1.36E-08
MOUNT CAYLEY,2021032115,-4.3,100,169,5.2,0,4.450572,6.12E-08,1.22E-08
MOUNT CAYLEY,2021032116,-4.5,100,175,1.5,0,4.471685,5.15E-08,1.03E-08
MOUNT CAYLEY,2021032117,-4.7,100,156,1,0,4.492805,5.09E-08,1.02E-08
MOUNT CAYLEY,2021032118,-4.9,100,193,3.1,0,4.513933,5.74E-08,1.15E-08
MOUNT CAYLEY,2021032119,-4.8,100,148,4.2,0,4.535067,6.16E-08,1.23E-08
MOUNT CAYLEY,2021032120,-4.6,100,200,2.6,0,4.556208,5.76E-08,1.15E-08
MOUNT CAYLEY,2021032121,-4.4,100,179,8.2,0,4.577356,7.74E-08,1.55E-08
MOUNT CAYLEY,2021032122,-4.8,100,188,7.1,0,4.598512,7.43E-08,1.49E-08
MOUNT CAYLEY,2021032123,-4.6,100,114,3.3,0,4.619674,6.22E-08,1.24E-08
MOUNT CAYLEY,2021032200,-4.7,100,170,4.8,0,4.640843,6.80E-08,1.36E-08
MOUNT CAYLEY,2021032201,-4.9,100,216,1.3,0,4.662019,5.78E-08,1.16E-08
MOUNT CAYLEY,2021032202,-5.4,100,320,0.2,0,4.683202,5.55E-08,1.11E-08
MOUNT CAYLEY,2021032203,-5.4,100,15,0,0,4.704392,5.57E-08,1.11E-08
MOUNT CAYLEY,2021032204,-6.1,100,24,0,0,4.72559,5.65E-08,1.13E-08
MOUNT CAYLEY,2021032205,-6.2,100,53,0.6,0,4.746794,5.90E-08,1.18E-08
MOUNT CAYLEY,2021032206,-6.8,100,49,0.4,0,4.768005,5.92E-08,1.18E-08
MOUNT CAYLEY,2021032207,-6.6,100,69,2.1,0,4.789223,6.54E-08,1.31E-08
MOUNT CAYLEY,2021032208,-3.5,91,96,2.1,0,5.26649,8.92E-08,1.78E-08
MOUNT CAYLEY,2021032209,-0.3,88,216,1.6,0,5.909259,1.31E-07,2.62E-08
MOUNT CAYLEY,2021032210,-0.6,77,287,1.3,8,4.618422,5.62E-08,1.12E-08
MOUNT CAYLEY,2021032211,-1.1,79,289,2.5,0,5.667681,1.18E-07,2.35E-08
MOUNT CAYLEY,2021032212,-0.2,86,240,1.8,0,6.415991,1.81E-07,3.62E-08
MOUNT CAYLEY,2021032213,-0.3,87,251,2.4,0.2,7.036297,2.73E-07,5.45E-08
MOUNT CAYLEY,2021032214,0.9,72,264,4,0,8.553076,7.21E-07,1.44E-07
MOUNT CAYLEY,2021032215,-0.5,78,275,2.5,0,9.668146,1.25E-06,2.50E-07
MOUNT CAYLEY,2021032216,-0.8,72,312,2.7,0,10.99146,2.57E-06,5.13E-07
MOUNT CAYLEY,2021032217,-1.6,76,46,0,0,11.70504,3.24E-06,6.48E-07
MOUNT CAYLEY,2021032218,-4.9,90,81,0.2,0,12.05384,3.91E-06,7.82E-07
MOUNT CAYLEY,2021032219,-5.6,93,101,1.8,0,12.40102,5.05E-06,1.01E-06
MOUNT CAYLEY,2021032220,-5.6,94,114,2.2,0,12.71904,6.03E-06,1.21E-06
MOUNT CAYLEY,2021032221,-6.2,96,103,0.2,0,12.87063,5.88E-06,1.18E-06
MOUNT CAYLEY,2021032222,-6,96,94,1.1,0,13.06352,6.76E-06,1.35E-06
MOUNT CAYLEY,2021032223,-6.3,98,103,0.3,0,13.15511,6.79E-06,1.36E-06
MOUNT CAYLEY,2021032300,-6.3,93,98,0.3,0,13.40881,7.67E-06,1.53E-06
MOUNT CAYLEY,2021032301,-6.7,94,105,0.3,0,13.62793,8.53E-06,1.71E-06
MOUNT CAYLEY,2021032302,-6.7,89,95,0.2,0,13.98297,1.00E-05,2.01E-06
MOUNT CAYLEY,2021032303,-7,93,105,0.7,0,14.26024,1.17E-05,2.35E-06
MOUNT CAYLEY,2021032304,-7,93,103,0.3,0,14.50753,1.29E-05,2.58E-06
MOUNT CAYLEY,2021032305,-7.2,91,73,0.9,0,14.86234,1.57E-05,3.14E-06
MOUNT CAYLEY,2021032306,-5.9,88,46,0.1,0,15.23452,1.78E-05,3.57E-06
MOUNT CAYLEY,2021032307,-5.6,89,125,0.1,0,15.58253,2.09E-05,4.18E-06
MOUNT CAYLEY,2021032308,-1.8,72,225,1.2,0.2,16.09206,2.77E-05,5.53E-06
MOUNT CAYLEY,2021032309,-1.2,69,212,0.3,0,17.15909,4.19E-05,8.39E-06
MOUNT CAYLEY,2021032310,-1.1,70,256,2.6,0,18.5087,8.25E-05,1.65E-05
MOUNT CAYLEY,2021032311,0,70,292,2.8,0,19.92717,1.46E-04,2.92E-05
MOUNT CAYLEY,2021032312,0.1,69,233,4,0,21.474,2.78E-04,5.56E-05
MOUNT CAYLEY,2021032313,-1.1,76,241,3.9,0,22.70878,4.31E-04,8.63E-05
MOUNT CAYLEY,2021032314,-1.8,82,228,0.5,0,23.39661,4.62E-04,9.23E-05
MOUNT CAYLEY,2021032315,-1.8,83,199,1.3,0,24.14491,6.20E-04,1.24E-04
MOUNT CAYLEY,2021032316,-2.9,100,242,4.5,0,24.17252,7.35E-04,1.47E-04
MOUNT CAYLEY,2021032317,-3.1,100,175,3,0,24.20015,6.88E-04,1.38E-04
MOUNT CAYLEY,2021032318,-3.5,100,126,3.1,0,24.22778,6.98E-04,1.40E-04
MOUNT CAYLEY,2021032319,-3.7,100,195,4.6,0,24.25542,7.59E-04,1.52E-04
MOUNT CAYLEY,2021032320,-3.5,100,179,7.8,0,24.28308,9.01E-04,1.80E-04
MOUNT CAYLEY,2021032321,-3.6,100,194,5.5,0,24.31074,8.10E-04,1.62E-04
MOUNT CAYLEY,2021032322,-3.6,100,194,2.4,0,24.33841,6.99E-04,1.40E-04
MOUNT CAYLEY,2021032323,-3.8,100,189,3.5,0,24.36609,7.46E-04,1.49E-04
MOUNT CAYLEY,2021032400,-3.8,100,207,4,0,24.39377,7.72E-04,1.54E-04
MOUNT CAYLEY,2021032401,-3.6,100,192,5.9,0,24.42147,8.57E-04,1.71E-04
MOUNT CAYLEY,2021032402,-3.8,100,197,4,0,24.44918,7.86E-04,1.57E-04
MOUNT CAYLEY,2021032403,-4.2,100,186,1.1,0,24.47689,6.85E-04,1.37E-04
MOUNT CAYLEY,2021032404,-4.4,100,170,3.4,0,24.50462,7.77E-04,1.55E-04
MOUNT CAYLEY,2021032405,-4.4,100,178,4.6,0,24.53235,8.33E-04,1.67E-04
MOUNT CAYLEY,2021032406,-4.2,100,169,0,0,24.56009,6.67E-04,1.33E-04
MOUNT CAYLEY,2021032407,-3.2,100,359,0.1,0,24.58785,6.76E-04,1.35E-04
MOUNT CAYLEY,2021032408,-0.6,91,327,0.3,0,24.95606,7.71E-04,1.54E-04
MOUNT CAYLEY,2021032409,-0.6,93,212,1.3,3.3,11.91,3.84E-06,7.68E-07
MOUNT CAYLEY,2021032410,-0.6,90,309,1.8,3.5,6.706604,2.17E-07,4.33E-08
MOUNT CAYLEY,2021032411,-0.4,88,293,1.8,0.2,7.223241,2.96E-07,5.92E-08
MOUNT CAYLEY,2021032412,1.5,76,286,1.2,0,8.351405,5.57E-07,1.11E-07
MOUNT CAYLEY,2021032413,1.7,76,304,1.9,0,9.575517,1.15E-06,2.30E-07
MOUNT CAYLEY,2021032414,1.6,74,282,2.9,0,10.96906,2.56E-06,5.12E-07
MOUNT CAYLEY,2021032415,0.2,89,280,2.2,0,11.62154,3.47E-06,6.94E-07
MOUNT CAYLEY,2021032416,0.1,83,312,1.7,0,12.49547,5.26E-06,1.05E-06
MOUNT CAYLEY,2021032417,-2.1,100,270,1.5,0,12.51924,5.27E-06,1.05E-06
MOUNT CAYLEY,2021032418,-2.8,100,209,0.7,0,12.54301,5.12E-06,1.02E-06
MOUNT CAYLEY,2021032419,-2.9,100,227,1.7,0,12.5668,5.45E-06,1.09E-06
MOUNT CAYLEY,2021032420,-3.4,100,77,0,0,12.59059,5.06E-06,1.01E-06
MOUNT CAYLEY,2021032421,-3.4,100,48,0,0,12.61439,5.13E-06,1.03E-06
MOUNT CAYLEY,2021032422,-4,100,169,0,0,12.6382,5.19E-06,1.04E-06
MOUNT CAYLEY,2021032423,-4.2,100,2,0,0,12.66202,5.25E-06,1.05E-06
MOUNT CAYLEY,2021032500,-4.4,100,69,0.6,0,12.68584,5.47E-06,1.09E-06
MOUNT CAYLEY,2021032501,-5.4,100,72,0.2,0,12.70967,5.43E-06,1.09E-06
MOUNT CAYLEY,2021032502,-5.6,100,27,0.2,0,12.73351,5.49E-06,1.10E-06
MOUNT CAYLEY,2021032503,-5.3,100,121,0.4,0,12.75736,5.61E-06,1.12E-06
MOUNT CAYLEY,2021032504,-4.9,100,108,0.3,0,12.78122,5.65E-06,1.13E-06
MOUNT CAYLEY,2021032505,-4.5,100,89,0,0,12.80508,5.63E-06,1.13E-06
MOUNT CAYLEY,2021032506,-3.9,93,65,0.6,0,13.10713,6.73E-06,1.35E-06
MOUNT CAYLEY,2021032507,-2.6,87,143,0.1,0,13.5576,8.16E-06,1.63E-06
MOUNT CAYLEY,2021032508,0.5,61,211,1.2,0.2,14.59963,1.41E-05,2.82E-06
MOUNT CAYLEY,2021032509,1.6,51,309,1.8,0,16.55962,3.50E-05,7.00E-06
MOUNT CAYLEY,2021032510,3.1,51,162,0.2,0,18.29641,6.70E-05,1.34E-05
MOUNT CAYLEY,2021032511,2.1,53,252,2.8,0,20.34411,1.71E-04,3.43E-05
MOUNT CAYLEY,2021032512,5.8,45,262,2.3,0,22.85339,4.19E-04,8.37E-05
MOUNT CAYLEY,2021032513,4.4,44,243,5.8,0,25.58226,1.24E-03,2.49E-04
MOUNT CAYLEY,2021032514,3,49,270,4.7,0,27.92245,2.42E-03,4.83E-04
MOUNT CAYLEY,2021032515,3.7,49,251,5.2,0,30.3323,4.90E-03,9.81E-04
MOUNT CAYLEY,2021032516,3.1,48,237,3.2,0,32.50652,7.83E-03,1.57E-03
MOUNT CAYLEY,2021032517,1.4,55,241,1.6,0,34.1725,1.09E-02,2.17E-03
MOUNT CAYLEY,2021032518,-1.8,66,72,0,0,35.03989,0.0122613,2.45E-03
MOUNT CAYLEY,2021032519,-2.5,74,100,0,0,35.69571,1.42E-02,2.85E-03
MOUNT CAYLEY,2021032520,-2.7,76,91,0.3,0,36.41679,1.69E-02,3.39E-03
MOUNT CAYLEY,2021032521,-3.1,84,131,0,0,36.81806,1.82E-02,3.64E-03
MOUNT CAYLEY,2021032522,-3.5,90,103,0.2,0,37.12909,1.97E-02,3.93E-03
MOUNT CAYLEY,2021032523,-3.8,94,121,1.3,0,37.38295,2.19E-02,4.39E-03
MOUNT CAYLEY,2021032600,-3.8,99,132,2.3,0,37.45793,2.34E-02,4.69E-03
MOUNT CAYLEY,2021032601,-4.4,95,103,0.2,0,37.62338,2.18E-02,4.36E-03
MOUNT CAYLEY,2021032602,-4.6,100,116,1.2,0,37.65545,2.31E-02,4.62E-03
MOUNT CAYLEY,2021032603,-4,100,73,0.5,0,37.68752,2.25E-02,4.49E-03
MOUNT CAYLEY,2021032604,-3.9,100,20,0,0,37.71961,2.20E-02,4.41E-03
MOUNT CAYLEY,2021032605,-4.1,100,134,0.4,0,37.75171,2.26E-02,4.53E-03
MOUNT CAYLEY,2021032606,-3.8,100,145,0.2,0,37.78381,2.26E-02,4.51E-03
MOUNT CAYLEY,2021032607,-3.3,100,223,1.6,0,37.81593,2.44E-02,4.88E-03
MOUNT CAYLEY,2021032608,-2.2,100,240,1.4,0.2,36.08929,1.67E-02,3.33E-03
MOUNT CAYLEY,2021032609,-1.5,98,263,1.7,0,36.21003,1.74E-02,3.48E-03
MOUNT CAYLEY,2021032610,-1.1,94,308,2.7,0.2,34.87371,1.35E-02,2.70E-03
MOUNT CAYLEY,2021032611,-0.2,90,236,2.1,0,35.37969,1.47E-02,2.95E-03
MOUNT CAYLEY,2021032612,0.1,96,164,0.6,0,35.56527,1.42E-02,2.85E-03
MOUNT CAYLEY,2021032613,-0.6,100,288,2.6,0,35.59665,1.59E-02,3.17E-03
MOUNT CAYLEY,2021032614,0.4,94,217,2,0,35.92352,1.66E-02,3.31E-03
MOUNT CAYLEY,2021032615,-0.7,100,239,3.6,0,35.95503,1.81E-02,3.62E-03
MOUNT CAYLEY,2021032616,0,100,21,0.7,0,35.98654,1.57E-02,3.15E-03
MOUNT CAYLEY,2021032617,-1.6,100,180,1.3,0,36.01807,0.0163268,3.27E-03
MOUNT CAYLEY,2021032618,-1.8,100,182,0.5,0,36.0496,1.58E-02,3.16E-03
MOUNT CAYLEY,2021032619,-1.9,100,87,0,0,36.08115,1.55E-02,3.10E-03
MOUNT CAYLEY,2021032620,-2.1,100,183,0.2,0,36.11271,1.58E-02,3.15E-03
MOUNT CAYLEY,2021032621,-2.3,100,212,0.2,0,36.14427,1.59E-02,3.18E-03
MOUNT CAYLEY,2021032622,-2.3,100,214,0.1,0,36.17585,1.59E-02,3.18E-03
MOUNT CAYLEY,2021032623,-2.5,100,183,0,0,36.20744,1.59E-02,3.19E-03
MOUNT CAYLEY,2021032700,-2.4,100,36,0,0,36.23903,1.61E-02,3.21E-03
MOUNT CAYLEY,2021032701,-2.9,100,128,0,0,36.27064,1.62E-02,3.23E-03
MOUNT CAYLEY,2021032702,-3.3,100,104,0,0,36.30226,1.63E-02,3.26E-03
MOUNT CAYLEY,2021032703,-3.3,100,112,0.6,0,36.33389,1.69E-02,3.38E-03
MOUNT CAYLEY,2021032704,-3.2,100,111,0.2,0,36.36553,1.67E-02,3.34E-03
MOUNT CAYLEY,2021032705,-3.3,100,181,0,0,36.39718,1.66E-02,3.32E-03
MOUNT CAYLEY,2021032706,-2.8,100,199,0,0,36.42884,0.0167384,3.35E-03
MOUNT CAYLEY,2021032707,-1.8,100,17,0,0,36.46051,1.69E-02,3.37E-03
MOUNT CAYLEY,2021032708,-0.6,100,345,0.1,0,36.49219,1.71E-02,3.41E-03
MOUNT CAYLEY,2021032709,0.9,99,265,1,0,36.56702,1.81E-02,3.63E-03
MOUNT CAYLEY,2021032710,1.2,95,240,3,0,36.87779,2.15E-02,4.29E-03
MOUNT CAYLEY,2021032711,1.2,96,229,3.3,0,37.13926,2.30E-02,4.61E-03
MOUNT CAYLEY,2021032712,1.4,95,218,5.4,0,37.50022,2.76E-02,5.53E-03
MOUNT CAYLEY,2021032713,0.9,98,220,7.1,0,37.67592,3.12E-02,6.25E-03
MOUNT CAYLEY,2021032714,0.1,100,206,5.3,0.4,34.26745,1.34E-02,2.68E-03
MOUNT CAYLEY,2021032715,-0.7,100,182,8.1,0.4,31.20955,7.18E-03,1.44E-03
MOUNT CAYLEY,2021032716,-1.2,100,178,4.7,0,31.2395,6.10E-03,1.22E-03
MOUNT CAYLEY,2021032717,-1.2,100,177,6,0,31.26945,6.56E-03,1.31E-03
MOUNT CAYLEY,2021032718,-1.1,100,172,10.3,0,31.29942,8.21E-03,1.64E-03
MOUNT CAYLEY,2021032719,-0.9,100,184,9.3,0,31.3294,7.87E-03,1.57E-03
MOUNT CAYLEY,2021032720,-1.1,100,182,11.9,0,31.35939,9.04E-03,0.0018083
MOUNT CAYLEY,2021032721,-1.3,100,174,12.8,0,31.38938,9.54E-03,1.91E-03
MOUNT CAYLEY,2021032722,-1.5,100,176,6.7,0,31.41939,7.07E-03,1.41E-03
MOUNT CAYLEY,2021032723,-1.9,100,177,10.3,0,31.44941,8.54E-03,1.71E-03
MOUNT CAYLEY,2021032800,-2,100,174,9.3,0,31.47943,8.18E-03,1.64E-03
MOUNT CAYLEY,2021032801,-2.2,100,174,10,0,31.50947,8.54E-03,1.71E-03
MOUNT CAYLEY,2021032802,-2.4,100,189,5.2,0,31.53952,6.76E-03,1.35E-03
MOUNT CAYLEY,2021032803,-2.5,100,184,8.7,0,31.56957,8.13E-03,1.63E-03
MOUNT CAYLEY,2021032804,-2.7,100,191,10.9,0,31.59964,9.15E-03,1.83E-03
MOUNT CAYLEY,2021032805,-2.8,100,179,13.2,0,31.62972,0.0103588,2.07E-03
MOUNT CAYLEY,2021032806,-2.8,100,178,14.1,0,31.65981,1.09E-02,2.18E-03
MOUNT CAYLEY,2021032807,-2.8,100,192,7.2,0,31.6899,7.78E-03,1.56E-03
MOUNT CAYLEY,2021032808,-2.9,100,188,10.2,0,31.72001,9.12E-03,1.82E-03
MOUNT CAYLEY,2021032809,-2.7,100,197,7.5,0,31.75012,0.0080189,1.60E-03
MOUNT CAYLEY,2021032810,-2.9,100,191,11.4,0,31.78025,9.84E-03,1.97E-03
MOUNT CAYLEY,2021032811,-2.8,100,206,7.4,0,31.81039,8.10E-03,1.62E-03
MOUNT CAYLEY,2021032812,-3.3,100,244,6.7,0.4,29.00178,3.65E-03,7.31E-04
MOUNT CAYLEY,2021032813,-3.8,100,239,5.2,0.2,27.73446,2.34E-03,4.69E-04
MOUNT CAYLEY,2021032814,-0.2,95,262,3.6,1.7,18.77938,9.68E-05,1.94E-05
MOUNT CAYLEY,2021032815,-3,100,277,2.8,3,9.501317,1.16E-06,2.31E-07
MOUNT CAYLEY,2021032816,-6.6,100,337,6.2,0.2,9.239726,1.19E-06,2.37E-07
MOUNT CAYLEY,2021032817,-6.8,100,349,7.2,0,9.262421,1.26E-06,2.53E-07
MOUNT CAYLEY,2021032818,-7.6,100,310,1.3,0,9.285123,9.50E-07,1.90E-07
MOUNT CAYLEY,2021032819,-8.2,100,74,2.7,0,9.307833,1.03E-06,2.07E-07
MOUNT CAYLEY,2021032820,-9.1,100,169,1.5,0,9.330549,9.85E-07,1.97E-07
MOUNT CAYLEY,2021032821,-9.3,99,354,2.5,0,9.400786,1.08E-06,2.15E-07
MOUNT CAYLEY,2021032822,-9.4,97,343,4,0,9.580947,1.28E-06,2.57E-07
MOUNT CAYLEY,2021032823,-9.6,100,7,1.7,0,9.603754,1.16E-06,2.31E-07
MOUNT CAYLEY,2021032900,-9.6,99,120,1.4,0,9.667123,1.18E-06,2.36E-07
MOUNT CAYLEY,2021032901,-9.5,99,158,1.4,0,9.730659,1.22E-06,2.44E-07
MOUNT CAYLEY,2021032902,-10.1,100,116,0.6,0,9.753515,1.19E-06,2.38E-07
MOUNT CAYLEY,2021032903,-10.2,97,62,0.2,0,9.859835,1.23E-06,2.47E-07
MOUNT CAYLEY,2021032904,-9.9,97,42,0.7,0,9.984663,1.36E-06,2.71E-07
MOUNT CAYLEY,2021032905,-10.5,97,136,2,0,10.13266,1.57E-06,3.14E-07
MOUNT CAYLEY,2021032906,-9.5,88,3,2,0,10.61668,2.03E-06,4.06E-07
MOUNT CAYLEY,2021032907,-8.6,81,85,1.8,0,11.31706,2.91E-06,5.81E-07
MOUNT CAYLEY,2021032908,-3.8,72,23,0.5,0,12.25805,4.40E-06,8.80E-07
MOUNT CAYLEY,2021032909,-2.5,63,337,0.7,2,9.537412,1.06E-06,2.12E-07
MOUNT CAYLEY,2021032910,-3,60,310,1.3,2.6,7.614434,3.64E-07,7.29E-08
MOUNT CAYLEY,2021032911,-3.3,61,267,4.1,0,9.216938,1.05E-06,2.11E-07
MOUNT CAYLEY,2021032912,-1.9,57,316,1.8,0,10.80052,2.22E-06,4.44E-07
MOUNT CAYLEY,2021032913,-3,52,287,3.5,0,12.58958,6.04E-06,1.21E-06
MOUNT CAYLEY,2021032914,-1,45,241,5,0,14.79298,1.87E-05,3.73E-06
MOUNT CAYLEY,2021032915,-1.4,48,242,5.6,0,16.93511,4.98E-05,9.96E-06
MOUNT CAYLEY,2021032916,-2.2,48,262,5.3,0,18.98783,1.15E-04,2.29E-05
MOUNT CAYLEY,2021032917,-3.7,53,260,3.1,0,20.65957,1.96E-04,3.92E-05
MOUNT CAYLEY,2021032918,-6.3,60,174,0.2,0,21.69825,2.49E-04,4.98E-05
MOUNT CAYLEY,2021032919,-7,62,66,1.3,0,22.83257,3.95E-04,7.90E-05
MOUNT CAYLEY,2021032920,-7.3,64,76,0.4,0,23.78882,5.25E-04,1.05E-04
MOUNT CAYLEY,2021032921,-7.6,69,123,1.6,0,24.76732,7.74E-04,1.55E-04
MOUNT CAYLEY,2021032922,-7.5,70,137,1,0,25.6634,1.00E-03,2.01E-04
MOUNT CAYLEY,2021032923,-8.1,78,97,0.6,0,26.30931,1.21E-03,2.41E-04
MOUNT CAYLEY,2021033000,-7.8,76,71,3.7,0,27.23536,1.87E-03,3.74E-04
MOUNT CAYLEY,2021033001,-7.9,76,73,2.8,0,28.10241,2.32E-03,4.63E-04
MOUNT CAYLEY,2021033002,-8.2,76,88,0.9,0,28.81384,2.59E-03,5.17E-04
MOUNT CAYLEY,2021033003,-8.4,80,100,0.1,0,29.31059,2.86E-03,5.72E-04
MOUNT CAYLEY,2021033004,-8.2,79,85,2.5,0,30.05992,3.97E-03,7.95E-04
MOUNT CAYLEY,2021033005,-8.7,79,101,0,0,30.51124,3.96E-03,7.92E-04
MOUNT CAYLEY,2021033006,-8.1,69,94,0.3,0,31.27905,4.93E-03,9.87E-04
MOUNT CAYLEY,2021033007,-5.8,62,109,0.1,0,32.20107,6.20E-03,1.24E-03
MOUNT CAYLEY,2021033008,0.1,45,220,0,0,33.63579,8.81E-03,1.76E-03
MOUNT CAYLEY,2021033009,-0.5,50,206,1.7,0,35.29778,0.0141697,2.83E-03
MOUNT CAYLEY,2021033010,0.1,50,221,2,0,37.00349,2.10E-02,4.19E-03
MOUNT CAYLEY,2021033011,0.8,52,296,1,0,38.5554,2.75E-02,5.50E-03
MOUNT CAYLEY,2021033012,0.9,56,268,3.8,0,40.26289,4.42E-02,8.84E-03
MOUNT CAYLEY,2021033013,3.4,48,229,1.4,0,42.06782,5.44E-02,1.09E-02
MOUNT CAYLEY,2021033014,2,55,277,3.5,0,43.77055,8.07E-02,1.61E-02
MOUNT CAYLEY,2021033015,0.9,58,230,6.5,0,45.46872,0.1226176,2.45E-02
MOUNT CAYLEY,2021033016,0.2,62,283,3.7,0,46.82716,0.1300243,2.60E-02
MOUNT CAYLEY,2021033017,-1.7,72,353,0.5,0,47.57903,0.1229436,2.46E-02
MOUNT CAYLEY,2021033018,-4.3,92,104,0,0,47.74939,0.1227142,2.45E-02
MOUNT CAYLEY,2021033019,-5.1,96,113,0.3,0,47.86903,0.126627,0.0253254
MOUNT CAYLEY,2021033020,-5.1,95,79,2.1,0,48.05644,0.1422013,2.84E-02
MOUNT CAYLEY,2021033021,-5.4,99,90,0.6,0,48.11407,0.1328727,2.66E-02
MOUNT CAYLEY,2021033022,-5.7,100,107,0.3,0,48.1496,0.1315031,2.63E-02
MOUNT CAYLEY,2021033023,-5.7,100,92,0.8,0,48.18514,0.1355005,0.0271001
MOUNT CAYLEY,2021033100,-5.8,100,83,0.7,0,48.2207,0.1354604,2.71E-02
MOUNT CAYLEY,2021033101,-5.9,100,50,0,0,48.25626,0.1313864,2.63E-02
MOUNT CAYLEY,2021033102,-5.3,100,84,0,0,48.29184,0.1320093,2.64E-02
MOUNT CAYLEY,2021033103,-5.4,100,81,0.1,0,48.32742,0.1333043,2.67E-02
MOUNT CAYLEY,2021033104,-6.2,100,81,1,0,48.36302,0.1401483,2.80E-02
MOUNT CAYLEY,2021033105,-6.5,100,33,0.2,0,48.39863,0.1352464,2.70E-02
MOUNT CAYLEY,2021033106,-3.5,85,154,0.6,0,48.80595,0.1455521,2.91E-02
MOUNT CAYLEY,2021033107,-1.5,64,76,0,0,49.553,0.1552801,3.11E-02
MOUNT CAYLEY,2021033108,2.7,51,115,0,0,50.70017,0.1784046,3.57E-02
MOUNT CAYLEY,2021033109,3.8,47,230,2.1,0,52.34952,0.2386362,4.77E-02
MOUNT CAYLEY,2021033110,4.8,48,313,1.8,0,53.95486,0.276945,5.54E-02
MOUNT CAYLEY,2021033111,5.4,47,249,2.6,0,55.63691,0.336729,0.0673458
MOUNT CAYLEY,2021033112,6.7,45,259,1.6,0,57.29193,0.3669808,7.34E-02
MOUNT CAYLEY,2021033113,7.5,46,337,0.3,0,58.71412,0.3816688,7.63E-02
MOUNT CAYLEY,2021033114,5.5,52,246,2,0,60.05289,0.4542562,9.09E-02
MOUNT CAYLEY,2021033115,4.3,55,254,1.8,0,61.2004,0.4814849,9.63E-02
MOUNT CAYLEY,2021033116,3.3,55,228,0.7,0,62.16525,0.4799866,9.60E-02
MOUNT CAYLEY,2021033117,2,43,115,1,0,63.29281,0.5151471,0.1030294
MOUNT CAYLEY,2021033118,0.9,53,120,2,0,64.23016,0.5650002,0.113
MOUNT CAYLEY,2021033119,1,53,125,0.9,0,65.06437,0.5532697,0.1106539
MOUNT CAYLEY,2021033120,1.6,46,150,1.6,0,66.05684,0.5952377,0.1190475
MOUNT CAYLEY,2021033121,2,46,185,4.4,0,67.15606,0.7124361,0.1424872
MOUNT CAYLEY,2021033122,2.2,49,181,6.8,0,68.2332,0.8330542,0.1666109
MOUNT CAYLEY,2021033123,2,47,176,4.7,0,69.2204,0.7733289,0.1546658
MOUNT CAYLEY,2021040100,1.7,45,171,6.9,0,70.24133,0.892582,0.1785164
MOUNT CAYLEY,2021040101,1.1,48,160,4.4,0,71.07002,0.8087703,0.1617541
MOUNT CAYLEY,2021040102,0.9,49,164,7.2,0,71.90032,0.9588458,0.1917692
MOUNT CAYLEY,2021040103,0.5,54,147,4.3,0,72.5376,0.8486387,0.1697277
MOUNT CAYLEY,2021040104,0.2,56,150,8.6,0,73.18348,1.08204,0.2164081
MOUNT CAYLEY,2021040105,-0.3,62,155,8.1,0,73.6898,1.078848,0.2157697
MOUNT CAYLEY,2021040106,-0.3,61,179,4.3,0,74.13205,0.9095354,0.1819071
MOUNT CAYLEY,2021040107,-0.6,65,190,4.5,0,74.50285,0.9358761,0.1871752
MOUNT CAYLEY,2021040108,-1.5,89,134,1.4,0,74.56545,0.8031116,0.1606223
MOUNT CAYLEY,2021040109,-0.6,95,263,3,0.7,61.68493,0.5254107,0.1050821
MOUNT CAYLEY,2021040110,0.5,81,218,3.2,0.2,59.10279,0.4536652,9.07E-02
MOUNT CAYLEY,2021040111,1.2,72,229,6.3,0,59.99757,0.5622086,0.1124417
MOUNT CAYLEY,2021040112,0.5,68,216,6.3,0,60.92745,0.594664,0.1189328
MOUNT CAYLEY,2021040113,1.7,66,253,5.2,0,61.87598,0.593065,0.118613
MOUNT CAYLEY,2021040114,0.5,81,280,1.7,0,62.31241,0.5086364,0.1017273
MOUNT CAYLEY,2021040115,2.1,59,225,4.3,0,63.33267,0.6094764,0.1218953
MOUNT CAYLEY,2021040116,0.6,61,242,2.5,0,64.14511,0.5772989,0.1154598
MOUNT CAYLEY,2021040117,-1,65,190,4.5,0,64.88388,0.6585324,0.1317065
MOUNT CAYLEY,2021040118,-2.1,68,172,4.4,0,65.51392,0.6716546,0.1343309
MOUNT CAYLEY,2021040119,-1.9,74,169,5.2,0,66.04671,0.7133657,0.1426731
MOUNT CAYLEY,2021040120,-2.2,80,170,4.7,0,66.44176,0.7055988,0.1411198
MOUNT CAYLEY,2021040121,-2.6,72,159,6.3,0,66.98534,0.7794743,0.1558949
MOUNT CAYLEY,2021040122,-2.7,70,181,2.5,0,67.45467,0.6539128,0.1307826
MOUNT CAYLEY,2021040123,-2.9,77,137,2.4,0,67.80501,0.6581905,0.1316381
MOUNT CAYLEY,2021040200,-2.9,83,165,2.8,0,68.06628,0.6773255,0.1354651
MOUNT CAYLEY,2021040201,-3,83,124,0.6,0,68.27137,0.6102741,0.1220548
MOUNT CAYLEY,2021040202,-3,81,154,2.8,0,68.55147,0.6879615,0.1375923
MOUNT CAYLEY,2021040203,-3.1,78,166,4.5,0,68.89617,0.7577515,0.1515503
MOUNT CAYLEY,2021040204,-3.3,83,128,1.4,0,69.10625,0.652495,0.130499
MOUNT CAYLEY,2021040205,-3.4,80,168,0.6,0,69.326,0.6310908,0.1262182
MOUNT CAYLEY,2021040206,-2.7,79,206,0.8,0,69.56702,0.6423725,0.1284745
MOUNT CAYLEY,2021040207,-1.7,79,274,0.5,0,69.80189,0.6374795,0.1274959
MOUNT CAYLEY,2021040208,-2.1,77,253,2.7,0,70.11092,0.7192972,0.1438594
MOUNT CAYLEY,2021040209,-1.7,68,191,3.5,0.2,66.98235,0.6768336,0.1353667
MOUNT CAYLEY,2021040210,-0.8,71,225,5.5,0,67.55116,0.7630684,0.1526137
MOUNT CAYLEY,2021040211,-1.3,86,291,1.7,0,67.7663,0.6345741,0.1269148
MOUNT CAYLEY,2021040212,-1.7,82,213,6.6,0.2,64.67012,0.7256816,0.1451363
MOUNT CAYLEY,2021040213,-0.4,73,204,2.5,0,65.20496,0.6030661,0.1206132
MOUNT CAYLEY,2021040214,-0.5,59,158,2.8,0,65.96328,0.6301719,0.1260344
MOUNT CAYLEY,2021040215,-1.1,77,333,2.2,0,66.37287,0.6205572,0.1241114
MOUNT CAYLEY,2021040216,-0.8,89,1,1.5,0,66.55816,0.603,0.1206
MOUNT CAYLEY,2021040217,-2.5,67,118,1.5,0,67.0508,0.6133791,0.1226758
MOUNT CAYLEY,2021040218,-3.8,69,123,4.8,0,67.56533,0.7369678,0.1473936
MOUNT CAYLEY,2021040219,-4.7,80,103,3.4,0,67.86527,0.693571,0.1387142
MOUNT CAYLEY,2021040220,-5.1,87,90,4.6,0,68.0648,0.7415971,0.1483194
MOUNT CAYLEY,2021040221,-5.8,88,82,1.4,0,68.20847,0.6340937,0.1268187
MOUNT CAYLEY,2021040222,-5.3,50,75,1.1,0,68.78558,0.6362045,0.1272409
MOUNT CAYLEY,2021040223,-3.8,56,153,0,0,69.2072,0.6099968,0.1219994
MOUNT CAYLEY,2021040300,-3.6,64,148,1.5,0,69.64175,0.6670167,0.1334033
MOUNT CAYLEY,2021040301,-4.1,82,40,1.5,0,69.84554,0.6713594,0.1342719
MOUNT CAYLEY,2021040302,-4.4,100,296,1.3,0,69.88824,0.6655344,0.1331069
MOUNT CAYLEY,2021040303,-3.8,89,113,4,0,70.02783,0.7659463,0.1531893
MOUNT CAYLEY,2021040304,-3.7,100,73,1.4,0,70.07059,0.6728154,0.1345631
MOUNT CAYLEY,2021040305,-3.6,100,49,3,0,70.11337,0.7303109,0.1460622
MOUNT CAYLEY,2021040306,-2.4,100,59,0.3,0,70.15617,0.6382917,0.1276583
MOUNT CAYLEY,2021040307,-1.4,100,181,3.6,0,70.19897,0.7548076,0.1509615
MOUNT CAYLEY,2021040308,-0.6,99,180,4.7,0,70.2418,0.7989315,0.1597863
MOUNT CAYLEY,2021040309,-0.1,98,191,5.5,1.1,52.33709,0.2828552,5.66E-02
MOUNT CAYLEY,2021040310,0.1,100,200,3,1.7,33.96776,1.11E-02,2.22E-03
MOUNT CAYLEY,2021040311,0.2,100,197,6.4,2.2,19.86989,1.71E-04,3.43E-05
MOUNT CAYLEY,2021040312,0.1,100,180,12.2,1.3,14.81899,2.72E-05,5.43E-06
MOUNT CAYLEY,2021040313,0.3,96,177,14.1,1.1,12.27515,8.81E-06,1.76E-06
MOUNT CAYLEY,2021040314,-0.5,100,187,11.1,0.2,11.8659,6.16E-06,1.23E-06
MOUNT CAYLEY,2021040315,-0.6,100,185,7.2,0,11.88946,5.12E-06,1.02E-06
MOUNT CAYLEY,2021040316,-0.8,100,180,8.9,0.2,11.5007,4.57E-06,9.14E-07
MOUNT CAYLEY,2021040317,-1.5,100,182,9.1,0.2,11.13264,3.81E-06,7.63E-07
MOUNT CAYLEY,2021040318,-2.2,100,191,9.3,0,11.15596,3.90E-06,7.80E-07
MOUNT CAYLEY,2021040319,-2.3,100,201,4.1,0,11.17928,3.04E-06,6.07E-07
MOUNT CAYLEY,2021040320,-2.5,100,189,7.8,0,11.20262,3.70E-06,7.41E-07
MOUNT CAYLEY,2021040321,-2.7,100,205,1.5,0,11.22596,2.73E-06,5.46E-07
MOUNT CAYLEY,2021040322,-3.3,100,247,2,0,11.24931,2.83E-06,5.67E-07
MOUNT CAYLEY,2021040323,-4.1,100,201,5,0,11.27267,3.34E-06,6.67E-07
MOUNT CAYLEY,2021040400,-4.2,100,238,2.2,0,11.29603,2.93E-06,5.87E-07
MOUNT CAYLEY,2021040401,-5.8,100,198,1.1,0,11.31941,2.81E-06,5.62E-07
MOUNT CAYLEY,2021040402,-7.6,100,125,0.6,0,11.34279,2.77E-06,5.54E-07
MOUNT CAYLEY,2021040403,-8.2,100,61,0.4,0,11.36618,2.78E-06,5.56E-07
MOUNT CAYLEY,2021040404,-8.9,100,73,0.6,0,11.38957,2.84E-06,5.68E-07
MOUNT CAYLEY,2021040405,-8.7,100,100,0.1,0,11.41298,2.80E-06,5.61E-07
MOUNT CAYLEY,2021040406,-8.6,100,25,0.5,0,11.43639,2.90E-06,5.79E-07
MOUNT CAYLEY,2021040407,-5.1,100,165,0.6,0,11.45981,2.95E-06,5.89E-07
MOUNT CAYLEY,2021040408,-2.5,97,200,0,0.9,9.849966,1.22E-06,2.43E-07
MOUNT CAYLEY,2021040409,-2.5,81,299,2.5,3.7,6.320932,1.77E-07,3.54E-08
MOUNT CAYLEY,2021040410,-0.9,94,270,1.4,2.4,5.306149,8.83E-08,1.77E-08
MOUNT CAYLEY,2021040411,-1.5,79,333,2.3,0,6.325011,1.76E-07,3.51E-08
MOUNT CAYLEY,2021040412,-1.1,75,18,2.9,0,7.549493,3.80E-07,7.60E-08
MOUNT CAYLEY,2021040413,-0.7,76,311,1.5,0,8.626463,6.62E-07,1.32E-07
MOUNT CAYLEY,2021040414,-0.3,73,291,3.5,0,10.00795,1.58E-06,3.16E-07
MOUNT CAYLEY,2021040415,0.1,59,278,4.2,0,11.89231,4.41E-06,8.81E-07
MOUNT CAYLEY,2021040416,-0.5,53,288,2.2,0,13.70604,9.74E-06,1.95E-06
MOUNT CAYLEY,2021040417,-1.3,53,263,1.6,0,15.39695,2.07E-05,4.14E-06
MOUNT CAYLEY,2021040418,-4.1,59,29,0.2,0,16.56124,3.23E-05,6.46E-06
MOUNT CAYLEY,2021040419,-4.7,63,96,0.9,0,17.7434,5.53E-05,1.11E-05
MOUNT CAYLEY,2021040420,-5.4,64,126,0.7,0,18.84101,8.57E-05,1.71E-05
MOUNT CAYLEY,2021040421,-5.2,60,89,0.4,0,19.97778,1.32E-04,2.64E-05
MOUNT CAYLEY,2021040422,-4.8,53,83,3.3,0,21.59262,2.80E-04,5.61E-05
MOUNT CAYLEY,2021040423,-6,61,115,1.2,0,22.7805,3.86E-04,7.72E-05
MOUNT CAYLEY,2021040500,-5.2,51,95,1.3,0,24.21629,6.35E-04,1.27E-04
MOUNT CAYLEY,2021040501,-4.7,46,73,4.1,0,26.00482,1.31E-03,2.61E-04
MOUNT CAYLEY,2021040502,-5,46,86,0.1,0,27.30635,1.60E-03,3.19E-04
MOUNT CAYLEY,2021040503,-5.4,47,95,0.7,0,28.69513,2.47E-03,4.95E-04
MOUNT CAYLEY,2021040504,-4.9,43,92,0.1,0,30.03437,3.50E-03,6.99E-04
MOUNT CAYLEY,2021040505,-5,46,106,0.9,0,31.46569,5.34E-03,1.07E-03
MOUNT CAYLEY,2021040506,-4.8,46,103,0.8,0,32.87833,7.61E-03,1.52E-03
MOUNT CAYLEY,2021040507,-1.5,38,99,0.2,0,34.48791,1.09E-02,2.18E-03
MOUNT CAYLEY,2021040508,3.1,32,195,0.2,0,36.50625,1.72E-02,3.44E-03
MOUNT CAYLEY,2021040509,3.4,29,232,1.3,0,38.8155,0.0294254,5.89E-03
MOUNT CAYLEY,2021040510,3,35,209,3,0,41.10558,4.96E-02,9.93E-03
MOUNT CAYLEY,2021040511,3.8,36,203,2.5,0,43.33367,7.14E-02,1.43E-02
MOUNT CAYLEY,2021040512,4.1,37,274,3.3,0,45.57754,0.1060895,0.0212179
MOUNT CAYLEY,2021040513,4.4,39,222,4.7,0,47.83921,0.1574197,3.15E-02
MOUNT CAYLEY,2021040514,5,40,278,2.6,0,49.87883,0.1842931,3.69E-02
MOUNT CAYLEY,2021040515,4.7,42,245,3.8,0,51.87614,0.2469589,4.94E-02
MOUNT CAYLEY,2021040516,3.5,49,295,2,0,53.4143,0.2651856,5.30E-02
MOUNT CAYLEY,2021040517,2.4,56,252,1.5,0,54.64491,0.2913113,5.83E-02
MOUNT CAYLEY,2021040518,-1.2,61,111,0,0,55.35817,0.2882179,5.76E-02
MOUNT CAYLEY,2021040519,-2,63,102,0,0,56.00349,0.3048603,6.10E-02
MOUNT CAYLEY,2021040520,-2.3,67,119,0.3,0,56.65473,0.3267368,6.53E-02
MOUNT CAYLEY,2021040521,-2.9,71,90,0,0,57.129,0.3342724,6.69E-02
MOUNT CAYLEY,2021040522,-3,74,79,1.6,0,57.72412,0.3793063,7.59E-02
MOUNT CAYLEY,2021040523,-3.4,81,93,0.3,0,58.08324,0.364849,7.30E-02
MOUNT CAYLEY,2021040600,-3.9,94,107,0.2,0,58.20514,0.3662535,0.0732507
MOUNT CAYLEY,2021040601,-3.7,100,107,0,0,58.244,0.3636026,7.27E-02
MOUNT CAYLEY,2021040602,-4.2,100,100,0,0,58.28288,0.3646244,7.29E-02
MOUNT CAYLEY,2021040603,-4.4,100,80,0,0,58.32176,0.3656463,7.31E-02
MOUNT CAYLEY,2021040604,-3.8,100,81,1.3,0,58.36066,0.3914918,7.83E-02
MOUNT CAYLEY,2021040605,-4.3,100,84,0.5,0,58.39957,0.3770721,7.54E-02
MOUNT CAYLEY,2021040606,-3.9,100,154,0.1,0,58.4385,0.3705752,7.41E-02
MOUNT CAYLEY,2021040607,-0.9,73,101,0,0,58.88906,0.3805225,0.0761045
MOUNT CAYLEY,2021040608,2.3,62,320,0.9,0,59.77385,0.4222469,8.44E-02
MOUNT CAYLEY,2021040609,2.3,59,243,2.3,0,60.79713,0.4824317,9.65E-02
MOUNT CAYLEY,2021040610,3.4,58,302,0.1,0,61.62199,0.452428,0.0904856
MOUNT CAYLEY,2021040611,4.5,57,245,2.5,0,62.72433,0.5406325,0.1081265
MOUNT CAYLEY,2021040612,3.2,59,10,1.9,0,63.65432,0.5480841,0.1096168
MOUNT CAYLEY,2021040613,3,64,274,2.8,0,64.495,0.5948787,0.1189757
MOUNT CAYLEY,2021040614,3,68,302,2.6,0,65.21891,0.6064445,0.1212889
MOUNT CAYLEY,2021040615,5.1,48,227,7.8,0,66.59706,0.8294334,0.1658867
MOUNT CAYLEY,2021040616,1.8,59,173,5,0,67.45295,0.7416605,0.1483321
MOUNT CAYLEY,2021040617,2,54,207,4.4,0,68.34671,0.740858,0.1481716
MOUNT CAYLEY,2021040618,-0.9,72,181,4.3,0,68.82538,0.7484703,0.1496941
MOUNT CAYLEY,2021040619,-0.9,73,175,7.1,0,69.32137,0.8755375,0.1751075
MOUNT CAYLEY,2021040620,-1.1,76,202,3.4,0,69.68631,0.7350751,0.147015
MOUNT CAYLEY,2021040621,-1.2,79,180,6.3,0,70.03587,0.8602877,0.1720575
MOUNT CAYLEY,2021040622,-1.2,78,179,9,0,70.42117,0.9980208,0.1996042
MOUNT CAYLEY,2021040623,-1.3,82,181,5,0,70.68405,0.8229035,0.1645807
MOUNT CAYLEY,2021040700,-1.4,77,175,7.6,0,71.04518,0.9494869,0.1898974
MOUNT CAYLEY,2021040701,-1.8,83,182,7.8,0,71.29355,0.9672717,0.1934544
MOUNT CAYLEY,2021040702,-2.4,100,195,7.1,0,71.30496,0.9341156,0.1868231
MOUNT CAYLEY,2021040703,-2.7,100,190,4.5,0,71.31522,0.8197015,0.1639403
MOUNT CAYLEY,2021040704,-3,100,174,8.8,0,71.31902,1.018156,0.2036312
MOUNT CAYLEY,2021040705,-3.3,100,196,5.9,0,71.32256,0.8798396,0.1759679
MOUNT CAYLEY,2021040706,-3.2,100,218,4.2,0,71.32828,0.8077677,0.1615535
MOUNT CAYLEY,2021040707,-2.7,100,195,4.6,0,71.33688,0.8244594,0.1648919
MOUNT CAYLEY,2021040708,-2.5,100,186,6.8,0,71.3446,0.921362,0.1842724
MOUNT CAYLEY,2021040709,-2.1,100,175,7.6,0,71.35447,0.9595907,0.1919181
MOUNT CAYLEY,2021040710,-1.6,100,188,7,1.1,53.02758,0.3280087,6.56E-02
MOUNT CAYLEY,2021040711,-1.3,100,210,7.6,1.5,36.1576,2.31E-02,4.63E-03
MOUNT CAYLEY,2021040712,-0.9,100,204,6.4,1.7,23.82111,7.18E-04,1.44E-04
MOUNT CAYLEY,2021040713,-1,100,204,6.2,1.3,17.59905,6.80E-05,1.36E-05
MOUNT CAYLEY,2021040714,-0.8,100,195,6.7,1.3,13.23531,9.74E-06,1.95E-06
MOUNT CAYLEY,2021040715,-0.6,100,209,3.8,1.5,9.811567,1.44E-06,2.88E-07
MOUNT CAYLEY,2021040716,-3.6,100,199,4.4,0,9.834451,1.50E-06,3.01E-07
MOUNT CAYLEY,2021040717,-3.6,100,213,2.8,0,9.857342,1.41E-06,2.81E-07
MOUNT CAYLEY,2021040718,-5.4,100,357,0.5,0,9.88024,1.27E-06,2.53E-07
MOUNT CAYLEY,2021040719,-5.9,100,60,0.3,0,9.903147,1.27E-06,2.54E-07
MOUNT CAYLEY,2021040720,-5.9,100,146,0,0,9.926061,1.27E-06,2.53E-07
MOUNT CAYLEY,2021040721,-5.7,100,60,1.2,0,9.948981,1.36E-06,2.73E-07
MOUNT CAYLEY,2021040722,-5.3,100,243,2,0,9.97191,1.44E-06,2.87E-07
MOUNT CAYLEY,2021040723,-6.3,100,72,0,0,9.994845,1.32E-06,2.63E-07
MOUNT CAYLEY,2021040800,-6,100,330,0,0,10.01779,1.33E-06,2.66E-07
MOUNT CAYLEY,2021040801,-6,100,285,1.5,0,10.04074,1.45E-06,2.91E-07
MOUNT CAYLEY,2021040802,-6.3,100,357,0,0,10.0637,1.37E-06,2.73E-07
MOUNT CAYLEY,2021040803,-7.1,100,313,1,0,10.08667,1.45E-06,2.91E-07
MOUNT CAYLEY,2021040804,-8,100,94,0.1,0,10.10964,1.41E-06,2.81E-07
MOUNT CAYLEY,2021040805,-7.9,100,40,1.6,0,10.13262,1.54E-06,3.07E-07
MOUNT CAYLEY,2021040806,-7.6,100,40,0.4,0,10.15561,1.46E-06,2.93E-07
MOUNT CAYLEY,2021040807,-4.4,100,50,0.1,0,10.17861,1.46E-06,2.92E-07
MOUNT CAYLEY,2021040808,-0.7,94,343,0.6,2.6,6.785665,2.14E-07,4.28E-08
MOUNT CAYLEY,2021040809,-3.7,100,98,0,2.8,5.006594,6.78E-08,1.36E-08
MOUNT CAYLEY,2021040810,0.9,97,240,3,0.2,5.176751,8.81E-08,1.76E-08
MOUNT CAYLEY,2021040811,-0.1,95,257,3.6,0,5.548691,1.15E-07,2.30E-08
MOUNT CAYLEY,2021040812,0.4,91,228,6.4,0,6.279183,2.10E-07,4.20E-08
MOUNT CAYLEY,2021040813,0.4,95,201,4.9,0,6.691377,2.51E-07,5.02E-08
MOUNT CAYLEY,2021040814,-1.9,93,236,6.3,0,7.235448,3.74E-07,7.48E-08
MOUNT CAYLEY,2021040815,-1.4,93,239,6.8,0,7.802197,5.37E-07,1.07E-07
MOUNT CAYLEY,2021040816,-2.3,86,226,6.3,0,8.734365,8.97E-07,1.79E-07
MOUNT CAYLEY,2021040817,-3.1,94,229,5.3,0,9.169903,1.09E-06,2.18E-07
MOUNT CAYLEY,2021040818,-5.3,97,192,4.4,0,9.381542,1.17E-06,2.34E-07
MOUNT CAYLEY,2021040819,-5.5,96,197,1.3,0,9.584264,1.12E-06,2.24E-07
MOUNT CAYLEY,2021040820,-5.6,94,164,4.9,0,9.974051,1.66E-06,3.33E-07
MOUNT CAYLEY,2021040821,-6,99,140,3.3,0,10.05503,1.60E-06,3.21E-07
MOUNT CAYLEY,2021040822,-5.5,95,179,5.7,0,10.40442,2.19E-06,4.37E-07
MOUNT CAYLEY,2021040823,-5.9,99,184,5.5,0,10.49545,2.27E-06,4.54E-07
MOUNT CAYLEY,2021040900,-5.9,97,194,2.9,0,10.68218,2.20E-06,4.40E-07
MOUNT CAYLEY,2021040901,-6.1,98,189,5.9,0,10.84093,2.79E-06,5.57E-07
MOUNT CAYLEY,2021040902,-6.2,93,180,9,0,11.35941,4.27E-06,8.54E-07
MOUNT CAYLEY,2021040903,-6.3,81,162,6.7,0,12.37607,6.38E-06,1.28E-06
MOUNT CAYLEY,2021040904,-6.7,85,165,8.3,0,13.27529,1.08E-05,2.15E-06
MOUNT CAYLEY,2021040905,-6.9,92,191,4.9,0,13.7465,1.14E-05,2.28E-06
MOUNT CAYLEY,2021040906,-6.6,92,165,4.2,0,14.20317,1.36E-05,2.73E-06
MOUNT CAYLEY,2021040907,-5.9,86,163,3.6,0,14.90804,1.83E-05,3.67E-06
MOUNT CAYLEY,2021040908,-5.6,97,195,4.3,0,15.11494,2.09E-05,4.18E-06
MOUNT CAYLEY,2021040909,-4.8,83,196,4,0,15.98343,3.04E-05,6.07E-06
MOUNT CAYLEY,2021040910,-3.6,84,193,7.9,0.7,14.866,2.23E-05,4.47E-06
MOUNT CAYLEY,2021040911,-3.7,84,187,10.4,0.9,13.49083,1.33E-05,2.66E-06
MOUNT CAYLEY,2021040912,-3.1,84,175,8.6,0.4,13.58792,1.27E-05,2.54E-06
MOUNT CAYLEY,2021040913,-3.4,86,180,13.1,0.7,12.96764,1.18E-05,2.36E-06
MOUNT CAYLEY,2021040914,-3.8,90,183,13,0.4,12.88128,1.13E-05,2.25E-06
MOUNT CAYLEY,2021040915,-4.4,98,187,12.9,0,13.09253,1.24E-05,2.48E-06
MOUNT CAYLEY,2021040916,-4.7,100,186,9.3,0,13.11649,1.05E-05,2.10E-06
MOUNT CAYLEY,2021040917,-5,100,188,12.2,0,13.14047,1.23E-05,2.45E-06
MOUNT CAYLEY,2021040918,-5.1,100,190,10.7,0,13.16445,1.15E-05,2.30E-06
MOUNT CAYLEY,2021040919,-5.3,93,181,14.7,0,13.78995,1.90E-05,3.81E-06
MOUNT CAYLEY,2021040920,-5.7,99,181,13.6,0,13.90644,1.90E-05,3.81E-06
MOUNT CAYLEY,2021040921,-6.2,100,193,11.6,0,13.93068,1.74E-05,3.48E-06
MOUNT CAYLEY,2021040922,-6.6,95,185,7.8,0,14.29697,1.71E-05,3.42E-06
MOUNT CAYLEY,2021040923,-6.8,100,226,9.8,0,14.32133,1.91E-05,3.82E-06
MOUNT CAYLEY,2021041000,-7.9,100,236,1.5,0,14.34571,1.27E-05,2.54E-06
MOUNT CAYLEY,2021041001,-9.1,99,251,2.7,0,14.41812,1.40E-05,2.80E-06
MOUNT CAYLEY,2021041002,-9.2,98,198,3.9,0,14.54735,1.58E-05,3.15E-06
MOUNT CAYLEY,2021041003,-8.8,100,223,1.1,0,14.5718,1.39E-05,2.77E-06
MOUNT CAYLEY,2021041004,-10.4,99,176,0.5,0,14.6276,1.38E-05,2.76E-06
MOUNT CAYLEY,2021041005,-10,100,285,2,0,14.65207,1.50E-05,3.01E-06
MOUNT CAYLEY,2021041006,-10.1,98,200,2.7,0,14.76777,1.64E-05,3.29E-06
MOUNT CAYLEY,2021041007,-6.6,75,268,1.3,0,15.63974,2.28E-05,4.55E-06
MOUNT CAYLEY,2021041008,-4.2,63,312,0.4,0,16.76052,3.56E-05,7.11E-06
MOUNT CAYLEY,2021041009,-4.8,64,297,4.8,3.3,9.586267,1.34E-06,2.68E-07
MOUNT CAYLEY,2021041010,-5.2,66,272,3.6,0.7,9.929434,1.52E-06,3.04E-07
MOUNT CAYLEY,2021041011,-4.8,64,248,4.1,0,11.37695,3.37E-06,6.73E-07
MOUNT CAYLEY,2021041012,-2.2,51,300,3.6,0,13.25066,8.40E-06,1.68E-06
MOUNT CAYLEY,2021041013,-3.2,51,281,3.6,0,15.05515,1.96E-05,3.92E-06
MOUNT CAYLEY,2021041014,-3.2,54,272,3.3,0,16.76673,4.13E-05,8.25E-06
MOUNT CAYLEY,2021041015,-2.2,44,296,3.3,0,18.75772,9.45E-05,1.89E-05
MOUNT CAYLEY,2021041016,-3,48,279,3.7,0,20.63078,2.00E-04,4.00E-05
MOUNT CAYLEY,2021041017,-3.7,50,273,4.3,0,22.44587,4.01E-04,8.02E-05
MOUNT CAYLEY,2021041018,-6.6,62,183,0.3,0,23.44978,4.65E-04,9.31E-05
MOUNT CAYLEY,2021041019,-8,57,82,0.7,0,24.55993,6.90E-04,1.38E-04
MOUNT CAYLEY,2021041020,-8,57,77,1.1,0,25.71283,1.02E-03,2.05E-04
MOUNT CAYLEY,2021041021,-8.2,58,52,1.2,0,26.84181,1.46E-03,2.93E-04
MOUNT CAYLEY,2021041022,-8.6,59,80,0.6,0,27.85704,1.93E-03,3.86E-04
MOUNT CAYLEY,2021041023,-8.3,57,80,3.2,0,29.13968,3.19E-03,6.37E-04
MOUNT CAYLEY,2021041100,-8.2,61,90,0,0,29.94707,3.40E-03,6.79E-04
MOUNT CAYLEY,2021041101,-9,59,120,1.1,0,30.98359,4.75E-03,9.50E-04
MOUNT CAYLEY,2021041102,-9,57,125,1.3,0,32.06604,6.36E-03,1.27E-03
MOUNT CAYLEY,2021041103,-9.4,58,94,0.2,0,32.96251,7.54E-03,1.51E-03
MOUNT CAYLEY,2021041104,-9.5,60,101,0.7,0,33.8934,0.0097053,1.94E-03
MOUNT CAYLEY,2021041105,-9.4,61,101,0.1,0,34.69808,1.14E-02,2.28E-03
MOUNT CAYLEY,2021041106,-8.7,61,129,1,0,35.65617,1.48E-02,2.97E-03
MOUNT CAYLEY,2021041107,-4.8,49,118,0.2,0,36.85335,1.85E-02,3.71E-03
MOUNT CAYLEY,2021041108,-1.3,42,354,0.2,0,38.3421,2.53E-02,5.06E-03
MOUNT CAYLEY,2021041109,-2,46,311,1.4,0,39.88805,3.65E-02,7.29E-03
MOUNT CAYLEY,2021041110,-0.6,42,287,1.4,0,41.57078,4.98E-02,9.96E-03
MOUNT CAYLEY,2021041111,-3.1,53,297,3,0,42.99188,6.91E-02,1.38E-02
MOUNT CAYLEY,2021041112,-0.9,48,319,1.3,0,44.4598,8.07E-02,1.61E-02
MOUNT CAYLEY,2021041113,0.7,41,21,1.7,0,46.17799,0.1070224,2.14E-02
MOUNT CAYLEY,2021041114,1.5,42,288,4.4,0,48.10001,0.1606115,3.21E-02
MOUNT CAYLEY,2021041115,0.6,41,299,4.3,0,49.91356,0.2016318,4.03E-02
MOUNT CAYLEY,2021041116,0.3,42,308,3.9,0,51.60489,0.2408543,4.82E-02
MOUNT CAYLEY,2021041117,-1.1,43,285,3.1,0,53.0889,0.2711895,5.42E-02
MOUNT CAYLEY,2021041118,-3.7,47,100,0,0,53.98504,0.2536739,5.07E-02
MOUNT CAYLEY,2021041119,-5.3,54,109,0,0,54.7089,0.2717152,5.43E-02
MOUNT CAYLEY,2021041120,-5.7,56,93,0,0,55.38035,0.2887864,5.78E-02
MOUNT CAYLEY,2021041121,-5.9,57,105,0.2,0,56.09119,0.3102478,6.20E-02
MOUNT CAYLEY,2021041122,-6,59,115,1,0,56.84021,0.3435771,6.87E-02
MOUNT CAYLEY,2021041123,-5.8,55,85,2.9,0,57.74456,0.4056078,8.11E-02
MOUNT CAYLEY,2021041200,-5.8,52,87,1.5,0,58.59795,0.4021753,8.04E-02
MOUNT CAYLEY,2021041201,-6,51,67,0.7,0,59.38044,0.4074572,8.15E-02
MOUNT CAYLEY,2021041202,-6.2,52,104,0.4,0,60.09584,0.4201938,8.40E-02
MOUNT CAYLEY,2021041203,-5.8,49,53,2.1,0,60.9615,0.4821858,9.64E-02
MOUNT CAYLEY,2021041204,-6.2,50,52,0.3,0,61.65438,0.4578171,9.16E-02
MOUNT CAYLEY,2021041205,-6.3,51,64,1.3,0,62.3921,0.5005173,0.1001035
MOUNT CAYLEY,2021041206,-5.6,48,34,1.1,0,63.1581,0.5144777,0.1028956
MOUNT CAYLEY,2021041207,-1.6,37,357,8.8,0,64.51173,0.805447,0.1610894
MOUNT CAYLEY,2021041208,-0.6,36,0,6.4,0,65.80254,0.7510203,0.1502041
MOUNT CAYLEY,2021041209,0.4,36,345,5.4,0,67.05037,0.7465703,0.1493141
MOUNT CAYLEY,2021041210,1,32,5,7.2,0,68.39675,0.8544896,0.1708979
MOUNT CAYLEY,2021041211,3.1,31,1,2.7,0,69.6319,0.7083724,0.1416745
MOUNT CAYLEY,2021041212,2.8,32,16,5.1,0,70.86539,0.8320586,0.1664117
MOUNT CAYLEY,2021041213,2.5,32,334,7.8,0,72.09036,0.9952131,0.1990426
MOUNT CAYLEY,2021041214,2.9,28,6,6.6,0,73.30721,0.9834998,0.1966999
MOUNT CAYLEY,2021041215,3.1,28,25,7.6,0,74.48293,1.092992,0.2185984
MOUNT CAYLEY,2021041216,3.6,25,53,3.1,0,75.53529,0.9234062,0.1846813
MOUNT CAYLEY,2021041217,2.4,26,18,2.2,0,76.42271,0.9338421,0.1867684
MOUNT CAYLEY,2021041218,-0.3,30,31,2.8,0,77.12031,1.011655,0.202331
MOUNT CAYLEY,2021041219,-0.9,32,25,5.2,0,77.7822,1.202397,0.2404794
MOUNT CAYLEY,2021041220,-0.8,33,23,6.9,0,78.42006,1.382869,0.2765738
MOUNT CAYLEY,2021041221,-1.5,34,29,4.5,0,78.95194,1.286095,0.2572191
MOUNT CAYLEY,2021041222,-1.7,34,23,3.7,0,79.43768,1.29434,0.258868
MOUNT CAYLEY,2021041223,-2.1,33,34,3.6,0,79.90005,1.349314,0.2698627
MOUNT CAYLEY,2021041300,-1.8,34,16,4,0,80.33679,1.44151,0.2883019
MOUNT CAYLEY,2021041301,-1.7,32,6,4.1,0,80.78039,1.520737,0.3041475
MOUNT CAYLEY,2021041302,-1.5,31,345,8,0,81.25943,1.95424,0.3908481
MOUNT CAYLEY,2021041303,-2,33,328,3.1,0,81.62015,1.592379,0.3184757
MOUNT CAYLEY,2021041304,-3.4,36,153,1.3,0,81.87961,1.500013,0.3000027
MOUNT CAYLEY,2021041305,-3.6,36,115,1.4,0,82.12556,1.5532,0.31064
MOUNT CAYLEY,2021041306,-2.5,34,15,2.4,0,82.41106,1.6919,0.3383801
MOUNT CAYLEY,2021041307,0.9,27,53,1.7,0,82.8307,1.72158,0.3443161
MOUNT CAYLEY,2021041308,2.8,25,352,3.3,0,83.33315,1.990483,0.3980966
MOUNT CAYLEY,2021041309,3.9,25,4,2.7,0,83.82082,2.058794,0.4117587
MOUNT CAYLEY,2021041310,5.3,26,15,4.1,0,84.31509,2.360139,0.4720278
MOUNT CAYLEY,2021041311,5.9,21,335,3.5,0,84.8833,2.473737,0.4947474
MOUNT CAYLEY,2021041312,6,24,334,5.2,0,85.36948,2.881844,0.5763687
MOUNT CAYLEY,2021041313,7.2,21,341,4.1,0,85.90326,2.937148,0.5874296
MOUNT CAYLEY,2021041314,7.9,23,76,2.6,0,86.34566,2.898211,0.5796422
MOUNT CAYLEY,2021041315,7.4,21,320,4.1,0,86.80424,3.335474,0.6670948
MOUNT CAYLEY,2021041316,6.4,20,306,5.1,0,87.23222,3.728149,0.7456299
MOUNT CAYLEY,2021041317,6.3,21,276,0.5,0,87.53839,3.088945,0.617789
MOUNT CAYLEY,2021041318,3.7,24,355,4.6,0,87.75851,3.919304,0.7838609
MOUNT CAYLEY,2021041319,4.1,20,2,5.3,0,88.05594,4.236714,0.8473428
MOUNT CAYLEY,2021041320,3.2,24,15,2.9,0,88.22148,3.844275,0.768855
MOUNT CAYLEY,2021041321,3.9,22,359,6.2,0,88.43911,4.68372,0.936744
MOUNT CAYLEY,2021041322,2.4,27,129,1.6,0,88.51505,3.755405,0.751081
MOUNT CAYLEY,2021041323,2.4,25,47,6.1,0,88.62543,4.786476,0.9572952
MOUNT CAYLEY,2021041400,1.6,26,63,2.1,0,88.69579,3.952438,0.7904876
MOUNT CAYLEY,2021041401,1.2,23,36,0.5,0,88.79815,3.700262,0.7400524
MOUNT CAYLEY,2021041402,1,25,131,1.8,0,88.86562,3.989223,0.7978446
MOUNT CAYLEY,2021041403,1.1,20,88,3.8,0,89.02042,4.511367,0.9022734
MOUNT CAYLEY,2021041404,1.1,20,108,1.7,0,89.15671,4.138553,0.8277106
MOUNT CAYLEY,2021041405,1.4,17,50,3.9,0,89.35835,4.759513,0.9519027
MOUNT CAYLEY,2021041406,2.8,13,42,3.3,0,89.66392,4.824709,0.9649417
MOUNT CAYLEY,2021041407,6.3,14,59,0.3,0,89.94505,4.318379,0.8636758
MOUNT CAYLEY,2021041408,10.2,10,25,0,0,90.36411,4.51658,0.9033159
MOUNT CAYLEY,2021041409,9.8,10,329,2,0,90.81905,5.330898,1.307224
MOUNT CAYLEY,2021041410,10.1,11,307,4.2,0,91.23421,6.318759,1.857914
MOUNT CAYLEY,2021041411,11.9,11,7,1.2,0,91.61223,5.731947,1.548392
MOUNT CAYLEY,2021041412,12.3,12,21,3.2,0,91.95659,6.656647,2.024765
MOUNT CAYLEY,2021041413,12.4,11,345,3.2,0,92.30408,6.991493,2.184804
MOUNT CAYLEY,2021041414,13.1,9,347,2.4,0,92.7,7.100101,2.235782
MOUNT CAYLEY,2021041415,13.1,12,9,1.5,0,92.93528,7.013061,2.194961
MOUNT CAYLEY,2021041416,11.9,12,312,2.3,0,93.13053,7.50392,2.421944
MOUNT CAYLEY,2021041417,11.3,13,357,1.1,0,93.2582,7.190814,2.278047
MOUNT CAYLEY,2021041418,8.9,15,346,1.9,0,93.30863,7.539533,2.43813
MOUNT CAYLEY,2021041419,7.8,21,5,2.3,0,93.32394,7.709491,2.514905
MOUNT CAYLEY,2021041420,8.1,19,353,5.5,0,93.35816,9.101845,3.119671
MOUNT CAYLEY,2021041421,6.9,23,47,2.6,0,93.34332,7.848136,2.576988
MOUNT CAYLEY,2021041422,6,25,78,2.4,0,93.3028,7.725614,2.522149
MOUNT CAYLEY,2021041423,6.2,26,43,5.3,0,93.23537,8.857397,3.016207
MOUNT CAYLEY,2021041500,6,27,34,4.6,0,93.16045,8.461329,2.846294
MOUNT CAYLEY,2021041501,6.1,25,53,7,0,93.10714,9.478119,3.277001
MOUNT CAYLEY,2021041502,5.1,26,22,1.3,0,93.07063,7.075615,2.224325
MOUNT CAYLEY,2021041503,5.4,26,42,4,0,93.01807,8.0474,2.665406
MOUNT CAYLEY,2021041504,4.6,27,74,2.9,0,92.95911,7.550848,2.443265
MOUNT CAYLEY,2021041505,4.4,26,83,2.1,0,92.91939,7.212252,2.287996
MOUNT CAYLEY,2021041506,5.7,24,44,2,0,92.90904,7.1656,2.266327
MOUNT CAYLEY,2021041507,9.4,20,327,1.5,0,92.95936,7.036769,2.206106
MOUNT CAYLEY,2021041508,10.7,19,321,1.6,0,93.00969,7.122361,2.246178
MOUNT CAYLEY,2021041509,11.3,18,283,2.6,0,93.06004,7.543445,2.439906
MOUNT CAYLEY,2021041510,12.6,19,260,2.1,0,93.11041,7.407797,2.378079
MOUNT CAYLEY,2021041511,13.1,19,340,2,0,93.1608,7.422692,2.384894
MOUNT CAYLEY,2021041512,12.9,22,331,3.7,0,93.2037,8.135224,2.70409
MOUNT CAYLEY,2021041513,13.6,20,347,2,0,93.25412,7.520146,2.429324
MOUNT CAYLEY,2021041514,13.8,18,296,2.6,0,93.30455,7.80577,2.558067
MOUNT CAYLEY,2021041515,12.8,19,304,4.4,0,93.355,8.607269,2.909244
MOUNT CAYLEY,2021041516,12.3,21,309,4.1,0,93.39492,8.52549,2.87402
MOUNT CAYLEY,2021041517,12,21,279,2.5,0,93.43182,7.905695,2.602623
MOUNT CAYLEY,2021041518,9,26,75,0.2,0,93.41187,7.020979,2.198686
MOUNT CAYLEY,2021041519,7.3,30,122,2,0,93.31322,7.582474,2.457601
MOUNT CAYLEY,2021041520,7.2,29,84,1.5,0,93.23785,7.316401,2.336121
MOUNT CAYLEY,2021041521,7.3,29,84,2.1,0,93.15984,7.459189,2.401564
MOUNT CAYLEY,2021041522,7.1,27,91,0.8,0,93.12289,6.950216,2.165318
MOUNT CAYLEY,2021041523,7.4,28,98,1.5,0,93.0692,7.145848,2.257131
MOUNT CAYLEY,2021041600,7.1,28,113,1.9,0,93.01296,7.23416,2.298147
MOUNT CAYLEY,2021041601,7.8,27,70,4.3,0,92.95992,8.103686,2.690218
MOUNT CAYLEY,2021041602,6.5,30,112,0.7,0,92.89765,6.700539,2.046014
MOUNT CAYLEY,2021041603,6.1,31,107,1.1,0,92.81907,6.762011,2.075628
MOUNT CAYLEY,2021041604,6.4,29,92,1.1,0,92.76793,6.713653,2.052345
MOUNT CAYLEY,2021041605,7.1,26,76,3.6,0,92.74026,7.585454,2.45895
MOUNT CAYLEY,2021041606,7.4,28,123,0.8,0,92.71083,6.56011,1.97771
MOUNT CAYLEY,2021041607,10.9,24,115,0.4,0,92.74326,6.458551,1.927698
MOUNT CAYLEY,2021041608,13.7,20,303,0.3,0,92.79352,6.471598,1.934153
MOUNT CAYLEY,2021041609,14.3,19,270,1.5,0,92.8438,6.923673,2.152754
MOUNT CAYLEY,2021041610,14.7,20,298,1.6,0,92.894,7.008,2.193
MOUNT CAYLEY,2021041611,15,19,321,2.3,0,92.944,7.311,2.334
MOUNT CAYLEY,2021041612,16.7,19,5,0.2,0,93.006,6.634,2.014
MOUNT CAYLEY,2021041613,15.6,23,326,2.1,0,93.057,7.352,2.353
MOUNT CAYLEY,2021041614,15.2,22,332,2.4,0,93.107,7.517,2.428
MOUNT CAYLEY,2021041615,14.2,22,312,3.9,0,93.157,8.165,
MOUNT CAYLEY,2021041616,14,22,316,2.8,0,93.207,7.779,
MOUNT CAYLEY,2021041617,13.3,23,294,2,0,93.24,7.506,
MOUNT CAYLEY,2021041618,10.6,29,145,0.1,0,93.205,6.787,
MOUNT CAYLEY,2021041619,7.9,34,83,1,0,93.081,6.979,
MOUNT CAYLEY,2021041620,7.4,34,120,2.5,0,92.939,7.38,
MOUNT CAYLEY,2021041621,8.1,28,97,1.3,0,92.899,6.907,
MOUNT CAYLEY,2021041622,7.9,25,92,0.8,0,92.897,6.733,
MOUNT CAYLEY,2021041623,7.7,28,108,2.2,0,92.849,7.178,
MOUNT CAYLEY,2021041700,6.7,30,62,0.8,0,92.79,6.634,
MOUNT CAYLEY,2021041701,6.8,28,114,1.1,0,92.753,6.699,
MOUNT CAYLEY,2021041702,6.8,28,104,1.8,0,92.711,6.899,
MOUNT CAYLEY,2021041703,6.8,26,115,2.2,0,92.691,7.02,
MOUNT CAYLEY,2021041704,7.2,25,86,2.4,0,92.685,7.085,
MOUNT CAYLEY,2021041705,6.7,27,117,1.5,0,92.659,6.747,
MOUNT CAYLEY,2021041706,8.6,23,134,1.8,0,92.686,6.875,
MOUNT CAYLEY,2021041707,12.5,19,35,0.3,0,92.736,6.42,
MOUNT CAYLEY,2021041708,15.2,17,218,0.3,0,92.846,6.52,
MOUNT CAYLEY,2021041709,15.4,18,307,0.6,0,92.924,6.691,
MOUNT CAYLEY,2021041710,16,17,227,2.9,0,93.039,7.636,
MOUNT CAYLEY,2021041711,16.2,16,261,2.9,0,93.177,7.785,
MOUNT CAYLEY,2021041712,15.7,17,294,2.5,0,,,
MOUNT CAYLEY,2021041713,15.6,19,272,3.4,0,,,
MOUNT CAYLEY,2021041714,15.2,20,284,4.8,0,,,
MOUNT CAYLEY,2021041716,14.6,22,242,2.6,0,,,
MOUNT CAYLEY,2021041717,14,22,250,2.4,0,,,
MOUNT CAYLEY,2021041718,11.1,28,157,0,0,,,
MOUNT CAYLEY,2021041719,8.6,30,103,0.5,0,,,
MOUNT CAYLEY,2021041720,8.3,29,136,0.8,0,,,
MOUNT CAYLEY,2021041721,7.7,33,121,2.2,0,,,
MOUNT CAYLEY,2021041722,7.2,32,108,1.1,0,,,
MOUNT CAYLEY,2021041723,7.2,32,126,1.5,0,,,
MOUNT CAYLEY,2021041800,6.7,33,130,0.5,0,,,
MOUNT CAYLEY,2021041801,7.1,33,89,2.5,0,,,
MOUNT CAYLEY,2021041802,6.4,31,104,0.5,0,,,
MOUNT CAYLEY,2021041803,6.5,32,132,0.7,0,,,
MOUNT CAYLEY,2021041804,5.7,34,111,1.5,0,,,
MOUNT CAYLEY,2021041805,5.9,33,113,0.8,0,,,
MOUNT CAYLEY,2021041806,7.5,27,73,0.4,0,,,
MOUNT CAYLEY,2021041807,12.2,21,332,0.2,0,,,
MOUNT CAYLEY,2021041808,12.2,23,216,1.6,0,,,
MOUNT CAYLEY,2021041809,12.7,23,249,2.9,0,,,
MOUNT CAYLEY,2021041810,12.4,24,297,3.9,0,,,
MOUNT CAYLEY,2021041811,12.8,22,296,3.7,0,,,
MOUNT CAYLEY,2021041812,13.2,24,311,3.5,0,,,
MOUNT CAYLEY,2021041813,14.5,22,315,2.8,0,,,
MOUNT CAYLEY,2021041814,14.5,23,288,3.4,0,,,
MOUNT CAYLEY,2021041815,14.5,25,258,3.5,0,,,
MOUNT CAYLEY,2021041816,13.4,29,250,4.2,0,,,
MOUNT CAYLEY,2021041817,11.3,32,242,2,0,,,
MOUNT CAYLEY,2021041818,7.8,40,226,3.7,0,,,
MOUNT CAYLEY,2021041819,5.5,45,172,5.2,0,,,
MOUNT CAYLEY,2021041820,5.3,39,357,6.1,0,,,
MOUNT CAYLEY,2021041821,4.8,31,8,9,0,,,
MOUNT CAYLEY,2021041822,3.6,36,352,3.8,0,,,
MOUNT CAYLEY,2021041823,2.9,37,11,1.5,0,,,
MOUNT CAYLEY,2021041900,2.7,38,31,5.9,0,,,
MOUNT CAYLEY,2021041901,2.3,37,23,4.8,0,,,
MOUNT CAYLEY,2021041902,2,38,31,4.4,0,,,
MOUNT CAYLEY,2021041903,1.8,38,43,6,0,,,
MOUNT CAYLEY,2021041904,1.3,39,22,3.5,0,,,
MOUNT CAYLEY,2021041905,1.4,38,31,3.9,0,,,
MOUNT CAYLEY,2021041906,3,31,19,3.9,0,,,
MOUNT CAYLEY,2021041907,6.1,27,3,1,0,,,
MOUNT CAYLEY,2021041908,6.9,25,349,2.5,0,,,
MOUNT CAYLEY,2021041909,7.5,24,351,4.3,0,,,
MOUNT CAYLEY,2021041910,8.7,24,34,2.2,0,,,
MOUNT CAYLEY,2021041911,10.1,24,355,1.9,0,,,
MOUNT CAYLEY,2021041912,9.6,22,338,5,0,,,
MOUNT CAYLEY,2021041913,10.7,22,283,4,0,,,
MOUNT CAYLEY,2021041914,11,19,257,4.2,0,,,
MOUNT CAYLEY,2021041915,11,19,253,4.8,0,,,
MOUNT CAYLEY,2021041916,10.3,22,275,3.6,0,,,
MOUNT CAYLEY,2021041917,9.4,19,314,2,0,,,
MOUNT CAYLEY,2021041918,7.7,23,191,0.3,0,,,
MOUNT CAYLEY,2021041919,4.6,31,121,1.1,0,,,
MOUNT CAYLEY,2021041920,4.4,32,121,1.6,0,,,
MOUNT CAYLEY,2021041921,4.5,32,69,1,0,,,
MOUNT CAYLEY,2021041922,3.8,33,118,1.3,0,,,
MOUNT CAYLEY,2021041923,3.7,35,95,0.3,0,,,
MOUNT CAYLEY,2021042000,3.6,37,99,0.7,0,,,
MOUNT CAYLEY,2021042001,3,37,106,0.9,0,,,
MOUNT CAYLEY,2021042002,3.3,35,94,2,0,,,
MOUNT CAYLEY,2021042003,2.8,34,124,1.1,0,,,
MOUNT CAYLEY,2021042004,2.6,34,108,1.6,0,,,
MOUNT CAYLEY,2021042005,2.9,35,87,0.8,0,,,
MOUNT CAYLEY,2021042006,4.1,33,144,2.5,0,,,
MOUNT CAYLEY,2021042007,8.2,26,169,0.6,0,,,
MOUNT CAYLEY,2021042008,10.8,23,169,0.3,0,,,
MOUNT CAYLEY,2021042009,9.8,24,307,3.4,0,,,
MOUNT CAYLEY,2021042010,10.4,24,272,3.6,0,,,
MOUNT CAYLEY,2021042011,10.6,22,263,3.9,0,,,
MOUNT CAYLEY,2021042012,11.5,24,313,2.9,0,,,
MOUNT CAYLEY,2021042013,12.6,22,284,3.1,0,,,
MOUNT CAYLEY,2021042014,12.4,21,261,5.8,0,,,
MOUNT CAYLEY,2021042015,11.5,22,294,3.6,0,,,
MOUNT CAYLEY,2021042016,11.2,23,265,3.5,0,,,
MOUNT CAYLEY,2021042017,10.1,27,260,3.3,0,,,
MOUNT CAYLEY,2021042018,8.2,34,249,0.7,0,,,
MOUNT CAYLEY,2021042019,5.3,40,115,0.4,0,,,
MOUNT CAYLEY,2021042020,5.6,39,72,2.5,0,,,
MOUNT CAYLEY,2021042021,5.3,40,75,2.5,0,,,
MOUNT CAYLEY,2021042022,5,42,89,2.3,0,,,
MOUNT CAYLEY,2021042023,4.6,41,114,1.4,0,,,
MOUNT CAYLEY,2021042100,4.4,41,98,0.1,0,,,
MOUNT CAYLEY,2021042101,4.1,43,98,0.2,0,,,
MOUNT CAYLEY,2021042102,4.3,40,97,0.6,0,,,
MOUNT CAYLEY,2021042103,3.4,45,89,1.1,0,,,
MOUNT CAYLEY,2021042104,3.7,42,87,1.5,0,,,
MOUNT CAYLEY,2021042105,3.8,44,127,0.2,0,,,
MOUNT CAYLEY,2021042106,5.7,37,142,0.2,0,,,
MOUNT CAYLEY,2021042107,9.2,30,139,0.8,0,,,
MOUNT CAYLEY,2021042108,10.3,31,231,1.1,0,,,
MOUNT CAYLEY,2021042109,10.5,31,276,2.4,0,,,
MOUNT CAYLEY,2021042110,9.8,35,283,3.8,0,,,
MOUNT CAYLEY,2021042111,10.2,35,245,4.6,0,,,
MOUNT CAYLEY,2021042112,10.8,36,267,5,0,,,
MOUNT CAYLEY,2021042113,10.6,37,231,5.7,0,,,
MOUNT CAYLEY,2021042114,10,35,257,5.2,0,,,
MOUNT CAYLEY,2021042115,11.3,34,238,3.8,0,,,
MOUNT CAYLEY,2021042116,10.3,40,252,5.5,0,,,
MOUNT CAYLEY,2021042117,8.8,47,245,4.5,0,,,
MOUNT CAYLEY,2021042118,7.1,55,228,0.9,0,,,
MOUNT CAYLEY,2021042119,4.4,64,92,0.2,0,,,
MOUNT CAYLEY,2021042120,3.9,68,121,0.5,0,,,
MOUNT CAYLEY,2021042121,4.1,63,65,3.9,0,,,
MOUNT CAYLEY,2021042122,3.9,61,51,1.5,0,,,
MOUNT CAYLEY,2021042123,3.4,63,86,0.3,0,,,
MOUNT CAYLEY,2021042200,2.8,64,162,0.3,0,,,
MOUNT CAYLEY,2021042201,3,60,82,2,0,,,
MOUNT CAYLEY,2021042202,2,54,106,0.8,0,,,
MOUNT CAYLEY,2021042203,1.5,50,84,0.7,0,,,
MOUNT CAYLEY,2021042204,1.4,45,273,2.3,0,,,
MOUNT CAYLEY,2021042205,0.7,50,129,1.7,0,,,
MOUNT CAYLEY,2021042206,1.6,47,136,1.3,0,,,
MOUNT CAYLEY,2021042207,4.3,40,318,3.7,0,,,
MOUNT CAYLEY,2021042208,5.5,34,343,3.4,0,,,
MOUNT CAYLEY,2021042209,6,35,284,3.8,0,,,
MOUNT CAYLEY,2021042210,7.3,30,250,7.1,0,,,
MOUNT CAYLEY,2021042211,7.6,28,243,6.6,0,,,
MOUNT CAYLEY,2021042212,8.2,26,257,5.7,0,,,
MOUNT CAYLEY,2021042213,8.7,25,253,3.9,0,,,
MOUNT CAYLEY,2021042214,8.6,22,238,6.4,0,,,
MOUNT CAYLEY,2021042215,8,22,249,6.2,0,,,
MOUNT CAYLEY,2021042216,7.9,22,254,4.4,0,,,
MOUNT CAYLEY,2021042217,6.4,23,289,3.2,0,,,
MOUNT CAYLEY,2021042218,4.6,25,201,0.7,0,,,
MOUNT CAYLEY,2021042219,1.9,30,60,1.3,0,,,
MOUNT CAYLEY,2021042220,1.7,29,94,0.4,0,,,
MOUNT CAYLEY,2021042221,1.3,30,107,0.1,0,,,
MOUNT CAYLEY,2021042222,1.1,29,110,0.4,0,,,
MOUNT CAYLEY,2021042223,0.6,33,98,0.5,0,,,
MOUNT CAYLEY,2021042300,0.6,32,116,1.2,0,,,
MOUNT CAYLEY,2021042301,0.6,31,103,0.7,0,,,
MOUNT CAYLEY,2021042302,0.3,34,120,0.6,0,,,
MOUNT CAYLEY,2021042303,0,36,108,0.2,0,,,
MOUNT CAYLEY,2021042304,-0.4,40,96,0.1,0,,,
MOUNT CAYLEY,2021042305,-0.3,44,79,0,0,,,
MOUNT CAYLEY,2021042306,1.7,41,20,0.1,0,,,
MOUNT CAYLEY,2021042307,4.4,45,208,0.1,0,,,
MOUNT CAYLEY,2021042308,3.8,53,343,1.9,0,,,
MOUNT CAYLEY,2021042309,4.1,55,337,2.5,0,,,
MOUNT CAYLEY,2021042310,4.4,56,341,2.8,0,,,
MOUNT CAYLEY,2021042311,6.1,55,281,1.7,0,,,
MOUNT CAYLEY,2021042313,2.6,86,281,2.8,0,,,
MOUNT CAYLEY,2021042314,2.6,96,26,0.3,0.4,,,
MOUNT CAYLEY,2021042315,2.3,100,247,3,0.4,,,
MOUNT CAYLEY,2021042316,2.1,100,43,0,0.4,,,
MOUNT CAYLEY,2021042317,1.6,100,322,0.2,0.2,,,
MOUNT CAYLEY,2021042318,1.3,100,47,0,0.2,,,
MOUNT CAYLEY,2021042319,0.6,100,159,2.8,0.2,,,
MOUNT CAYLEY,2021042320,0.7,100,105,4.8,0,,,
MOUNT CAYLEY,2021042321,0.3,100,142,0.2,0,,,
MOUNT CAYLEY,2021042322,0.2,100,132,0,0,,,
MOUNT CAYLEY,2021042323,0.3,91,340,0.9,0,,,
MOUNT CAYLEY,2021042400,-0.2,100,63,0,0,,,
MOUNT CAYLEY,2021042401,-0.5,100,111,0,0,,,
MOUNT CAYLEY,2021042403,-0.8,100,45,0.4,0,,,
MOUNT CAYLEY,2021042404,-0.9,100,84,0,0,,,
MOUNT CAYLEY,2021042405,-0.6,100,37,0,0,,,
MOUNT CAYLEY,2021042406,1.1,96,22,0,0.4,,,
MOUNT CAYLEY,2021042407,1.1,100,5,0,1.7,,,
MOUNT CAYLEY,2021042408,1.4,100,245,0.4,0.4,,,
MOUNT CAYLEY,2021042409,2.7,97,219,1.3,0.4,,,
MOUNT CAYLEY,2021042410,1.7,100,244,1.2,0.4,,,
MOUNT CAYLEY,2021042411,2.7,100,288,0.4,1.3,,,
MOUNT CAYLEY,2021042412,2.6,99,331,1.2,1.7,,,
MOUNT CAYLEY,2021042413,2.4,100,289,1,1.1,,,
MOUNT CAYLEY,2021042414,2.2,100,254,0.8,1.3,,,
MOUNT CAYLEY,2021042415,2.7,98,84,0,0.9,,,
MOUNT CAYLEY,2021042416,1.8,100,8,0,0.7,,,
MOUNT CAYLEY,2021042417,0.8,100,357,0.3,0.2,,,
MOUNT CAYLEY,2021042418,0,100,29,0,0.2,,,
MOUNT CAYLEY,2021042419,-0.3,100,16,0,0,,,
MOUNT CAYLEY,2021042420,-0.5,100,19,0,0,,,
MOUNT CAYLEY,2021042421,-0.6,100,17,0,0,,,
MOUNT CAYLEY,2021042422,-0.8,100,24,0,0,,,
MOUNT CAYLEY,2021042423,-0.9,100,21,0,0,,,
MOUNT CAYLEY,2021042500,-0.9,100,86,0,0,,,
MOUNT CAYLEY,2021042501,-1.1,100,18,0,0,,,
MOUNT CAYLEY,2021042502,-1.1,100,41,0,0,,,
MOUNT CAYLEY,2021042503,-1.3,100,20,0,0,,,
MOUNT CAYLEY,2021042504,-1.6,100,31,0,0,,,
MOUNT CAYLEY,2021042505,-1.3,100,17,0,0,,,
MOUNT CAYLEY,2021042506,-0.7,100,331,0,0,,,
MOUNT CAYLEY,2021042507,0,100,351,0.3,0.2,,,
MOUNT CAYLEY,2021042508,0.4,97,337,1.4,1.3,,,
MOUNT CAYLEY,2021042509,0.8,94,1,1.5,2.8,,,
MOUNT CAYLEY,2021042510,2.4,82,355,1.7,4.3,,,
MOUNT CAYLEY,2021042511,1.9,90,339,2.1,0,,,
MOUNT CAYLEY,2021042512,2.3,91,270,0.7,0.2,,,
MOUNT CAYLEY,2021042513,1.7,96,304,1.1,0.2,,,
MOUNT CAYLEY,2021042514,1.2,100,297,1.6,0,,,
MOUNT CAYLEY,2021042515,1.3,100,328,0,0.7,,,
MOUNT CAYLEY,2021042516,1.5,100,335,0,0.2,,,
MOUNT CAYLEY,2021042517,0.6,100,230,0,0.4,,,
MOUNT CAYLEY,2021042518,-0.1,100,353,0,0.2,,,
MOUNT CAYLEY,2021042519,-0.5,100,16,0,0,,,
MOUNT CAYLEY,2021042520,-1.1,100,109,0,0,,,
MOUNT CAYLEY,2021042521,-1.7,100,67,0,0,,,
MOUNT CAYLEY,2021042522,-1.6,100,48,0,0,,,
MOUNT CAYLEY,2021042523,-1.5,100,31,0,0,,,
MOUNT CAYLEY,2021042600,-1.3,100,101,0,0,,,
MOUNT CAYLEY,2021042601,-1.4,100,247,0.6,0,,,
MOUNT CAYLEY,2021042602,-1.4,100,242,0.2,0,,,
MOUNT CAYLEY,2021042603,-1.9,100,54,0,0,,,
MOUNT CAYLEY,2021042604,-2,100,51,0,0,,,
MOUNT CAYLEY,2021042605,-1.6,100,47,0,0,,,
MOUNT CAYLEY,2021042606,-0.6,100,221,0,0,,,
MOUNT CAYLEY,2021042608,1.4,87,334,0.3,0.4,,,
MOUNT CAYLEY,2021042609,1.7,87,227,3.3,0,,,
MOUNT CAYLEY,2021042610,1.8,91,278,1.7,0,,,
MOUNT CAYLEY,2021042611,3,84,293,1,0,,,
MOUNT CAYLEY,2021042612,3.6,87,284,2.3,0,,,
MOUNT CAYLEY,2021042613,3.6,94,228,4.6,0,,,
MOUNT CAYLEY,2021042614,4.4,76,265,5.5,0,,,
MOUNT CAYLEY,2021042615,3.7,89,230,5.3,0,,,
MOUNT CAYLEY,2021042616,2.5,94,241,2.4,0,,,
MOUNT CAYLEY,2021042617,2.3,96,247,3.5,0,,,
MOUNT CAYLEY,2021042618,0.8,100,234,2.7,0.2,,,
MOUNT CAYLEY,2021042619,0.3,100,167,1.1,0,,,
MOUNT CAYLEY,2021042620,0.1,100,209,0.2,0,,,
MOUNT CAYLEY,2021042621,-0.2,100,141,0.1,0,,,
MOUNT CAYLEY,2021042622,-0.5,100,115,1.7,0,,,
MOUNT CAYLEY,2021042623,-0.6,100,142,0,0,,,
MOUNT CAYLEY,2021042700,-0.4,100,136,0.2,0,,,
MOUNT CAYLEY,2021042701,-0.6,100,138,0.6,0,,,
MOUNT CAYLEY,2021042702,-0.7,100,261,1,0,,,
MOUNT CAYLEY,2021042703,-0.8,100,139,0,0,,,
MOUNT CAYLEY,2021042704,-0.9,100,189,0.3,0,,,
MOUNT CAYLEY,2021042705,-0.2,100,161,0.4,0,,,
MOUNT CAYLEY,2021042706,1,100,226,0.6,0.2,,,
MOUNT CAYLEY,2021042707,1,100,240,4,0,,,
MOUNT CAYLEY,2021042708,1.5,100,235,4.9,0,,,
MOUNT CAYLEY,2021042709,2.6,93,204,5.2,0,,,
MOUNT CAYLEY,2021042710,2.8,92,221,3.9,0,,,
MOUNT CAYLEY,2021042711,3.1,89,226,5.7,0,,,
MOUNT CAYLEY,2021042712,2.4,95,236,4.7,0,,,
MOUNT CAYLEY,2021042713,2.2,100,232,4.3,0.2,,,
MOUNT CAYLEY,2021042714,1.5,100,219,3.6,0.2,,,
MOUNT CAYLEY,2021042715,1.8,100,226,4.9,0.2,,,
MOUNT CAYLEY,2021042716,1.9,100,204,3.9,0,,,
MOUNT CAYLEY,2021042717,0.5,100,218,2.8,0.2,,,
MOUNT CAYLEY,2021042718,0.3,100,196,1,0,,,
MOUNT CAYLEY,2021042719,0,100,180,2.9,0,,,
MOUNT CAYLEY,2021042720,0.1,100,169,3.4,0,,,
MOUNT CAYLEY,2021042721,-0.1,100,198,1.1,0,,,
MOUNT CAYLEY,2021042722,-0.2,100,240,1.1,0,,,
MOUNT CAYLEY,2021042723,-0.2,100,184,0.6,0,,,
MOUNT CAYLEY,2021042800,-0.1,100,140,2.7,0,,,
MOUNT CAYLEY,2021042801,-0.3,100,2,0.2,0,,,
MOUNT CAYLEY,2021042802,-0.5,100,336,0.1,0,,,
MOUNT CAYLEY,2021042803,-0.6,100,38,0.8,0,,,
MOUNT CAYLEY,2021042804,-0.6,100,179,0.5,0,,,
MOUNT CAYLEY,2021042805,-0.4,100,240,0.4,0,,,
MOUNT CAYLEY,2021042806,-0.2,100,229,0.5,0,,,
MOUNT CAYLEY,2021042807,0.4,100,196,1.4,0.7,,,
MOUNT CAYLEY,2021042808,1.3,100,268,0.2,0,,,
MOUNT CAYLEY,2021042809,1.5,100,226,1.4,0.4,,,
MOUNT CAYLEY,2021042810,2.3,100,281,2.1,0,,,
MOUNT CAYLEY,2021042811,2.2,100,254,2.2,0.2,,,
MOUNT CAYLEY,2021042812,3.2,100,289,0.5,0.7,,,
MOUNT CAYLEY,2021042813,2.9,100,6,0.3,0.4,,,
MOUNT CAYLEY,2021042814,3.4,100,87,0,0.7,,,
MOUNT CAYLEY,2021042815,3.5,100,346,0.7,0.4,,,
MOUNT CAYLEY,2021042816,3.6,100,31,0.5,0.4,,,
MOUNT CAYLEY,2021042817,3.2,100,19,0,0.2,,,
MOUNT CAYLEY,2021042818,1.5,100,7,0.1,0.4,,,
MOUNT CAYLEY,2021042819,1.2,100,26,0,0.4,,,
MOUNT CAYLEY,2021042820,1.3,100,24,0,0.7,,,
MOUNT CAYLEY,2021042821,1.9,100,174,0.3,0.4,,,
MOUNT CAYLEY,2021042822,1,100,33,0,0.2,,,
MOUNT CAYLEY,2021042823,1.2,100,49,0.3,0.2,,,
MOUNT CAYLEY,2021042900,1,100,31,0.1,0.2,,,
MOUNT CAYLEY,2021042901,1,100,254,0.4,0,,,
MOUNT CAYLEY,2021042902,1.9,100,68,4.1,0.2,,,
MOUNT CAYLEY,2021042903,2,100,75,1.5,0,,,
MOUNT CAYLEY,2021042904,1.3,100,57,0,0,,,
MOUNT CAYLEY,2021042905,2.2,100,7,0.4,0,,,
MOUNT CAYLEY,2021042906,2.8,100,33,0,0,,,
MOUNT CAYLEY,2021042907,3.1,100,211,0.4,0,,,
MOUNT CAYLEY,2021042908,4.4,100,316,0,0.2,,,
MOUNT CAYLEY,2021042909,5,92,239,2.9,0,,,
MOUNT CAYLEY,2021042910,5.6,60,159,6.7,0,,,
MOUNT CAYLEY,2021042911,5.9,61,71,5.6,0,,,
MOUNT CAYLEY,2021042912,9.2,57,341,1.8,0,,,
MOUNT CAYLEY,2021042913,10.9,47,17,1.1,0,,,
MOUNT CAYLEY,2021042914,8.4,51,261,4.9,0,,,
MOUNT CAYLEY,2021042915,7.8,51,222,3.1,0,,,
MOUNT CAYLEY,2021042916,6.8,57,173,1.7,0,,,
MOUNT CAYLEY,2021042917,5.5,58,50,0.1,0,,,
MOUNT CAYLEY,2021042918,5.1,51,96,4.6,0,,,
MOUNT CAYLEY,2021042919,3.3,66,176,6.5,0,,,
MOUNT CAYLEY,2021042920,2.1,92,158,4.8,0.7,,,
MOUNT CAYLEY,2021042921,1.6,100,156,5.9,1.5,,,
MOUNT CAYLEY,2021042922,0.7,100,42,0.9,0.9,,,
MOUNT CAYLEY,2021042923,1.6,100,104,1,1.1,,,
MOUNT CAYLEY,2021043000,1.4,100,46,3.1,1.3,,,
MOUNT CAYLEY,2021043001,1.9,100,27,0.1,0.9,,,
MOUNT CAYLEY,2021043002,1.8,100,54,0.6,0.9,,,
MOUNT CAYLEY,2021043003,2,100,174,3.2,0.7,,,
MOUNT CAYLEY,2021043004,2,100,201,1.7,0.4,,,
MOUNT CAYLEY,2021043005,2.2,100,174,4.2,0.2,,,
MOUNT CAYLEY,2021043006,2.1,100,195,2.8,0.9,,,
MOUNT CAYLEY,2021043007,2.7,100,193,2.4,0.4,,,
MOUNT CAYLEY,2021043008,3.2,100,190,5,0.7,,,
MOUNT CAYLEY,2021043009,5.2,96,173,4.2,0,,,
MOUNT CAYLEY,2021043010,4.4,98,192,5.2,0.2,,,
MOUNT CAYLEY,2021043011,4.6,90,195,6.9,0,,,
MOUNT CAYLEY,2021043012,3.7,100,201,5.2,0.9,,,
MOUNT CAYLEY,2021043013,3.7,100,188,8.2,0.9,,,
MOUNT CAYLEY,2021043014,4.2,88,194,5.5,0,,,
MOUNT CAYLEY,2021043015,3.3,97,184,7.9,0.4,,,
MOUNT CAYLEY,2021043016,2.8,100,183,7.1,0.2,,,
MOUNT CAYLEY,2021043017,2,100,190,7.1,0.4,,,
MOUNT CAYLEY,2021043018,1.6,100,185,5.5,1.1,,,
MOUNT CAYLEY,2021043019,1.5,100,187,5.9,0.7,,,
MOUNT CAYLEY,2021043020,1.2,100,183,8.1,0.4,,,
MOUNT CAYLEY,2021043021,0.9,100,181,5.3,0,,,
MOUNT CAYLEY,2021043022,0.6,100,303,0.3,0,,,
MOUNT CAYLEY,2021043023,0.6,100,221,0.5,0,,,
MOUNT CAYLEY,2021050100,0.4,100,234,4.3,0.2,,,
MOUNT CAYLEY,2021050101,-0.6,100,150,0.9,0,,,
MOUNT CAYLEY,2021050102,-0.9,100,132,0.1,0,,,
MOUNT CAYLEY,2021050103,-1.1,100,127,0.4,0,,,
MOUNT CAYLEY,2021050104,-1.4,100,145,0.4,0,,,
MOUNT CAYLEY,2021050105,-0.7,100,187,1.2,0,,,
MOUNT CAYLEY,2021050106,0.4,91,259,0,0,,,
MOUNT CAYLEY,2021050107,1.5,95,207,1.4,0,,,
MOUNT CAYLEY,2021050108,3,83,270,1.4,0,,,
MOUNT CAYLEY,2021050109,1.3,100,256,1.6,0.4,,,
MOUNT CAYLEY,2021050110,3.6,83,227,3.5,1.3,,,
MOUNT CAYLEY,2021050111,4.7,82,220,4.2,0,,,
MOUNT CAYLEY,2021050112,4,74,221,0.9,0,,,
MOUNT CAYLEY,2021050113,5.8,62,221,5.1,0,,,
MOUNT CAYLEY,2021050114,5.6,54,256,7.3,0,,,
MOUNT CAYLEY,2021050115,4.3,66,247,3.3,0,,,
MOUNT CAYLEY,2021050116,4.6,67,272,5,0,,,
MOUNT CAYLEY,2021050117,3,75,247,2.6,0,,,
MOUNT CAYLEY,2021050118,3.2,66,318,0.2,0,,,
MOUNT CAYLEY,2021050119,-0.2,100,44,0,0,,,
MOUNT CAYLEY,2021050120,-0.6,100,81,0.3,0,,,
MOUNT CAYLEY,2021050121,-1.1,100,122,0.2,0,,,
MOUNT CAYLEY,2021050122,-1.3,100,113,0,0,,,
MOUNT CAYLEY,2021050123,-1.5,100,99,0,0,,,
MOUNT CAYLEY,2021050200,-1.7,100,98,0,0,,,
MOUNT CAYLEY,2021050201,-1.7,100,90,0,0,,,
MOUNT CAYLEY,2021050202,-1.9,100,65,0.1,0,,,
MOUNT CAYLEY,2021050203,-1.9,100,108,0,0,,,
MOUNT CAYLEY,2021050204,-1.6,100,120,0.3,0,,,
MOUNT CAYLEY,2021050205,-1.3,94,68,1,0,,,
MOUNT CAYLEY,2021050206,1.5,75,136,0.2,0.2,,,
MOUNT CAYLEY,2021050207,3.9,64,202,0.4,0,,,
MOUNT CAYLEY,2021050208,4.2,65,257,1,0,,,
MOUNT CAYLEY,2021050209,4.7,62,357,1.1,0,,,
MOUNT CAYLEY,2021050210,3.7,67,27,1.5,0,,,
MOUNT CAYLEY,2021050211,5.5,60,284,1.5,0,,,
MOUNT CAYLEY,2021050212,5.3,61,281,3.7,0,,,
MOUNT CAYLEY,2021050213,6.4,50,220,5,0,,,
MOUNT CAYLEY,2021050214,7.8,45,229,7.5,0,,,
MOUNT CAYLEY,2021050215,7.5,44,218,4.6,0,,,
MOUNT CAYLEY,2021050216,6.6,46,197,4.3,0,,,
MOUNT CAYLEY,2021050217,3.9,60,206,2.3,0,,,
MOUNT CAYLEY,2021050218,2.8,64,145,2.8,0,,,
MOUNT CAYLEY,2021050219,1.4,74,128,1.1,0,,,
MOUNT CAYLEY,2021050220,1,77,105,0.1,0,,,
MOUNT CAYLEY,2021050221,0.2,84,118,0.7,0,,,
MOUNT CAYLEY,2021050222,0,87,117,0.1,0,,,
MOUNT CAYLEY,2021050223,-0.1,97,119,0,0,,,
MOUNT CAYLEY,2021050300,0.3,89,106,1.1,0,,,
MOUNT CAYLEY,2021050301,0.2,92,159,2.3,0,,,
MOUNT CAYLEY,2021050302,0.3,78,173,3.5,0,,,
MOUNT CAYLEY,2021050303,0.1,83,165,3,0,,,
MOUNT CAYLEY,2021050304,-0.3,89,160,1.6,0,,,
MOUNT CAYLEY,2021050305,0.2,86,177,2.8,0,,,
MOUNT CAYLEY,2021050306,1,75,192,4.2,0,,,
MOUNT CAYLEY,2021050307,2,61,209,4.5,0,,,
MOUNT CAYLEY,2021050308,2.5,64,235,3.5,0,,,
MOUNT CAYLEY,2021050309,3.3,65,209,3.3,0,,,
MOUNT CAYLEY,2021050310,1.5,82,297,2.1,0,,,
MOUNT CAYLEY,2021050311,2,99,279,1.3,0.9,,,
MOUNT CAYLEY,2021050312,1.9,100,7,0.7,1.1,,,
MOUNT CAYLEY,2021050313,2,100,308,0.4,0.2,,,
MOUNT CAYLEY,2021050314,3.3,99,223,3.7,0.7,,,
MOUNT CAYLEY,2021050315,2.2,100,319,0.7,0,,,
MOUNT CAYLEY,2021050316,1.7,100,16,0.1,0,,,
MOUNT CAYLEY,2021050317,0.8,100,341,1,0,,,
MOUNT CAYLEY,2021050318,0.5,100,26,0,0,,,
MOUNT CAYLEY,2021050319,0.2,100,293,0,0.2,,,
MOUNT CAYLEY,2021050320,-0.1,100,161,0.1,0,,,
MOUNT CAYLEY,2021050321,-0.2,100,262,0,0,,,
MOUNT CAYLEY,2021050322,-0.7,100,125,0,0,,,
MOUNT CAYLEY,2021050323,-0.6,100,66,0,0,,,
MOUNT CAYLEY,2021050400,-0.8,100,70,0,0,,,
MOUNT CAYLEY,2021050401,-1.2,100,56,0.5,0,,,
MOUNT CAYLEY,2021050402,-0.9,100,32,0.6,0,,,
MOUNT CAYLEY,2021050403,-1.2,100,208,0.4,0,,,
MOUNT CAYLEY,2021050404,-1.3,100,76,1.2,0,,,
MOUNT CAYLEY,2021050405,-0.8,100,16,0.1,0,,,
MOUNT CAYLEY,2021050406,2.1,85,10,0.1,0,,,
MOUNT CAYLEY,2021050407,3.4,69,241,0.5,0,,,
MOUNT CAYLEY,2021050408,2.5,65,179,0,0,,,
MOUNT CAYLEY,2021050409,3.3,71,240,2.7,0,,,
MOUNT CAYLEY,2021050410,3.4,68,299,2.3,0,,,
MOUNT CAYLEY,2021050411,6.9,48,287,3.6,0,,,
MOUNT CAYLEY,2021050412,7,42,218,5.3,0,,,
MOUNT CAYLEY,2021050413,7.7,36,245,7,0,,,
MOUNT CAYLEY,2021050414,8.1,38,237,7.5,0,,,
MOUNT CAYLEY,2021050415,7.5,43,240,8,0,,,
MOUNT CAYLEY,2021050416,7.7,47,260,5.4,0,,,
MOUNT CAYLEY,2021050417,6.1,55,246,5,0,,,
MOUNT CAYLEY,2021050418,4.1,57,312,1.2,0,,,
MOUNT CAYLEY,2021050419,1.6,72,90,0,0,,,
MOUNT CAYLEY,2021050420,1.5,75,82,1.5,0,,,
MOUNT CAYLEY,2021050421,0.7,75,88,0.3,0,,,
MOUNT CAYLEY,2021050422,0.9,72,84,2.3,0,,,
MOUNT CAYLEY,2021050423,0.3,70,81,0.7,0,,,
MOUNT CAYLEY,2021050500,0.7,63,77,2.3,0,,,
MOUNT CAYLEY,2021050501,0.8,60,76,0.8,0,,,
MOUNT CAYLEY,2021050502,0.4,64,73,1,0,,,
MOUNT CAYLEY,2021050503,0.8,58,48,3.8,0,,,
MOUNT CAYLEY,2021050504,0.9,60,87,1.9,0,,,
MOUNT CAYLEY,2021050505,2.3,49,44,1.2,0,,,
MOUNT CAYLEY,2021050506,4,43,354,0,0,,,
MOUNT CAYLEY,2021050507,5.9,39,349,0,0,,,
MOUNT CAYLEY,2021050508,8.1,31,273,0.6,0,,,
MOUNT CAYLEY,2021050509,8.4,29,78,2,0,,,
MOUNT CAYLEY,2021050510,9.1,29,357,1.3,0,,,
MOUNT CAYLEY,2021050511,9.1,31,16,0.2,0,,,
MOUNT CAYLEY,2021050512,8.5,29,59,3,0,,,
MOUNT CAYLEY,2021050513,10.5,25,24,3,0,,,
MOUNT CAYLEY,2021050514,11.6,23,332,1.8,0,,,
MOUNT CAYLEY,2021050515,10.1,36,313,1.6,0,,,
MOUNT CAYLEY,2021050516,9.4,25,83,4.9,0,,,
MOUNT CAYLEY,2021050517,8.3,26,123,3.3,0,,,
MOUNT CAYLEY,2021050518,8,23,59,4,0,,,
MOUNT CAYLEY,2021050519,7.5,23,91,4.1,0,,,
MOUNT CAYLEY,2021050520,7.6,19,65,3.9,0,,,
MOUNT CAYLEY,2021050521,7.6,22,129,4,0,,,
MOUNT CAYLEY,2021050522,8,21,77,3.6,0,,,
MOUNT CAYLEY,2021050523,8.5,20,96,5.1,0,,,
MOUNT CAYLEY,2021050600,8.6,23,121,2.2,0,,,
MOUNT CAYLEY,2021050601,9.2,25,168,5.5,0,,,
MOUNT CAYLEY,2021050602,9.4,27,166,7.7,0,,,
MOUNT CAYLEY,2021050603,9.2,28,160,6.8,0,,,
MOUNT CAYLEY,2021050604,9.2,29,146,8.3,0,,,
MOUNT CAYLEY,2021050605,9.4,30,149,7.3,0,,,
MOUNT CAYLEY,2021050606,9.9,29,163,10,0,,,
MOUNT CAYLEY,2021050607,10.2,29,156,10.1,0,,,
MOUNT CAYLEY,2021050608,10.6,30,168,5.3,0,,,
MOUNT CAYLEY,2021050609,9.7,36,168,8.1,0,,,
MOUNT CAYLEY,2021050610,9.1,41,134,9.4,0,,,
MOUNT CAYLEY,2021050611,8.2,40,157,12.9,0,,,
MOUNT CAYLEY,2021050612,7.5,48,163,7.1,0,,,
MOUNT CAYLEY,2021050613,5.9,58,122,5.1,0,,,
MOUNT CAYLEY,2021050614,2.9,78,149,9.9,0.9,,,
MOUNT CAYLEY,2021050615,1.2,100,180,7.7,2.8,,,
MOUNT CAYLEY,2021050616,0.8,100,170,10.6,0.9,,,
MOUNT CAYLEY,2021050617,1.6,99,169,5.1,0.2,,,
MOUNT CAYLEY,2021050618,0.4,100,163,3.2,0,,,
MOUNT CAYLEY,2021050619,0.4,100,160,5.8,0.2,,,
MOUNT CAYLEY,2021050620,0,100,173,8.7,0,,,
MOUNT CAYLEY,2021050621,-0.7,100,173,5.8,0,,,
MOUNT CAYLEY,2021050622,-1.5,100,143,2.7,0,,,
MOUNT CAYLEY,2021050623,-2.1,100,159,2.8,0,,,
MOUNT CAYLEY,2021050700,-2.3,100,160,5,0,,,
MOUNT CAYLEY,2021050701,-2.6,100,172,3,0,,,
MOUNT CAYLEY,2021050702,-2.9,100,191,2.6,0,,,
MOUNT CAYLEY,2021050703,-3.2,100,235,0.4,0,,,
MOUNT CAYLEY,2021050704,-3.8,97,65,3.1,0,,,
MOUNT CAYLEY,2021050705,-3.6,100,88,0.6,0,,,
MOUNT CAYLEY,2021050706,-2.4,98,55,1.6,0,,,
MOUNT CAYLEY,2021050707,-0.6,93,214,2,1.5,,,
MOUNT CAYLEY,2021050708,-1.3,85,274,1.3,3.5,,,
MOUNT CAYLEY,2021050709,-0.1,86,273,2.9,1.5,,,
MOUNT CAYLEY,2021050710,2.5,66,217,4.1,0,,,
MOUNT CAYLEY,2021050711,2.9,66,223,5.1,0,,,
MOUNT CAYLEY,2021050712,3.6,56,223,5.9,0,,,
MOUNT CAYLEY,2021050713,3.7,63,250,4.4,0,,,
MOUNT CAYLEY,2021050714,4.2,58,242,7.6,0,,,
MOUNT CAYLEY,2021050715,2.8,65,232,5.9,0,,,
MOUNT CAYLEY,2021050716,1.5,62,233,6.1,0,,,
MOUNT CAYLEY,2021050717,0.7,62,234,3.6,0,,,
MOUNT CAYLEY,2021050718,0,70,225,2.3,0,,,
MOUNT CAYLEY,2021050719,-1.3,75,167,0.1,0,,,
MOUNT CAYLEY,2021050720,-1.6,86,211,0.4,0,,,
MOUNT CAYLEY,2021050721,-2,88,131,0.1,0,,,
MOUNT CAYLEY,2021050722,-1.8,93,153,0.1,0,,,
MOUNT CAYLEY,2021050723,-2.1,100,221,1,0,,,
MOUNT CAYLEY,2021050800,-2.4,100,130,0,0,,,
MOUNT CAYLEY,2021050801,-2.7,100,166,0.2,0,,,
MOUNT CAYLEY,2021050802,-3.2,100,124,1,0,,,
MOUNT CAYLEY,2021050803,-3.1,100,137,0.5,0,,,
MOUNT CAYLEY,2021050804,-2.9,100,151,0.8,0,,,
MOUNT CAYLEY,2021050805,-2.3,100,216,0,0,,,
MOUNT CAYLEY,2021050806,-1.5,93,231,2.8,0,,,
MOUNT CAYLEY,2021050807,-0.2,81,225,4.6,0.2,,,
MOUNT CAYLEY,2021050808,0.6,69,228,5.3,1.1,,,
MOUNT CAYLEY,2021050809,0.9,74,232,4.4,0,,,
MOUNT CAYLEY,2021050810,0.7,72,269,3.5,0,,,
MOUNT CAYLEY,2021050811,1,82,247,5.2,0,,,
MOUNT CAYLEY,2021050812,0.3,87,301,2.9,0,,,
MOUNT CAYLEY,2021050813,0.5,93,295,3.2,0,,,
MOUNT CAYLEY,2021050814,0.9,96,308,1,0,,,
MOUNT CAYLEY,2021050815,0.7,100,311,0.6,0,,,
MOUNT CAYLEY,2021050816,0.1,100,316,1,0.2,,,
MOUNT CAYLEY,2021050817,-0.2,100,341,1.7,0.2,,,
MOUNT CAYLEY,2021050818,-0.6,100,342,0,0.2,,,
MOUNT CAYLEY,2021050819,-1.5,100,63,0.4,0,,,
MOUNT CAYLEY,2021050820,-1.9,100,248,0,0,,,
MOUNT CAYLEY,2021050821,-1.6,100,53,1.2,0,,,
MOUNT CAYLEY,2021050822,-1.7,100,59,0.2,0,,,
MOUNT CAYLEY,2021050823,-1.8,100,240,0.8,0,,,
MOUNT CAYLEY,2021050900,-1.6,100,9,0.4,0,,,
MOUNT CAYLEY,2021050901,-1.8,100,182,0,0,,,
MOUNT CAYLEY,2021050902,-1.8,100,120,0,0,,,
MOUNT CAYLEY,2021050903,-2,100,107,0,0,,,
MOUNT CAYLEY,2021050904,-2.3,100,90,1.2,0,,,
MOUNT CAYLEY,2021050905,-1.9,100,59,0.7,0,,,
MOUNT CAYLEY,2021050906,0.2,96,301,1.4,0,,,
MOUNT CAYLEY,2021050907,-0.2,100,210,1.8,0,,,
MOUNT CAYLEY,2021050908,2.5,79,42,2.6,0,,,
MOUNT CAYLEY,2021050909,4.3,65,333,1.6,0,,,
MOUNT CAYLEY,2021050910,3,71,258,3.3,0,,,
MOUNT CAYLEY,2021050911,3.8,63,301,1.6,0,,,
MOUNT CAYLEY,2021050912,4.2,60,302,1.7,0,,,
MOUNT CAYLEY,2021050913,5.3,57,261,2,0,,,
MOUNT CAYLEY,2021050914,6.8,51,235,5.7,0,,,
MOUNT CAYLEY,2021050915,6.4,51,312,3,0,,,
MOUNT CAYLEY,2021050916,6.3,53,346,2,0,,,
MOUNT CAYLEY,2021050917,6.4,49,245,6.1,0,,,
MOUNT CAYLEY,2021050918,4.6,56,236,3.3,0,,,
MOUNT CAYLEY,2021050919,1.7,66,106,0.5,0,,,
MOUNT CAYLEY,2021050920,1,70,43,0.5,0,,,
MOUNT CAYLEY,2021050921,1,69,63,2.5,0,,,
MOUNT CAYLEY,2021050922,0.1,80,105,0,0,,,
MOUNT CAYLEY,2021050923,-0.1,84,103,0,0,,,
MOUNT CAYLEY,2021051000,-0.4,88,102,0,0,,,
MOUNT CAYLEY,2021051001,-0.6,89,84,0.4,0,,,
MOUNT CAYLEY,2021051002,-0.8,96,96,0,0,,,
MOUNT CAYLEY,2021051003,-0.9,99,92,0,0,,,
MOUNT CAYLEY,2021051004,-0.8,100,76,0.2,0,,,
MOUNT CAYLEY,2021051005,-0.4,100,66,0.3,0,,,
MOUNT CAYLEY,2021051006,2.8,72,146,0.1,0.2,,,
MOUNT CAYLEY,2021051007,3.8,65,220,2.6,0,,,
MOUNT CAYLEY,2021051008,3.7,65,257,1.5,0,,,
MOUNT CAYLEY,2021051009,5,56,278,4.2,0,,,
MOUNT CAYLEY,2021051010,5.1,55,270,1.7,0,,,
MOUNT CAYLEY,2021051011,6.5,43,267,4,0,,,
MOUNT CAYLEY,2021051012,7.1,45,248,7.3,0,,,
MOUNT CAYLEY,2021051013,8.1,41,226,8.5,0,,,
MOUNT CAYLEY,2021051014,8.8,38,251,7.3,0,,,
MOUNT CAYLEY,2021051015,7.2,44,281,4.7,0,,,
MOUNT CAYLEY,2021051016,6.9,44,256,3.5,0,,,
MOUNT CAYLEY,2021051017,6.8,47,289,4.4,0,,,
MOUNT CAYLEY,2021051018,5.9,52,243,2.3,0,,,
MOUNT CAYLEY,2021051019,2.7,67,159,0,0,,,
MOUNT CAYLEY,2021051020,1.8,77,104,0,0,,,
MOUNT CAYLEY,2021051021,2,73,78,1.3,0,,,
MOUNT CAYLEY,2021051022,1.7,75,75,1.5,0,,,
MOUNT CAYLEY,2021051023,1.2,83,80,0,0,,,
MOUNT CAYLEY,2021051100,1.5,80,91,1.2,0,,,
MOUNT CAYLEY,2021051101,1.3,82,93,0.2,0,,,
MOUNT CAYLEY,2021051102,1.2,77,80,0.2,0,,,
MOUNT CAYLEY,2021051103,1.2,66,108,0.1,0,,,
MOUNT CAYLEY,2021051104,0.8,68,57,1.3,0,,,
MOUNT CAYLEY,2021051105,1.5,64,87,0,0,,,
MOUNT CAYLEY,2021051106,4.9,57,171,0.6,0,,,
MOUNT CAYLEY,2021051107,7.9,49,337,0.2,0,,,
MOUNT CAYLEY,2021051108,8.5,46,260,1.2,0,,,
MOUNT CAYLEY,2021051109,10.2,39,24,0.3,0,,,
MOUNT CAYLEY,2021051110,10.4,40,320,1.4,0,,,
MOUNT CAYLEY,2021051111,9.8,41,316,3.1,0,,,
MOUNT CAYLEY,2021051112,10.5,40,275,4.9,0,,,
MOUNT CAYLEY,2021051113,11,35,260,6.7,0,,,
MOUNT CAYLEY,2021051114,10.8,34,230,5.1,0,,,
MOUNT CAYLEY,2021051115,12,32,229,6,0,,,
MOUNT CAYLEY,2021051116,11.2,35,256,4.5,0,,,
MOUNT CAYLEY,2021051117,8.8,44,235,4.1,0,,,
MOUNT CAYLEY,2021051118,6.3,55,54,0,0,,,
MOUNT CAYLEY,2021051119,5.6,58,61,1.1,0,,,
MOUNT CAYLEY,2021051120,4.8,63,98,0.1,0,,,
MOUNT CAYLEY,2021051121,4.5,65,88,0,0,,,
MOUNT CAYLEY,2021051122,4.6,64,98,0,0,,,
MOUNT CAYLEY,2021051123,4.4,65,80,0,0,,,
MOUNT CAYLEY,2021051200,4.2,67,81,0,0,,,
MOUNT CAYLEY,2021051201,4,69,150,0.7,0,,,
MOUNT CAYLEY,2021051202,2.4,87,119,4.7,0.7,,,
MOUNT CAYLEY,2021051203,2,91,83,1.4,0.4,,,
MOUNT CAYLEY,2021051204,1.7,99,147,0,0.4,,,
MOUNT CAYLEY,2021051205,1.6,100,57,0,0.4,,,
MOUNT CAYLEY,2021051207,3.7,96,320,0,0.2,,,
MOUNT CAYLEY,2021051208,4.1,100,329,0.1,0.2,,,
MOUNT CAYLEY,2021051209,3.9,100,351,0.3,0,,,
MOUNT CAYLEY,2021051210,4.5,100,293,0.1,0,,,
MOUNT CAYLEY,2021051211,4.9,100,331,0.1,0,,,
MOUNT CAYLEY,2021051212,4.6,100,355,0.2,0,,,
MOUNT CAYLEY,2021051213,5.8,98,330,0,0,,,
MOUNT CAYLEY,2021051214,5.5,100,246,3.9,0,,,
MOUNT CAYLEY,2021051215,7.9,70,349,0.7,0,,,
MOUNT CAYLEY,2021051216,6.1,98,231,1.8,0,,,
MOUNT CAYLEY,2021051217,5.8,95,137,0,0,,,
MOUNT CAYLEY,2021051218,4.3,100,159,0.2,0,,,
MOUNT CAYLEY,2021051219,3.6,100,122,0.1,0,,,
MOUNT CAYLEY,2021051220,3.5,100,82,0,0,,,
MOUNT CAYLEY,2021051221,3.4,100,98,0,0,,,
MOUNT CAYLEY,2021051222,2.8,100,93,0.1,0,,,
MOUNT CAYLEY,2021051223,2.5,100,108,0,0,,,
MOUNT CAYLEY,2021051300,2.5,100,99,0,0,,,
MOUNT CAYLEY,2021051301,2.8,97,72,1.2,0,,,
MOUNT CAYLEY,2021051302,2.5,96,97,0.6,0,,,
MOUNT CAYLEY,2021051303,2.3,100,108,0.1,0,,,
MOUNT CAYLEY,2021051304,2.4,100,86,0.1,0,,,
MOUNT CAYLEY,2021051305,2.7,100,106,0,0,,,
MOUNT CAYLEY,2021051306,5.8,71,129,0.3,0,,,
MOUNT CAYLEY,2021051307,7.6,71,221,1.1,0,,,
MOUNT CAYLEY,2021051308,9.3,63,314,0.5,0,,,
MOUNT CAYLEY,2021051309,9.6,59,306,1.6,0,,,
MOUNT CAYLEY,2021051310,11.2,54,358,0,0,,,
MOUNT CAYLEY,2021051311,10.1,58,357,1.4,0,,,
MOUNT CAYLEY,2021051312,11.8,51,224,3.6,0,,,
MOUNT CAYLEY,2021051313,12.2,43,231,6.9,0,,,
MOUNT CAYLEY,2021051314,12.8,41,237,7.3,0,,,
MOUNT CAYLEY,2021051315,12.9,40,252,4.6,0,,,
MOUNT CAYLEY,2021051316,12.1,43,265,4.2,0,,,
MOUNT CAYLEY,2021051317,11.1,44,273,3.8,0,,,
MOUNT CAYLEY,2021051318,10,49,238,2.2,0,,,
MOUNT CAYLEY,2021051319,6.8,58,81,0.2,0,,,
MOUNT CAYLEY,2021051320,6.2,61,79,0.7,0,,,
MOUNT CAYLEY,2021051321,5.4,65,126,1.3,0,,,
MOUNT CAYLEY,2021051322,5.2,64,101,0.2,0,,,
MOUNT CAYLEY,2021051323,5.1,66,113,0.9,0,,,
MOUNT CAYLEY,2021051400,4.8,66,110,0.5,0,,,
MOUNT CAYLEY,2021051401,4.7,66,101,0.1,0,,,
MOUNT CAYLEY,2021051402,4.6,66,118,0.2,0,,,
MOUNT CAYLEY,2021051403,4.1,68,118,0.4,0,,,
MOUNT CAYLEY,2021051404,4.6,63,122,0.2,0,,,
MOUNT CAYLEY,2021051405,5,64,117,0.4,0,,,
MOUNT CAYLEY,2021051406,7.9,52,143,1.1,0,,,
MOUNT CAYLEY,2021051407,9.7,50,234,1.4,0,,,
MOUNT CAYLEY,2021051408,10.7,46,321,1.6,0,,,
MOUNT CAYLEY,2021051409,10.9,44,254,3,0,,,
MOUNT CAYLEY,2021051410,12.5,42,308,2.3,0,,,
MOUNT CAYLEY,2021051411,12.8,36,284,2.5,0,,,
MOUNT CAYLEY,2021051412,13.7,29,239,4.7,0,,,
MOUNT CAYLEY,2021051413,14.4,28,236,6.2,0,,,
MOUNT CAYLEY,2021051414,13.6,31,255,5.7,0,,,
MOUNT CAYLEY,2021051415,12.1,36,262,4.6,0,,,
MOUNT CAYLEY,2021051416,13.2,33,259,5.3,0,,,
MOUNT CAYLEY,2021051417,12.6,39,272,3.2,0,,,
MOUNT CAYLEY,2021051418,11.3,46,242,1.5,0,,,
MOUNT CAYLEY,2021051419,7.9,57,137,0.5,0,,,
MOUNT CAYLEY,2021051420,6.8,59,135,0.4,0,,,
MOUNT CAYLEY,2021051421,6.7,58,120,0,0,,,
MOUNT CAYLEY,2021051422,6,64,121,0.4,0,,,
MOUNT CAYLEY,2021051423,6.3,59,86,0.5,0,,,
MOUNT CAYLEY,2021051500,6.5,56,79,2.8,0,,,
MOUNT CAYLEY,2021051501,6.1,57,119,0.9,0,,,
MOUNT CAYLEY,2021051502,6,51,90,1.3,0,,,
MOUNT CAYLEY,2021051503,5.3,59,104,0.5,0,,,
MOUNT CAYLEY,2021051504,5.6,55,91,1.4,0,,,
MOUNT CAYLEY,2021051505,5.9,56,52,0,0,,,
MOUNT CAYLEY,2021051506,8.9,45,148,0.6,0,,,
MOUNT CAYLEY,2021051507,11.8,40,304,0.2,0,,,
MOUNT CAYLEY,2021051508,12.4,39,239,1.5,0,,,
MOUNT CAYLEY,2021051509,13.6,35,235,1.3,0,,,
MOUNT CAYLEY,2021051510,13.4,34,282,2.2,0,,,
MOUNT CAYLEY,2021051511,14.6,31,337,1.9,0,,,
MOUNT CAYLEY,2021051512,15,31,264,2.2,0,,,
MOUNT CAYLEY,2021051513,15.2,23,261,4.8,0,,,
MOUNT CAYLEY,2021051514,15.8,26,224,4.6,0,,,
MOUNT CAYLEY,2021051515,15.3,30,260,5.4,0,,,
MOUNT CAYLEY,2021051516,14.6,33,261,3.2,0,,,
MOUNT CAYLEY,2021051517,13.1,36,266,2.6,0,,,
MOUNT CAYLEY,2021051518,10.6,43,134,0,0,,,
MOUNT CAYLEY,2021051519,8.3,52,108,0.4,0,,,
MOUNT CAYLEY,2021051520,8.1,53,114,0.3,0,,,
MOUNT CAYLEY,2021051521,7.7,57,121,1.4,0,,,
MOUNT CAYLEY,2021051522,7.3,62,63,1.2,0,,,
MOUNT CAYLEY,2021051523,7.4,62,121,0.6,0,,,
MOUNT CAYLEY,2021051600,7.1,63,80,1.5,0,,,
MOUNT CAYLEY,2021051601,6.7,64,68,1.9,0,,,
MOUNT CAYLEY,2021051602,7.6,60,69,4.3,0,,,
MOUNT CAYLEY,2021051603,6.4,64,76,1.4,0,,,
MOUNT CAYLEY,2021051604,6.6,65,106,0.4,0,,,
MOUNT CAYLEY,2021051605,7.8,62,63,2.4,0,,,
MOUNT CAYLEY,2021051606,10.3,54,146,0,0,,,
MOUNT CAYLEY,2021051607,11.6,52,334,0.2,0,,,
MOUNT CAYLEY,2021051608,12.7,50,264,1.2,0,,,
MOUNT CAYLEY,2021051609,13.6,47,354,0.4,0,,,
MOUNT CAYLEY,2021051610,13.7,48,335,1.2,0,,,
MOUNT CAYLEY,2021051611,14.2,48,236,1,0,,,
MOUNT CAYLEY,2021051612,14.5,46,247,4.1,0,,,
MOUNT CAYLEY,2021051613,14.5,47,226,6.2,0,,,
MOUNT CAYLEY,2021051614,13.8,47,261,2.6,0,,,
MOUNT CAYLEY,2021051615,12.6,51,239,5.7,0,,,
MOUNT CAYLEY,2021051616,14.5,48,234,7,0,,,
MOUNT CAYLEY,2021051617,11.3,58,193,3.5,0,,,
MOUNT CAYLEY,2021051618,9.2,66,151,2.3,0,,,
MOUNT CAYLEY,2021051619,8.2,72,129,1.4,0,,,
MOUNT CAYLEY,2021051620,8.1,75,200,3.3,0,,,
MOUNT CAYLEY,2021051621,7.7,83,167,4.8,0,,,
MOUNT CAYLEY,2021051622,7.3,85,179,3.8,0,,,
MOUNT CAYLEY,2021051623,7.2,83,171,7.1,0,,,
MOUNT CAYLEY,2021051700,6.8,89,175,4.9,0,,,
MOUNT CAYLEY,2021051701,6.5,88,182,3.6,0,,,
MOUNT CAYLEY,2021051702,6.1,87,177,4.4,0,,,
MOUNT CAYLEY,2021051703,5.7,91,181,4.5,0,,,
MOUNT CAYLEY,2021051704,5.1,95,196,6.9,0,,,
MOUNT CAYLEY,2021051705,4.4,93,175,4.4,0,,,
MOUNT CAYLEY,2021051706,3.6,95,170,5.9,0.2,,,
MOUNT CAYLEY,2021051707,3.6,74,183,7.9,0.2,,,
MOUNT CAYLEY,2021051708,5.4,62,196,7,0,,,
MOUNT CAYLEY,2021051709,4.1,71,180,6.5,0,,,
MOUNT CAYLEY,2021051710,5.2,66,199,5.6,0,,,
MOUNT CAYLEY,2021051711,7.9,51,217,6.7,0,,,
MOUNT CAYLEY,2021051712,8.7,47,246,7.9,0,,,
MOUNT CAYLEY,2021051713,7.1,53,239,6.1,0,,,
MOUNT CAYLEY,2021051714,6.4,60,128,4.7,0,,,
MOUNT CAYLEY,2021051715,3.7,75,114,1.9,0,,,
MOUNT CAYLEY,2021051716,1.9,93,136,4.2,1.7,,,
MOUNT CAYLEY,2021051717,0.8,100,284,0.1,1.1,,,
MOUNT CAYLEY,2021051718,0.3,100,170,0,0.2,,,
MOUNT CAYLEY,2021051719,0.4,100,123,0,0,,,
MOUNT CAYLEY,2021051720,0,100,171,0,0.2,,,
MOUNT CAYLEY,2021051721,-0.1,100,171,0,0,,,
MOUNT CAYLEY,2021051722,-0.3,100,155,0,0.2,,,
MOUNT CAYLEY,2021051723,-0.9,100,164,0,0,,,
MOUNT CAYLEY,2021051800,-1.8,100,169,0,0,,,
MOUNT CAYLEY,2021051801,-2.3,100,196,0,0,,,
MOUNT CAYLEY,2021051802,-2.5,100,177,0,0,,,
MOUNT CAYLEY,2021051803,-3,100,191,0,0,,,
MOUNT CAYLEY,2021051804,-3.6,100,193,0,0,,,
MOUNT CAYLEY,2021051805,-3.5,100,199,0,0,,,
MOUNT CAYLEY,2021051806,-2.1,100,260,0,0,,,
MOUNT CAYLEY,2021051807,-2.5,100,179,0,0,,,
MOUNT CAYLEY,2021051808,-0.6,100,204,4.8,0,,,
MOUNT CAYLEY,2021051809,-0.6,100,185,5.1,0,,,
MOUNT CAYLEY,2021051810,-0.2,100,222,2.3,0.2,,,
MOUNT CAYLEY,2021051811,-0.2,100,229,2.4,0.4,,,
MOUNT CAYLEY,2021051812,-0.6,100,300,4.1,12.8,,,
MOUNT CAYLEY,2021051813,1.1,100,240,4.8,3,,,
MOUNT CAYLEY,2021051814,1.3,93,238,4.9,0,,,
MOUNT CAYLEY,2021051815,1.7,97,259,1.8,0,,,
MOUNT CAYLEY,2021051816,-1.6,100,226,4,0,,,
MOUNT CAYLEY,2021051817,-1.9,100,202,1.3,0.4,,,
MOUNT CAYLEY,2021051818,-1.3,100,211,1.7,0.7,,,
MOUNT CAYLEY,2021051819,-3,100,180,0.3,0,,,
MOUNT CAYLEY,2021051820,-4.2,100,121,0,0,,,
MOUNT CAYLEY,2021051821,-4.2,100,70,1.2,0,,,
MOUNT CAYLEY,2021051822,-4,100,82,0,0,,,
MOUNT CAYLEY,2021051823,-4.1,100,73,0,0,,,
MOUNT CAYLEY,2021051900,-5.3,100,62,0,0,,,
MOUNT CAYLEY,2021051901,-4.9,100,74,0,0,,,
MOUNT CAYLEY,2021051902,-5.1,100,99,0,0,,,
MOUNT CAYLEY,2021051903,-5.5,100,104,0,0,,,
MOUNT CAYLEY,2021051904,-4.8,100,75,0,0,,,
MOUNT CAYLEY,2021051905,-4.6,96,79,0,0,,,
MOUNT CAYLEY,2021051906,-1.3,95,320,0.2,0.2,,,
MOUNT CAYLEY,2021051907,-0.2,78,294,0.5,0,,,
MOUNT CAYLEY,2021051908,1.6,68,271,2.7,0,,,
MOUNT CAYLEY,2021051909,3,70,247,1.8,0,,,
MOUNT CAYLEY,2021051910,2.4,69,327,2.2,0,,,
MOUNT CAYLEY,2021051911,3,66,304,0.7,0,,,
MOUNT CAYLEY,2021051912,3.1,61,201,1.2,0,,,
MOUNT CAYLEY,2021051913,2.9,68,255,2.7,0,,,
MOUNT CAYLEY,2021051914,5.1,57,137,0.6,0,,,
MOUNT CAYLEY,2021051915,2,74,241,1.8,0,,,
MOUNT CAYLEY,2021051916,1.9,75,47,1.9,0,,,
MOUNT CAYLEY,2021051917,3.4,68,304,2.1,0,,,
MOUNT CAYLEY,2021051918,0.4,77,51,7.2,0,,,
MOUNT CAYLEY,2021051919,0.2,75,92,0.2,0,,,
MOUNT CAYLEY,2021051920,-0.2,79,72,2.4,0,,,
MOUNT CAYLEY,2021051921,0.1,72,62,0.5,0,,,
MOUNT CAYLEY,2021051922,-0.3,79,69,3.3,0,,,
MOUNT CAYLEY,2021051923,-0.5,76,54,0.6,0,,,
MOUNT CAYLEY,2021052000,-0.6,76,79,0.1,0,,,
MOUNT CAYLEY,2021052001,-0.7,74,137,0.6,0,,,
MOUNT CAYLEY,2021052002,-0.8,68,68,1,0,,,
MOUNT CAYLEY,2021052003,-0.9,75,120,0.5,0,,,
MOUNT CAYLEY,2021052004,-0.8,64,75,0.1,0,,,
MOUNT CAYLEY,2021052005,0,68,199,0.6,0,,,
MOUNT CAYLEY,2021052006,3.2,55,272,1.4,0,,,
MOUNT CAYLEY,2021052007,4.9,48,320,0.6,0,,,
MOUNT CAYLEY,2021052008,6.2,44,317,1.5,0,,,
MOUNT CAYLEY,2021052009,6.9,34,305,3.3,0,,,
MOUNT CAYLEY,2021052010,7,35,354,2.7,0,,,
MOUNT CAYLEY,2021052011,8.5,30,358,4.7,0,,,
MOUNT CAYLEY,2021052012,8.3,30,359,5.7,0,,,
MOUNT CAYLEY,2021052013,8.6,29,358,3.1,0,,,
MOUNT CAYLEY,2021052014,8.6,29,41,4.9,0,,,
MOUNT CAYLEY,2021052015,9.4,26,351,3.3,0,,,
MOUNT CAYLEY,2021052016,8.8,24,327,4.7,0,,,
MOUNT CAYLEY,2021052017,8.9,25,245,5.6,0,,,
MOUNT CAYLEY,2021052018,7.8,29,230,1.2,0,,,
MOUNT CAYLEY,2021052019,5.2,35,101,1.8,0,,,
MOUNT CAYLEY,2021052020,4.1,38,67,0.7,0,,,
MOUNT CAYLEY,2021052021,3.6,39,112,2.2,0,,,
MOUNT CAYLEY,2021052022,3.4,40,135,0.5,0,,,
MOUNT CAYLEY,2021052023,3.1,40,124,2,0,,,
MOUNT CAYLEY,2021052100,3,38,136,1.5,0,,,
MOUNT CAYLEY,2021052101,3.1,39,83,1.9,0,,,
MOUNT CAYLEY,2021052102,3.1,37,74,2.6,0,,,
MOUNT CAYLEY,2021052103,2.4,38,139,1.7,0,,,
MOUNT CAYLEY,2021052104,2.7,36,80,0.9,0,,,
MOUNT CAYLEY,2021052105,3.1,33,70,0.1,0,,,
MOUNT CAYLEY,2021052106,7.5,23,316,0.1,0,,,
MOUNT CAYLEY,2021052107,7.5,23,276,3,0,,,
MOUNT CAYLEY,2021052108,8,24,301,2.4,0,,,
MOUNT CAYLEY,2021052109,9.7,17,210,1.8,0,,,
MOUNT CAYLEY,2021052110,9.2,19,85,6.3,0,,,
MOUNT CAYLEY,2021052111,10.6,19,301,3.5,0,,,
MOUNT CAYLEY,2021052112,11.1,17,338,5,0,,,
MOUNT CAYLEY,2021052113,12.2,15,12,3,0,,,
MOUNT CAYLEY,2021052114,12.3,17,20,3.6,0,,,
MOUNT CAYLEY,2021052115,12.5,15,308,3.3,0,,,
MOUNT CAYLEY,2021052116,10.7,19,268,3.3,0,,,
MOUNT CAYLEY,2021052117,12,18,261,3.3,0,,,
MOUNT CAYLEY,2021052118,10.6,20,264,2.1,0,,,
MOUNT CAYLEY,2021052119,7.4,26,145,0.4,0,,,
MOUNT CAYLEY,2021052120,6.2,29,86,0.2,0,,,
MOUNT CAYLEY,2021052121,6.2,31,114,0.7,0,,,
MOUNT CAYLEY,2021052122,5.8,31,79,1.2,0,,,
MOUNT CAYLEY,2021052123,5.3,34,105,0.9,0,,,
MOUNT CAYLEY,2021052200,5.1,33,107,0.1,0,,,
MOUNT CAYLEY,2021052201,5.8,32,84,0.6,0,,,
MOUNT CAYLEY,2021052202,5.2,32,134,1.6,0,,,
MOUNT CAYLEY,2021052203,5,32,145,0.6,0,,,
MOUNT CAYLEY,2021052204,4.9,33,110,0.1,0,,,
MOUNT CAYLEY,2021052205,5.6,31,129,2.1,0,,,
MOUNT CAYLEY,2021052206,9.9,22,298,0,0,,,
MOUNT CAYLEY,2021052207,11.6,21,336,0.3,0,,,
MOUNT CAYLEY,2021052208,11.8,23,227,1.7,0,,,
MOUNT CAYLEY,2021052209,12.5,21,330,1.1,0,,,
MOUNT CAYLEY,2021052210,13.8,24,296,1.1,0,,,
MOUNT CAYLEY,2021052211,13.5,24,299,2.2,0,,,
MOUNT CAYLEY,2021052212,13.1,24,243,4.6,0,,,
MOUNT CAYLEY,2021052213,12.9,27,314,1.3,0,,,
MOUNT CAYLEY,2021052214,13.1,24,300,1.9,0,,,
MOUNT CAYLEY,2021052215,11.8,26,284,1.6,0,,,
MOUNT CAYLEY,2021052216,11.2,32,218,1.4,0,,,
MOUNT CAYLEY,2021052217,11,35,237,1.4,0,,,
MOUNT CAYLEY,2021052218,9.5,36,139,0,0,,,
MOUNT CAYLEY,2021052219,8.3,38,113,0,0,,,
MOUNT CAYLEY,2021052220,7.9,37,118,0,0,,,
MOUNT CAYLEY,2021052221,7.7,42,97,0,0,,,
MOUNT CAYLEY,2021052222,6.8,50,68,0,0,,,
MOUNT CAYLEY,2021052223,6.8,47,143,0.4,0,,,
MOUNT CAYLEY,2021052300,6.6,52,149,0.3,0,,,
MOUNT CAYLEY,2021052301,5.9,57,166,0,0,,,
MOUNT CAYLEY,2021052302,5.3,62,66,1.6,0,,,
MOUNT CAYLEY,2021052303,4.4,70,30,0,0,,,
MOUNT CAYLEY,2021052304,5.2,70,153,0.3,0,,,
MOUNT CAYLEY,2021052305,5.8,70,159,0,0,,,
MOUNT CAYLEY,2021052306,5.6,77,358,0.4,0,,,
MOUNT CAYLEY,2021052307,6.4,82,232,1.8,0,,,
MOUNT CAYLEY,2021052308,6.2,100,281,0,0,,,
MOUNT CAYLEY,2021052309,7.7,87,352,0.3,0,,,
MOUNT CAYLEY,2021052310,7.5,82,269,2.1,0,,,
MOUNT CAYLEY,2021052311,8.7,80,230,2.4,0,,,
MOUNT CAYLEY,2021052312,9,79,228,3.7,0,,,
MOUNT CAYLEY,2021052313,8.3,89,327,0.5,0,,,
MOUNT CAYLEY,2021052314,7.8,96,277,1.7,0,,,
MOUNT CAYLEY,2021052315,6.3,100,247,2.5,0,,,
MOUNT CAYLEY,2021052316,5.5,100,255,0.6,0,,,
MOUNT CAYLEY,2021052317,6.2,100,227,1.9,0,,,
MOUNT CAYLEY,2021052318,6.3,98,311,0.6,0,,,
MOUNT CAYLEY,2021052319,4.8,94,341,0.8,0,,,
MOUNT CAYLEY,2021052320,4,100,21,0.2,0,,,
MOUNT CAYLEY,2021052321,3.2,100,46,0.4,0,,,
MOUNT CAYLEY,2021052322,3.1,100,299,0.3,0,,,
MOUNT CAYLEY,2021052323,3.1,100,87,0,0,,,
MOUNT CAYLEY,2021052400,3,100,266,1.4,0,,,
MOUNT CAYLEY,2021052401,2.8,100,183,0.1,0,,,
MOUNT CAYLEY,2021052402,2.9,100,138,0.3,0,,,
MOUNT CAYLEY,2021052403,2.7,100,84,0,0,,,
MOUNT CAYLEY,2021052404,2.7,100,62,0,0,,,
MOUNT CAYLEY,2021052405,2.9,100,51,0,0,,,
MOUNT CAYLEY,2021052406,4.1,100,35,0,0.2,,,
MOUNT CAYLEY,2021052407,4,100,352,0,0,,,
MOUNT CAYLEY,2021052408,4.3,100,48,0,0.2,,,
MOUNT CAYLEY,2021052409,4.9,100,227,3.5,0,,,
MOUNT CAYLEY,2021052410,5.2,100,239,0.9,0,,,
MOUNT CAYLEY,2021052411,5.5,100,265,2.9,0,,,
MOUNT CAYLEY,2021052412,6.5,100,305,0.1,0.2,,,
MOUNT CAYLEY,2021052413,5.6,100,217,0.4,0.4,,,
MOUNT CAYLEY,2021052414,5.4,100,229,2.3,0,,,
MOUNT CAYLEY,2021052415,5.2,100,244,3.8,0,,,
MOUNT CAYLEY,2021052416,4.6,100,239,2.2,0,,,
MOUNT CAYLEY,2021052417,4.3,100,221,1.9,0,,,
MOUNT CAYLEY,2021052418,3.7,100,47,0,0,,,
MOUNT CAYLEY,2021052419,3.2,100,72,0,0,,,
MOUNT CAYLEY,2021052420,2.9,100,63,0,0.2,,,
MOUNT CAYLEY,2021052421,2.8,100,54,0.1,0,,,
MOUNT CAYLEY,2021052422,2.9,100,125,0,0,,,
MOUNT CAYLEY,2021052423,2.5,100,63,0,0,,,
MOUNT CAYLEY,2021052500,2.6,100,97,0,0,,,
MOUNT CAYLEY,2021052501,2.4,100,11,0,0,,,
MOUNT CAYLEY,2021052502,2.6,100,78,0,0,,,
MOUNT CAYLEY,2021052503,2.3,100,176,0,0,,,
MOUNT CAYLEY,2021052504,2,100,146,0,0.2,,,
MOUNT CAYLEY,2021052505,3.2,100,1,0,0,,,
MOUNT CAYLEY,2021052506,4,100,316,0,0,,,
MOUNT CAYLEY,2021052507,4.5,100,246,1.6,0,,,
MOUNT CAYLEY,2021052508,4.9,100,222,0.4,0,,,
MOUNT CAYLEY,2021052509,7,100,308,0.6,0,,,
MOUNT CAYLEY,2021052510,6.6,100,130,1.6,0,,,
MOUNT CAYLEY,2021052511,6.7,100,232,3.1,0,,,
MOUNT CAYLEY,2021052512,6.7,100,236,4.1,0,,,
MOUNT CAYLEY,2021052513,5.8,100,243,2.5,0.2,,,
MOUNT CAYLEY,2021052514,6.2,100,232,4.5,0.7,,,
MOUNT CAYLEY,2021052515,8.1,88,287,3.6,0,,,
MOUNT CAYLEY,2021052516,7.8,77,232,5.2,0,,,
MOUNT CAYLEY,2021052517,5.6,100,230,2.2,0,,,
MOUNT CAYLEY,2021052518,5.8,100,291,1.9,0,,,
MOUNT CAYLEY,2021052519,3.9,100,65,1.2,0,,,
MOUNT CAYLEY,2021052520,3.5,100,133,1.1,0,,,
MOUNT CAYLEY,2021052521,2.6,100,80,0.2,0,,,
MOUNT CAYLEY,2021052522,3.6,93,146,0.7,0,,,
MOUNT CAYLEY,2021052523,2.9,100,113,0.1,0,,,
MOUNT CAYLEY,2021052600,3,100,126,0.1,0,,,
MOUNT CAYLEY,2021052601,2.8,100,150,2.3,0,,,
MOUNT CAYLEY,2021052602,2.8,100,165,0.9,0,,,
MOUNT CAYLEY,2021052603,2.2,100,177,4.5,0.2,,,
MOUNT CAYLEY,2021052604,2.3,100,143,6.3,0.2,,,
MOUNT CAYLEY,2021052605,2.4,100,172,3.3,0,,,
MOUNT CAYLEY,2021052606,2.6,99,131,4,0.2,,,
MOUNT CAYLEY,2021052607,2.4,100,122,4.5,0,,,
MOUNT CAYLEY,2021052608,3.3,100,178,2.2,0.7,,,
MOUNT CAYLEY,2021052609,3.4,95,137,1.6,0.4,,,
MOUNT CAYLEY,2021052610,4.6,74,140,4.6,0,,,
MOUNT CAYLEY,2021052611,4.1,74,146,2.8,0,,,
MOUNT CAYLEY,2021052612,3.3,80,173,3.7,0,,,
MOUNT CAYLEY,2021052613,3.7,75,105,4.9,0,,,
MOUNT CAYLEY,2021052614,2.8,84,116,4.6,0,,,
MOUNT CAYLEY,2021052615,2.7,88,275,1.3,0.2,,,
MOUNT CAYLEY,2021052616,1.5,100,199,2.5,0.7,,,
MOUNT CAYLEY,2021052617,0.9,100,228,3.4,0.4,,,
MOUNT CAYLEY,2021052618,0.9,100,172,5.7,0.7,,,
MOUNT CAYLEY,2021052619,0.8,100,173,3.9,0.2,,,
MOUNT CAYLEY,2021052620,0.8,100,154,5.3,0.2,,,
MOUNT CAYLEY,2021052621,0.7,100,174,4.7,0.2,,,
MOUNT CAYLEY,2021052622,0.7,100,150,4.2,0,,,
MOUNT CAYLEY,2021052623,0.5,100,64,1.4,0.2,,,
MOUNT CAYLEY,2021052700,0.2,100,276,2.6,0,,,
MOUNT CAYLEY,2021052701,0.1,100,9,1.4,0,,,
MOUNT CAYLEY,2021052702,0.1,100,15,0,0.2,,,
MOUNT CAYLEY,2021052703,-0.1,100,43,0,0.2,,,
MOUNT CAYLEY,2021052704,0.5,100,181,0,0,,,
MOUNT CAYLEY,2021052705,0.5,100,102,0,0.2,,,
MOUNT CAYLEY,2021052706,0.7,100,22,0,0.2,,,
MOUNT CAYLEY,2021052707,0.9,100,341,0.6,0.7,,,
MOUNT CAYLEY,2021052708,1.8,100,168,7.3,2.6,,,
MOUNT CAYLEY,2021052709,2.6,100,259,3.3,2.8,,,
MOUNT CAYLEY,2021052710,2.5,100,174,5.5,3.9,,,
MOUNT CAYLEY,2021052711,3.1,92,177,6.3,7.8,,,
MOUNT CAYLEY,2021052712,3.2,100,193,3.8,6.9,,,
MOUNT CAYLEY,2021052713,3,90,153,1.8,5.9,,,
MOUNT CAYLEY,2021052714,2,100,109,2.6,2.8,,,
MOUNT CAYLEY,2021052715,1.9,100,129,1.1,1.3,,,
MOUNT CAYLEY,2021052716,1.4,100,205,0,1.3,,,
MOUNT CAYLEY,2021052717,1.2,100,211,2.9,0.9,,,
MOUNT CAYLEY,2021052718,0.1,100,303,1.4,0.2,,,
MOUNT CAYLEY,2021052719,-0.2,100,220,1,0,,,
MOUNT CAYLEY,2021052720,-0.3,100,152,0,0,,,
MOUNT CAYLEY,2021052721,-0.6,100,143,0,0,,,
MOUNT CAYLEY,2021052722,-0.7,100,94,0,0,,,
MOUNT CAYLEY,2021052723,-0.8,100,74,0,0,,,
MOUNT CAYLEY,2021052800,-0.6,100,273,0,0,,,
MOUNT CAYLEY,2021052801,-0.6,100,184,0,0,,,
MOUNT CAYLEY,2021052802,-0.6,100,38,0,0,,,
MOUNT CAYLEY,2021052803,-0.7,100,161,0,0,,,
MOUNT CAYLEY,2021052804,-0.8,100,38,0,0,,,
MOUNT CAYLEY,2021052805,0.3,100,285,0,0,,,
MOUNT CAYLEY,2021052806,0.7,100,211,0.4,1.3,,,
MOUNT CAYLEY,2021052807,1.1,100,272,1.3,0.4,,,
MOUNT CAYLEY,2021052808,3.4,94,201,1.8,0,,,
MOUNT CAYLEY,2021052809,3.8,88,202,1.5,0,,,
MOUNT CAYLEY,2021052810,5.6,80,217,1.4,0,,,
MOUNT CAYLEY,2021052811,5.2,86,242,4,0,,,
MOUNT CAYLEY,2021052812,5.2,89,247,2.8,0,,,
MOUNT CAYLEY,2021052813,7.8,69,233,6.6,0,,,
MOUNT CAYLEY,2021052814,7.9,57,214,7.1,0,,,
MOUNT CAYLEY,2021052815,6.7,57,245,7.5,0,,,
MOUNT CAYLEY,2021052816,7.8,57,263,5.2,0,,,
MOUNT CAYLEY,2021052817,4.2,69,278,1.2,0,,,
MOUNT CAYLEY,2021052818,5,74,248,1,0,,,
MOUNT CAYLEY,2021052819,3,77,288,0.6,0,,,
MOUNT CAYLEY,2021052820,1.4,98,95,0,0,,,
MOUNT CAYLEY,2021052821,1.1,100,84,0.3,0,,,
MOUNT CAYLEY,2021052822,1.2,98,43,1.1,0,,,
MOUNT CAYLEY,2021052823,0.8,100,112,1,0,,,
MOUNT CAYLEY,2021052900,0.6,100,112,0.8,0,,,
MOUNT CAYLEY,2021052901,0.6,98,83,0.4,0,,,
MOUNT CAYLEY,2021052902,0.6,96,90,0.1,0,,,
MOUNT CAYLEY,2021052903,0.5,99,110,1.5,0,,,
MOUNT CAYLEY,2021052904,0.5,98,80,0.3,0,,,
MOUNT CAYLEY,2021052905,1.3,82,128,1.2,0,,,
MOUNT CAYLEY,2021052906,5.3,58,139,0.1,0,,,
MOUNT CAYLEY,2021052907,8.3,52,261,0.6,0,,,
MOUNT CAYLEY,2021052908,10.4,48,315,0.2,0,,,
MOUNT CAYLEY,2021052909,10.9,31,119,1.1,0,,,
MOUNT CAYLEY,2021052910,12.6,36,28,2,0,,,
MOUNT CAYLEY,2021052911,12.7,41,300,1.7,0,,,
MOUNT CAYLEY,2021052912,12.8,36,2,1.9,0,,,
MOUNT CAYLEY,2021052913,13.7,34,279,2.7,0,,,
MOUNT CAYLEY,2021052914,13.4,33,268,5.6,0,,,
MOUNT CAYLEY,2021052915,13.6,33,255,3.9,0,,,
MOUNT CAYLEY,2021052916,12.9,40,352,1.4,0,,,
MOUNT CAYLEY,2021052917,12.2,42,14,1.5,0,,,
MOUNT CAYLEY,2021052918,11.4,46,220,0.7,0,,,
MOUNT CAYLEY,2021052919,8.8,52,143,1,0,,,
MOUNT CAYLEY,2021052920,7.4,53,83,1.9,0,,,
MOUNT CAYLEY,2021052921,7,54,84,0.9,0,,,
MOUNT CAYLEY,2021052922,7.2,50,64,3.3,0,,,
MOUNT CAYLEY,2021052923,6.9,36,124,2.2,0,,,
MOUNT CAYLEY,2021053000,6.5,28,103,0.2,0,,,
MOUNT CAYLEY,2021053001,6.9,29,122,2.5,0,,,
MOUNT CAYLEY,2021053002,7.1,18,73,2.7,0,,,
MOUNT CAYLEY,2021053003,6.9,19,111,0.6,0,,,
MOUNT CAYLEY,2021053004,7.1,25,69,2.6,0,,,
MOUNT CAYLEY,2021053005,7.8,26,172,0,0,,,
MOUNT CAYLEY,2021053006,8.1,26,54,0.1,0,,,
MOUNT CAYLEY,2021053007,8.7,31,141,0,0,,,
MOUNT CAYLEY,2021053008,9.2,37,235,0.9,0,,,
MOUNT CAYLEY,2021053009,8,47,170,1.5,0,,,
MOUNT CAYLEY,2021053010,7,49,100,0.6,0,,,
MOUNT CAYLEY,2021053011,8.1,55,225,0.5,0,,,
MOUNT CAYLEY,2021053012,9.7,54,263,1.8,0,,,
MOUNT CAYLEY,2021053013,10.2,53,309,0.7,0,,,
MOUNT CAYLEY,2021053014,10.7,52,266,1.3,0,,,
MOUNT CAYLEY,2021053015,9.7,58,175,0,0,,,
MOUNT CAYLEY,2021053016,10,58,0,0.7,0,,,
MOUNT CAYLEY,2021053017,9.3,61,35,0.1,0,,,
MOUNT CAYLEY,2021053018,7.7,71,67,0,0,,,
MOUNT CAYLEY,2021053019,6.8,79,79,2.2,0,,,
MOUNT CAYLEY,2021053020,6.4,82,76,0.4,0,,,
MOUNT CAYLEY,2021053021,6.8,88,48,0.4,0,,,
MOUNT CAYLEY,2021053022,6,91,123,1.2,0,,,
MOUNT CAYLEY,2021053023,6.4,95,103,0.9,0,,,
MOUNT CAYLEY,2021053100,6.4,99,87,0.1,0,,,
MOUNT CAYLEY,2021053101,6.9,96,118,0.3,0,,,
MOUNT CAYLEY,2021053102,6.8,93,74,0.1,0,,,
MOUNT CAYLEY,2021053103,6.1,97,40,0.6,0,,,
MOUNT CAYLEY,2021053104,6.9,93,88,0,0,,,
MOUNT CAYLEY,2021053105,8.4,84,173,0.4,0,,,
MOUNT CAYLEY,2021053106,9.7,73,86,0,0,,,
MOUNT CAYLEY,2021053107,11.8,64,225,0.6,0,,,
MOUNT CAYLEY,2021053108,12.8,62,301,0.9,0,,,
MOUNT CAYLEY,2021053109,12.7,60,41,0.6,0,,,
MOUNT CAYLEY,2021053110,13.8,58,204,1.2,0,,,
MOUNT CAYLEY,2021053111,12.8,61,239,1.6,0,,,
MOUNT CAYLEY,2021053112,14,61,306,0.4,0,,,
MOUNT CAYLEY,2021053113,13.8,64,59,2.8,0,,,
MOUNT CAYLEY,2021053114,13.7,65,279,0.9,0,,,
MOUNT CAYLEY,2021053115,12.8,68,258,2.5,0,,,
MOUNT CAYLEY,2021053116,13.1,68,310,1.1,0,,,
MOUNT CAYLEY,2021053117,13.9,66,315,0.5,0,,,
MOUNT CAYLEY,2021053118,14,64,17,0.1,0,,,
MOUNT CAYLEY,2021053119,10.1,79,69,2.4,0,,,
MOUNT CAYLEY,2021053120,9.8,81,76,2.5,0,,,
MOUNT CAYLEY,2021053121,10.1,64,65,4.7,0,,,
MOUNT CAYLEY,2021053122,9.7,70,104,0.5,0,,,
MOUNT CAYLEY,2021053123,10,70,119,1.3,0,,,
MOUNT CAYLEY,2021060100,10.2,54,103,0.4,0,,,
MOUNT CAYLEY,2021060101,9.4,55,79,0.6,0,,,
MOUNT CAYLEY,2021060102,10.7,60,188,0.5,0,,,
MOUNT CAYLEY,2021060103,10.4,44,116,1.3,0,,,
MOUNT CAYLEY,2021060104,10.1,62,84,1.6,0,,,
MOUNT CAYLEY,2021060105,11.1,50,150,1.4,0,,,
MOUNT CAYLEY,2021060106,13.7,42,137,0.1,0,,,
MOUNT CAYLEY,2021060107,16.4,37,150,0.3,0,,,
MOUNT CAYLEY,2021060108,18.1,34,235,0.2,0,,,
MOUNT CAYLEY,2021060109,18.8,36,62,0.2,0,,,
MOUNT CAYLEY,2021060110,20,31,78,0.1,0,,,
MOUNT CAYLEY,2021060111,18.7,35,295,2.5,0,,,
MOUNT CAYLEY,2021060112,19.8,29,301,1.4,0,,,
MOUNT CAYLEY,2021060113,20.4,28,303,2.7,0,,,
MOUNT CAYLEY,2021060114,20.8,24,243,4.8,0,,,
MOUNT CAYLEY,2021060115,21.2,21,245,4.4,0,,,
MOUNT CAYLEY,2021060116,20.1,23,272,4.4,0,,,
MOUNT CAYLEY,2021060117,19.7,29,278,2.7,0,,,
MOUNT CAYLEY,2021060118,18.6,32,317,0.6,0,,,
MOUNT CAYLEY,2021060119,15.2,40,127,0.3,0,,,
MOUNT CAYLEY,2021060120,13.2,43,100,0.8,0,,,
MOUNT CAYLEY,2021060121,13.2,40,91,0.6,0,,,
MOUNT CAYLEY,2021060122,13.3,34,109,0.9,0,,,
MOUNT CAYLEY,2021060123,12.6,36,92,0.8,0,,,
MOUNT CAYLEY,2021060200,13.7,32,87,2,0,,,
MOUNT CAYLEY,2021060201,12.4,39,86,0.9,0,,,
MOUNT CAYLEY,2021060202,11.9,41,78,0.1,0,,,
MOUNT CAYLEY,2021060203,12.3,43,110,1.5,0,,,
MOUNT CAYLEY,2021060204,12.1,45,120,1.6,0,,,
MOUNT CAYLEY,2021060205,13.3,40,147,0.7,0,,,
MOUNT CAYLEY,2021060206,15.4,42,130,2.9,0,,,
MOUNT CAYLEY,2021060207,18.1,37,118,0.4,0,,,
MOUNT CAYLEY,2021060208,18.5,37,264,0.9,0,,,
MOUNT CAYLEY,2021060209,18.1,39,245,2.6,0,,,
MOUNT CAYLEY,2021060210,19.1,36,16,1,0,,,
MOUNT CAYLEY,2021060211,18.6,39,269,4.3,0,,,
MOUNT CAYLEY,2021060212,18.7,40,269,5,0,,,
MOUNT CAYLEY,2021060213,17.9,42,229,4,0,,,
MOUNT CAYLEY,2021060214,19.8,37,204,3.7,0,,,
MOUNT CAYLEY,2021060215,19.5,38,244,6.4,0,,,
MOUNT CAYLEY,2021060216,18.2,39,243,6.5,0,,,
MOUNT CAYLEY,2021060217,17.7,40,231,7,0,,,
MOUNT CAYLEY,2021060218,14.6,52,211,4.6,0,,,
MOUNT CAYLEY,2021060219,11.5,64,78,3.2,0,,,
MOUNT CAYLEY,2021060220,11.5,67,157,1.6,0,,,
MOUNT CAYLEY,2021060221,11.2,69,89,4.2,0,,,
MOUNT CAYLEY,2021060222,10.3,74,90,0.6,0,,,
MOUNT CAYLEY,2021060223,10.3,74,88,1.6,0,,,
MOUNT CAYLEY,2021060300,10.1,77,142,3.6,0,,,
MOUNT CAYLEY,2021060301,9.3,85,147,1.8,0,,,
MOUNT CAYLEY,2021060302,9.5,70,117,1.7,0,,,
MOUNT CAYLEY,2021060303,10,59,165,3.4,0,,,
MOUNT CAYLEY,2021060304,9.8,60,156,2.5,0,,,
MOUNT CAYLEY,2021060305,9.1,65,82,0.5,0,,,
MOUNT CAYLEY,2021060306,10.1,59,72,1.4,0,,,
MOUNT CAYLEY,2021060307,10.8,58,43,2,0,,,
MOUNT CAYLEY,2021060308,13.5,45,226,4,0,,,
MOUNT CAYLEY,2021060309,14.6,48,226,3.4,0,,,
MOUNT CAYLEY,2021060310,15.3,32,220,6.5,0,,,
MOUNT CAYLEY,2021060311,14.9,41,227,8,0,,,
MOUNT CAYLEY,2021060312,15.4,45,207,6.2,0,,,
MOUNT CAYLEY,2021060313,15.9,52,348,2.2,0,,,
MOUNT CAYLEY,2021060314,15.6,44,222,6.1,0,,,
MOUNT CAYLEY,2021060315,15.1,45,246,9.8,0,,,
MOUNT CAYLEY,2021060316,15.4,38,237,8.9,0,,,
MOUNT CAYLEY,2021060317,14.1,46,234,5.7,0,,,
MOUNT CAYLEY,2021060318,12.8,52,241,5.7,0,,,
MOUNT CAYLEY,2021060319,9.6,58,138,4.2,0,,,
MOUNT CAYLEY,2021060320,8.5,57,157,1.1,0,,,
MOUNT CAYLEY,2021060321,8.5,61,169,5,0,,,
MOUNT CAYLEY,2021060322,8,65,162,3.3,0,,,
MOUNT CAYLEY,2021060323,8,63,155,3.9,0,,,
MOUNT CAYLEY,2021060400,7.8,75,143,3.5,0,,,
MOUNT CAYLEY,2021060401,7.1,83,57,0.9,0,,,
MOUNT CAYLEY,2021060402,6.9,85,143,5,0,,,
MOUNT CAYLEY,2021060403,6.3,91,141,2.8,0,,,
MOUNT CAYLEY,2021060404,6.1,88,29,0.8,0,,,
MOUNT CAYLEY,2021060405,6.7,78,131,6.1,0,,,
MOUNT CAYLEY,2021060406,7.1,80,185,3.5,0,,,
MOUNT CAYLEY,2021060407,6.2,79,194,2.4,0,,,
MOUNT CAYLEY,2021060408,3.8,88,162,2.4,0.2,,,
MOUNT CAYLEY,2021060409,4.4,82,184,8.3,0.2,,,
MOUNT CAYLEY,2021060410,5.1,75,178,6.4,0.2,,,
MOUNT CAYLEY,2021060411,5.3,75,194,8.2,0,,,
MOUNT CAYLEY,2021060412,4,87,183,6,0,,,
MOUNT CAYLEY,2021060413,3.8,95,182,4.3,0.2,,,
MOUNT CAYLEY,2021060414,3.8,98,198,3.6,0.4,,,
MOUNT CAYLEY,2021060415,3.6,100,152,4.2,1.3,,,
MOUNT CAYLEY,2021060416,3.4,100,206,1.9,0.7,,,
MOUNT CAYLEY,2021060417,3.5,100,224,2.6,0.9,,,
MOUNT CAYLEY,2021060418,3.2,100,171,3.8,0,,,
MOUNT CAYLEY,2021060419,2.5,100,162,2.4,0.4,,,
MOUNT CAYLEY,2021060420,2.3,100,168,5.8,0.2,,,
MOUNT CAYLEY,2021060421,2.1,100,188,0.5,0.2,,,
MOUNT CAYLEY,2021060422,1.8,100,116,0.4,1.1,,,
MOUNT CAYLEY,2021060423,1.8,100,276,2,0,,,
MOUNT CAYLEY,2021060500,2.1,100,166,6.2,0,,,
MOUNT CAYLEY,2021060501,2.1,100,168,7,0.2,,,
MOUNT CAYLEY,2021060502,2.1,100,181,3.9,0,,,
MOUNT CAYLEY,2021060503,2.1,100,165,6.2,0,,,
MOUNT CAYLEY,2021060504,1.9,99,158,5.4,0.4,,,
MOUNT CAYLEY,2021060505,2.4,100,173,1.8,0.2,,,
MOUNT CAYLEY,2021060506,2.4,100,146,0.9,1.3,,,
MOUNT CAYLEY,2021060507,2.8,100,183,2.5,0.4,,,
MOUNT CAYLEY,2021060508,2.2,100,185,6.3,0.4,,,
MOUNT CAYLEY,2021060509,2.3,100,224,5.5,1.1,,,
MOUNT CAYLEY,2021060510,3.8,100,225,3.3,1.7,,,
MOUNT CAYLEY,2021060511,3.7,100,275,5.1,0,,,
MOUNT CAYLEY,2021060512,4.4,98,246,5.6,0,,,
MOUNT CAYLEY,2021060513,3.7,100,239,7,0.2,,,
MOUNT CAYLEY,2021060514,2.4,100,220,5.9,0,,,
MOUNT CAYLEY,2021060515,3.3,100,224,4.8,0.4,,,
MOUNT CAYLEY,2021060516,2.9,100,234,4.6,0,,,
MOUNT CAYLEY,2021060517,3.6,100,211,3.5,0,,,
MOUNT CAYLEY,2021060518,1.6,100,202,1.5,0.2,,,
MOUNT CAYLEY,2021060519,0.9,100,194,1.2,0,,,
MOUNT CAYLEY,2021060520,0.4,100,359,0,0,,,
MOUNT CAYLEY,2021060521,0.1,100,211,0.2,0,,,
MOUNT CAYLEY,2021060522,-0.1,100,165,2.1,0,,,
MOUNT CAYLEY,2021060523,-0.2,100,184,1.4,0,,,
MOUNT CAYLEY,2021060600,-0.1,100,223,0.3,0,,,
MOUNT CAYLEY,2021060601,-0.4,100,93,0,0,,,
MOUNT CAYLEY,2021060602,-0.4,100,168,0,0,,,
MOUNT CAYLEY,2021060603,-0.5,100,131,0.8,0,,,
MOUNT CAYLEY,2021060604,-0.4,100,142,0.5,0,,,
MOUNT CAYLEY,2021060605,-0.1,100,187,1.3,0,,,
MOUNT CAYLEY,2021060606,1.1,100,57,3.3,0.9,,,
MOUNT CAYLEY,2021060607,1.2,98,142,2.2,0,,,
MOUNT CAYLEY,2021060608,1.5,100,331,1.6,0,,,
MOUNT CAYLEY,2021060609,0.8,100,81,2.9,0.7,,,
MOUNT CAYLEY,2021060610,2.2,95,198,2.7,0.7,,,
MOUNT CAYLEY,2021060611,3.3,75,43,1.9,0,,,
MOUNT CAYLEY,2021060612,2,100,313,1.2,0,,,
MOUNT CAYLEY,2021060613,1.7,100,233,0.7,0,,,
MOUNT CAYLEY,2021060614,2.3,100,235,1.5,0,,,
MOUNT CAYLEY,2021060615,1.5,100,304,0.8,0,,,
MOUNT CAYLEY,2021060616,1.3,100,294,0.5,0,,,
MOUNT CAYLEY,2021060617,0.8,100,225,2.7,0,,,
MOUNT CAYLEY,2021060618,0.5,100,293,0.5,0,,,
MOUNT CAYLEY,2021060619,-0.2,100,356,0,0,,,
MOUNT CAYLEY,2021060620,-0.6,100,40,1,0,,,
MOUNT CAYLEY,2021060621,-0.8,100,349,0,0,,,
MOUNT CAYLEY,2021060622,-0.9,100,175,0,0,,,
MOUNT CAYLEY,2021060623,-1,100,195,0,0,,,
MOUNT CAYLEY,2021060700,-1.1,100,39,0.1,0,,,
MOUNT CAYLEY,2021060701,-1.2,100,38,0,0,,,
MOUNT CAYLEY,2021060702,-1.3,100,41,0,0,,,
MOUNT CAYLEY,2021060703,-1.3,100,100,0,0,,,
MOUNT CAYLEY,2021060704,-0.7,100,359,0,0,,,
MOUNT CAYLEY,2021060705,0,100,331,0,0,,,
MOUNT CAYLEY,2021060706,0.5,100,236,0,1.1,,,
MOUNT CAYLEY,2021060707,0.7,100,241,1.7,1.3,,,
MOUNT CAYLEY,2021060708,1.6,100,243,1.5,0,,,
MOUNT CAYLEY,2021060709,3.3,91,346,0.4,0,,,
MOUNT CAYLEY,2021060710,2.1,100,308,0.9,0.2,,,
MOUNT CAYLEY,2021060711,2.1,100,163,0,0.9,,,
MOUNT CAYLEY,2021060712,3.1,97,171,1,3.9,,,
MOUNT CAYLEY,2021060713,3.4,96,262,0.1,2.6,,,
MOUNT CAYLEY,2021060714,2,100,125,0.8,1.5,,,
MOUNT CAYLEY,2021060715,2.5,100,143,0.2,2,,,
MOUNT CAYLEY,2021060716,2.7,100,155,3,2.2,,,
MOUNT CAYLEY,2021060717,4.9,94,307,0.8,0,,,
MOUNT CAYLEY,2021060718,2,100,65,0,0.4,,,
MOUNT CAYLEY,2021060719,1.1,100,31,0,0.4,,,
MOUNT CAYLEY,2021060720,1,100,152,0.3,0,,,
MOUNT CAYLEY,2021060721,0.7,100,66,2.9,0,,,
MOUNT CAYLEY,2021060722,0.3,100,74,1.7,0,,,
MOUNT CAYLEY,2021060723,0,100,74,1.5,0,,,
MOUNT CAYLEY,2021060800,-0.1,100,75,1.9,0,,,
MOUNT CAYLEY,2021060801,0,100,85,1.8,0,,,
MOUNT CAYLEY,2021060802,-0.4,100,102,0,0,,,
MOUNT CAYLEY,2021060803,0.2,100,123,0,0,,,
MOUNT CAYLEY,2021060804,0.5,94,84,0.3,0,,,
MOUNT CAYLEY,2021060805,1.2,87,79,0.5,0,,,
MOUNT CAYLEY,2021060806,4.7,67,4,0.1,0.2,,,
MOUNT CAYLEY,2021060807,5.5,58,67,1.3,0,,,
MOUNT CAYLEY,2021060808,6.7,56,232,2.3,0,,,
MOUNT CAYLEY,2021060809,7.3,60,23,0.1,0,,,
MOUNT CAYLEY,2021060810,6.1,62,263,1,0,,,
MOUNT CAYLEY,2021060811,7.3,60,304,1.9,0,,,
MOUNT CAYLEY,2021060813,3.6,77,102,6.7,0.7,,,
MOUNT CAYLEY,2021060814,4.8,78,240,3.4,0,,,
MOUNT CAYLEY,2021060815,5,72,272,0.9,0,,,
MOUNT CAYLEY,2021060816,4.1,73,109,4.4,0.2,,,
MOUNT CAYLEY,2021060817,5.6,77,180,2.2,1.7,,,
MOUNT CAYLEY,2021060818,3.6,100,227,1.1,0,,,
MOUNT CAYLEY,2021060819,2.2,100,42,0.1,0,,,
MOUNT CAYLEY,2021060820,1.7,100,66,0.1,0.4,,,
MOUNT CAYLEY,2021060821,1.1,100,40,0.4,1.3,,,
MOUNT CAYLEY,2021060822,1.4,100,80,1.1,0.2,,,
MOUNT CAYLEY,2021060823,1.4,95,112,3.9,0,,,
MOUNT CAYLEY,2021060900,1.5,88,99,4.8,0,,,
MOUNT CAYLEY,2021060901,1.4,85,113,1.4,0.2,,,
MOUNT CAYLEY,2021060902,0.9,96,116,0.3,0,,,
MOUNT CAYLEY,2021060903,0.5,100,119,2.6,0,,,
MOUNT CAYLEY,2021060904,0.1,100,46,1.6,0,,,
MOUNT CAYLEY,2021060905,0,100,36,0,0,,,
MOUNT CAYLEY,2021060906,2.6,91,43,0,0,,,
MOUNT CAYLEY,2021060907,4.5,91,242,0.5,4.1,,,
MOUNT CAYLEY,2021060908,2.3,100,247,0.2,0.9,,,
MOUNT CAYLEY,2021060909,1.6,100,103,2,0.4,,,
MOUNT CAYLEY,2021060910,4.3,98,234,4.2,1.7,,,
MOUNT CAYLEY,2021060912,4.6,84,184,2.8,0.2,,,
MOUNT CAYLEY,2021060913,4.3,79,203,2.1,0.4,,,
MOUNT CAYLEY,2021060914,4.5,75,231,3.2,0,,,
MOUNT CAYLEY,2021060915,4.6,67,203,1.8,0,,,
MOUNT CAYLEY,2021060916,3.7,96,214,2.4,0,,,
MOUNT CAYLEY,2021060917,3.3,93,216,3,0,,,
MOUNT CAYLEY,2021060918,2.1,93,121,2.2,0,,,
MOUNT CAYLEY,2021060919,1.8,89,181,1,0,,,
MOUNT CAYLEY,2021060920,1.5,83,124,1.6,0,,,
MOUNT CAYLEY,2021060921,0.9,94,83,1.3,0,,,
MOUNT CAYLEY,2021060922,0.3,95,126,0.9,0,,,
MOUNT CAYLEY,2021060923,-0.6,100,39,0,0,,,
MOUNT CAYLEY,2021061000,-0.3,100,93,0,0,,,
MOUNT CAYLEY,2021061001,0,100,81,1.7,0,,,
MOUNT CAYLEY,2021061002,0,100,128,2.4,0,,,
MOUNT CAYLEY,2021061003,0.1,97,62,0.4,0,,,
MOUNT CAYLEY,2021061004,0.4,97,132,0,0,,,
MOUNT CAYLEY,2021061005,1.5,86,171,1.5,0,,,
MOUNT CAYLEY,2021061006,1.4,100,243,2.9,0,,,
MOUNT CAYLEY,2021061007,2,99,219,2.4,0,,,
MOUNT CAYLEY,2021061008,2.1,100,274,2.7,0.2,,,
MOUNT CAYLEY,2021061009,3,98,241,3.6,0,,,
MOUNT CAYLEY,2021061010,3.3,93,269,2.9,0.2,,,
MOUNT CAYLEY,2021061011,2,100,263,1.1,0.4,,,
MOUNT CAYLEY,2021061012,2,100,191,5.8,0.2,,,
MOUNT CAYLEY,2021061013,2.7,98,199,3.4,0.4,,,
MOUNT CAYLEY,2021061014,3.3,100,237,4.6,0,,,
MOUNT CAYLEY,2021061015,2.9,100,249,2,0,,,
MOUNT CAYLEY,2021061016,4.2,92,219,3,0,,,
MOUNT CAYLEY,2021061017,3.4,88,234,2.2,0,,,
MOUNT CAYLEY,2021061018,2.4,82,192,1.4,0,,,
MOUNT CAYLEY,2021061019,1.9,77,140,0.7,0,,,
MOUNT CAYLEY,2021061020,1,89,116,0,0,,,
MOUNT CAYLEY,2021061021,1.2,85,88,4.8,0,,,
MOUNT CAYLEY,2021061022,1.1,85,88,2.6,0,,,
MOUNT CAYLEY,2021061023,1.3,83,96,1.2,0,,,
MOUNT CAYLEY,2021061100,1,82,90,1.8,0,,,
MOUNT CAYLEY,2021061101,0.9,87,114,0.2,0,,,
MOUNT CAYLEY,2021061102,1.4,86,114,1.6,0,,,
MOUNT CAYLEY,2021061103,1.5,81,115,5.5,0,,,
MOUNT CAYLEY,2021061104,1.3,83,136,0.7,0,,,
MOUNT CAYLEY,2021061105,2,69,100,1.4,0,,,
MOUNT CAYLEY,2021061106,4.4,59,146,2.3,0,,,
MOUNT CAYLEY,2021061107,4.4,61,46,1.6,0,,,
MOUNT CAYLEY,2021061108,4.5,59,61,3.2,0,,,
MOUNT CAYLEY,2021061109,6.7,50,321,2.8,0,,,
MOUNT CAYLEY,2021061110,6.5,50,285,2.5,0,,,
MOUNT CAYLEY,2021061111,4.5,62,114,5.3,0.2,,,
MOUNT CAYLEY,2021061112,5,59,96,5.1,0,,,
MOUNT CAYLEY,2021061113,5.1,61,129,3,0,,,
MOUNT CAYLEY,2021061114,4,65,108,4.8,0,,,
MOUNT CAYLEY,2021061115,3.5,80,107,3.3,0.2,,,
MOUNT CAYLEY,2021061116,2.7,96,27,1.9,1.1,,,
MOUNT CAYLEY,2021061117,2.3,96,109,2.5,1.5,,,
MOUNT CAYLEY,2021061118,1.8,100,143,3.1,0.2,,,
MOUNT CAYLEY,2021061119,2,100,174,4.1,0.2,,,
MOUNT CAYLEY,2021061120,1.5,100,145,0,0.4,,,
MOUNT CAYLEY,2021061121,2,100,41,1.4,0.7,,,
MOUNT CAYLEY,2021061122,2.2,100,136,2.2,0.2,,,
MOUNT CAYLEY,2021061123,1.2,100,83,0.1,2.2,,,
MOUNT CAYLEY,2021061200,0.9,100,52,4,1.3,,,
MOUNT CAYLEY,2021061201,1.6,100,73,0.1,0.9,,,
MOUNT CAYLEY,2021061202,1.5,100,135,0.2,0.2,,,
MOUNT CAYLEY,2021061203,1.4,100,95,0,0.4,,,
MOUNT CAYLEY,2021061204,2.2,100,152,2.9,0.2,,,
MOUNT CAYLEY,2021061205,2.9,100,164,0.6,0,,,
MOUNT CAYLEY,2021061206,4.1,98,212,0.6,0,,,
MOUNT CAYLEY,2021061207,4.2,83,71,4,0,,,
MOUNT CAYLEY,2021061208,5.9,79,271,0,0,,,
MOUNT CAYLEY,2021061209,6,72,257,0.9,0,,,
MOUNT CAYLEY,2021061210,6.8,74,39,3.6,0.2,,,
MOUNT CAYLEY,2021061211,6.5,89,238,1.7,0,,,
MOUNT CAYLEY,2021061212,7.1,73,103,2.4,1.1,,,
MOUNT CAYLEY,2021061213,7.2,66,64,3.6,0,,,
MOUNT CAYLEY,2021061214,7.6,63,69,7.6,0,,,
MOUNT CAYLEY,2021061215,8.4,56,109,2,0,,,
MOUNT CAYLEY,2021061216,7.6,56,54,1.7,0,,,
MOUNT CAYLEY,2021061217,6.9,57,55,3.9,0,,,
MOUNT CAYLEY,2021061218,7.1,52,56,8,0,,,
MOUNT CAYLEY,2021061219,7.2,51,68,4.1,0,,,
MOUNT CAYLEY,2021061220,7.1,63,103,7.6,0.2,,,
MOUNT CAYLEY,2021061221,6,70,63,4.9,0.7,,,
MOUNT CAYLEY,2021061222,4.8,94,74,4.5,2.6,,,
MOUNT CAYLEY,2021061223,4.8,99,103,7.1,3.9,,,
MOUNT CAYLEY,2021061300,4.7,100,90,4.3,3.5,,,
MOUNT CAYLEY,2021061301,4.5,100,85,5.9,3.9,,,
MOUNT CAYLEY,2021061302,4.8,100,101,4.4,2.8,,,
MOUNT CAYLEY,2021061303,5,100,238,2.1,4.6,,,
MOUNT CAYLEY,2021061304,4.8,100,9,1,6.3,,,
MOUNT CAYLEY,2021061305,5.5,100,143,2.4,5,,,
MOUNT CAYLEY,2021061306,6.1,100,132,0.9,3.7,,,
MOUNT CAYLEY,2021061307,5.7,100,188,0.2,2.6,,,
MOUNT CAYLEY,2021061308,6.6,95,66,0,2,,,
MOUNT CAYLEY,2021061309,6.3,100,52,2.5,2,,,
MOUNT CAYLEY,2021061310,8.1,100,229,2,0.4,,,
MOUNT CAYLEY,2021061311,10.5,88,284,1.9,0,,,
MOUNT CAYLEY,2021061312,10.8,85,275,2.6,0,,,
MOUNT CAYLEY,2021061313,10.7,88,249,2.7,0,,,
MOUNT CAYLEY,2021061314,11,87,6,0.3,0.2,,,
MOUNT CAYLEY,2021061315,8.1,100,140,2.7,0,,,
MOUNT CAYLEY,2021061316,6.8,100,89,4.2,2.8,,,
MOUNT CAYLEY,2021061317,7.4,100,148,5.5,5,,,
MOUNT CAYLEY,2021061318,7.4,100,131,9.5,3,,,
MOUNT CAYLEY,2021061319,7,100,120,7.4,0.2,,,
MOUNT CAYLEY,2021061320,7.1,100,127,5.8,1.5,,,
MOUNT CAYLEY,2021061321,6.7,100,119,0.5,1.1,,,
MOUNT CAYLEY,2021061322,7,100,130,8,2.4,,,
MOUNT CAYLEY,2021061323,7.1,100,130,10.9,1.7,,,
MOUNT CAYLEY,2021061400,6.9,100,148,12,1.5,,,
MOUNT CAYLEY,2021061401,6.5,100,156,6.6,1.5,,,
MOUNT CAYLEY,2021061402,6.1,100,128,1,1.5,,,
MOUNT CAYLEY,2021061403,5.9,100,194,2,3.9,,,
MOUNT CAYLEY,2021061404,5.8,100,141,2.7,0.2,,,
MOUNT CAYLEY,2021061405,5.9,100,95,0,0,,,
MOUNT CAYLEY,2021061406,6.8,100,149,1.7,0.7,,,
MOUNT CAYLEY,2021061407,7.3,100,202,3.8,0.2,,,
MOUNT CAYLEY,2021061408,8.3,100,205,4.9,0,,,
MOUNT CAYLEY,2021061409,7.7,100,211,1.8,0,,,
MOUNT CAYLEY,2021061410,7.8,100,192,1.8,0,,,
MOUNT CAYLEY,2021061411,7.7,100,174,2.7,0.9,,,
MOUNT CAYLEY,2021061412,9.9,77,194,3.6,0,,,
MOUNT CAYLEY,2021061413,9.8,72,181,3,0,,,
MOUNT CAYLEY,2021061414,8,93,170,3.3,0.2,,,
MOUNT CAYLEY,2021061415,8.9,72,156,3.5,0,,,
MOUNT CAYLEY,2021061416,7.2,87,116,6.4,0,,,
MOUNT CAYLEY,2021061417,6.6,91,112,8,0,,,
MOUNT CAYLEY,2021061418,6.2,93,123,8,0,,,
MOUNT CAYLEY,2021061419,5.8,96,110,7,0,,,
MOUNT CAYLEY,2021061420,5.2,95,100,3.3,0,,,
MOUNT CAYLEY,2021061421,5.2,90,122,3.1,0,,,
MOUNT CAYLEY,2021061422,5.1,89,122,4,0,,,
MOUNT CAYLEY,2021061423,4.4,98,102,0.3,0,,,
MOUNT CAYLEY,2021061500,4.6,100,159,1.9,0,,,
MOUNT CAYLEY,2021061501,4.1,100,87,0.1,0,,,
MOUNT CAYLEY,2021061502,3.6,100,89,0,0,,,
MOUNT CAYLEY,2021061503,3.4,100,121,5.2,0.9,,,
MOUNT CAYLEY,2021061504,3.1,100,72,0.1,0,,,
MOUNT CAYLEY,2021061505,4.2,100,184,0.1,0,,,
MOUNT CAYLEY,2021061506,3.4,100,225,2.5,2.4,,,
MOUNT CAYLEY,2021061507,4.8,99,103,0,0.2,,,
MOUNT CAYLEY,2021061508,5.3,99,235,3.1,0,,,
MOUNT CAYLEY,2021061509,6.3,95,245,1.3,0,,,
MOUNT CAYLEY,2021061510,6.5,89,209,4,1.5,,,
MOUNT CAYLEY,2021061511,4.7,84,166,5.6,0.7,,,
MOUNT CAYLEY,2021061512,5.7,100,244,2.1,0,,,
MOUNT CAYLEY,2021061513,5.8,91,193,3.9,0.9,,,
MOUNT CAYLEY,2021061514,6.7,85,230,3.2,0,,,
MOUNT CAYLEY,2021061515,6.8,95,222,3.6,0,,,
MOUNT CAYLEY,2021061516,6.5,100,270,3.8,0,,,
MOUNT CAYLEY,2021061517,4.9,100,236,3.1,0.2,,,
MOUNT CAYLEY,2021061518,5.3,100,220,1.7,0,,,
MOUNT CAYLEY,2021061519,3.8,100,175,4.3,0,,,
MOUNT CAYLEY,2021061520,3.6,97,166,4.2,0,,,
MOUNT CAYLEY,2021061521,3.3,94,163,3.5,0,,,
MOUNT CAYLEY,2021061522,3.4,92,149,2.5,0,,,
MOUNT CAYLEY,2021061523,3.1,96,99,0.9,0,,,
MOUNT CAYLEY,2021061600,2.7,100,55,0.6,0,,,
MOUNT CAYLEY,2021061601,3.1,99,149,2.6,0,,,
MOUNT CAYLEY,2021061602,2.9,100,94,0,0,,,
MOUNT CAYLEY,2021061603,2.8,100,92,0,0,,,
MOUNT CAYLEY,2021061604,3,100,130,0,0,,,
MOUNT CAYLEY,2021061605,3.9,97,186,1,0,,,
MOUNT CAYLEY,2021061606,5.6,78,196,0.2,0,,,
MOUNT CAYLEY,2021061607,5.1,100,255,0.3,0,,,
MOUNT CAYLEY,2021061608,5.7,84,69,0.5,0,,,
MOUNT CAYLEY,2021061609,5.7,95,197,1.2,0,,,
MOUNT CAYLEY,2021061610,6.7,83,222,1,0,,,
MOUNT CAYLEY,2021061611,7.6,74,47,0.2,0,,,
MOUNT CAYLEY,2021061612,8.3,68,325,0.7,0,,,
MOUNT CAYLEY,2021061613,9.3,59,293,2.5,0,,,
MOUNT CAYLEY,2021061614,9.8,55,318,2.1,0,,,
MOUNT CAYLEY,2021061615,10.4,49,229,3.9,0,,,
MOUNT CAYLEY,2021061616,11.3,48,255,6.3,0,,,
MOUNT CAYLEY,2021061617,11.3,49,272,3.2,0,,,
MOUNT CAYLEY,2021061618,9.8,55,280,3.6,0,,,
MOUNT CAYLEY,2021061619,7.7,57,125,0.1,0,,,
MOUNT CAYLEY,2021061620,5.7,66,109,0.2,0,,,
MOUNT CAYLEY,2021061621,5.4,69,100,0.2,0,,,
MOUNT CAYLEY,2021061622,5,72,104,0.3,0,,,
MOUNT CAYLEY,2021061623,5.1,70,97,0.2,0,,,
MOUNT CAYLEY,2021061700,4.9,72,111,0.4,0,,,
MOUNT CAYLEY,2021061701,4.6,75,100,0.1,0,,,
MOUNT CAYLEY,2021061702,4.8,73,152,0.2,0,,,
MOUNT CAYLEY,2021061703,4.6,76,129,0.7,0,,,
MOUNT CAYLEY,2021061704,4.7,75,102,0.3,0,,,
MOUNT CAYLEY,2021061705,5.2,70,147,0.8,0,,,
MOUNT CAYLEY,2021061706,8.9,54,174,0,0,,,
MOUNT CAYLEY,2021061707,9.4,52,208,1.1,0,,,
MOUNT CAYLEY,2021061708,10,48,221,2.6,0,,,
MOUNT CAYLEY,2021061709,11.3,45,251,3.3,0,,,
MOUNT CAYLEY,2021061710,11.9,42,263,3,0,,,
MOUNT CAYLEY,2021061711,13.2,36,317,1.7,0,,,
MOUNT CAYLEY,2021061712,13.3,44,258,3.3,0,,,
MOUNT CAYLEY,2021061713,12.8,48,259,4.1,0,,,
MOUNT CAYLEY,2021061714,13.5,42,251,7.8,0,,,
MOUNT CAYLEY,2021061715,14.2,43,230,6.5,0,,,
MOUNT CAYLEY,2021061716,12.4,51,235,3.3,0,,,
MOUNT CAYLEY,2021061717,11,59,5,0.1,0,,,
MOUNT CAYLEY,2021061718,10.4,60,275,0.6,0,,,
MOUNT CAYLEY,2021061719,8.9,66,80,2,0,,,
MOUNT CAYLEY,2021061720,8,71,114,0.1,0,,,
MOUNT CAYLEY,2021061721,7.8,72,117,1.2,0,,,
MOUNT CAYLEY,2021061722,7.6,73,115,0.5,0,,,
MOUNT CAYLEY,2021061723,7.7,69,122,0.1,0,,,
MOUNT CAYLEY,2021061800,7.7,68,117,0.7,0,,,
MOUNT CAYLEY,2021061801,7.7,69,104,0.2,0,,,
MOUNT CAYLEY,2021061802,7.4,73,104,0,0,,,
MOUNT CAYLEY,2021061803,7.1,74,96,0,0,,,
MOUNT CAYLEY,2021061804,7,75,83,0.1,0,,,
MOUNT CAYLEY,2021061805,7.8,74,92,0,0,,,
MOUNT CAYLEY,2021061806,11.2,59,174,0.1,0,,,
MOUNT CAYLEY,2021061807,10.8,62,319,0.5,0,,,
MOUNT CAYLEY,2021061808,12.2,56,309,0.6,0,,,
MOUNT CAYLEY,2021061809,10.6,60,285,1,0,,,
MOUNT CAYLEY,2021061810,11.5,58,222,3,0,,,
MOUNT CAYLEY,2021061811,13.9,55,250,4.1,0,,,
MOUNT CAYLEY,2021061812,13.9,45,241,7.4,0,,,
MOUNT CAYLEY,2021061813,13.6,46,241,5.2,0,,,
MOUNT CAYLEY,2021061814,14.4,45,242,4.5,0,,,
MOUNT CAYLEY,2021061815,14.2,46,235,5.3,0,,,
MOUNT CAYLEY,2021061816,14,48,233,6.2,0,,,
MOUNT CAYLEY,2021061817,12.4,54,240,3.1,0,,,
MOUNT CAYLEY,2021061818,10.7,62,66,0,0,,,
MOUNT CAYLEY,2021061819,9.3,67,98,0,0,,,
MOUNT CAYLEY,2021061820,8.3,71,112,0,0,,,
MOUNT CAYLEY,2021061821,7.7,76,100,0,0,,,
MOUNT CAYLEY,2021061822,7.6,78,61,0,0,,,
MOUNT CAYLEY,2021061823,7.3,83,151,0.6,0,,,
MOUNT CAYLEY,2021061900,6.8,94,141,0.5,0,,,
MOUNT CAYLEY,2021061901,6.5,99,114,0.4,0,,,
MOUNT CAYLEY,2021061902,6.3,100,86,0.7,0,,,
MOUNT CAYLEY,2021061903,6.6,100,111,0,0,,,
MOUNT CAYLEY,2021061904,6.6,100,138,0,0,,,
MOUNT CAYLEY,2021061905,6.7,100,134,0.1,0,,,
MOUNT CAYLEY,2021061906,7.6,96,218,1.6,0,,,
MOUNT CAYLEY,2021061907,7.1,100,318,0.4,0,,,
MOUNT CAYLEY,2021061908,7.5,92,317,1.1,0,,,
MOUNT CAYLEY,2021061909,7.9,97,281,0.6,0,,,
MOUNT CAYLEY,2021061910,8.2,100,233,1.8,0,,,
MOUNT CAYLEY,2021061911,8.9,98,260,0.6,0,,,
MOUNT CAYLEY,2021061912,9,100,233,2.6,0,,,
MOUNT CAYLEY,2021061913,8.8,100,224,1,0,,,
MOUNT CAYLEY,2021061914,9.5,100,222,2,0,,,
MOUNT CAYLEY,2021061915,10.2,96,207,2.9,0,,,
MOUNT CAYLEY,2021061916,9.4,99,240,1.9,0,,,
MOUNT CAYLEY,2021061917,9.9,100,225,0.9,0,,,
MOUNT CAYLEY,2021061918,9.5,100,317,0,0,,,
MOUNT CAYLEY,2021061919,8.6,100,41,0.6,0,,,
MOUNT CAYLEY,2021061920,7.8,100,75,0.1,0,,,
MOUNT CAYLEY,2021061921,7.7,100,54,2,0,,,
MOUNT CAYLEY,2021061922,8,90,20,2.7,0,,,
MOUNT CAYLEY,2021061923,7.3,71,37,1.3,0,,,
MOUNT CAYLEY,2021062000,7.3,58,60,3.3,0,,,
MOUNT CAYLEY,2021062001,7.3,54,34,4.9,0,,,
MOUNT CAYLEY,2021062002,6.8,57,73,2,0,,,
MOUNT CAYLEY,2021062003,7.3,54,32,3.2,0,,,
MOUNT CAYLEY,2021062004,7.1,54,42,3,0,,,
MOUNT CAYLEY,2021062005,7.9,52,38,1.9,0,,,
MOUNT CAYLEY,2021062006,11.2,43,23,3.6,0,,,
MOUNT CAYLEY,2021062007,11.3,43,304,2,0,,,
MOUNT CAYLEY,2021062008,12.2,44,352,5.4,0,,,
MOUNT CAYLEY,2021062009,14.5,39,68,2.2,0,,,
MOUNT CAYLEY,2021062010,15.7,37,64,1.7,0,,,
MOUNT CAYLEY,2021062011,16.8,34,15,1.1,0,,,
MOUNT CAYLEY,2021062012,18.6,34,58,1.4,0,,,
MOUNT CAYLEY,2021062013,19.9,31,54,0.8,0,,,
MOUNT CAYLEY,2021062014,19.7,32,58,2.5,0,,,
MOUNT CAYLEY,2021062015,20.3,30,24,1.5,0,,,
MOUNT CAYLEY,2021062016,19.6,33,348,1,0,,,
MOUNT CAYLEY,2021062017,17.8,39,88,0.2,0,,,
MOUNT CAYLEY,2021062018,18.4,37,349,0.2,0,,,
MOUNT CAYLEY,2021062019,14.8,43,85,0.6,0,,,
MOUNT CAYLEY,2021062020,13.6,45,110,0.9,0,,,
MOUNT CAYLEY,2021062021,14.6,41,97,3.8,0,,,
MOUNT CAYLEY,2021062022,14.8,36,85,3.7,0,,,
MOUNT CAYLEY,2021062023,14.1,39,87,3,0,,,
MOUNT CAYLEY,2021062100,13.3,43,76,0.7,0,,,
MOUNT CAYLEY,2021062101,13.5,44,98,0.5,0,,,
MOUNT CAYLEY,2021062102,13.4,45,103,1.2,0,,,
MOUNT CAYLEY,2021062103,13,46,109,0.6,0,,,
MOUNT CAYLEY,2021062104,13.3,47,98,0,0,,,
MOUNT CAYLEY,2021062105,13.8,47,117,0.1,0,,,
MOUNT CAYLEY,2021062106,16.4,41,56,0,0,,,
MOUNT CAYLEY,2021062107,17.5,39,284,0.2,0,,,
MOUNT CAYLEY,2021062108,18.4,39,318,0.5,0,,,
MOUNT CAYLEY,2021062109,19.1,37,330,1.5,0,,,
MOUNT CAYLEY,2021062110,19.6,36,294,2.3,0,,,
MOUNT CAYLEY,2021062111,19.7,36,281,4.7,0,,,
MOUNT CAYLEY,2021062112,20.5,36,230,5.6,0,,,
MOUNT CAYLEY,2021062113,21.1,35,256,5.3,0,,,
MOUNT CAYLEY,2021062114,21.8,33,254,5.6,0,,,
MOUNT CAYLEY,2021062115,20.9,33,254,6.4,0,,,
MOUNT CAYLEY,2021062116,19.9,36,262,1.9,0,,,
MOUNT CAYLEY,2021062117,19.3,39,253,4.5,0,,,
MOUNT CAYLEY,2021062118,19,41,253,2.3,0,,,
MOUNT CAYLEY,2021062119,16.9,46,259,0.5,0,,,
MOUNT CAYLEY,2021062120,14.2,55,112,0.9,0,,,
MOUNT CAYLEY,2021062121,13.5,58,115,1.3,0,,,
MOUNT CAYLEY,2021062122,13.1,58,96,0.1,0,,,
MOUNT CAYLEY,2021062123,12.4,62,108,1.5,0,,,
MOUNT CAYLEY,2021062200,12.6,62,102,0.5,0,,,
MOUNT CAYLEY,2021062201,12.3,63,127,0.9,0,,,
MOUNT CAYLEY,2021062202,12.2,63,130,0.7,0,,,
MOUNT CAYLEY,2021062203,12,64,138,0.6,0,,,
MOUNT CAYLEY,2021062204,11.9,66,116,1.2,0,,,
MOUNT CAYLEY,2021062205,12.2,64,118,0.1,0,,,
MOUNT CAYLEY,2021062206,15.4,53,147,0.4,0,,,
MOUNT CAYLEY,2021062207,16.8,44,240,1,0,,,
MOUNT CAYLEY,2021062208,17.2,46,359,0.7,0,,,
MOUNT CAYLEY,2021062209,17.5,47,227,3.9,0,,,
MOUNT CAYLEY,2021062210,18.3,44,238,4.2,0,,,
MOUNT CAYLEY,2021062211,18.5,42,233,5.3,0,,,
MOUNT CAYLEY,2021062212,18.8,41,225,6.2,0,,,
MOUNT CAYLEY,2021062213,18.9,46,233,6.1,0,,,
MOUNT CAYLEY,2021062214,20.1,40,228,6.4,0,,,
MOUNT CAYLEY,2021062215,19.6,42,233,6.6,0,,,
MOUNT CAYLEY,2021062216,19,44,273,5.7,0,,,
MOUNT CAYLEY,2021062217,18.3,46,249,5.1,0,,,
MOUNT CAYLEY,2021062218,17.2,51,242,4.6,0,,,
MOUNT CAYLEY,2021062219,15.3,59,274,0.2,0,,,
MOUNT CAYLEY,2021062220,12.3,69,86,0.3,0,,,
MOUNT CAYLEY,2021062221,12,71,94,0.7,0,,,
MOUNT CAYLEY,2021062222,12.2,70,92,0.4,0,,,
MOUNT CAYLEY,2021062223,11.6,75,104,0.3,0,,,
MOUNT CAYLEY,2021062300,11.2,79,111,0.1,0,,,
MOUNT CAYLEY,2021062301,10.7,83,115,0.1,0,,,
MOUNT CAYLEY,2021062302,10.2,89,121,0.3,0,,,
MOUNT CAYLEY,2021062303,9.8,92,102,0.1,0,,,
MOUNT CAYLEY,2021062304,9.8,94,94,0,0,,,
MOUNT CAYLEY,2021062305,10.4,91,107,0,0,,,
MOUNT CAYLEY,2021062306,13.9,69,73,0,0,,,
MOUNT CAYLEY,2021062307,14.4,68,252,0.7,0,,,
MOUNT CAYLEY,2021062308,14,72,285,2.4,0,,,
MOUNT CAYLEY,2021062309,13.7,74,269,1.6,0,,,
MOUNT CAYLEY,2021062310,14.5,69,265,2,0,,,
MOUNT CAYLEY,2021062311,15.6,66,261,2.1,0,,,
MOUNT CAYLEY,2021062312,16.9,57,255,3.6,0,,,
MOUNT CAYLEY,2021062313,17,56,277,3.3,0,,,
MOUNT CAYLEY,2021062314,17.4,51,281,3.4,0,,,
MOUNT CAYLEY,2021062315,18.1,48,266,4.1,0,,,
MOUNT CAYLEY,2021062316,17.4,56,252,4.2,0,,,
MOUNT CAYLEY,2021062317,16.9,54,246,6.8,0,,,
MOUNT CAYLEY,2021062318,15.8,59,270,5.2,0,,,
MOUNT CAYLEY,2021062319,14.2,66,270,1.5,0,,,
MOUNT CAYLEY,2021062320,11.5,81,50,0.7,0,,,
MOUNT CAYLEY,2021062321,11.7,87,85,1.2,0,,,
MOUNT CAYLEY,2021062322,11.6,86,69,1.5,0,,,
MOUNT CAYLEY,2021062323,10.9,91,69,0.5,0,,,
MOUNT CAYLEY,2021062400,10.2,94,53,0,0,,,
MOUNT CAYLEY,2021062401,10.2,99,113,0.2,0,,,
MOUNT CAYLEY,2021062402,10.4,98,130,0.2,0,,,
MOUNT CAYLEY,2021062403,10.5,86,90,2,0,,,
MOUNT CAYLEY,2021062404,10.3,92,52,0,0,,,
MOUNT CAYLEY,2021062405,11.1,81,126,0.7,0,,,
MOUNT CAYLEY,2021062406,14.9,64,343,0,0,,,
MOUNT CAYLEY,2021062407,15.1,64,296,0.4,0,,,
MOUNT CAYLEY,2021062408,16,60,234,2.7,0,,,
MOUNT CAYLEY,2021062409,16.1,57,250,2.3,0,,,
MOUNT CAYLEY,2021062410,18.8,51,324,0.8,0,,,
MOUNT CAYLEY,2021062411,18.8,49,309,2.3,0,,,
MOUNT CAYLEY,2021062412,20,46,280,3.2,0,,,
MOUNT CAYLEY,2021062413,19.9,45,258,6.1,0,,,
MOUNT CAYLEY,2021062414,20.3,42,275,3.6,0,,,
MOUNT CAYLEY,2021062415,19.1,47,271,2.1,0,,,
MOUNT CAYLEY,2021062416,18.5,49,234,0.6,0,,,
MOUNT CAYLEY,2021062417,18.9,49,252,3.4,0,,,
MOUNT CAYLEY,2021062418,19.1,49,310,0.7,0,,,
MOUNT CAYLEY,2021062419,16.1,59,95,0,0,,,
MOUNT CAYLEY,2021062420,14.6,56,83,3.2,0,,,
MOUNT CAYLEY,2021062421,14,59,98,0.2,0,,,
MOUNT CAYLEY,2021062422,14,61,110,0.6,0,,,
MOUNT CAYLEY,2021062423,13.3,59,63,0.3,0,87.066,2.859,4.785
MOUNT CAYLEY,2021062500,13.8,55,89,1.9,0,87.11,3.118,5.227
MOUNT CAYLEY,2021062501,13.7,53,68,3,0,87.158,3.319,5.561
MOUNT CAYLEY,2021062502,13.3,55,67,1.6,0,87.187,3.105,5.206
MOUNT CAYLEY,2021062503,12.9,56,92,0.2,0,87.2,2.899,4.855
MOUNT CAYLEY,2021062504,13,56,77,0.8,0,87.21,2.992,5.015
MOUNT CAYLEY,2021062505,13.6,54,98,0.5,0,87.254,2.966,4.969
MOUNT CAYLEY,2021062506,16.1,48,116,1.3,0,87.302,3.109,5.213
MOUNT CAYLEY,2021062507,17.9,43,320,0.5,0,87.435,3.044,5.101
MOUNT CAYLEY,2021062508,18.3,41,244,2.8,0,87.617,3.508,5.869
MOUNT CAYLEY,2021062509,20,39,194,2.4,0,87.861,3.56,5.953
MOUNT CAYLEY,2021062510,21.3,37,70,2.5,0,88.161,3.735,6.232
MOUNT CAYLEY,2021062511,21.6,37,20,1.9,0,88.427,3.765,6.279
MOUNT CAYLEY,2021062512,22.5,35,307,3.5,0,88.755,4.278,7.727
MOUNT CAYLEY,2021062513,23.6,34,69,3.5,0,89.103,4.497,8.077
MOUNT CAYLEY,2021062514,24.3,33,298,3.8,0,89.459,4.805,8.559
MOUNT CAYLEY,2021062515,24.9,32,311,2.4,0,89.8,4.702,8.399
MOUNT CAYLEY,2021062516,24.9,32,314,3.5,0,90.104,5.191,9.148
MOUNT CAYLEY,2021062517,24.7,34,326,1.8,0,90.286,4.89,8.691
MOUNT CAYLEY,2021062518,24,35,345,1.4,0,90.396,4.869,8.659
MOUNT CAYLEY,2021062519,21.7,40,41,0.4,0,90.445,4.663,8.338
MOUNT CAYLEY,2021062520,20.2,40,65,1.5,0,90.495,4.963,8.802
MOUNT CAYLEY,2021062521,19,42,38,0.5,0,90.514,4.732,8.447
MOUNT CAYLEY,2021062522,20.2,35,137,3.2,0,90.564,5.46,9.551
MOUNT CAYLEY,2021062523,19.4,37,123,2.6,0,90.614,5.336,9.366
MOUNT CAYLEY,2021062600,19,38,127,0.6,0,90.664,4.859,8.643
MOUNT CAYLEY,2021062601,18.5,41,75,2.1,0,90.673,5.247,9.234
MOUNT CAYLEY,2021062602,18.7,42,49,3.9,0,90.662,5.737,9.956
MOUNT CAYLEY,2021062603,18.3,42,101,1.5,0,90.654,5.078,8.977
MOUNT CAYLEY,2021062604,18,41,53,2.7,0,90.656,5.395,9.454
MOUNT CAYLEY,2021062605,18.6,38,38,2.5,0,90.706,5.379,9.43
MOUNT CAYLEY,2021062606,21.6,34,59,0,0,90.756,4.776,8.515
MOUNT CAYLEY,2021062607,22.9,31,8,1.6,0,90.886,5.274,9.274
MOUNT CAYLEY,2021062608,23.1,32,352,2.2,0,90.978,5.508,9.622
MOUNT CAYLEY,2021062609,24.7,29,19,0.8,0,91.175,5.279,9.281
MOUNT CAYLEY,2021062610,25.6,29,91,1.3,0,91.375,5.57,9.713
MOUNT CAYLEY,2021062611,26.5,28,13,0.9,0,91.6,5.636,9.809
MOUNT CAYLEY,2021062612,27.6,27,60,0.7,0,91.855,5.785,10.97
MOUNT CAYLEY,2021062613,27.7,27,357,1.5,0,92.086,6.223,11.641
MOUNT CAYLEY,2021062614,28,27,321,2,0,92.294,6.572,12.164
MOUNT CAYLEY,2021062615,28.3,26,275,3,0,92.521,7.137,12.986
MOUNT CAYLEY,2021062616,27.9,25,290,2.5,0,92.731,7.167,13.03
MOUNT CAYLEY,2021062617,27.4,27,314,1.5,0,92.818,6.899,12.642
MOUNT CAYLEY,2021062618,26.6,30,276,1.1,0,92.868,6.809,12.511
MOUNT CAYLEY,2021062619,23.5,37,63,0,0,92.842,6.418,11.934
MOUNT CAYLEY,2021062620,21.3,39,84,2.1,0,92.721,7.015,12.81
MOUNT CAYLEY,2021062621,21.2,37,96,0.5,0,92.668,6.423,11.941
MOUNT CAYLEY,2021062622,20.6,39,56,3.4,0,92.544,7.306,13.227
MOUNT CAYLEY,2021062623,23.1,32,84,4.4,0,92.594,7.737,13.835
MOUNT CAYLEY,2021062700,22.5,34,113,3.1,0,92.604,7.257,13.158
MOUNT CAYLEY,2021062701,21.2,36,142,0.1,0,92.583,6.22,11.637
MOUNT CAYLEY,2021062702,20.3,38,132,0.6,0,92.513,6.317,11.782
MOUNT CAYLEY,2021062703,19.8,39,112,0.6,0,92.428,6.241,11.668
MOUNT CAYLEY,2021062704,20,40,103,0.4,0,92.339,6.101,11.457
MOUNT CAYLEY,2021062705,20.6,37,85,0.9,0,92.305,6.227,11.647
MOUNT CAYLEY,2021062706,23.5,32,142,0.6,0,92.355,6.177,11.572
MOUNT CAYLEY,2021062707,25.4,31,304,0.1,0,92.405,6.066,11.403
MOUNT CAYLEY,2021062708,25.9,31,307,0.1,0,92.455,6.109,11.468
MOUNT CAYLEY,2021062709,26.6,29,229,1.8,0,92.505,6.703,12.356
MOUNT CAYLEY,2021062710,27.6,30,270,1.2,0,92.555,6.549,12.129
MOUNT CAYLEY,2021062711,28.2,30,261,3.3,0,92.605,7.331,13.264
MOUNT CAYLEY,2021062712,29.2,29,323,1.7,0,92.696,6.85,13.58
MOUNT CAYLEY,2021062713,29.9,28,324,1.2,0,92.826,6.803,13.507
MOUNT CAYLEY,2021062714,29.8,27,264,3.4,0,92.976,7.762,14.958
MOUNT CAYLEY,2021062715,29.7,27,290,3.4,0,93.095,7.893,15.151
MOUNT CAYLEY,2021062716,29.7,27,43,1.1,0,93.188,7.121,13.997
MOUNT CAYLEY,2021062717,29.2,29,296,1.5,0,93.238,7.317,14.295
MOUNT CAYLEY,2021062718,28.4,31,5,0.2,0,93.288,6.901,13.659
MOUNT CAYLEY,2021062719,24.7,38,70,1.3,0,93.192,7.197,14.113
MOUNT CAYLEY,2021062720,22.3,41,112,1.7,0,93.011,7.16,14.056
MOUNT CAYLEY,2021062721,22,42,92,0.8,0,92.842,6.683,13.32
MOUNT CAYLEY,2021062722,22.5,39,80,2.9,0,92.727,7.309,14.282
MOUNT CAYLEY,2021062723,22,39,103,0.6,0,92.645,6.434,12.929
MOUNT CAYLEY,2021062800,21.2,37,57,0.4,0,92.599,6.329,12.761
MOUNT CAYLEY,2021062801,21.5,35,77,1.7,0,92.582,6.741,13.411
MOUNT CAYLEY,2021062802,21.6,33,86,0.2,0,92.607,6.273,12.671
MOUNT CAYLEY,2021062803,22,31,99,0.8,0,92.657,6.511,13.05
MOUNT CAYLEY,2021062804,22,31,111,0.5,0,92.707,6.458,12.967
MOUNT CAYLEY,2021062805,22,30,70,0.8,0,92.757,6.603,13.195
MOUNT CAYLEY,2021062806,24.2,28,95,0.5,0,92.807,6.55,13.111
MOUNT CAYLEY,2021062807,26.9,24,22,0,0,92.951,6.517,13.059
MOUNT CAYLEY,2021062808,27.1,27,62,0,0,93.001,6.563,13.132
MOUNT CAYLEY,2021062809,28.3,23,72,0.6,0,93.202,6.957,13.746
MOUNT CAYLEY,2021062810,28.8,27,206,1.5,0,93.253,7.332,14.317
MOUNT CAYLEY,2021062811,29.6,26,315,1.9,0,93.355,7.589,14.702
MOUNT CAYLEY,2021062812,30,26,275,4.3,0,93.456,8.686,17.73
MOUNT CAYLEY,2021062813,30.1,25,309,3.4,0,93.58,8.446,17.364
MOUNT CAYLEY,2021062814,30.6,23,302,2.3,0,93.775,8.21,17.002
MOUNT CAYLEY,2021062815,30.6,23,290,4,0,93.942,9.153,18.429
MOUNT CAYLEY,2021062816,30.6,23,303,1,0,94.067,8.006,16.685
MOUNT CAYLEY,2021062817,29.8,24,338,1.4,0,94.118,8.227,17.029
MOUNT CAYLEY,2021062818,29.9,26,80,0,0,94.169,7.721,16.237
MOUNT CAYLEY,2021062819,25.8,30,59,1.3,0,94.163,8.237,17.044
MOUNT CAYLEY,2021062820,24.5,31,70,3.8,0,94.106,9.27,18.601
MOUNT CAYLEY,2021062821,24.1,28,80,3.9,0,94.111,9.324,18.681
MOUNT CAYLEY,2021062822,24.3,28,89,3,0,94.121,8.922,18.085
MOUNT CAYLEY,2021062823,23.6,26,79,1.6,0,94.159,8.358,17.23
MOUNT CAYLEY,2021062900,23.2,28,111,1.2,0,94.158,8.19,16.971
MOUNT CAYLEY,2021062901,23,29,84,0.1,0,94.151,7.741,16.269
MOUNT CAYLEY,2021062902,23.3,29,111,1.1,0,94.135,8.124,16.868
MOUNT CAYLEY,2021062903,23.1,30,95,0.3,0,94.112,7.777,16.325
MOUNT CAYLEY,2021062904,22.4,32,112,0.3,0,94.052,7.713,16.224
MOUNT CAYLEY,2021062905,23,31,119,0.3,0,94.018,7.677,16.166
MOUNT CAYLEY,2021062906,25.7,28,69,1,0,94.059,7.998,16.673
MOUNT CAYLEY,2021062907,27.5,23,128,1.9,0,94.11,8.428,17.337
MOUNT CAYLEY,2021062908,28.3,23,91,0,0,94.161,7.713,16.223
MOUNT CAYLEY,2021062909,29.2,24,58,0.6,0,94.212,8.006,16.684
MOUNT CAYLEY,2021062910,29.9,25,185,0.8,0,94.263,8.144,16.9
MOUNT CAYLEY,2021062911,29.9,28,198,3.2,0,94.314,9.256,18.581
MOUNT CAYLEY,2021062912,30.9,25,323,1,0,94.365,8.343,18.493
MOUNT CAYLEY,2021062913,31.2,25,319,1.7,0,94.416,8.704,19.075
MOUNT CAYLEY,2021062914,31.7,23,291,2.4,0,94.495,9.115,19.727
MOUNT CAYLEY,2021062915,31.7,23,295,3.2,0,94.559,9.574,20.442
MOUNT CAYLEY,2021062916,31.9,22,297,1.1,0,94.656,8.729,19.115
MOUNT CAYLEY,2021062917,31.6,25,306,0.1,0,94.707,8.358,18.517
MOUNT CAYLEY,2021062918,30.7,26,353,0,0,94.758,8.374,18.544
MOUNT CAYLEY,2021062919,27.1,32,134,0,0,94.709,8.319,18.453
MOUNT CAYLEY,2021062920,24.9,32,88,2.5,0,94.59,9.282,19.989
MOUNT CAYLEY,2021062921,23.7,34,118,1.5,0,94.44,8.646,18.982
MOUNT CAYLEY,2021062922,23.7,30,82,2.8,0,94.373,9.146,19.776
MOUNT CAYLEY,2021062923,22,35,67,0.9,0,94.221,8.138,18.156
MOUNT CAYLEY,2021063000,22.7,33,131,0.6,0,94.131,7.917,17.791
MOUNT CAYLEY,2021063001,21.9,34,104,0.2,0,94.036,7.657,17.356
MOUNT CAYLEY,2021063002,21.2,36,134,1.3,0,93.878,7.918,17.793
MOUNT CAYLEY,2021063003,21,34,93,0.3,0,93.791,7.439,16.985
MOUNT CAYLEY,2021063004,20.2,38,106,1.1,0,93.612,7.554,17.182
MOUNT CAYLEY,2021063005,17.6,47,86,0,0,93.337,6.879,16.015
MOUNT CAYLEY,2021063006,20.3,48,220,0,0,93.069,6.625,15.566
MOUNT CAYLEY,2021063007,22.8,37,27,0.3,0,93.008,6.669,15.644
MOUNT CAYLEY,2021063008,21.3,51,215,1.8,0,92.61,6.802,15.881
MOUNT CAYLEY,2021063009,21.4,57,210,1.8,0,92.11,6.339,15.051
MOUNT CAYLEY,2021063010,21.9,57,233,4.4,0,91.615,6.737,15.765
MOUNT CAYLEY,2021063011,21.9,59,217,4.5,0,91.13,6.321,15.018
MOUNT CAYLEY,2021063012,23,57,233,3.1,0,90.795,5.616,14.118
MOUNT CAYLEY,2021063013,23.1,56,323,2.9,0,90.534,5.355,13.606
MOUNT CAYLEY,2021063014,22.7,56,256,3.7,0,90.292,5.387,13.669
MOUNT CAYLEY,2021063015,22.6,54,325,2.3,0,90.142,4.913,12.714
MOUNT CAYLEY,2021063016,22,49,191,5.5,0,90.096,5.735,14.35
MOUNT CAYLEY,2021063017,21.2,48,178,4.6,0,90.066,5.457,13.808
MOUNT CAYLEY,2021063018,20,55,231,4.4,0,89.869,5.252,13.4
MOUNT CAYLEY,2021063019,17.7,65,186,2.8,0,89.466,4.573,12.007
MOUNT CAYLEY,2021063020,15.5,72,144,2,0,88.955,4.082,10.95
MOUNT CAYLEY,2021063021,14.3,78,71,0.8,0,88.389,3.543,9.736
MOUNT CAYLEY,2021063022,13.9,78,71,3,0,87.817,3.646,9.974
MOUNT CAYLEY,2021063023,13.2,83,108,0.3,0,87.259,2.938,8.292
MOUNT CAYLEY,2021070100,12.5,89,73,0.2,0,86.558,2.646,7.556
MOUNT CAYLEY,2021070101,12.1,98,185,0,0,85.493,2.256,6.529
MOUNT CAYLEY,2021070102,11.2,100,74,0,0,84.399,1.941,5.656
MOUNT CAYLEY,2021070103,11.3,100,62,0,0,83.406,1.702,4.959
MOUNT CAYLEY,2021070104,11.2,100,322,0,0,82.509,1.518,4.402
MOUNT CAYLEY,2021070105,11.4,100,32,0.2,0,81.632,1.378,3.964
MOUNT CAYLEY,2021070106,11.5,100,212,1.8,0,80.732,1.347,3.866
MOUNT CAYLEY,2021070107,12.1,100,209,1.1,0,79.955,1.196,3.372
MOUNT CAYLEY,2021070108,11.5,100,232,2.2,0,79.226,1.176,3.303
MOUNT CAYLEY,2021070109,12.8,100,260,2.9,0,78.547,1.143,3.194
MOUNT CAYLEY,2021070110,14,95,268,3,0,78.367,1.131,3.151
MOUNT CAYLEY,2021070111,15.1,88,275,1.2,0,78.414,1.037,2.827
MOUNT CAYLEY,2021070112,14.2,97,297,1.8,0,78.117,1.042,2.87
MOUNT CAYLEY,2021070113,15.7,76,302,4.4,0,78.409,1.218,3.474
MOUNT CAYLEY,2021070114,17.1,70,246,3.1,0,78.811,1.183,3.356
MOUNT CAYLEY,2021070115,14.8,83,294,3.9,0,78.918,1.244,3.56
MOUNT CAYLEY,2021070116,14.9,83,303,3.4,0,79.019,1.225,3.495
MOUNT CAYLEY,2021070117,13.9,93,287,1.3,0,78.924,1.092,3.044
MOUNT CAYLEY,2021070118,14,92,286,2.9,0,78.887,1.179,3.344
MOUNT CAYLEY,2021070119,13,99,148,0,0,78.466,0.981,2.652
MOUNT CAYLEY,2021070120,11.8,100,167,0.9,0,77.94,0.981,2.652
MOUNT CAYLEY,2021070121,11.6,100,184,0,0,77.535,0.907,2.381
MOUNT CAYLEY,2021070122,11.4,100,274,0.1,0,77.146,0.885,2.297
MOUNT CAYLEY,2021070123,11.3,100,158,0,0,76.811,0.859,2.198
MOUNT CAYLEY,2021070200,10.9,100,53,1.2,0,76.446,0.889,2.315
MOUNT CAYLEY,2021070201,10.9,100,140,0.1,0,76.156,0.825,2.068
MOUNT CAYLEY,2021070202,10.8,100,149,0.2,0,75.886,0.815,2.028
MOUNT CAYLEY,2021070203,10.7,100,61,0,0,75.659,0.796,1.95
MOUNT CAYLEY,2021070204,10.5,100,337,0,0,75.45,0.786,1.911
MOUNT CAYLEY,2021070205,10.6,100,48,0.6,0,75.23,0.8,1.966
MOUNT CAYLEY,2021070206,11.1,100,26,0.1,0,75.048,0.772,1.853
MOUNT CAYLEY,2021070207,11.2,100,229,1.1,0,74.86,0.803,1.981
MOUNT CAYLEY,2021070208,12.6,100,236,1.9,0,74.69,0.829,2.082
MOUNT CAYLEY,2021070209,12.5,100,246,2.5,0,74.532,0.847,2.154
MOUNT CAYLEY,2021070210,13.7,98,242,3.7,0,74.576,0.902,2.363
MOUNT CAYLEY,2021070211,14.9,98,266,1.8,0,74.62,0.822,2.054
MOUNT CAYLEY,2021070212,14.9,99,225,2.3,0,74.588,0.841,0.393
MOUNT CAYLEY,2021070213,16,84,294,2.2,0,74.857,0.849,0.396
MOUNT CAYLEY,2021070214,17.6,69,300,3.1,0,75.538,0.924,0.431
MOUNT CAYLEY,2021070215,17.8,68,292,3.6,0,76.22,0.989,0.461
MOUNT CAYLEY,2021070216,17.4,68,293,1.8,0,76.778,0.938,0.438
MOUNT CAYLEY,2021070217,17.4,66,262,2.4,0,77.366,1.01,0.472
MOUNT CAYLEY,2021070218,17.1,66,279,1.9,0,77.887,1.027,0.479
MOUNT CAYLEY,2021070219,14.7,79,216,0.9,0,78.071,0.992,0.463
MOUNT CAYLEY,2021070220,12.8,92,134,0,0,78.112,0.951,0.444
MOUNT CAYLEY,2021070221,12.4,96,116,0.7,0,77.927,0.97,0.453
MOUNT CAYLEY,2021070222,11.9,100,77,3,0,77.402,1.044,0.487
MOUNT CAYLEY,2021070223,11.3,100,109,0,0,77.045,0.874,0.408
MOUNT CAYLEY,2021070300,11,100,102,0,0,76.72,0.853,0.398
MOUNT CAYLEY,2021070301,10.9,100,104,0,0,76.423,0.836,0.39
MOUNT CAYLEY,2021070302,10.7,100,123,0.2,0,76.129,0.828,0.386
MOUNT CAYLEY,2021070303,10.2,100,70,1.4,0,75.827,0.863,0.403
MOUNT CAYLEY,2021070304,10.6,100,80,0,0,75.604,0.793,0.37
MOUNT CAYLEY,2021070305,10.3,100,81,0,0,75.399,0.784,0.366
MOUNT CAYLEY,2021070306,13.2,96,215,0.4,0,75.444,0.802,0.374
MOUNT CAYLEY,2021070307,13.5,95,227,1.2,0,75.489,0.837,0.391
MOUNT CAYLEY,2021070308,13,100,294,1.7,0,75.256,0.847,0.395
MOUNT CAYLEY,2021070309,13.4,97,298,0.8,0,75.298,0.811,0.379
MOUNT CAYLEY,2021070310,14.5,94,240,2.2,0,75.346,0.873,0.407
MOUNT CAYLEY,2021070311,14.4,90,301,0.2,0,75.432,0.793,0.37
MOUNT CAYLEY,2021070312,17.3,64,297,2.9,0,76.176,0.952,0.487
MOUNT CAYLEY,2021070313,18.4,59,261,5.2,0,77.11,1.141,0.584
MOUNT CAYLEY,2021070314,18.2,61,289,4.8,0,77.892,1.189,0.609
MOUNT CAYLEY,2021070315,18.8,59,257,3.6,0,78.643,1.195,0.612
MOUNT CAYLEY,2021070316,18.7,59,228,3.5,0,79.322,1.267,0.649
MOUNT CAYLEY,2021070317,18.4,59,249,2.6,0,79.906,1.284,0.657
MOUNT CAYLEY,2021070318,17.5,61,238,3.5,0,80.395,1.415,0.724
MOUNT CAYLEY,2021070319,15.7,68,228,0.2,0,80.607,1.226,0.628
MOUNT CAYLEY,2021070320,13.3,82,69,0.3,0,80.653,1.238,0.634
MOUNT CAYLEY,2021070321,12.8,86,76,0.2,0,80.679,1.235,0.633
MOUNT CAYLEY,2021070322,12.5,87,79,0.6,0,80.665,1.259,0.645
MOUNT CAYLEY,2021070323,12.4,91,116,0,0,80.521,1.202,0.616
MOUNT CAYLEY,2021070400,11.7,94,96,0,0,80.256,1.168,0.598
MOUNT CAYLEY,2021070401,11.8,95,79,1.1,0,79.908,1.191,0.61
MOUNT CAYLEY,2021070402,11.3,97,83,0.3,0,79.498,1.097,0.562
MOUNT CAYLEY,2021070403,11,100,77,0,0,78.959,1.026,0.525
MOUNT CAYLEY,2021070404,10.9,100,100,0,0,78.468,0.981,0.502
MOUNT CAYLEY,2021070405,11.2,100,55,0,0,78.019,0.944,0.483
MOUNT CAYLEY,2021070406,13.9,83,210,1.3,0,78.137,1.018,0.521
MOUNT CAYLEY,2021070407,15,73,287,1.6,0,78.425,1.059,0.542
MOUNT CAYLEY,2021070408,13.9,83,222,0,0,78.508,0.984,0.504
MOUNT CAYLEY,2021070409,15,77,273,0.6,0,78.691,1.032,0.528
MOUNT CAYLEY,2021070410,15.4,74,285,1.8,0,78.943,1.122,0.574
MOUNT CAYLEY,2021070411,17,67,291,1.6,0,79.328,1.152,0.59
MOUNT CAYLEY,2021070412,18.7,58,314,3.3,0,79.964,1.338,0.771
MOUNT CAYLEY,2021070413,19.5,53,238,5.6,0,80.748,1.634,0.942
MOUNT CAYLEY,2021070414,19.1,54,289,2.5,0,81.338,1.495,0.861
MOUNT CAYLEY,2021070415,20,50,273,5.6,0,82.072,1.907,1.411
MOUNT CAYLEY,2021070416,19.6,49,248,4.8,0,82.719,1.985,1.541
MOUNT CAYLEY,2021070417,18.3,53,249,4.7,0,83.162,2.089,1.704
MOUNT CAYLEY,2021070418,17.2,55,235,2.2,0,83.46,1.915,1.424
MOUNT CAYLEY,2021070419,14.9,63,77,0,0,83.551,1.734,0.999
MOUNT CAYLEY,2021070420,13.6,66,83,0,0,83.6,1.745,1.058
MOUNT CAYLEY,2021070421,13.6,66,84,0.4,0,83.647,1.792,1.187
MOUNT CAYLEY,2021070422,13.4,67,64,0.5,0,83.694,1.812,1.232
MOUNT CAYLEY,2021070423,13.1,68,86,0,0,83.741,1.778,1.154
MOUNT CAYLEY,2021070500,13.1,66,75,1.2,0,83.788,1.901,1.4
MOUNT CAYLEY,2021070501,12.4,70,150,0,0,83.835,1.8,1.206
MOUNT CAYLEY,2021070502,12.2,70,95,0.2,0,83.882,1.83,1.268
MOUNT CAYLEY,2021070503,12,71,100,0.4,0,83.929,1.86,1.326
MOUNT CAYLEY,2021070504,12.1,73,84,0.5,0,83.946,1.874,1.352
MOUNT CAYLEY,2021070505,12.3,74,97,0,0,83.952,1.828,1.265
MOUNT CAYLEY,2021070506,14.5,65,200,0.6,0,83.999,1.897,1.393
MOUNT CAYLEY,2021070507,15.3,62,239,1.3,0,84.085,1.987,1.545
MOUNT CAYLEY,2021070508,15.6,60,234,2.8,0,84.201,2.177,1.835
MOUNT CAYLEY,2021070509,16.4,59,237,3.2,0,84.337,2.262,1.957
MOUNT CAYLEY,2021070510,18.2,55,273,2.5,0,84.557,2.25,1.94
MOUNT CAYLEY,2021070511,18.2,53,211,3.9,0,84.804,2.497,2.28
MOUNT CAYLEY,2021070512,18.3,58,235,4.8,0,84.941,2.662,2.956
MOUNT CAYLEY,2021070513,19.3,54,276,4.2,0,85.157,2.661,2.954
MOUNT CAYLEY,2021070514,19.7,51,248,5.3,0,85.429,2.92,3.311
MOUNT CAYLEY,2021070515,19.8,53,252,6.5,0,85.636,3.193,3.675
MOUNT CAYLEY,2021070516,19.3,54,255,6.1,0,85.786,3.196,3.679
MOUNT CAYLEY,2021070517,18.7,53,232,6.7,0,85.928,3.36,3.893
MOUNT CAYLEY,2021070518,18.1,51,233,4.4,0,86.074,3.054,3.491
MOUNT CAYLEY,2021070519,16.3,61,340,0.1,0,86.122,2.476,2.691
MOUNT CAYLEY,2021070520,14.3,65,92,1.3,0,86.103,2.623,2.901
MOUNT CAYLEY,2021070521,13.8,66,96,0.2,0,86.072,2.471,2.684
MOUNT CAYLEY,2021070522,13.5,67,117,0.2,0,86.025,2.455,2.66
MOUNT CAYLEY,2021070523,13.4,67,94,0,0,85.988,2.417,2.606
MOUNT CAYLEY,2021070600,13.1,70,110,0.2,0,85.896,2.411,2.597
MOUNT CAYLEY,2021070601,12.4,74,113,0.3,0,85.733,2.368,2.534
MOUNT CAYLEY,2021070602,12,77,94,0.1,0,85.531,2.279,2.403
MOUNT CAYLEY,2021070603,11.6,81,121,0.1,0,85.257,2.194,2.275
MOUNT CAYLEY,2021070604,12.1,80,130,1.3,0,84.996,2.249,2.357
MOUNT CAYLEY,2021070605,12.4,76,114,1.5,0,84.854,2.228,2.325
MOUNT CAYLEY,2021070606,15.4,61,284,0.1,0,84.902,2.09,2.113
MOUNT CAYLEY,2021070607,15.6,61,222,1.6,0,84.95,2.268,2.387
MOUNT CAYLEY,2021070608,16.4,57,222,2.5,0,85.05,2.407,2.591
MOUNT CAYLEY,2021070609,17.8,53,285,2.4,0,85.23,2.455,2.661
MOUNT CAYLEY,2021070610,17.9,55,293,2.4,0,85.362,2.5,2.726
MOUNT CAYLEY,2021070611,19.5,48,253,3.6,0,85.656,2.767,3.101
MOUNT CAYLEY,2021070612,19.9,47,233,7,0,85.978,3.435,4.545
MOUNT CAYLEY,2021070613,20.9,43,278,4.9,0,86.371,3.266,4.308
MOUNT CAYLEY,2021070614,21.8,43,250,6.1,0,86.755,3.664,4.859
MOUNT CAYLEY,2021070615,21.1,41,258,4,0,87.1,3.461,4.581
MOUNT CAYLEY,2021070616,21.6,42,261,4.4,0,87.395,3.684,4.887
MOUNT CAYLEY,2021070617,21.4,45,282,3.6,0,87.572,3.629,4.811
MOUNT CAYLEY,2021070618,20.5,42,261,2,0,87.763,3.44,4.552
MOUNT CAYLEY,2021070619,18.6,50,226,0,0,87.812,3.132,4.117
MOUNT CAYLEY,2021070620,16.5,53,137,0.3,0,87.859,3.201,4.216
MOUNT CAYLEY,2021070621,15.6,60,117,0.1,0,87.794,3.14,4.128
MOUNT CAYLEY,2021070622,15.6,58,105,0.1,0,87.764,3.127,4.109
MOUNT CAYLEY,2021070623,15.2,60,118,0,0,87.71,3.087,4.052
MOUNT CAYLEY,2021070700,14.4,63,116,0,0,87.61,3.043,3.989
MOUNT CAYLEY,2021070701,13.7,65,127,0.1,0,87.473,2.999,3.925
MOUNT CAYLEY,2021070702,13.4,65,107,0.3,0,87.338,2.972,3.885
MOUNT CAYLEY,2021070703,13.1,67,121,0.5,0,87.174,2.932,3.827
MOUNT CAYLEY,2021070704,12.7,69,86,1.7,0,86.965,3.024,3.961
MOUNT CAYLEY,2021070705,12.7,71,110,0,0,86.789,2.707,3.492
MOUNT CAYLEY,2021070706,15.1,67,21,0,0,86.707,2.676,3.445
MOUNT CAYLEY,2021070707,15.1,68,353,0.4,0,86.6,2.689,3.465
MOUNT CAYLEY,2021070708,15.1,72,299,2.7,0,86.392,2.932,3.827
MOUNT CAYLEY,2021070709,15.3,74,270,2.6,0,86.163,2.824,3.668
MOUNT CAYLEY,2021070710,15.2,77,314,2.1,0,85.889,2.65,3.407
MOUNT CAYLEY,2021070711,15.2,79,287,2,0,85.592,2.53,3.222
MOUNT CAYLEY,2021070712,16.8,72,274,3.9,0,85.511,2.753,3.8
MOUNT CAYLEY,2021070713,15.2,76,271,4.8,0,85.312,2.802,3.877
MOUNT CAYLEY,2021070714,15,73,214,4.3,0,85.213,2.695,3.71
MOUNT CAYLEY,2021070715,16.8,61,236,9,0,85.261,3.438,4.826
MOUNT CAYLEY,2021070716,15.6,67,220,5.7,0,85.308,2.93,4.073
MOUNT CAYLEY,2021070717,14.9,67,208,3.7,0,85.338,2.66,3.656
MOUNT CAYLEY,2021070718,14.7,70,231,2.2,0,85.306,2.456,3.33
MOUNT CAYLEY,2021070719,12.6,83,204,0.9,0,84.968,2.195,2.9
MOUNT CAYLEY,2021070720,10.9,96,52,0,0,84.209,1.892,2.375
MOUNT CAYLEY,2021070721,10.5,100,30,0.1,0,83.203,1.666,1.956
MOUNT CAYLEY,2021070722,10.5,100,169,0,0,82.339,1.486,1.593
MOUNT CAYLEY,2021070723,9.4,100,193,0,0,81.571,1.354,1.285
MOUNT CAYLEY,2021070800,9.3,100,43,0.8,0,80.768,1.286,1.059
MOUNT CAYLEY,2021070801,9.7,100,93,0,0,80.132,1.153,0.902
MOUNT CAYLEY,2021070802,9.7,100,318,0,0,79.55,1.086,0.85
MOUNT CAYLEY,2021070803,9.6,100,53,0,0,79.019,1.032,0.807
MOUNT CAYLEY,2021070804,9.5,100,51,1,0,78.451,1.03,0.806
MOUNT CAYLEY,2021070805,9.7,100,126,0,0,78.011,0.943,0.738
MOUNT CAYLEY,2021070806,10.2,100,296,0.4,0,77.561,0.927,0.726
MOUNT CAYLEY,2021070807,10.5,100,283,1,0,77.129,0.925,0.723
MOUNT CAYLEY,2021070808,11.2,100,277,1.5,0,76.724,0.921,0.72
MOUNT CAYLEY,2021070809,11.9,96,300,0.9,0,76.668,0.89,0.696
MOUNT CAYLEY,2021070810,12.7,89,341,2,0,76.742,0.945,0.739
MOUNT CAYLEY,2021070811,14.7,83,232,3.5,0,76.943,1.034,0.809
MOUNT CAYLEY,2021070812,14.7,80,235,1.5,0,77.163,0.951,0.779
MOUNT CAYLEY,2021070813,15.3,80,222,1.7,0,77.384,0.977,0.8
MOUNT CAYLEY,2021070814,16.9,74,237,4.1,0,77.785,1.138,0.933
MOUNT CAYLEY,2021070815,17.1,65,291,1.7,0,78.291,1.052,0.862
MOUNT CAYLEY,2021070816,16.3,70,237,2.6,0,78.672,1.139,0.933
MOUNT CAYLEY,2021070817,15.4,78,265,0,0,78.81,1.012,0.829
MOUNT CAYLEY,2021070818,14.5,79,223,0.1,0,78.935,1.029,0.843
MOUNT CAYLEY,2021070819,13.7,95,203,0,0,78.766,1.008,0.826
MOUNT CAYLEY,2021070820,12.2,100,140,0.1,0,78.258,0.968,0.793
MOUNT CAYLEY,2021070821,11.3,100,347,0.3,0,77.786,0.94,0.77
MOUNT CAYLEY,2021070822,10.6,100,141,0.1,0,77.377,0.9,0.738
MOUNT CAYLEY,2021070823,11.3,100,351,0,0,77.022,0.872,0.715
MOUNT CAYLEY,2021070900,11.1,100,288,0,0,76.698,0.852,0.698
MOUNT CAYLEY,2021070901,11,100,136,0,0,76.402,0.835,0.684
MOUNT CAYLEY,2021070902,11,100,335,0,0,76.132,0.82,0.672
MOUNT CAYLEY,2021070903,10.9,100,28,0.2,0,75.864,0.814,0.667
MOUNT CAYLEY,2021070904,10.5,100,58,3.4,0,75.561,0.939,0.769
MOUNT CAYLEY,2021070905,11.3,100,346,0,0,75.362,0.782,0.641
MOUNT CAYLEY,2021070906,11.9,100,345,1,0,75.148,0.812,0.666
MOUNT CAYLEY,2021070907,12.8,97,246,1.1,0,75.192,0.818,0.671
MOUNT CAYLEY,2021070908,12.1,100,245,1.1,0,74.994,0.809,0.663
MOUNT CAYLEY,2021070909,14.9,94,237,2.6,0,75.049,0.876,0.718
MOUNT CAYLEY,2021070910,15.4,86,230,4,0,75.272,0.951,0.78
MOUNT CAYLEY,2021070911,17.4,72,285,2.7,0,75.832,0.922,0.755
MOUNT CAYLEY,2021070912,18.4,63,230,4.2,0,76.66,1.05,0.913
MOUNT CAYLEY,2021070913,19.4,56,255,4.6,0,77.657,1.155,1.05
MOUNT CAYLEY,2021070914,20.1,54,319,3,0,78.586,1.153,1.039
MOUNT CAYLEY,2021070915,20,51,281,2.6,0,79.485,1.23,1.321
MOUNT CAYLEY,2021070916,20.1,52,260,5.5,0,80.369,1.56,2.087
MOUNT CAYLEY,2021070917,20,51,241,4,0,81.142,1.576,2.121
MOUNT CAYLEY,2021070918,19.3,57,277,2.2,0,81.631,1.524,2.011
MOUNT CAYLEY,2021070919,17.2,59,182,0.5,0,81.94,1.451,1.855
MOUNT CAYLEY,2021070920,15.3,64,113,0.2,0,82.116,1.46,1.875
MOUNT CAYLEY,2021070921,14.8,67,73,2,0,82.261,1.628,2.226
MOUNT CAYLEY,2021070922,14.5,70,116,0,0,82.339,1.486,1.93
MOUNT CAYLEY,2021070923,13.6,75,113,0.1,0,82.386,1.502,1.965
