Longitude (x),Latitude (y),Station Name,Climate ID,Date/Time (UTC),Year,Month,Day,Time (UTC),Temp (°C),Temp Flag,Dew Point Temp (°C),Dew Point Temp Flag,Rel Hum (%),Rel Hum Flag,Precip. Amount (mm),Precip. Amount Flag,Wind Dir (10s deg),Wind Dir Flag,Wind Spd (km/h),Wind Spd Flag,Visibility (km),Visibility Flag,Stn Press (kPa),Stn Press Flag,Hmdx,Hmdx Flag,Wind Chill,Wind Chill Flag,Weather
-123.16,49.78,SQUAMISH AIRPORT,10476F0,3/14/2021 0:00,2021,3,14,0:00,12.6,,0.8,,44,,0,,16,,10,,,,101.18,,,,,,NA
-123.16,49.78,SQUAMISH AIRPORT,10476F0,3/14/2021 1:00,2021,3,14,1:00,11.8,,0.8,,47,,0,,14,,8,,,,101.11,,,,,,NA
-123.16,49.78,SQUAMISH AIRPORT,10476F0,3/14/2021 2:00,2021,3,14,2:00,11.1,,0.9,,49,,0,,17,,5,,,,101.06,,,,,,NA
-123.16,49.78,SQUAMISH AIRPORT,10476F0,3/14/2021 3:00,2021,3,14,3:00,8.7,,2.5,,65,,0,,0,,1,,,,101.02,,,,,,NA
-123.16,49.78,SQUAMISH AIRPORT,10476F0,3/14/2021 4:00,2021,3,14,4:00,7.8,,3,,72,,0,,3,,2,,,,100.99,,,,,,NA
-123.16,49.78,SQUAMISH AIRPORT,10476F0,3/14/2021 5:00,2021,3,14,5:00,6.4,,3,,78,,0,,5,,4,,,,100.95,,,,,,NA
-123.16,49.78,SQUAMISH AIRPORT,10476F0,3/14/2021 6:00,2021,3,14,6:00,5.3,,2.8,,84,,0,,0,,1,,,,100.9,,,,,,NA
-123.16,49.78,SQUAMISH AIRPORT,10476F0,3/14/2021 7:00,2021,3,14,7:00,5.1,,2.1,,81,,0,,36,,4,,,,100.87,,,,,,NA
-123.16,49.78,SQUAMISH AIRPORT,10476F0,3/14/2021 8:00,2021,3,14,8:00,5.3,,2.4,,82,,0,,1,,3,,,,100.82,,,,,,NA
-123.16,49.78,SQUAMISH AIRPORT,10476F0,3/14/2021 9:00,2021,3,14,9:00,4.9,,2.2,,82,,0,,36,,4,,,,100.73,,,,,,NA
-123.16,49.78,SQUAMISH AIRPORT,10476F0,3/14/2021 10:00,2021,3,14,10:00,4.6,,1.7,,81,,0,,27,,2,,,,100.73,,,,,,NA
-123.16,49.78,SQUAMISH AIRPORT,10476F0,3/14/2021 11:00,2021,3,14,11:00,4.8,,1.7,,80,,0,,36,,3,,,,100.61,,,,,,NA
-123.16,49.78,SQUAMISH AIRPORT,10476F0,3/14/2021 12:00,2021,3,14,12:00,4.4,,2,,84,,0,,34,,3,,,,100.52,,,,,,NA
-123.16,49.78,SQUAMISH AIRPORT,10476F0,3/14/2021 13:00,2021,3,14,13:00,4.8,,2,,82,,0,,30,,3,,,,100.4,,,,,,NA
-123.16,49.78,SQUAMISH AIRPORT,10476F0,3/14/2021 14:00,2021,3,14,14:00,4.7,,2.1,,83,,0,,0,,1,,,,100.3,,,,,,NA
-123.16,49.78,SQUAMISH AIRPORT,10476F0,3/14/2021 15:00,2021,3,14,15:00,5,,2.4,,83,,0,,22,,3,,,,100.33,,,,,,NA
-123.16,49.78,SQUAMISH AIRPORT,10476F0,3/14/2021 16:00,2021,3,14,16:00,5.4,,3.1,,85,,0,,36,,4,,,,100.35,,,,,,NA
-123.16,49.78,SQUAMISH AIRPORT,10476F0,3/14/2021 17:00,2021,3,14,17:00,5.5,,5,,96,,1.2,,36,,2,,,,100.4,,,,,,NA
-123.16,49.78,SQUAMISH AIRPORT,10476F0,3/14/2021 18:00,2021,3,14,18:00,6.5,,6.1,,97,,1.1,,13,,2,,,,100.33,,,,,,NA
-123.16,49.78,SQUAMISH AIRPORT,10476F0,3/14/2021 19:00,2021,3,14,19:00,7,,6.1,,94,,1.2,,13,,8,,,,100.3,,,,,,NA
-123.16,49.78,SQUAMISH AIRPORT,10476F0,3/14/2021 20:00,2021,3,14,20:00,6.9,,6,,94,,0.8,,14,,9,,,,100.28,,,,,,NA
-123.16,49.78,SQUAMISH AIRPORT,10476F0,3/14/2021 21:00,2021,3,14,21:00,6.7,,6,,95,,0.8,,14,,8,,,,100.26,,,,,,NA
-123.16,49.78,SQUAMISH AIRPORT,10476F0,3/14/2021 22:00,2021,3,14,22:00,6.6,,6.1,,96,,1.5,,16,,9,,,,100.22,,,,,,NA
-123.16,49.78,SQUAMISH AIRPORT,10476F0,3/14/2021 23:00,2021,3,14,23:00,6.5,,5.4,,93,,1.3,,13,,13,,,,100.23,,,,,,NA
-123.16,49.78,SQUAMISH AIRPORT,10476F0,3/15/2021 0:00,2021,3,15,0:00,6.4,,4.4,,87,,0.4,,13,,20,,,,100.24,,,,,,NA
-123.16,49.78,SQUAMISH AIRPORT,10476F0,3/15/2021 1:00,2021,3,15,1:00,6.7,,4.7,,87,,0.2,,13,,14,,,,100.35,,,,,,NA
-123.16,49.78,SQUAMISH AIRPORT,10476F0,3/15/2021 2:00,2021,3,15,2:00,6.3,,2.9,,79,,0,,13,,13,,,,100.42,,,,,,NA
-123.16,49.78,SQUAMISH AIRPORT,10476F0,3/15/2021 3:00,2021,3,15,3:00,5.7,,2.5,,80,,0,,12,,10,,,,100.53,,,,,,NA
-123.16,49.78,SQUAMISH AIRPORT,10476F0,3/15/2021 4:00,2021,3,15,4:00,5.3,,1.9,,79,,0,,14,,9,,,,100.63,,,,,,NA
-123.16,49.78,SQUAMISH AIRPORT,10476F0,3/15/2021 5:00,2021,3,15,5:00,4.8,,0.8,,75,,0,,14,,8,,,,100.74,,,,,,NA
-123.16,49.78,SQUAMISH AIRPORT,10476F0,3/15/2021 6:00,2021,3,15,6:00,4.1,,-0.1,,74,,0,,14,,8,,,,100.84,,,,,,NA
-123.16,49.78,SQUAMISH AIRPORT,10476F0,3/15/2021 7:00,2021,3,15,7:00,3.5,,-1.2,,71,,0,,13,,7,,,,100.91,,,,,,NA
-123.16,49.78,SQUAMISH AIRPORT,10476F0,3/15/2021 8:00,2021,3,15,8:00,0.7,,-0.3,,93,,0,,5,,3,,,,101.01,,,,,,NA
-123.16,49.78,SQUAMISH AIRPORT,10476F0,3/15/2021 9:00,2021,3,15,9:00,-0.5,,-1.2,,95,,0,,4,,2,,,,101.06,,,,-1,,NA
-123.16,49.78,SQUAMISH AIRPORT,10476F0,3/15/2021 10:00,2021,3,15,10:00,-1,,-1.4,,97,,0,,0,,1,,,,101.16,,,,-1,,NA
-123.16,49.78,SQUAMISH AIRPORT,10476F0,3/15/2021 11:00,2021,3,15,11:00,-1,,-1.3,,97,,0,,4,,2,,,,101.19,,,,-2,,NA
-123.16,49.78,SQUAMISH AIRPORT,10476F0,3/15/2021 12:00,2021,3,15,12:00,-1.4,,-1.9,,97,,0,,2,,3,,,,101.25,,,,-2,,NA
-123.16,49.78,SQUAMISH AIRPORT,10476F0,3/15/2021 13:00,2021,3,15,13:00,-1.6,,-2,,98,,0,,6,,2,,,,101.34,,,,-2,,NA
-123.16,49.78,SQUAMISH AIRPORT,10476F0,3/15/2021 14:00,2021,3,15,14:00,-2.3,,-2.7,,97,,0,,31,,1,,,,101.42,,,,-3,,NA
-123.16,49.78,SQUAMISH AIRPORT,10476F0,3/15/2021 15:00,2021,3,15,15:00,-1.9,,-2.2,,97,,0,,,,0,,,,101.48,,,,,,NA
-123.16,49.78,SQUAMISH AIRPORT,10476F0,3/15/2021 16:00,2021,3,15,16:00,-0.2,,-0.6,,97,,0,,32,,2,,,,101.55,,,,-1,,NA
-123.16,49.78,SQUAMISH AIRPORT,10476F0,3/15/2021 17:00,2021,3,15,17:00,3.1,,0.7,,84,,0,,35,,4,,,,101.58,,,,,,NA
-123.16,49.78,SQUAMISH AIRPORT,10476F0,3/15/2021 18:00,2021,3,15,18:00,5,,0.5,,73,,0,,35,,6,,,,101.57,,,,,,NA
-123.16,49.78,SQUAMISH AIRPORT,10476F0,3/15/2021 19:00,2021,3,15,19:00,8.2,,-0.3,,55,,0,,29,,7,,,,101.53,,,,,,NA
-123.16,49.78,SQUAMISH AIRPORT,10476F0,3/15/2021 20:00,2021,3,15,20:00,9.4,,-2.4,,44,,0,,27,,9,,,,101.52,,,,,,NA
-123.16,49.78,SQUAMISH AIRPORT,10476F0,3/15/2021 21:00,2021,3,15,21:00,10.7,,-3.1,,38,,0,,27,,6,,,,101.48,,,,,,NA
-123.16,49.78,SQUAMISH AIRPORT,10476F0,3/15/2021 22:00,2021,3,15,22:00,11.6,,-4.2,,33,,0,,24,,6,,,,101.47,,,,,,NA
-123.16,49.78,SQUAMISH AIRPORT,10476F0,3/15/2021 23:00,2021,3,15,23:00,11,,-1.5,,42,,0,,17,,13,,,,101.46,,,,,,NA
-123.16,49.78,SQUAMISH AIRPORT,10476F0,3/16/2021 0:00,2021,3,16,0:00,9.7,,-1.1,,47,,0,,14,,10,,,,101.47,,,,,,NA
-123.16,49.78,SQUAMISH AIRPORT,10476F0,3/16/2021 1:00,2021,3,16,1:00,8.1,,-1.1,,52,,0,,14,,9,,,,101.48,,,,,,NA
-123.16,49.78,SQUAMISH AIRPORT,10476F0,3/16/2021 2:00,2021,3,16,2:00,5.5,,0,,67,,0,,31,,2,,,,101.51,,,,,,NA
-123.16,49.78,SQUAMISH AIRPORT,10476F0,3/16/2021 3:00,2021,3,16,3:00,3.2,,0.5,,83,,0,,5,,2,,,,101.57,,,,,,NA
-123.16,49.78,SQUAMISH AIRPORT,10476F0,3/16/2021 4:00,2021,3,16,4:00,2.2,,0.8,,91,,0,,5,,2,,,,101.63,,,,,,NA
-123.16,49.78,SQUAMISH AIRPORT,10476F0,3/16/2021 5:00,2021,3,16,5:00,1.4,,-0.8,,85,,0,,3,,5,,,,101.68,,,,,,NA
-123.16,49.78,SQUAMISH AIRPORT,10476F0,3/16/2021 6:00,2021,3,16,6:00,1.4,,-0.2,,89,,0,,3,,6,,,,101.71,,,,,,NA
-123.16,49.78,SQUAMISH AIRPORT,10476F0,3/16/2021 7:00,2021,3,16,7:00,0.2,,-0.6,,94,,0,,2,,2,,,,101.73,,,,,,NA
-123.16,49.78,SQUAMISH AIRPORT,10476F0,3/16/2021 8:00,2021,3,16,8:00,-0.5,,-1.3,,94,,0,,4,,2,,,,101.75,,,,-1,,NA
-123.16,49.78,SQUAMISH AIRPORT,10476F0,3/16/2021 9:00,2021,3,16,9:00,-0.8,,-1.5,,95,,0,,4,,4,,,,101.77,,,,-2,,NA
-123.16,49.78,SQUAMISH AIRPORT,10476F0,3/16/2021 10:00,2021,3,16,10:00,-1.3,,-2,,95,,0,,3,,3,,,,101.77,,,,-2,,NA
-123.16,49.78,SQUAMISH AIRPORT,10476F0,3/16/2021 11:00,2021,3,16,11:00,-1.5,,-2.1,,96,,0,,4,,3,,,,101.75,,,,-3,,NA
-123.16,49.78,SQUAMISH AIRPORT,10476F0,3/16/2021 12:00,2021,3,16,12:00,-2.1,,-2.7,,96,,0,,2,,2,,,,101.73,,,,-3,,NA
-123.16,49.78,SQUAMISH AIRPORT,10476F0,3/16/2021 13:00,2021,3,16,13:00,-2,,-2.5,,97,,0,,4,,2,,,,101.75,,,,-3,,NA
-123.16,49.78,SQUAMISH AIRPORT,10476F0,3/16/2021 14:00,2021,3,16,14:00,-2.2,,-2.7,,96,,0,,3,,2,,,,101.73,,,,-3,,NA
-123.16,49.78,SQUAMISH AIRPORT,10476F0,3/16/2021 15:00,2021,3,16,15:00,-1.7,,-2.4,,95,,0,,3,,3,,,,101.73,,,,-3,,NA
-123.16,49.78,SQUAMISH AIRPORT,10476F0,3/16/2021 16:00,2021,3,16,16:00,-0.5,,-1.6,,92,,0,,0,,1,,,,101.71,,,,-1,,NA
-123.16,49.78,SQUAMISH AIRPORT,10476F0,3/16/2021 17:00,2021,3,16,17:00,2,,-0.7,,83,,0,,31,,3,,,,101.66,,,,,,NA
-123.16,49.78,SQUAMISH AIRPORT,10476F0,3/16/2021 18:00,2021,3,16,18:00,5.1,,-1.3,,63,,0,,30,,3,,,,101.6,,,,,,NA
-123.16,49.78,SQUAMISH AIRPORT,10476F0,3/16/2021 19:00,2021,3,16,19:00,7.7,,-3.3,,46,,0,,27,,3,,,,101.53,,,,,,NA
-123.16,49.78,SQUAMISH AIRPORT,10476F0,3/16/2021 20:00,2021,3,16,20:00,9.4,,-4.1,,38,,0,,22,,4,,,,101.46,,,,,,NA
-123.16,49.78,SQUAMISH AIRPORT,10476F0,3/16/2021 21:00,2021,3,16,21:00,10.4,,-2.2,,41,,0,,17,,11,,,,101.37,,,,,,NA
-123.16,49.78,SQUAMISH AIRPORT,10476F0,3/16/2021 22:00,2021,3,16,22:00,10.2,,-2.6,,40,,0,,16,,12,,,,101.29,,,,,,NA
-123.16,49.78,SQUAMISH AIRPORT,10476F0,3/16/2021 23:00,2021,3,16,23:00,10.4,,-1.7,,43,,0,,17,,14,,,,101.24,,,,,,NA
-123.16,49.78,SQUAMISH AIRPORT,10476F0,3/17/2021 0:00,2021,3,17,0:00,10.2,,-0.6,,47,,0,,15,,12,,,,101.19,,,,,,NA
-123.16,49.78,SQUAMISH AIRPORT,10476F0,3/17/2021 1:00,2021,3,17,1:00,8.2,,0,,56,,0,,15,,8,,,,101.18,,,,,,NA
-123.16,49.78,SQUAMISH AIRPORT,10476F0,3/17/2021 2:00,2021,3,17,2:00,6.1,,0.1,,65,,0,,21,,1,,,,101.2,,,,,,NA
-123.16,49.78,SQUAMISH AIRPORT,10476F0,3/17/2021 3:00,2021,3,17,3:00,3.9,,0.8,,80,,0,,0,,1,,,,101.24,,,,,,NA
-123.16,49.78,SQUAMISH AIRPORT,10476F0,3/17/2021 4:00,2021,3,17,4:00,2.2,,0.2,,86,,0,,5,,3,,,,101.27,,,,,,NA
-123.16,49.78,SQUAMISH AIRPORT,10476F0,3/17/2021 5:00,2021,3,17,5:00,1.7,,0.1,,89,,0,,4,,2,,,,101.29,,,,,,NA
-123.16,49.78,SQUAMISH AIRPORT,10476F0,3/17/2021 6:00,2021,3,17,6:00,0.9,,-0.3,,92,,0,,4,,2,,,,101.29,,,,,,NA
-123.16,49.78,SQUAMISH AIRPORT,10476F0,3/17/2021 7:00,2021,3,17,7:00,0.9,,-0.1,,93,,0,,1,,2,,,,101.29,,,,,,NA
-123.16,49.78,SQUAMISH AIRPORT,10476F0,3/17/2021 8:00,2021,3,17,8:00,1,,-0.1,,92,,0,,4,,2,,,,101.28,,,,,,NA
-123.16,49.78,SQUAMISH AIRPORT,10476F0,3/17/2021 9:00,2021,3,17,9:00,0.4,,-0.6,,93,,0,,35,,2,,,,101.27,,,,,,NA
-123.16,49.78,SQUAMISH AIRPORT,10476F0,3/17/2021 10:00,2021,3,17,10:00,0.4,,-0.3,,95,,0,,0,,1,,,,101.25,,,,,,NA
-123.16,49.78,SQUAMISH AIRPORT,10476F0,3/17/2021 11:00,2021,3,17,11:00,0.5,,-0.4,,94,,0,,4,,3,,,,101.27,,,,,,NA
-123.16,49.78,SQUAMISH AIRPORT,10476F0,3/17/2021 12:00,2021,3,17,12:00,0.5,,-0.3,,95,,0,,3,,3,,,,101.27,,,,,,NA
-123.16,49.78,SQUAMISH AIRPORT,10476F0,3/17/2021 13:00,2021,3,17,13:00,0.3,,-0.2,,96,,0,,2,,2,,,,101.27,,,,,,NA
-123.16,49.78,SQUAMISH AIRPORT,10476F0,3/17/2021 14:00,2021,3,17,14:00,-0.3,,-0.9,,96,,0,,4,,3,,,,101.27,,,,-1,,NA
-123.16,49.78,SQUAMISH AIRPORT,10476F0,3/17/2021 15:00,2021,3,17,15:00,-0.1,,-0.6,,96,,0,,0,,1,,,,101.29,,,,0,,NA
-123.16,49.78,SQUAMISH AIRPORT,10476F0,3/17/2021 16:00,2021,3,17,16:00,1.9,,0.9,,93,,0,,35,,2,,,,101.26,,,,,,NA
-123.16,49.78,SQUAMISH AIRPORT,10476F0,3/17/2021 17:00,2021,3,17,17:00,4,,0.6,,78,,0,,34,,5,,,,101.23,,,,,,NA
-123.16,49.78,SQUAMISH AIRPORT,10476F0,3/17/2021 18:00,2021,3,17,18:00,6.6,,0.5,,65,,0,,31,,3,,,,101.16,,,,,,NA
-123.16,49.78,SQUAMISH AIRPORT,10476F0,3/17/2021 19:00,2021,3,17,19:00,9.3,,0,,52,,0,,32,,4,,,,101.05,,,,,,NA
-123.16,49.78,SQUAMISH AIRPORT,10476F0,3/17/2021 20:00,2021,3,17,20:00,11.2,,-1,,43,,0,,30,,5,,,,100.95,,,,,,NA
-123.16,49.78,SQUAMISH AIRPORT,10476F0,3/17/2021 21:00,2021,3,17,21:00,13.5,,-0.6,,38,,0,,33,,6,,,,100.85,,,,,,NA
-123.16,49.78,SQUAMISH AIRPORT,10476F0,3/17/2021 22:00,2021,3,17,22:00,14.1,,-2.4,,32,,0,,22,,4,,,,100.76,,,,,,NA
-123.16,49.78,SQUAMISH AIRPORT,10476F0,3/17/2021 23:00,2021,3,17,23:00,12.6,,0.2,,42,,0,,14,,7,,,,100.74,,,,,,NA
-123.16,49.78,SQUAMISH AIRPORT,10476F0,3/18/2021 0:00,2021,3,18,0:00,11.7,,0,,44,,0,,15,,8,,,,100.72,,,,,,NA
-123.16,49.78,SQUAMISH AIRPORT,10476F0,3/18/2021 1:00,2021,3,18,1:00,11.2,,0.1,,46,,0,,19,,2,,,,100.65,,,,,,NA
-123.16,49.78,SQUAMISH AIRPORT,10476F0,3/18/2021 2:00,2021,3,18,2:00,9,,2.7,,65,,0,,3,,1,,,,100.58,,,,,,NA
-123.16,49.78,SQUAMISH AIRPORT,10476F0,3/18/2021 3:00,2021,3,18,3:00,6.4,,2.7,,77,,0,,4,,3,,,,100.58,,,,,,NA
-123.16,49.78,SQUAMISH AIRPORT,10476F0,3/18/2021 4:00,2021,3,18,4:00,5.4,,2.8,,83,,0,,2,,4,,,,100.59,,,,,,NA
-123.16,49.78,SQUAMISH AIRPORT,10476F0,3/18/2021 5:00,2021,3,18,5:00,4.6,,2.3,,85,,0,,4,,3,,,,100.58,,,,,,NA
-123.16,49.78,SQUAMISH AIRPORT,10476F0,3/18/2021 6:00,2021,3,18,6:00,5.1,,2.7,,84,,0,,4,,2,,,,100.6,,,,,,NA
-123.16,49.78,SQUAMISH AIRPORT,10476F0,3/18/2021 7:00,2021,3,18,7:00,5.6,,2.4,,80,,0,,1,,2,,,,100.57,,,,,,NA
-123.16,49.78,SQUAMISH AIRPORT,10476F0,3/18/2021 8:00,2021,3,18,8:00,5.9,,1.8,,75,,0,,36,,3,,,,100.54,,,,,,NA
-123.16,49.78,SQUAMISH AIRPORT,10476F0,3/18/2021 9:00,2021,3,18,9:00,5.7,,1.9,,77,,0,,3,,4,,,,100.53,,,,,,NA
-123.16,49.78,SQUAMISH AIRPORT,10476F0,3/18/2021 10:00,2021,3,18,10:00,3.7,,1.7,,87,,0,,4,,3,,,,100.51,,,,,,NA
-123.16,49.78,SQUAMISH AIRPORT,10476F0,3/18/2021 11:00,2021,3,18,11:00,3,,1.7,,91,,0,,4,,3,,,,100.43,,,,,,NA
-123.16,49.78,SQUAMISH AIRPORT,10476F0,3/18/2021 12:00,2021,3,18,12:00,2.6,,1,,89,,0,,36,,4,,,,100.33,,,,,,NA
-123.16,49.78,SQUAMISH AIRPORT,10476F0,3/18/2021 13:00,2021,3,18,13:00,2.3,,0.9,,91,,0,,2,,3,,,,100.25,,,,,,NA
-123.16,49.78,SQUAMISH AIRPORT,10476F0,3/18/2021 14:00,2021,3,18,14:00,2.1,,0.7,,90,,0,,1,,4,,,,100.18,,,,,,NA
-123.16,49.78,SQUAMISH AIRPORT,10476F0,3/18/2021 15:00,2021,3,18,15:00,3.6,,1.4,,85,,0,,36,,4,,,,100.14,,,,,,NA
-123.16,49.78,SQUAMISH AIRPORT,10476F0,3/18/2021 16:00,2021,3,18,16:00,4.5,,1.4,,80,,0,,1,,3,,,,100.14,,,,,,NA
-123.16,49.78,SQUAMISH AIRPORT,10476F0,3/18/2021 17:00,2021,3,18,17:00,5,,1.9,,80,,0,,1,,4,,,,100.19,,,,,,NA
-123.16,49.78,SQUAMISH AIRPORT,10476F0,3/18/2021 18:00,2021,3,18,18:00,4.8,,3.7,,93,,0,,3,,3,,,,100.27,,,,,,NA
-123.16,49.78,SQUAMISH AIRPORT,10476F0,3/18/2021 19:00,2021,3,18,19:00,4.6,,3.7,,94,,0.9,,1,,3,,,,100.29,,,,,,NA
-123.16,49.78,SQUAMISH AIRPORT,10476F0,3/18/2021 20:00,2021,3,18,20:00,4.8,,4.2,,96,,2.8,,16,,2,,,,100.33,,,,,,NA
-123.16,49.78,SQUAMISH AIRPORT,10476F0,3/18/2021 21:00,2021,3,18,21:00,5.8,,5.4,,97,,1.6,,33,,5,,,,100.31,,,,,,NA
-123.16,49.78,SQUAMISH AIRPORT,10476F0,3/18/2021 22:00,2021,3,18,22:00,6.3,,5.8,,97,,0,,31,,4,,,,100.16,,,,,,NA
-123.16,49.78,SQUAMISH AIRPORT,10476F0,3/18/2021 23:00,2021,3,18,23:00,6.6,,6,,96,,0.5,,,,0,,,,100.14,,,,,,NA
-123.16,49.78,SQUAMISH AIRPORT,10476F0,3/19/2021 0:00,2021,3,19,0:00,6.9,,6.4,,97,,4.4,,28,,4,,,,100.18,,,,,,NA
-123.16,49.78,SQUAMISH AIRPORT,10476F0,3/19/2021 1:00,2021,3,19,1:00,7.3,,6,,92,,1.3,,13,,8,,,,100.25,,,,,,NA
-123.16,49.78,SQUAMISH AIRPORT,10476F0,3/19/2021 2:00,2021,3,19,2:00,6.8,,6.1,,96,,0.6,,16,,7,,,,100.26,,,,,,NA
-123.16,49.78,SQUAMISH AIRPORT,10476F0,3/19/2021 3:00,2021,3,19,3:00,6.3,,5.1,,92,,0.4,,15,,6,,,,100.28,,,,,,NA
-123.16,49.78,SQUAMISH AIRPORT,10476F0,3/19/2021 4:00,2021,3,19,4:00,6.4,,5.2,,92,,0,,15,,7,,,,100.31,,,,,,NA
-123.16,49.78,SQUAMISH AIRPORT,10476F0,3/19/2021 5:00,2021,3,19,5:00,5.7,,5.3,,97,,0,,35,,3,,,,100.39,,,,,,NA
-123.16,49.78,SQUAMISH AIRPORT,10476F0,3/19/2021 6:00,2021,3,19,6:00,6.1,,4.3,,88,,0.1,,14,,7,,,,100.45,,,,,,NA
-123.16,49.78,SQUAMISH AIRPORT,10476F0,3/19/2021 7:00,2021,3,19,7:00,5.7,,4.2,,90,,0,,16,,8,,,,100.47,,,,,,NA
-123.16,49.78,SQUAMISH AIRPORT,10476F0,3/19/2021 8:00,2021,3,19,8:00,4.4,,4,,97,,0,,36,,1,,,,100.5,,,,,,NA
-123.16,49.78,SQUAMISH AIRPORT,10476F0,3/19/2021 9:00,2021,3,19,9:00,4.5,,4.3,,98,,0,,5,,3,,,,100.51,,,,,,NA
-123.16,49.78,SQUAMISH AIRPORT,10476F0,3/19/2021 10:00,2021,3,19,10:00,4.4,,4.1,,98,,0,,1,,2,,,,100.51,,,,,,NA
-123.16,49.78,SQUAMISH AIRPORT,10476F0,3/19/2021 11:00,2021,3,19,11:00,4.6,,4.3,,98,,0,,8,,2,,,,100.54,,,,,,NA
-123.16,49.78,SQUAMISH AIRPORT,10476F0,3/19/2021 12:00,2021,3,19,12:00,4.5,,4.3,,98,,1.2,,35,,3,,,,100.53,,,,,,NA
-123.16,49.78,SQUAMISH AIRPORT,10476F0,3/19/2021 13:00,2021,3,19,13:00,4.4,,4.1,,98,,0.3,,35,,2,,,,100.56,,,,,,NA
-123.16,49.78,SQUAMISH AIRPORT,10476F0,3/19/2021 14:00,2021,3,19,14:00,4.7,,4.4,,98,,0.6,,17,,4,,,,100.58,,,,,,NA
-123.16,49.78,SQUAMISH AIRPORT,10476F0,3/19/2021 15:00,2021,3,19,15:00,5.1,,4.6,,96,,0.8,,11,,3,,,,100.62,,,,,,NA
-123.16,49.78,SQUAMISH AIRPORT,10476F0,3/19/2021 16:00,2021,3,19,16:00,5.4,,4.8,,96,,2.2,,15,,6,,,,100.7,,,,,,NA
-123.16,49.78,SQUAMISH AIRPORT,10476F0,3/19/2021 17:00,2021,3,19,17:00,5.7,,4.7,,93,,0.7,,14,,4,,,,100.72,,,,,,NA
-123.16,49.78,SQUAMISH AIRPORT,10476F0,3/19/2021 18:00,2021,3,19,18:00,6.2,,5.6,,96,,0.4,,33,,3,,,,100.75,,,,,,NA
-123.16,49.78,SQUAMISH AIRPORT,10476F0,3/19/2021 19:00,2021,3,19,19:00,7.2,,6.1,,93,,0,,33,,4,,,,100.72,,,,,,NA
-123.16,49.78,SQUAMISH AIRPORT,10476F0,3/19/2021 20:00,2021,3,19,20:00,7,,6.1,,94,,1,,0,,1,,,,100.76,,,,,,NA
-123.16,49.78,SQUAMISH AIRPORT,10476F0,3/19/2021 21:00,2021,3,19,21:00,7.2,,6.1,,92,,0.2,,16,,3,,,,100.74,,,,,,NA
-123.16,49.78,SQUAMISH AIRPORT,10476F0,3/19/2021 22:00,2021,3,19,22:00,7.2,,6.1,,93,,0.1,,18,,3,,,,100.74,,,,,,NA
-123.16,49.78,SQUAMISH AIRPORT,10476F0,3/19/2021 23:00,2021,3,19,23:00,7.2,,6.2,,93,,0.5,,14,,5,,,,100.74,,,,,,NA
-123.16,49.78,SQUAMISH AIRPORT,10476F0,3/20/2021 0:00,2021,3,20,0:00,7,,5.9,,93,,0.3,,16,,4,,,,100.75,,,,,,NA
-123.16,49.78,SQUAMISH AIRPORT,10476F0,3/20/2021 1:00,2021,3,20,1:00,6.9,,6.3,,96,,0.1,,0,,1,,,,100.69,,,,,,NA
-123.16,49.78,SQUAMISH AIRPORT,10476F0,3/20/2021 2:00,2021,3,20,2:00,6.4,,5.7,,95,,1.2,,18,,3,,,,100.67,,,,,,NA
-123.16,49.78,SQUAMISH AIRPORT,10476F0,3/20/2021 3:00,2021,3,20,3:00,5.9,,5.5,,97,,0.7,,26,,1,,,,100.7,,,,,,NA
-123.16,49.78,SQUAMISH AIRPORT,10476F0,3/20/2021 4:00,2021,3,20,4:00,5.5,,5.1,,98,,0.1,,32,,3,,,,100.69,,,,,,NA
-123.16,49.78,SQUAMISH AIRPORT,10476F0,3/20/2021 5:00,2021,3,20,5:00,5.2,,4.8,,97,,0.1,,33,,2,,,,100.68,,,,,,NA
-123.16,49.78,SQUAMISH AIRPORT,10476F0,3/20/2021 6:00,2021,3,20,6:00,5.1,,4.7,,98,,0.2,,32,,1,,,,100.69,,,,,,NA
-123.16,49.78,SQUAMISH AIRPORT,10476F0,3/20/2021 7:00,2021,3,20,7:00,5.1,,4.8,,98,,0.5,,1,,3,,,,100.69,,,,,,NA
-123.16,49.78,SQUAMISH AIRPORT,10476F0,3/20/2021 8:00,2021,3,20,8:00,4.8,,4.5,,98,,0.3,,34,,2,,,,100.68,,,,,,NA
-123.16,49.78,SQUAMISH AIRPORT,10476F0,3/20/2021 9:00,2021,3,20,9:00,4.9,,4.6,,98,,0.6,,,,0,,,,100.72,,,,,,NA
-123.16,49.78,SQUAMISH AIRPORT,10476F0,3/20/2021 10:00,2021,3,20,10:00,4.7,,4.4,,98,,0.9,,,,0,,,,100.74,,,,,,NA
-123.16,49.78,SQUAMISH AIRPORT,10476F0,3/20/2021 11:00,2021,3,20,11:00,4.6,,4.4,,98,,0.4,,33,,2,,,,100.75,,,,,,NA
-123.16,49.78,SQUAMISH AIRPORT,10476F0,3/20/2021 12:00,2021,3,20,12:00,4.5,,4.2,,98,,0.2,,,,0,,,,100.8,,,,,,NA
-123.16,49.78,SQUAMISH AIRPORT,10476F0,3/20/2021 13:00,2021,3,20,13:00,4.2,,4,,98,,0.2,,0,,1,,,,100.85,,,,,,NA
-123.16,49.78,SQUAMISH AIRPORT,10476F0,3/20/2021 14:00,2021,3,20,14:00,4.3,,4,,98,,0.1,,,,0,,,,100.86,,,,,,NA
-123.16,49.78,SQUAMISH AIRPORT,10476F0,3/20/2021 15:00,2021,3,20,15:00,4.4,,4.2,,98,,0,,,,0,,,,100.93,,,,,,NA
-123.16,49.78,SQUAMISH AIRPORT,10476F0,3/20/2021 16:00,2021,3,20,16:00,4.9,,4.6,,98,,0.1,,,,0,,,,100.98,,,,,,NA
-123.16,49.78,SQUAMISH AIRPORT,10476F0,3/20/2021 17:00,2021,3,20,17:00,5.9,,5,,94,,0,,16,,6,,,,101.02,,,,,,NA
-123.16,49.78,SQUAMISH AIRPORT,10476F0,3/20/2021 18:00,2021,3,20,18:00,7,,6.1,,94,,0.1,,15,,4,,,,101.07,,,,,,NA
-123.16,49.78,SQUAMISH AIRPORT,10476F0,3/20/2021 19:00,2021,3,20,19:00,8,,5.7,,86,,0,,16,,7,,,,101.11,,,,,,NA
-123.16,49.78,SQUAMISH AIRPORT,10476F0,3/20/2021 20:00,2021,3,20,20:00,8.8,,5.4,,79,,0,,14,,9,,,,101.12,,,,,,NA
-123.16,49.78,SQUAMISH AIRPORT,10476F0,3/20/2021 21:00,2021,3,20,21:00,8.9,,5.3,,78,,0,,14,,6,,,,101.15,,,,,,NA
-123.16,49.78,SQUAMISH AIRPORT,10476F0,3/20/2021 22:00,2021,3,20,22:00,9,,4.8,,75,,0,,16,,11,,,,101.17,,,,,,NA
-123.16,49.78,SQUAMISH AIRPORT,10476F0,3/20/2021 23:00,2021,3,20,23:00,9.6,,5.7,,77,,0,,17,,7,,,,101.21,,,,,,NA
-123.16,49.78,SQUAMISH AIRPORT,10476F0,3/21/2021 0:00,2021,3,21,0:00,9.3,,6,,80,,0,,30,,2,,,,101.26,,,,,,NA
-123.16,49.78,SQUAMISH AIRPORT,10476F0,3/21/2021 1:00,2021,3,21,1:00,9.5,,6.1,,79,,0,,29,,4,,,,101.3,,,,,,NA
-123.16,49.78,SQUAMISH AIRPORT,10476F0,3/21/2021 2:00,2021,3,21,2:00,8.2,,4,,75,,0,,13,,4,,,,101.34,,,,,,NA
-123.16,49.78,SQUAMISH AIRPORT,10476F0,3/21/2021 3:00,2021,3,21,3:00,6.7,,4,,83,,0,,15,,1,,,,101.45,,,,,,NA
-123.16,49.78,SQUAMISH AIRPORT,10476F0,3/21/2021 4:00,2021,3,21,4:00,5.9,,4.8,,93,,0,,34,,2,,,,101.5,,,,,,NA
-123.16,49.78,SQUAMISH AIRPORT,10476F0,3/21/2021 5:00,2021,3,21,5:00,6.4,,3.3,,81,,0,,17,,4,,,,101.58,,,,,,NA
-123.16,49.78,SQUAMISH AIRPORT,10476F0,3/21/2021 6:00,2021,3,21,6:00,6.3,,3.2,,81,,0,,18,,6,,,,101.62,,,,,,NA
-123.16,49.78,SQUAMISH AIRPORT,10476F0,3/21/2021 7:00,2021,3,21,7:00,5.8,,2.9,,81,,0,,17,,5,,,,101.63,,,,,,NA
-123.16,49.78,SQUAMISH AIRPORT,10476F0,3/21/2021 8:00,2021,3,21,8:00,6,,2.9,,80,,0,,13,,5,,,,101.68,,,,,,NA
-123.16,49.78,SQUAMISH AIRPORT,10476F0,3/21/2021 9:00,2021,3,21,9:00,5.1,,4,,93,,0,,0,,1,,,,101.73,,,,,,NA
-123.16,49.78,SQUAMISH AIRPORT,10476F0,3/21/2021 10:00,2021,3,21,10:00,4.8,,3.9,,94,,0,,0,,1,,,,101.73,,,,,,NA
-123.16,49.78,SQUAMISH AIRPORT,10476F0,3/21/2021 11:00,2021,3,21,11:00,4.4,,3.5,,94,,0,,5,,1,,,,101.73,,,,,,NA
-123.16,49.78,SQUAMISH AIRPORT,10476F0,3/21/2021 12:00,2021,3,21,12:00,5.4,,1.1,,74,,0,,15,,9,,,,101.71,,,,,,NA
-123.16,49.78,SQUAMISH AIRPORT,10476F0,3/21/2021 13:00,2021,3,21,13:00,5.4,,0.6,,71,,0,,14,,13,,,,101.72,,,,,,NA
-123.16,49.78,SQUAMISH AIRPORT,10476F0,3/21/2021 14:00,2021,3,21,14:00,4.7,,1.3,,78,,0,,13,,12,,,,101.69,,,,,,NA
-123.16,49.78,SQUAMISH AIRPORT,10476F0,3/21/2021 15:00,2021,3,21,15:00,4.6,,1.5,,80,,0,,12,,13,,,,101.69,,,,,,NA
-123.16,49.78,SQUAMISH AIRPORT,10476F0,3/21/2021 16:00,2021,3,21,16:00,4.8,,2.4,,84,,0,,13,,13,,,,101.7,,,,,,NA
-123.16,49.78,SQUAMISH AIRPORT,10476F0,3/21/2021 17:00,2021,3,21,17:00,4.4,,3.2,,92,,0.1,,15,,11,,,,101.7,,,,,,NA
-123.16,49.78,SQUAMISH AIRPORT,10476F0,3/21/2021 18:00,2021,3,21,18:00,3.8,,2.9,,94,,0.6,,14,,13,,,,101.69,,,,,,NA
-123.16,49.78,SQUAMISH AIRPORT,10476F0,3/21/2021 19:00,2021,3,21,19:00,3.4,,2.7,,95,,1.2,,13,,13,,,,101.65,,,,,,NA
-123.16,49.78,SQUAMISH AIRPORT,10476F0,3/21/2021 20:00,2021,3,21,20:00,3.3,,2.7,,95,,1.1,,14,,11,,,,101.6,,,,,,NA
-123.16,49.78,SQUAMISH AIRPORT,10476F0,3/21/2021 21:00,2021,3,21,21:00,3.1,,2.5,,95,,1.3,,13,,13,,,,101.54,,,,,,NA
-123.16,49.78,SQUAMISH AIRPORT,10476F0,3/21/2021 22:00,2021,3,21,22:00,3.4,,2.7,,96,,1.8,,13,,11,,,,101.43,,,,,,NA
-123.16,49.78,SQUAMISH AIRPORT,10476F0,3/21/2021 23:00,2021,3,21,23:00,3.4,,2.9,,96,,2.1,,13,,9,,,,101.34,,,,,,NA
-123.16,49.78,SQUAMISH AIRPORT,10476F0,3/22/2021 0:00,2021,3,22,0:00,3.5,,2.9,,96,,1.9,,13,,8,,,,101.25,,,,,,NA
-123.16,49.78,SQUAMISH AIRPORT,10476F0,3/22/2021 1:00,2021,3,22,1:00,3.4,,3,,97,,2.5,,15,,8,,,,101.12,,,,,,NA
-123.16,49.78,SQUAMISH AIRPORT,10476F0,3/22/2021 2:00,2021,3,22,2:00,3.6,,3,,96,,1.6,,13,,9,,,,101,,,,,,NA
-123.16,49.78,SQUAMISH AIRPORT,10476F0,3/22/2021 3:00,2021,3,22,3:00,4.2,,3.4,,94,,0.6,,13,,11,,,,100.91,,,,,,NA
-123.16,49.78,SQUAMISH AIRPORT,10476F0,3/22/2021 4:00,2021,3,22,4:00,4.2,,3.3,,94,,1.2,,13,,9,,,,100.84,,,,,,NA
-123.16,49.78,SQUAMISH AIRPORT,10476F0,3/22/2021 5:00,2021,3,22,5:00,3.9,,3.1,,94,,1.3,,14,,8,,,,100.79,,,,,,NA
-123.16,49.78,SQUAMISH AIRPORT,10476F0,3/22/2021 6:00,2021,3,22,6:00,3.9,,3.3,,96,,0.5,,14,,7,,,,100.76,,,,,,NA
-123.16,49.78,SQUAMISH AIRPORT,10476F0,3/22/2021 7:00,2021,3,22,7:00,4.1,,3.5,,95,,0.4,,14,,7,,,,100.76,,,,,,NA
-123.16,49.78,SQUAMISH AIRPORT,10476F0,3/22/2021 8:00,2021,3,22,8:00,4.2,,3.6,,96,,0.6,,14,,5,,,,100.71,,,,,,NA
-123.16,49.78,SQUAMISH AIRPORT,10476F0,3/22/2021 9:00,2021,3,22,9:00,3.8,,3.4,,97,,2.1,,0,,1,,,,100.74,,,,,,NA
-123.16,49.78,SQUAMISH AIRPORT,10476F0,3/22/2021 10:00,2021,3,22,10:00,4,,3.6,,97,,1.2,,15,,6,,,,100.73,,,,,,NA
-123.16,49.78,SQUAMISH AIRPORT,10476F0,3/22/2021 11:00,2021,3,22,11:00,3.5,,3,,96,,0.2,,,,0,,,,100.73,,,,,,NA
-123.16,49.78,SQUAMISH AIRPORT,10476F0,3/22/2021 12:00,2021,3,22,12:00,3.5,,3.2,,98,,0,,34,,2,,,,100.76,,,,,,NA
-123.16,49.78,SQUAMISH AIRPORT,10476F0,3/22/2021 13:00,2021,3,22,13:00,3.3,,3,,98,,0,,7,,1,,,,100.78,,,,,,NA
-123.16,49.78,SQUAMISH AIRPORT,10476F0,3/22/2021 14:00,2021,3,22,14:00,3.4,,3.1,,98,,0,,0,,1,,,,100.85,,,,,,NA
-123.16,49.78,SQUAMISH AIRPORT,10476F0,3/22/2021 15:00,2021,3,22,15:00,3.4,,3.1,,98,,0,,31,,3,,,,100.88,,,,,,NA
-123.16,49.78,SQUAMISH AIRPORT,10476F0,3/22/2021 16:00,2021,3,22,16:00,4,,3.3,,95,,0,,34,,3,,,,100.92,,,,,,NA
-123.16,49.78,SQUAMISH AIRPORT,10476F0,3/22/2021 17:00,2021,3,22,17:00,5.3,,3,,85,,0,,4,,2,,,,100.98,,,,,,NA
-123.16,49.78,SQUAMISH AIRPORT,10476F0,3/22/2021 18:00,2021,3,22,18:00,7.8,,2.6,,70,,0,,13,,2,,,,101.05,,,,,,NA
-123.16,49.78,SQUAMISH AIRPORT,10476F0,3/22/2021 19:00,2021,3,22,19:00,9.2,,2.1,,61,,0,,20,,8,,,,101.07,,,,,,NA
-123.16,49.78,SQUAMISH AIRPORT,10476F0,3/22/2021 20:00,2021,3,22,20:00,10.5,,2.3,,57,,0,,19,,9,,,,101.1,,,,,,NA
-123.16,49.78,SQUAMISH AIRPORT,10476F0,3/22/2021 21:00,2021,3,22,21:00,11.4,,0.6,,47,,0,,18,,12,,,,101.13,,,,,,NA
-123.16,49.78,SQUAMISH AIRPORT,10476F0,3/22/2021 22:00,2021,3,22,22:00,12,,0.9,,47,,0,,18,,13,,,,101.15,,,,,,NA
-123.16,49.78,SQUAMISH AIRPORT,10476F0,3/22/2021 23:00,2021,3,22,23:00,12.2,,1.7,,49,,0,,20,,11,,,,101.18,,,,,,NA
-123.16,49.78,SQUAMISH AIRPORT,10476F0,3/23/2021 0:00,2021,3,23,0:00,11.4,,0.9,,48,,0,,17,,13,,,,101.22,,,,,,NA
-123.16,49.78,SQUAMISH AIRPORT,10476F0,3/23/2021 1:00,2021,3,23,1:00,9.2,,2.1,,61,,0,,25,,2,,,,101.3,,,,,,NA
-123.16,49.78,SQUAMISH AIRPORT,10476F0,3/23/2021 2:00,2021,3,23,2:00,6.3,,3.2,,80,,0,,0,,1,,,,101.39,,,,,,NA
-123.16,49.78,SQUAMISH AIRPORT,10476F0,3/23/2021 3:00,2021,3,23,3:00,4.4,,2.3,,86,,0,,0,,1,,,,101.54,,,,,,NA
-123.16,49.78,SQUAMISH AIRPORT,10476F0,3/23/2021 4:00,2021,3,23,4:00,3.3,,2.2,,93,,0,,5,,2,,,,101.67,,,,,,NA
-123.16,49.78,SQUAMISH AIRPORT,10476F0,3/23/2021 5:00,2021,3,23,5:00,3,,2.1,,94,,0,,4,,3,,,,101.78,,,,,,NA
-123.16,49.78,SQUAMISH AIRPORT,10476F0,3/23/2021 6:00,2021,3,23,6:00,2.2,,1.7,,96,,0,,3,,4,,,,101.89,,,,,,NA
-123.16,49.78,SQUAMISH AIRPORT,10476F0,3/23/2021 7:00,2021,3,23,7:00,1.4,,0.8,,96,,0,,4,,2,,,,101.98,,,,,,NA
-123.16,49.78,SQUAMISH AIRPORT,10476F0,3/23/2021 8:00,2021,3,23,8:00,0.9,,0.5,,97,,0,,5,,4,,,,102.09,,,,,,NA
-123.16,49.78,SQUAMISH AIRPORT,10476F0,3/23/2021 9:00,2021,3,23,9:00,0.5,,0,,97,,0,,4,,3,,,,102.17,,,,,,NA
-123.16,49.78,SQUAMISH AIRPORT,10476F0,3/23/2021 10:00,2021,3,23,10:00,0.1,,-0.2,,98,,0,,4,,3,,,,102.24,,,,,,NA
-123.16,49.78,SQUAMISH AIRPORT,10476F0,3/23/2021 11:00,2021,3,23,11:00,-0.3,,-0.7,,97,,0,,4,,3,,,,102.29,,,,-1,,NA
-123.16,49.78,SQUAMISH AIRPORT,10476F0,3/23/2021 12:00,2021,3,23,12:00,-0.3,,-0.6,,97,,0,,2,,1,,,,102.36,,,,-1,,NA
-123.16,49.78,SQUAMISH AIRPORT,10476F0,3/23/2021 13:00,2021,3,23,13:00,-0.5,,-0.8,,98,,0,,33,,3,,,,102.39,,,,-1,,NA
-123.16,49.78,SQUAMISH AIRPORT,10476F0,3/23/2021 14:00,2021,3,23,14:00,0.1,,-0.2,,98,,0,,35,,5,,,,102.48,,,,,,NA
-123.16,49.78,SQUAMISH AIRPORT,10476F0,3/23/2021 15:00,2021,3,23,15:00,0.3,,-0.2,,97,,0,,,,0,,,,102.53,,,,,,NA
-123.16,49.78,SQUAMISH AIRPORT,10476F0,3/23/2021 16:00,2021,3,23,16:00,1.2,,0.3,,94,,0,,35,,4,,,,102.53,,,,,,NA
-123.16,49.78,SQUAMISH AIRPORT,10476F0,3/23/2021 17:00,2021,3,23,17:00,2.7,,1.2,,89,,0,,33,,3,,,,102.57,,,,,,NA
-123.16,49.78,SQUAMISH AIRPORT,10476F0,3/23/2021 18:00,2021,3,23,18:00,5.6,,0.7,,71,,0,,26,,4,,,,102.55,,,,,,NA
-123.16,49.78,SQUAMISH AIRPORT,10476F0,3/23/2021 19:00,2021,3,23,19:00,7.3,,0.7,,63,,0,,20,,4,,,,102.54,,,,,,NA
-123.16,49.78,SQUAMISH AIRPORT,10476F0,3/23/2021 20:00,2021,3,23,20:00,9.7,,1.9,,58,,0,,19,,7,,,,102.47,,,,,,NA
-123.16,49.78,SQUAMISH AIRPORT,10476F0,3/23/2021 21:00,2021,3,23,21:00,9.9,,2,,58,,0,,15,,10,,,,102.44,,,,,,NA
-123.16,49.78,SQUAMISH AIRPORT,10476F0,3/23/2021 22:00,2021,3,23,22:00,9.4,,2.2,,61,,0,,15,,11,,,,102.38,,,,,,NA
-123.16,49.78,SQUAMISH AIRPORT,10476F0,3/23/2021 23:00,2021,3,23,23:00,9,,2.5,,64,,0,,14,,10,,,,102.33,,,,,,NA
-123.16,49.78,SQUAMISH AIRPORT,10476F0,3/24/2021 0:00,2021,3,24,0:00,8.9,,2.8,,66,,0,,13,,8,,,,102.31,,,,,,NA
-123.16,49.78,SQUAMISH AIRPORT,10476F0,3/24/2021 1:00,2021,3,24,1:00,8.6,,2.6,,66,,0,,14,,10,,,,102.2,,,,,,NA
-123.16,49.78,SQUAMISH AIRPORT,10476F0,3/24/2021 2:00,2021,3,24,2:00,8.1,,2.3,,67,,0,,15,,9,,,,102.21,,,,,,NA
-123.16,49.78,SQUAMISH AIRPORT,10476F0,3/24/2021 3:00,2021,3,24,3:00,7.5,,2.6,,71,,0,,14,,10,,,,102.11,,,,,,NA
-123.16,49.78,SQUAMISH AIRPORT,10476F0,3/24/2021 4:00,2021,3,24,4:00,7.2,,2.4,,71,,0,,13,,12,,,,102,,,,,,NA
-123.16,49.78,SQUAMISH AIRPORT,10476F0,3/24/2021 5:00,2021,3,24,5:00,7.1,,2.6,,73,,0,,14,,11,,,,101.96,,,,,,NA
-123.16,49.78,SQUAMISH AIRPORT,10476F0,3/24/2021 6:00,2021,3,24,6:00,6.3,,3.5,,83,,0,,14,,11,,,,101.87,,,,,,NA
-123.16,49.78,SQUAMISH AIRPORT,10476F0,3/24/2021 7:00,2021,3,24,7:00,5.4,,4.5,,94,,0.4,,13,,11,,,,101.76,,,,,,NA
-123.16,49.78,SQUAMISH AIRPORT,10476F0,3/24/2021 8:00,2021,3,24,8:00,5.2,,4.4,,95,,0.6,,13,,10,,,,101.59,,,,,,NA
-123.16,49.78,SQUAMISH AIRPORT,10476F0,3/24/2021 9:00,2021,3,24,9:00,5.2,,4.4,,95,,1,,13,,10,,,,101.39,,,,,,NA
-123.16,49.78,SQUAMISH AIRPORT,10476F0,3/24/2021 10:00,2021,3,24,10:00,5,,4.1,,94,,1.7,,14,,14,,,,101.26,,,,,,NA
-123.16,49.78,SQUAMISH AIRPORT,10476F0,3/24/2021 11:00,2021,3,24,11:00,4.7,,3.5,,92,,2.7,,13,,13,,,,101.08,,,,,,NA
-123.16,49.78,SQUAMISH AIRPORT,10476F0,3/24/2021 12:00,2021,3,24,12:00,4.5,,3.7,,94,,1.9,,14,,10,,,,100.94,,,,,,NA
-123.16,49.78,SQUAMISH AIRPORT,10476F0,3/24/2021 13:00,2021,3,24,13:00,4,,3.2,,94,,4.5,,15,,8,,,,100.88,,,,,,NA
-123.16,49.78,SQUAMISH AIRPORT,10476F0,3/24/2021 14:00,2021,3,24,14:00,3.2,,2.5,,95,,4.1,,15,,10,,,,100.69,,,,,,NA
-123.16,49.78,SQUAMISH AIRPORT,10476F0,3/24/2021 15:00,2021,3,24,15:00,2.9,,2.2,,96,,0.7,,20,,4,,,,100.68,,,,,,NA
-123.16,49.78,SQUAMISH AIRPORT,10476F0,3/24/2021 16:00,2021,3,24,16:00,3.5,,3,,96,,0.1,,31,,2,,,,100.63,,,,,,NA
-123.16,49.78,SQUAMISH AIRPORT,10476F0,3/24/2021 17:00,2021,3,24,17:00,4.3,,3.2,,93,,0.2,,35,,2,,,,100.57,,,,,,NA
-123.16,49.78,SQUAMISH AIRPORT,10476F0,3/24/2021 18:00,2021,3,24,18:00,5.4,,3.1,,85,,0,,34,,5,,,,100.53,,,,,,NA
-123.16,49.78,SQUAMISH AIRPORT,10476F0,3/24/2021 19:00,2021,3,24,19:00,7.1,,4.4,,83,,0,,32,,5,,,,100.47,,,,,,NA
-123.16,49.78,SQUAMISH AIRPORT,10476F0,3/24/2021 20:00,2021,3,24,20:00,9.3,,3.4,,67,,0,,36,,4,,,,100.38,,,,,,NA
-123.16,49.78,SQUAMISH AIRPORT,10476F0,3/24/2021 21:00,2021,3,24,21:00,10.6,,3.9,,63,,0,,23,,4,,,,100.23,,,,,,NA
-123.16,49.78,SQUAMISH AIRPORT,10476F0,3/24/2021 22:00,2021,3,24,22:00,9.2,,3.9,,69,,0,,14,,9,,,,100.19,,,,,,NA
-123.16,49.78,SQUAMISH AIRPORT,10476F0,3/24/2021 23:00,2021,3,24,23:00,9.2,,4.1,,70,,0,,13,,8,,,,100.17,,,,,,NA
-123.16,49.78,SQUAMISH AIRPORT,10476F0,3/25/2021 0:00,2021,3,25,0:00,8.5,,4.2,,74,,0,,14,,9,,,,100.11,,,,,,NA
-123.16,49.78,SQUAMISH AIRPORT,10476F0,3/25/2021 1:00,2021,3,25,1:00,8,,4.3,,78,,0,,14,,8,,,,100.03,,,,,,NA
-123.16,49.78,SQUAMISH AIRPORT,10476F0,3/25/2021 2:00,2021,3,25,2:00,7,,4.4,,83,,0,,14,,8,,,,100.05,,,,,,NA
-123.16,49.78,SQUAMISH AIRPORT,10476F0,3/25/2021 3:00,2021,3,25,3:00,6.5,,4.4,,86,,0,,13,,4,,,,100.04,,,,,,NA
-123.16,49.78,SQUAMISH AIRPORT,10476F0,3/25/2021 4:00,2021,3,25,4:00,6.3,,4.6,,89,,0,,14,,1,,,,100.07,,,,,,NA
-123.16,49.78,SQUAMISH AIRPORT,10476F0,3/25/2021 5:00,2021,3,25,5:00,6.3,,4.8,,90,,0,,0,,1,,,,100.05,,,,,,NA
-123.16,49.78,SQUAMISH AIRPORT,10476F0,3/25/2021 6:00,2021,3,25,6:00,6,,4.9,,93,,0,,,,0,,,,100.02,,,,,,NA
-123.16,49.78,SQUAMISH AIRPORT,10476F0,3/25/2021 7:00,2021,3,25,7:00,5.7,,5,,96,,0,,0,,1,,,,100.03,,,,,,NA
-123.16,49.78,SQUAMISH AIRPORT,10476F0,3/25/2021 8:00,2021,3,25,8:00,5.5,,4.9,,96,,0,,,,0,,,,100.06,,,,,,NA
-123.16,49.78,SQUAMISH AIRPORT,10476F0,3/25/2021 9:00,2021,3,25,9:00,5.4,,4.9,,97,,0,,,,0,,,,100.08,,,,,,NA
-123.16,49.78,SQUAMISH AIRPORT,10476F0,3/25/2021 10:00,2021,3,25,10:00,5.3,,4.8,,97,,0,,5,,1,,,,100.05,,,,,,NA
-123.16,49.78,SQUAMISH AIRPORT,10476F0,3/25/2021 11:00,2021,3,25,11:00,5.1,,4.7,,97,,0,,0,,1,,,,100.12,,,,,,NA
-123.16,49.78,SQUAMISH AIRPORT,10476F0,3/25/2021 12:00,2021,3,25,12:00,5.2,,4.7,,97,,0,,0,,1,,,,100.14,,,,,,NA
-123.16,49.78,SQUAMISH AIRPORT,10476F0,3/25/2021 13:00,2021,3,25,13:00,4.7,,4.2,,97,,0,,2,,3,,,,100.21,,,,,,NA
-123.16,49.78,SQUAMISH AIRPORT,10476F0,3/25/2021 14:00,2021,3,25,14:00,4.2,,3.5,,95,,0,,2,,5,,,,100.31,,,,,,NA
-123.16,49.78,SQUAMISH AIRPORT,10476F0,3/25/2021 15:00,2021,3,25,15:00,4.1,,3.5,,96,,0,,4,,4,,,,100.42,,,,,,NA
-123.16,49.78,SQUAMISH AIRPORT,10476F0,3/25/2021 16:00,2021,3,25,16:00,5.7,,3.8,,88,,0,,35,,3,,,,100.5,,,,,,NA
-123.16,49.78,SQUAMISH AIRPORT,10476F0,3/25/2021 17:00,2021,3,25,17:00,8.2,,2.9,,69,,0,,30,,2,,,,100.52,,,,,,NA
-123.16,49.78,SQUAMISH AIRPORT,10476F0,3/25/2021 18:00,2021,3,25,18:00,9,,2.6,,64,,0,,27,,3,,,,100.57,,,,,,NA
-123.16,49.78,SQUAMISH AIRPORT,10476F0,3/25/2021 19:00,2021,3,25,19:00,12,,3.4,,55,,0,,17,,7,,,,100.57,,,,,,NA
-123.16,49.78,SQUAMISH AIRPORT,10476F0,3/25/2021 20:00,2021,3,25,20:00,12.3,,3,,53,,0,,18,,15,,,,100.59,,,,,,NA
-123.16,49.78,SQUAMISH AIRPORT,10476F0,3/25/2021 21:00,2021,3,25,21:00,12.8,,2.6,,50,,0,,17,,17,,,,100.6,,,,,,NA
-123.16,49.78,SQUAMISH AIRPORT,10476F0,3/25/2021 22:00,2021,3,25,22:00,12.8,,3.8,,54,,0.1,,13,,10,,,,100.58,,,,,,NA
-123.16,49.78,SQUAMISH AIRPORT,10476F0,3/25/2021 23:00,2021,3,25,23:00,12.9,,4.4,,56,,0,,12,,10,,,,100.59,,,,,,NA
-123.16,49.78,SQUAMISH AIRPORT,10476F0,3/26/2021 0:00,2021,3,26,0:00,12.9,,4.6,,57,,0,,14,,8,,,,100.65,,,,,,NA
-123.16,49.78,SQUAMISH AIRPORT,10476F0,3/26/2021 1:00,2021,3,26,1:00,11.1,,3.8,,61,,0,,16,,9,,,,100.71,,,,,,NA
-123.16,49.78,SQUAMISH AIRPORT,10476F0,3/26/2021 2:00,2021,3,26,2:00,9.1,,4.3,,72,,0,,0,,1,,,,100.75,,,,,,NA
-123.16,49.78,SQUAMISH AIRPORT,10476F0,3/26/2021 3:00,2021,3,26,3:00,6.8,,3.7,,81,,0,,17,,4,,,,100.81,,,,,,NA
-123.16,49.78,SQUAMISH AIRPORT,10476F0,3/26/2021 4:00,2021,3,26,4:00,5.5,,4.1,,91,,0,,5,,1,,,,100.92,,,,,,NA
-123.16,49.78,SQUAMISH AIRPORT,10476F0,3/26/2021 5:00,2021,3,26,5:00,4.6,,3.7,,94,,0,,8,,2,,,,101.02,,,,,,NA
-123.16,49.78,SQUAMISH AIRPORT,10476F0,3/26/2021 6:00,2021,3,26,6:00,3.7,,3,,95,,0,,4,,4,,,,101.07,,,,,,NA
-123.16,49.78,SQUAMISH AIRPORT,10476F0,3/26/2021 7:00,2021,3,26,7:00,2.6,,2.1,,97,,0,,8,,2,,,,101.11,,,,,,NA
-123.16,49.78,SQUAMISH AIRPORT,10476F0,3/26/2021 8:00,2021,3,26,8:00,2.1,,1.6,,97,,0,,,,0,,,,101.16,,,,,,NA
-123.16,49.78,SQUAMISH AIRPORT,10476F0,3/26/2021 9:00,2021,3,26,9:00,2.3,,1.9,,98,,0,,5,,2,,,,101.21,,,,,,NA
-123.16,49.78,SQUAMISH AIRPORT,10476F0,3/26/2021 10:00,2021,3,26,10:00,1.8,,1.5,,97,,0,,,,0,,,,101.24,,,,,,NA
-123.16,49.78,SQUAMISH AIRPORT,10476F0,3/26/2021 11:00,2021,3,26,11:00,2.2,,1.8,,97,,0,,18,,3,,,,101.29,,,,,,NA
-123.16,49.78,SQUAMISH AIRPORT,10476F0,3/26/2021 12:00,2021,3,26,12:00,2.6,,2.2,,97,,0,,,,0,,,,101.33,,,,,,NA
-123.16,49.78,SQUAMISH AIRPORT,10476F0,3/26/2021 13:00,2021,3,26,13:00,2.2,,1.8,,97,,0,,,,0,,,,101.34,,,,,,NA
-123.16,49.78,SQUAMISH AIRPORT,10476F0,3/26/2021 14:00,2021,3,26,14:00,2.8,,2.5,,98,,0,,1,,2,,,,101.38,,,,,,NA
-123.16,49.78,SQUAMISH AIRPORT,10476F0,3/26/2021 15:00,2021,3,26,15:00,3.5,,3.2,,98,,0,,3,,2,,,,101.45,,,,,,NA
-123.16,49.78,SQUAMISH AIRPORT,10476F0,3/26/2021 16:00,2021,3,26,16:00,4.5,,3.8,,95,,0,,0,,1,,,,101.51,,,,,,NA
-123.16,49.78,SQUAMISH AIRPORT,10476F0,3/26/2021 17:00,2021,3,26,17:00,5.9,,4.4,,90,,0,,0,,1,,,,101.59,,,,,,NA
-123.16,49.78,SQUAMISH AIRPORT,10476F0,3/26/2021 18:00,2021,3,26,18:00,8,,4.2,,77,,0,,18,,6,,,,101.61,,,,,,NA
-123.16,49.78,SQUAMISH AIRPORT,10476F0,3/26/2021 19:00,2021,3,26,19:00,9.7,,3.3,,64,,0,,16,,11,,,,101.58,,,,,,NA
-123.16,49.78,SQUAMISH AIRPORT,10476F0,3/26/2021 20:00,2021,3,26,20:00,10.2,,2.9,,61,,0,,15,,12,,,,101.59,,,,,,NA
-123.16,49.78,SQUAMISH AIRPORT,10476F0,3/26/2021 21:00,2021,3,26,21:00,9.9,,2.6,,60,,0,,15,,12,,,,101.62,,,,,,NA
-123.16,49.78,SQUAMISH AIRPORT,10476F0,3/26/2021 22:00,2021,3,26,22:00,9.6,,2.5,,61,,0,,13,,10,,,,101.65,,,,,,NA
-123.16,49.78,SQUAMISH AIRPORT,10476F0,3/26/2021 23:00,2021,3,26,23:00,10.8,,3,,58,,0,,12,,14,,,,101.65,,,,,,NA
-123.16,49.78,SQUAMISH AIRPORT,10476F0,3/27/2021 0:00,2021,3,27,0:00,9.2,,2.6,,64,,0.1,,14,,10,,,,101.7,,,,,,NA
-123.16,49.78,SQUAMISH AIRPORT,10476F0,3/27/2021 1:00,2021,3,27,1:00,9.6,,2.6,,62,,0,,17,,12,,,,101.72,,,,,,NA
-123.16,49.78,SQUAMISH AIRPORT,10476F0,3/27/2021 2:00,2021,3,27,2:00,8.9,,2.5,,64,,0,,16,,13,,,,101.78,,,,,,NA
-123.16,49.78,SQUAMISH AIRPORT,10476F0,3/27/2021 3:00,2021,3,27,3:00,8.5,,3.1,,69,,0,,14,,11,,,,101.85,,,,,,NA
-123.16,49.78,SQUAMISH AIRPORT,10476F0,3/27/2021 4:00,2021,3,27,4:00,8.4,,3.1,,69,,0,,17,,8,,,,101.9,,,,,,NA
-123.16,49.78,SQUAMISH AIRPORT,10476F0,3/27/2021 5:00,2021,3,27,5:00,7.5,,4.1,,79,,0,,,,0,,,,101.95,,,,,,NA
-123.16,49.78,SQUAMISH AIRPORT,10476F0,3/27/2021 6:00,2021,3,27,6:00,6.4,,4.3,,86,,0,,6,,1,,,,102,,,,,,NA
-123.16,49.78,SQUAMISH AIRPORT,10476F0,3/27/2021 7:00,2021,3,27,7:00,6.5,,4.3,,86,,0,,0,,1,,,,102.03,,,,,,NA
-123.16,49.78,SQUAMISH AIRPORT,10476F0,3/27/2021 8:00,2021,3,27,8:00,6,,4.3,,89,,0,,,,0,,,,102.05,,,,,,NA
-123.16,49.78,SQUAMISH AIRPORT,10476F0,3/27/2021 9:00,2021,3,27,9:00,5.6,,4.3,,91,,0,,0,,1,,,,102.1,,,,,,NA
-123.16,49.78,SQUAMISH AIRPORT,10476F0,3/27/2021 10:00,2021,3,27,10:00,4.1,,3.4,,95,,0,,,,0,,,,102.15,,,,,,NA
-123.16,49.78,SQUAMISH AIRPORT,10476F0,3/27/2021 11:00,2021,3,27,11:00,4.4,,3.7,,95,,0,,0,,1,,,,102.11,,,,,,NA
-123.16,49.78,SQUAMISH AIRPORT,10476F0,3/27/2021 12:00,2021,3,27,12:00,4.1,,3.6,,97,,0,,4,,2,,,,102.14,,,,,,NA
-123.16,49.78,SQUAMISH AIRPORT,10476F0,3/27/2021 13:00,2021,3,27,13:00,4.1,,3.7,,97,,0,,0,,1,,,,102.12,,,,,,NA
-123.16,49.78,SQUAMISH AIRPORT,10476F0,3/27/2021 14:00,2021,3,27,14:00,4,,3.5,,96,,0,,16,,2,,,,102.15,,,,,,NA
-123.16,49.78,SQUAMISH AIRPORT,10476F0,3/27/2021 15:00,2021,3,27,15:00,4.9,,4.3,,96,,0,,,,0,,,,102.18,,,,,,NA
-123.16,49.78,SQUAMISH AIRPORT,10476F0,3/27/2021 16:00,2021,3,27,16:00,5.8,,4.1,,89,,0,,,,0,,,,102.19,,,,,,NA
-123.16,49.78,SQUAMISH AIRPORT,10476F0,3/27/2021 17:00,2021,3,27,17:00,8.3,,4.8,,79,,0,,23,,2,,,,102.2,,,,,,NA
-123.16,49.78,SQUAMISH AIRPORT,10476F0,3/27/2021 18:00,2021,3,27,18:00,9,,4.9,,76,,0,,17,,5,,,,102.12,,,,,,NA
-123.16,49.78,SQUAMISH AIRPORT,10476F0,3/27/2021 19:00,2021,3,27,19:00,9.3,,4.6,,72,,0,,15,,9,,,,102.08,,,,,,NA
-123.16,49.78,SQUAMISH AIRPORT,10476F0,3/27/2021 20:00,2021,3,27,20:00,10.7,,4.8,,67,,0,,17,,17,,,,102.04,,,,,,NA
-123.16,49.78,SQUAMISH AIRPORT,10476F0,3/27/2021 21:00,2021,3,27,21:00,11,,5,,66,,0,,13,,15,,,,101.98,,,,,,NA
-123.16,49.78,SQUAMISH AIRPORT,10476F0,3/27/2021 22:00,2021,3,27,22:00,9.8,,4.5,,70,,0,,16,,18,,,,101.94,,,,,,NA
-123.16,49.78,SQUAMISH AIRPORT,10476F0,3/27/2021 23:00,2021,3,27,23:00,8.5,,5.2,,80,,0.1,,15,,19,,,,101.88,,,,,,NA
-123.16,49.78,SQUAMISH AIRPORT,10476F0,3/28/2021 0:00,2021,3,28,0:00,7.5,,5.9,,89,,0.7,,13,,14,,,,101.88,,,,,,NA
-123.16,49.78,SQUAMISH AIRPORT,10476F0,3/28/2021 1:00,2021,3,28,1:00,7.1,,6.1,,93,,1.1,,14,,12,,,,101.8,,,,,,NA
-123.16,49.78,SQUAMISH AIRPORT,10476F0,3/28/2021 2:00,2021,3,28,2:00,7.2,,5.9,,92,,0.3,,14,,13,,,,101.72,,,,,,NA
-123.16,49.78,SQUAMISH AIRPORT,10476F0,3/28/2021 3:00,2021,3,28,3:00,7.3,,5.6,,89,,0,,14,,14,,,,101.63,,,,,,NA
-123.16,49.78,SQUAMISH AIRPORT,10476F0,3/28/2021 4:00,2021,3,28,4:00,7.2,,5.8,,91,,0,,13,,11,,,,101.59,,,,,,NA
-123.16,49.78,SQUAMISH AIRPORT,10476F0,3/28/2021 5:00,2021,3,28,5:00,7,,6,,94,,1.3,,13,,15,,,,101.5,,,,,,NA
-123.16,49.78,SQUAMISH AIRPORT,10476F0,3/28/2021 6:00,2021,3,28,6:00,7.2,,6.1,,93,,2.2,,13,,16,,,,101.41,,,,,,NA
-123.16,49.78,SQUAMISH AIRPORT,10476F0,3/28/2021 7:00,2021,3,28,7:00,7.5,,5.8,,89,,3.6,,13,,16,,,,101.32,,,,,,NA
-123.16,49.78,SQUAMISH AIRPORT,10476F0,3/28/2021 8:00,2021,3,28,8:00,7.3,,6,,91,,4.1,,13,,13,,,,101.24,,,,,,NA
-123.16,49.78,SQUAMISH AIRPORT,10476F0,3/28/2021 9:00,2021,3,28,9:00,6.8,,5.6,,92,,3.4,,14,,10,,,,101.12,,,,,,NA
-123.16,49.78,SQUAMISH AIRPORT,10476F0,3/28/2021 10:00,2021,3,28,10:00,6.6,,5.3,,91,,3.4,,13,,10,,,,100.99,,,,,,NA
-123.16,49.78,SQUAMISH AIRPORT,10476F0,3/28/2021 11:00,2021,3,28,11:00,6.4,,5.4,,93,,3.1,,14,,10,,,,100.86,,,,,,NA
-123.16,49.78,SQUAMISH AIRPORT,10476F0,3/28/2021 12:00,2021,3,28,12:00,6.5,,5.3,,92,,2.9,,13,,10,,,,100.7,,,,,,NA
-123.16,49.78,SQUAMISH AIRPORT,10476F0,3/28/2021 13:00,2021,3,28,13:00,6.7,,5.7,,93,,4.6,,14,,15,,,,100.59,,,,,,NA
-123.16,49.78,SQUAMISH AIRPORT,10476F0,3/28/2021 14:00,2021,3,28,14:00,6.7,,5.2,,90,,1.9,,14,,16,,,,100.43,,,,,,NA
-123.16,49.78,SQUAMISH AIRPORT,10476F0,3/28/2021 15:00,2021,3,28,15:00,6.4,,5.5,,94,,0.7,,15,,15,,,,100.3,,,,,,NA
-123.16,49.78,SQUAMISH AIRPORT,10476F0,3/28/2021 16:00,2021,3,28,16:00,6.6,,4.9,,89,,2.2,,15,,17,,,,100.11,,,,,,NA
-123.16,49.78,SQUAMISH AIRPORT,10476F0,3/28/2021 17:00,2021,3,28,17:00,6.1,,4.5,,90,,1.3,,15,,14,,,,100.03,,,,,,NA
-123.16,49.78,SQUAMISH AIRPORT,10476F0,3/28/2021 18:00,2021,3,28,18:00,5.9,,4.2,,89,,2.9,,15,,17,,,,99.88,,,,,,NA
-123.16,49.78,SQUAMISH AIRPORT,10476F0,3/28/2021 19:00,2021,3,28,19:00,5.6,,4.5,,92,,3.1,,15,,10,,,,99.76,,,,,,NA
-123.16,49.78,SQUAMISH AIRPORT,10476F0,3/28/2021 20:00,2021,3,28,20:00,6.2,,4.6,,89,,4.7,,15,,20,,,,99.72,,,,,,NA
-123.16,49.78,SQUAMISH AIRPORT,10476F0,3/28/2021 21:00,2021,3,28,21:00,7.1,,4.6,,84,,2.3,,13,,13,,,,99.59,,,,,,NA
-123.16,49.78,SQUAMISH AIRPORT,10476F0,3/28/2021 22:00,2021,3,28,22:00,7.5,,4,,78,,0.6,,16,,17,,,,99.53,,,,,,NA
-123.16,49.78,SQUAMISH AIRPORT,10476F0,3/28/2021 23:00,2021,3,28,23:00,5.1,,3,,86,,0.9,,4,,7,,,,99.73,,,,,,NA
-123.16,49.78,SQUAMISH AIRPORT,10476F0,3/29/2021 0:00,2021,3,29,0:00,6.2,,5,,92,,1.2,,33,,4,,,,99.8,,,,,,NA
-123.16,49.78,SQUAMISH AIRPORT,10476F0,3/29/2021 1:00,2021,3,29,1:00,6.4,,4.1,,86,,0,,,,0,,,,99.87,,,,,,NA
-123.16,49.78,SQUAMISH AIRPORT,10476F0,3/29/2021 2:00,2021,3,29,2:00,4.7,,1.9,,82,,0.1,,3,,13,,,,100.04,,,,,,NA
-123.16,49.78,SQUAMISH AIRPORT,10476F0,3/29/2021 3:00,2021,3,29,3:00,3.8,,2.9,,94,,0,,9,,3,,,,100.22,,,,,,NA
-123.16,49.78,SQUAMISH AIRPORT,10476F0,3/29/2021 4:00,2021,3,29,4:00,3.3,,2.8,,97,,0,,13,,3,,,,100.4,,,,,,NA
-123.16,49.78,SQUAMISH AIRPORT,10476F0,3/29/2021 5:00,2021,3,29,5:00,2.6,,2.1,,97,,0,,11,,5,,,,100.56,,,,,,NA
-123.16,49.78,SQUAMISH AIRPORT,10476F0,3/29/2021 6:00,2021,3,29,6:00,1,,0.6,,97,,0,,,,0,,,,100.75,,,,,,NA
-123.16,49.78,SQUAMISH AIRPORT,10476F0,3/29/2021 7:00,2021,3,29,7:00,0.2,,-0.2,,97,,0,,20,,2,,,,100.9,,,,,,NA
-123.16,49.78,SQUAMISH AIRPORT,10476F0,3/29/2021 8:00,2021,3,29,8:00,-0.4,,-0.7,,98,,0,,4,,2,,,,101.07,,,,-1,,NA
-123.16,49.78,SQUAMISH AIRPORT,10476F0,3/29/2021 9:00,2021,3,29,9:00,-0.9,,-1.1,,98,,0,,35,,2,,,,101.23,,,,-2,,NA
-123.16,49.78,SQUAMISH AIRPORT,10476F0,3/29/2021 10:00,2021,3,29,10:00,-0.1,,-0.6,,97,,0,,3,,8,,,,101.38,,,,-3,,NA
-123.16,49.78,SQUAMISH AIRPORT,10476F0,3/29/2021 11:00,2021,3,29,11:00,-1.4,,-1.7,,97,,0,,1,,4,,,,101.51,,,,-3,,NA
-123.16,49.78,SQUAMISH AIRPORT,10476F0,3/29/2021 12:00,2021,3,29,12:00,-1.5,,-1.8,,98,,0,,35,,2,,,,101.58,,,,-2,,NA
-123.16,49.78,SQUAMISH AIRPORT,10476F0,3/29/2021 13:00,2021,3,29,13:00,-1.8,,-2.1,,98,,0,,35,,2,,,,101.67,,,,-3,,NA
-123.16,49.78,SQUAMISH AIRPORT,10476F0,3/29/2021 14:00,2021,3,29,14:00,-2,,-2.4,,97,,0,,,,0,,,,101.76,,,,,,NA
-123.16,49.78,SQUAMISH AIRPORT,10476F0,3/29/2021 15:00,2021,3,29,15:00,-1.3,,-1.6,,98,,0,,2,,3,,,,101.86,,,,-2,,NA
-123.16,49.78,SQUAMISH AIRPORT,10476F0,3/29/2021 16:00,2021,3,29,16:00,1,,-0.6,,89,,0.2,,32,,3,,,,101.94,,,,,,NA
-123.16,49.78,SQUAMISH AIRPORT,10476F0,3/29/2021 17:00,2021,3,29,17:00,3.3,,-0.2,,78,,0,,27,,4,,,,101.99,,,,,,NA
-123.16,49.78,SQUAMISH AIRPORT,10476F0,3/29/2021 18:00,2021,3,29,18:00,5.7,,-0.3,,65,,0,,33,,4,,,,102,,,,,,NA
-123.16,49.78,SQUAMISH AIRPORT,10476F0,3/29/2021 19:00,2021,3,29,19:00,7.1,,-2.2,,51,,0,,33,,5,,,,102.03,,,,,,NA
-123.16,49.78,SQUAMISH AIRPORT,10476F0,3/29/2021 20:00,2021,3,29,20:00,9.5,,-2.8,,42,,0,,34,,5,,,,101.99,,,,,,NA
-123.16,49.78,SQUAMISH AIRPORT,10476F0,3/29/2021 21:00,2021,3,29,21:00,11.2,,-6.1,,29,,0,,32,,7,,,,101.94,,,,,,NA
-123.16,49.78,SQUAMISH AIRPORT,10476F0,3/29/2021 22:00,2021,3,29,22:00,11.5,,-7.6,,25,,0,,24,,5,,,,101.96,,,,,,NA
-123.16,49.78,SQUAMISH AIRPORT,10476F0,3/29/2021 23:00,2021,3,29,23:00,11.9,,-7.6,,25,,0,,24,,10,,,,101.91,,,,,,NA
-123.16,49.78,SQUAMISH AIRPORT,10476F0,3/30/2021 0:00,2021,3,30,0:00,11.4,,-7.6,,26,,0,,25,,7,,,,101.9,,,,,,NA
-123.16,49.78,SQUAMISH AIRPORT,10476F0,3/30/2021 1:00,2021,3,30,1:00,8.9,,-5,,37,,0,,19,,5,,,,101.9,,,,,,NA
-123.16,49.78,SQUAMISH AIRPORT,10476F0,3/30/2021 2:00,2021,3,30,2:00,6,,-0.4,,63,,0,,,,0,,,,101.92,,,,,,NA
-123.16,49.78,SQUAMISH AIRPORT,10476F0,3/30/2021 3:00,2021,3,30,3:00,3.3,,-0.5,,76,,0,,5,,2,,,,101.96,,,,,,NA
-123.16,49.78,SQUAMISH AIRPORT,10476F0,3/30/2021 4:00,2021,3,30,4:00,1.6,,-0.1,,89,,0,,0,,1,,,,102.01,,,,,,NA
-123.16,49.78,SQUAMISH AIRPORT,10476F0,3/30/2021 5:00,2021,3,30,5:00,0.9,,-0.2,,92,,0,,0,,1,,,,102.07,,,,,,NA
-123.16,49.78,SQUAMISH AIRPORT,10476F0,3/30/2021 6:00,2021,3,30,6:00,0.5,,-1.5,,87,,0,,4,,4,,,,102.09,,,,,,NA
-123.16,49.78,SQUAMISH AIRPORT,10476F0,3/30/2021 7:00,2021,3,30,7:00,-0.7,,-1.9,,92,,0,,7,,1,,,,102.12,,,,-1,,NA
-123.16,49.78,SQUAMISH AIRPORT,10476F0,3/30/2021 8:00,2021,3,30,8:00,-0.8,,-1.9,,93,,0,,4,,2,,,,102.14,,,,-1,,NA
-123.16,49.78,SQUAMISH AIRPORT,10476F0,3/30/2021 9:00,2021,3,30,9:00,-1.5,,-2.1,,96,,0,,35,,2,,,,102.15,,,,-2,,NA
-123.16,49.78,SQUAMISH AIRPORT,10476F0,3/30/2021 10:00,2021,3,30,10:00,-1.7,,-2.5,,94,,0,,0,,1,,,,102.16,,,,-2,,NA
-123.16,49.78,SQUAMISH AIRPORT,10476F0,3/30/2021 11:00,2021,3,30,11:00,-1.7,,-2.4,,95,,0,,3,,2,,,,102.23,,,,-2,,NA
-123.16,49.78,SQUAMISH AIRPORT,10476F0,3/30/2021 12:00,2021,3,30,12:00,-1.8,,-2.4,,96,,0,,3,,2,,,,102.28,,,,-3,,NA
-123.16,49.78,SQUAMISH AIRPORT,10476F0,3/30/2021 13:00,2021,3,30,13:00,-2.1,,-2.7,,96,,0,,5,,3,,,,102.37,,,,-3,,NA
-123.16,49.78,SQUAMISH AIRPORT,10476F0,3/30/2021 14:00,2021,3,30,14:00,-2.3,,-2.9,,96,,0,,2,,1,,,,102.43,,,,-3,,NA
-123.16,49.78,SQUAMISH AIRPORT,10476F0,3/30/2021 15:00,2021,3,30,15:00,-1.6,,-2.1,,96,,0,,2,,2,,,,102.48,,,,-2,,NA
-123.16,49.78,SQUAMISH AIRPORT,10476F0,3/30/2021 16:00,2021,3,30,16:00,1.1,,-0.6,,88,,0,,32,,4,,,,102.49,,,,,,NA
-123.16,49.78,SQUAMISH AIRPORT,10476F0,3/30/2021 17:00,2021,3,30,17:00,4.1,,-0.7,,71,,0,,33,,4,,,,102.49,,,,,,NA
-123.16,49.78,SQUAMISH AIRPORT,10476F0,3/30/2021 18:00,2021,3,30,18:00,6.5,,-3.8,,48,,0,,28,,5,,,,102.5,,,,,,NA
-123.16,49.78,SQUAMISH AIRPORT,10476F0,3/30/2021 19:00,2021,3,30,19:00,8.8,,-3.3,,42,,0,,17,,4,,,,102.47,,,,,,NA
-123.16,49.78,SQUAMISH AIRPORT,10476F0,3/30/2021 20:00,2021,3,30,20:00,10.3,,-1.6,,43,,0,,15,,7,,,,102.42,,,,,,NA
-123.16,49.78,SQUAMISH AIRPORT,10476F0,3/30/2021 21:00,2021,3,30,21:00,10.9,,-1.4,,42,,0,,16,,14,,,,102.43,,,,,,NA
-123.16,49.78,SQUAMISH AIRPORT,10476F0,3/30/2021 22:00,2021,3,30,22:00,11.2,,-1,,43,,0,,17,,16,,,,102.4,,,,,,NA
-123.16,49.78,SQUAMISH AIRPORT,10476F0,3/30/2021 23:00,2021,3,30,23:00,11.4,,-0.6,,44,,0,,15,,11,,,,102.38,,,,,,NA
-123.16,49.78,SQUAMISH AIRPORT,10476F0,3/31/2021 0:00,2021,3,31,0:00,10.2,,0.2,,50,,0,,16,,14,,,,102.4,,,,,,NA
-123.16,49.78,SQUAMISH AIRPORT,10476F0,3/31/2021 1:00,2021,3,31,1:00,8.8,,0.6,,56,,0,,13,,9,,,,102.41,,,,,,NA
-123.16,49.78,SQUAMISH AIRPORT,10476F0,3/31/2021 2:00,2021,3,31,2:00,7.9,,0.9,,61,,0,,15,,7,,,,102.43,,,,,,NA
-123.16,49.78,SQUAMISH AIRPORT,10476F0,3/31/2021 3:00,2021,3,31,3:00,6.1,,1.2,,71,,0,,15,,1,,,,102.44,,,,,,NA
-123.16,49.78,SQUAMISH AIRPORT,10476F0,3/31/2021 4:00,2021,3,31,4:00,4,,1.8,,86,,0,,5,,2,,,,102.51,,,,,,NA
-123.16,49.78,SQUAMISH AIRPORT,10476F0,3/31/2021 5:00,2021,3,31,5:00,2.7,,1.1,,89,,0,,9,,2,,,,102.56,,,,,,NA
-123.16,49.78,SQUAMISH AIRPORT,10476F0,3/31/2021 6:00,2021,3,31,6:00,1.5,,0.4,,93,,0,,6,,2,,,,102.58,,,,,,NA
-123.16,49.78,SQUAMISH AIRPORT,10476F0,3/31/2021 7:00,2021,3,31,7:00,1.4,,0.4,,93,,0,,6,,2,,,,102.6,,,,,,NA
-123.16,49.78,SQUAMISH AIRPORT,10476F0,3/31/2021 8:00,2021,3,31,8:00,1.5,,0.3,,92,,0,,3,,5,,,,102.6,,,,,,NA
-123.16,49.78,SQUAMISH AIRPORT,10476F0,3/31/2021 9:00,2021,3,31,9:00,1.1,,0,,92,,0,,3,,5,,,,102.6,,,,,,NA
-123.16,49.78,SQUAMISH AIRPORT,10476F0,3/31/2021 10:00,2021,3,31,10:00,-0.1,,-0.6,,96,,0,,2,,1,,,,102.6,,,,0,,NA
-123.16,49.78,SQUAMISH AIRPORT,10476F0,3/31/2021 11:00,2021,3,31,11:00,-0.1,,-0.5,,97,,0,,0,,1,,,,102.55,,,,0,,NA
-123.16,49.78,SQUAMISH AIRPORT,10476F0,3/31/2021 12:00,2021,3,31,12:00,-0.3,,-0.7,,97,,0,,3,,2,,,,102.51,,,,-1,,NA
-123.16,49.78,SQUAMISH AIRPORT,10476F0,3/31/2021 13:00,2021,3,31,13:00,-1.3,,-1.9,,95,,0,,0,,1,,,,102.46,,,,-2,,NA
-123.16,49.78,SQUAMISH AIRPORT,10476F0,3/31/2021 14:00,2021,3,31,14:00,-1.3,,-1.8,,97,,0,,,,0,,,,102.43,,,,,,NA
-123.16,49.78,SQUAMISH AIRPORT,10476F0,3/31/2021 15:00,2021,3,31,15:00,-0.7,,-1.2,,96,,0,,0,,1,,,,102.44,,,,-1,,NA
-123.16,49.78,SQUAMISH AIRPORT,10476F0,3/31/2021 16:00,2021,3,31,16:00,2.4,,1.1,,92,,0,,33,,5,,,,102.38,,,,,,NA
-123.16,49.78,SQUAMISH AIRPORT,10476F0,3/31/2021 17:00,2021,3,31,17:00,5.3,,1.1,,74,,0,,33,,5,,,,102.29,,,,,,NA
-123.16,49.78,SQUAMISH AIRPORT,10476F0,3/31/2021 18:00,2021,3,31,18:00,8,,0.1,,57,,0,,33,,6,,,,102.18,,,,,,NA
-123.16,49.78,SQUAMISH AIRPORT,10476F0,3/31/2021 19:00,2021,3,31,19:00,11,,0.5,,48,,0,,28,,3,,,,102.03,,,,,,NA
-123.16,49.78,SQUAMISH AIRPORT,10476F0,3/31/2021 20:00,2021,3,31,20:00,12.5,,0.1,,42,,0,,26,,5,,,,101.89,,,,,,NA
-123.16,49.78,SQUAMISH AIRPORT,10476F0,3/31/2021 21:00,2021,3,31,21:00,14.5,,1,,40,,0,,18,,6,,,,101.77,,,,,,NA
-123.16,49.78,SQUAMISH AIRPORT,10476F0,3/31/2021 22:00,2021,3,31,22:00,14.9,,2.1,,42,,0,,17,,11,,,,101.66,,,,,,NA
-123.16,49.78,SQUAMISH AIRPORT,10476F0,3/31/2021 23:00,2021,3,31,23:00,13.7,,1.3,,43,,0,,17,,11,,,,101.55,,,,,,NA
-123.16,49.78,SQUAMISH AIRPORT,10476F0,4/1/2021 0:00,2021,4,1,0:00,12.4,,1.5,,47,,0,,18,,13,,,,101.44,,,,,,NA
-123.16,49.78,SQUAMISH AIRPORT,10476F0,4/1/2021 1:00,2021,4,1,1:00,11.1,,2,,53,,0,,14,,8,,,,101.32,,,,,,NA
-123.16,49.78,SQUAMISH AIRPORT,10476F0,4/1/2021 2:00,2021,4,1,2:00,10,,2.3,,58,,0,,15,,5,,,,101.24,,,,,,NA
-123.16,49.78,SQUAMISH AIRPORT,10476F0,4/1/2021 3:00,2021,4,1,3:00,8,,3.3,,72,,0,,9,,2,,,,101.17,,,,,,NA
-123.16,49.78,SQUAMISH AIRPORT,10476F0,4/1/2021 4:00,2021,4,1,4:00,6.9,,3.8,,81,,0,,5,,1,,,,101.09,,,,,,NA
-123.16,49.78,SQUAMISH AIRPORT,10476F0,4/1/2021 5:00,2021,4,1,5:00,6.5,,4.1,,84,,0,,5,,4,,,,101.01,,,,,,NA
-123.16,49.78,SQUAMISH AIRPORT,10476F0,4/1/2021 6:00,2021,4,1,6:00,5.9,,3.8,,87,,0,,0,,1,,,,100.94,,,,,,NA
-123.16,49.78,SQUAMISH AIRPORT,10476F0,4/1/2021 7:00,2021,4,1,7:00,5.5,,3.8,,89,,0,,0,,1,,,,100.87,,,,,,NA
-123.16,49.78,SQUAMISH AIRPORT,10476F0,4/1/2021 8:00,2021,4,1,8:00,5,,3.6,,91,,0,,6,,3,,,,100.8,,,,,,NA
-123.16,49.78,SQUAMISH AIRPORT,10476F0,4/1/2021 9:00,2021,4,1,9:00,4.6,,3.5,,93,,0,,5,,3,,,,100.75,,,,,,NA
-123.16,49.78,SQUAMISH AIRPORT,10476F0,4/1/2021 10:00,2021,4,1,10:00,4.4,,3.5,,94,,0,,4,,2,,,,100.65,,,,,,NA
-123.16,49.78,SQUAMISH AIRPORT,10476F0,4/1/2021 11:00,2021,4,1,11:00,3.8,,2.8,,93,,0,,0,,1,,,,100.61,,,,,,NA
-123.16,49.78,SQUAMISH AIRPORT,10476F0,4/1/2021 12:00,2021,4,1,12:00,3.8,,3,,94,,0,,3,,1,,,,100.57,,,,,,NA
-123.16,49.78,SQUAMISH AIRPORT,10476F0,4/1/2021 13:00,2021,4,1,13:00,4,,3.1,,94,,0,,2,,1,,,,100.52,,,,,,NA
-123.16,49.78,SQUAMISH AIRPORT,10476F0,4/1/2021 14:00,2021,4,1,14:00,4.1,,3.2,,94,,0,,3,,3,,,,100.52,,,,,,NA
-123.16,49.78,SQUAMISH AIRPORT,10476F0,4/1/2021 15:00,2021,4,1,15:00,4.2,,3.3,,94,,0,,10,,1,,,,100.52,,,,,,NA
-123.16,49.78,SQUAMISH AIRPORT,10476F0,4/1/2021 16:00,2021,4,1,16:00,4.9,,3.6,,91,,0,,35,,4,,,,100.55,,,,,,NA
-123.16,49.78,SQUAMISH AIRPORT,10476F0,4/1/2021 17:00,2021,4,1,17:00,5.9,,4,,87,,0,,31,,2,,,,100.6,,,,,,NA
-123.16,49.78,SQUAMISH AIRPORT,10476F0,4/1/2021 18:00,2021,4,1,18:00,7.4,,4.5,,82,,0,,24,,2,,,,100.65,,,,,,NA
-123.16,49.78,SQUAMISH AIRPORT,10476F0,4/1/2021 19:00,2021,4,1,19:00,9.8,,4.4,,69,,0,,24,,1,,,,100.63,,,,,,NA
-123.16,49.78,SQUAMISH AIRPORT,10476F0,4/1/2021 20:00,2021,4,1,20:00,11.2,,4,,61,,0,,20,,5,,,,100.62,,,,,,NA
-123.16,49.78,SQUAMISH AIRPORT,10476F0,4/1/2021 21:00,2021,4,1,21:00,11.6,,3.1,,56,,0,,16,,11,,,,100.57,,,,,,NA
-123.16,49.78,SQUAMISH AIRPORT,10476F0,4/1/2021 22:00,2021,4,1,22:00,13.2,,3.3,,51,,0,,14,,14,,,,100.54,,,,,,NA
-123.16,49.78,SQUAMISH AIRPORT,10476F0,4/1/2021 23:00,2021,4,1,23:00,13.3,,1.3,,44,,0,,16,,15,,,,100.5,,,,,,NA
-123.16,49.78,SQUAMISH AIRPORT,10476F0,4/2/2021 0:00,2021,4,2,0:00,13.2,,1.2,,44,,0,,16,,17,,,,100.47,,,,,,NA
-123.16,49.78,SQUAMISH AIRPORT,10476F0,4/2/2021 1:00,2021,4,2,1:00,12,,1.4,,48,,0,,16,,12,,,,100.45,,,,,,NA
-123.16,49.78,SQUAMISH AIRPORT,10476F0,4/2/2021 2:00,2021,4,2,2:00,10.8,,1.7,,53,,0,,12,,11,,,,100.44,,,,,,NA
-123.16,49.78,SQUAMISH AIRPORT,10476F0,4/2/2021 3:00,2021,4,2,3:00,10.4,,1.1,,53,,0,,11,,9,,,,100.49,,,,,,NA
-123.16,49.78,SQUAMISH AIRPORT,10476F0,4/2/2021 4:00,2021,4,2,4:00,10,,1.2,,54,,0,,13,,11,,,,100.56,,,,,,NA
-123.16,49.78,SQUAMISH AIRPORT,10476F0,4/2/2021 5:00,2021,4,2,5:00,7.3,,3.6,,77,,0,,15,,4,,,,100.61,,,,,,NA
-123.16,49.78,SQUAMISH AIRPORT,10476F0,4/2/2021 6:00,2021,4,2,6:00,8.4,,2.7,,67,,0,,15,,10,,,,100.64,,,,,,NA
-123.16,49.78,SQUAMISH AIRPORT,10476F0,4/2/2021 7:00,2021,4,2,7:00,6.4,,5.3,,93,,1,,9,,6,,,,100.67,,,,,,NA
-123.16,49.78,SQUAMISH AIRPORT,10476F0,4/2/2021 8:00,2021,4,2,8:00,5.5,,5,,96,,0.1,,0,,1,,,,100.71,,,,,,NA
-123.16,49.78,SQUAMISH AIRPORT,10476F0,4/2/2021 9:00,2021,4,2,9:00,5.6,,5.2,,97,,0,,5,,3,,,,100.72,,,,,,NA
-123.16,49.78,SQUAMISH AIRPORT,10476F0,4/2/2021 10:00,2021,4,2,10:00,5.3,,5,,98,,0,,6,,3,,,,100.71,,,,,,NA
-123.16,49.78,SQUAMISH AIRPORT,10476F0,4/2/2021 11:00,2021,4,2,11:00,5,,4.6,,98,,0,,,,0,,,,100.75,,,,,,NA
-123.16,49.78,SQUAMISH AIRPORT,10476F0,4/2/2021 12:00,2021,4,2,12:00,4.9,,4.6,,98,,0,,2,,1,,,,100.78,,,,,,NA
-123.16,49.78,SQUAMISH AIRPORT,10476F0,4/2/2021 13:00,2021,4,2,13:00,4.5,,4.2,,98,,0,,,,0,,,,100.81,,,,,,NA
-123.16,49.78,SQUAMISH AIRPORT,10476F0,4/2/2021 14:00,2021,4,2,14:00,4.3,,4,,98,,0,,33,,1,,,,100.86,,,,,,NA
-123.16,49.78,SQUAMISH AIRPORT,10476F0,4/2/2021 15:00,2021,4,2,15:00,7.1,,4.2,,81,,0,,15,,10,,,,100.88,,,,,,NA
-123.16,49.78,SQUAMISH AIRPORT,10476F0,4/2/2021 16:00,2021,4,2,16:00,7.6,,3.2,,74,,0,,14,,11,,,,100.92,,,,,,NA
-123.16,49.78,SQUAMISH AIRPORT,10476F0,4/2/2021 17:00,2021,4,2,17:00,8.9,,2.6,,64,,0,,15,,12,,,,100.98,,,,,,NA
-123.16,49.78,SQUAMISH AIRPORT,10476F0,4/2/2021 18:00,2021,4,2,18:00,8.9,,2.2,,63,,0,,15,,13,,,,101.02,,,,,,NA
-123.16,49.78,SQUAMISH AIRPORT,10476F0,4/2/2021 19:00,2021,4,2,19:00,9.3,,2.3,,61,,0,,15,,13,,,,101.07,,,,,,NA
-123.16,49.78,SQUAMISH AIRPORT,10476F0,4/2/2021 20:00,2021,4,2,20:00,9.4,,1.7,,59,,0,,14,,17,,,,101.13,,,,,,NA
-123.16,49.78,SQUAMISH AIRPORT,10476F0,4/2/2021 21:00,2021,4,2,21:00,9.8,,2.1,,59,,0,,15,,15,,,,101.15,,,,,,NA
-123.16,49.78,SQUAMISH AIRPORT,10476F0,4/2/2021 22:00,2021,4,2,22:00,9.9,,2.3,,59,,0,,15,,15,,,,101.17,,,,,,NA
-123.16,49.78,SQUAMISH AIRPORT,10476F0,4/2/2021 23:00,2021,4,2,23:00,9.8,,1.3,,55,,0,,15,,16,,,,101.2,,,,,,NA
-123.16,49.78,SQUAMISH AIRPORT,10476F0,4/3/2021 0:00,2021,4,3,0:00,10.5,,1,,52,,0,,14,,10,,,,101.19,,,,,,NA
-123.16,49.78,SQUAMISH AIRPORT,10476F0,4/3/2021 1:00,2021,4,3,1:00,10.2,,1.2,,53,,0,,16,,9,,,,101.2,,,,,,NA
-123.16,49.78,SQUAMISH AIRPORT,10476F0,4/3/2021 2:00,2021,4,3,2:00,9.2,,0.3,,54,,0,,14,,8,,,,101.23,,,,,,NA
-123.16,49.78,SQUAMISH AIRPORT,10476F0,4/3/2021 3:00,2021,4,3,3:00,8.3,,0.2,,56,,0,,14,,6,,,,101.26,,,,,,NA
-123.16,49.78,SQUAMISH AIRPORT,10476F0,4/3/2021 4:00,2021,4,3,4:00,5.8,,0.9,,71,,0,,2,,3,,,,101.32,,,,,,NA
-123.16,49.78,SQUAMISH AIRPORT,10476F0,4/3/2021 5:00,2021,4,3,5:00,3.8,,1.6,,85,,0,,0,,1,,,,101.37,,,,,,NA
-123.16,49.78,SQUAMISH AIRPORT,10476F0,4/3/2021 6:00,2021,4,3,6:00,3.6,,1.6,,87,,0,,2,,5,,,,101.37,,,,,,NA
-123.16,49.78,SQUAMISH AIRPORT,10476F0,4/3/2021 7:00,2021,4,3,7:00,3.6,,1.3,,85,,0,,2,,5,,,,101.41,,,,,,NA
-123.16,49.78,SQUAMISH AIRPORT,10476F0,4/3/2021 8:00,2021,4,3,8:00,3.8,,1,,82,,0,,2,,4,,,,101.42,,,,,,NA
-123.16,49.78,SQUAMISH AIRPORT,10476F0,4/3/2021 9:00,2021,4,3,9:00,3.7,,1.7,,86,,0,,0,,1,,,,101.42,,,,,,NA
-123.16,49.78,SQUAMISH AIRPORT,10476F0,4/3/2021 10:00,2021,4,3,10:00,3.9,,1.5,,85,,0,,0,,1,,,,101.35,,,,,,NA
-123.16,49.78,SQUAMISH AIRPORT,10476F0,4/3/2021 11:00,2021,4,3,11:00,4.2,,1.5,,83,,0,,25,,2,,,,101.43,,,,,,NA
-123.16,49.78,SQUAMISH AIRPORT,10476F0,4/3/2021 12:00,2021,4,3,12:00,3.7,,2.6,,93,,0.1,,,,0,,,,101.38,,,,,,NA
-123.16,49.78,SQUAMISH AIRPORT,10476F0,4/3/2021 13:00,2021,4,3,13:00,3.5,,2.8,,95,,0.4,,36,,4,,,,101.4,,,,,,NA
-123.16,49.78,SQUAMISH AIRPORT,10476F0,4/3/2021 14:00,2021,4,3,14:00,3.3,,2.9,,97,,1,,34,,2,,,,101.4,,,,,,NA
-123.16,49.78,SQUAMISH AIRPORT,10476F0,4/3/2021 15:00,2021,4,3,15:00,3.7,,3.3,,98,,2.1,,2,,4,,,,101.4,,,,,,NA
-123.16,49.78,SQUAMISH AIRPORT,10476F0,4/3/2021 16:00,2021,4,3,16:00,3.7,,3.2,,96,,3.1,,0,,1,,,,101.41,,,,,,NA
-123.16,49.78,SQUAMISH AIRPORT,10476F0,4/3/2021 17:00,2021,4,3,17:00,4.1,,3.2,,94,,2.9,,32,,1,,,,101.42,,,,,,NA
-123.16,49.78,SQUAMISH AIRPORT,10476F0,4/3/2021 18:00,2021,4,3,18:00,4.5,,3.8,,95,,1.5,,0,,1,,,,101.43,,,,,,NA
-123.16,49.78,SQUAMISH AIRPORT,10476F0,4/3/2021 19:00,2021,4,3,19:00,4.6,,3.8,,94,,0.9,,31,,1,,,,101.4,,,,,,NA
-123.16,49.78,SQUAMISH AIRPORT,10476F0,4/3/2021 20:00,2021,4,3,20:00,5,,4.5,,96,,0.8,,36,,1,,,,101.35,,,,,,NA
-123.16,49.78,SQUAMISH AIRPORT,10476F0,4/3/2021 21:00,2021,4,3,21:00,5.6,,5.1,,97,,0.2,,31,,1,,,,101.32,,,,,,NA
-123.16,49.78,SQUAMISH AIRPORT,10476F0,4/3/2021 22:00,2021,4,3,22:00,7,,6.3,,95,,1,,16,,12,,,,101.29,,,,,,NA
-123.16,49.78,SQUAMISH AIRPORT,10476F0,4/3/2021 23:00,2021,4,3,23:00,6.8,,6.2,,96,,0.5,,15,,13,,,,101.24,,,,,,NA
-123.16,49.78,SQUAMISH AIRPORT,10476F0,4/4/2021 0:00,2021,4,4,0:00,7.8,,6.9,,94,,1.4,,14,,13,,,,101.23,,,,,,NA
-123.16,49.78,SQUAMISH AIRPORT,10476F0,4/4/2021 1:00,2021,4,4,1:00,8.2,,7.2,,93,,1.2,,16,,6,,,,101.22,,,,,,NA
-123.16,49.78,SQUAMISH AIRPORT,10476F0,4/4/2021 2:00,2021,4,4,2:00,7.7,,7.1,,97,,0.1,,30,,2,,,,101.23,,,,,,NA
-123.16,49.78,SQUAMISH AIRPORT,10476F0,4/4/2021 3:00,2021,4,4,3:00,6.9,,6.5,,97,,0,,36,,3,,,,101.24,,,,,,NA
-123.16,49.78,SQUAMISH AIRPORT,10476F0,4/4/2021 4:00,2021,4,4,4:00,6.5,,6.2,,98,,0,,3,,2,,,,101.25,,,,,,NA
-123.16,49.78,SQUAMISH AIRPORT,10476F0,4/4/2021 5:00,2021,4,4,5:00,8.1,,6.3,,88,,0,,15,,10,,,,101.24,,,,,,NA
-123.16,49.78,SQUAMISH AIRPORT,10476F0,4/4/2021 6:00,2021,4,4,6:00,8.2,,6,,86,,0,,15,,10,,,,101.26,,,,,,NA
-123.16,49.78,SQUAMISH AIRPORT,10476F0,4/4/2021 7:00,2021,4,4,7:00,6.6,,5.5,,92,,0,,18,,3,,,,101.36,,,,,,NA
-123.16,49.78,SQUAMISH AIRPORT,10476F0,4/4/2021 8:00,2021,4,4,8:00,5.8,,5.2,,96,,0.1,,2,,3,,,,101.38,,,,,,NA
-123.16,49.78,SQUAMISH AIRPORT,10476F0,4/4/2021 9:00,2021,4,4,9:00,5.4,,4.8,,96,,0,,8,,2,,,,101.47,,,,,,NA
-123.16,49.78,SQUAMISH AIRPORT,10476F0,4/4/2021 10:00,2021,4,4,10:00,3.7,,3.3,,97,,0,,5,,5,,,,101.45,,,,,,NA
-123.16,49.78,SQUAMISH AIRPORT,10476F0,4/4/2021 11:00,2021,4,4,11:00,2.4,,2.1,,98,,0,,5,,3,,,,101.47,,,,,,NA
-123.16,49.78,SQUAMISH AIRPORT,10476F0,4/4/2021 12:00,2021,4,4,12:00,3.6,,3.4,,99,,0,,2,,6,,,,101.5,,,,,,NA
-123.16,49.78,SQUAMISH AIRPORT,10476F0,4/4/2021 13:00,2021,4,4,13:00,3.1,,2.6,,97,,0,,35,,4,,,,101.53,,,,,,NA
-123.16,49.78,SQUAMISH AIRPORT,10476F0,4/4/2021 14:00,2021,4,4,14:00,2.1,,1.5,,96,,0,,2,,3,,,,101.6,,,,,,NA
-123.16,49.78,SQUAMISH AIRPORT,10476F0,4/4/2021 15:00,2021,4,4,15:00,2.4,,1.9,,96,,0,,36,,4,,,,101.66,,,,,,NA
-123.16,49.78,SQUAMISH AIRPORT,10476F0,4/4/2021 16:00,2021,4,4,16:00,4.3,,2.5,,88,,0,,1,,6,,,,101.68,,,,,,NA
-123.16,49.78,SQUAMISH AIRPORT,10476F0,4/4/2021 17:00,2021,4,4,17:00,6.3,,0.9,,68,,0,,31,,5,,,,101.67,,,,,,NA
-123.16,49.78,SQUAMISH AIRPORT,10476F0,4/4/2021 18:00,2021,4,4,18:00,8.9,,0,,54,,0,,27,,6,,,,101.65,,,,,,NA
-123.16,49.78,SQUAMISH AIRPORT,10476F0,4/4/2021 19:00,2021,4,4,19:00,10.6,,-2.1,,41,,0,,30,,8,,,,101.65,,,,,,NA
-123.16,49.78,SQUAMISH AIRPORT,10476F0,4/4/2021 20:00,2021,4,4,20:00,10.7,,-3.8,,36,,0,,32,,10,,,,101.67,,,,,,NA
-123.16,49.78,SQUAMISH AIRPORT,10476F0,4/4/2021 21:00,2021,4,4,21:00,12.7,,-4.3,,30,,0,,29,,8,,,,101.65,,,,,,NA
-123.16,49.78,SQUAMISH AIRPORT,10476F0,4/4/2021 22:00,2021,4,4,22:00,12.6,,-6.2,,26,,0,,29,,8,,,,101.65,,,,,,NA
-123.16,49.78,SQUAMISH AIRPORT,10476F0,4/4/2021 23:00,2021,4,4,23:00,12.4,,-5.4,,29,,0,,31,,7,,,,101.63,,,,,,NA
-123.16,49.78,SQUAMISH AIRPORT,10476F0,4/5/2021 0:00,2021,4,5,0:00,11.7,,-2.1,,38,,0,,15,,11,,,,101.63,,,,,,NA
-123.16,49.78,SQUAMISH AIRPORT,10476F0,4/5/2021 1:00,2021,4,5,1:00,10.3,,-0.3,,48,,0,,14,,10,,,,101.63,,,,,,NA
-123.16,49.78,SQUAMISH AIRPORT,10476F0,4/5/2021 2:00,2021,4,5,2:00,8.7,,-0.2,,54,,0,,15,,5,,,,101.64,,,,,,NA
-123.16,49.78,SQUAMISH AIRPORT,10476F0,4/5/2021 3:00,2021,4,5,3:00,5.1,,1.6,,78,,0,,9,,1,,,,101.67,,,,,,NA
-123.16,49.78,SQUAMISH AIRPORT,10476F0,4/5/2021 4:00,2021,4,5,4:00,3.6,,1.6,,87,,0,,0,,1,,,,101.73,,,,,,NA
-123.16,49.78,SQUAMISH AIRPORT,10476F0,4/5/2021 5:00,2021,4,5,5:00,2.4,,0.8,,89,,0,,5,,3,,,,101.77,,,,,,NA
-123.16,49.78,SQUAMISH AIRPORT,10476F0,4/5/2021 6:00,2021,4,5,6:00,2.3,,0.9,,90,,0,,1,,4,,,,101.78,,,,,,NA
-123.16,49.78,SQUAMISH AIRPORT,10476F0,4/5/2021 7:00,2021,4,5,7:00,1.4,,0,,91,,0,,1,,3,,,,101.79,,,,,,NA
-123.16,49.78,SQUAMISH AIRPORT,10476F0,4/5/2021 8:00,2021,4,5,8:00,0.8,,-0.3,,92,,0,,3,,3,,,,101.8,,,,,,NA
-123.16,49.78,SQUAMISH AIRPORT,10476F0,4/5/2021 9:00,2021,4,5,9:00,-0.4,,-1.3,,94,,0,,10,,1,,,,101.8,,,,-1,,NA
-123.16,49.78,SQUAMISH AIRPORT,10476F0,4/5/2021 10:00,2021,4,5,10:00,-0.5,,-1.2,,95,,0,,5,,3,,,,101.78,,,,-1,,NA
-123.16,49.78,SQUAMISH AIRPORT,10476F0,4/5/2021 11:00,2021,4,5,11:00,-1,,-1.6,,95,,0,,3,,2,,,,101.77,,,,-2,,NA
-123.16,49.78,SQUAMISH AIRPORT,10476F0,4/5/2021 12:00,2021,4,5,12:00,-1.6,,-2.2,,95,,0,,0,,1,,,,101.8,,,,-2,,NA
-123.16,49.78,SQUAMISH AIRPORT,10476F0,4/5/2021 13:00,2021,4,5,13:00,-1.5,,-2.2,,95,,0,,4,,3,,,,101.81,,,,-3,,NA
-123.16,49.78,SQUAMISH AIRPORT,10476F0,4/5/2021 14:00,2021,4,5,14:00,-1.6,,-2.1,,96,,0,,2,,2,,,,101.84,,,,-2,,NA
-123.16,49.78,SQUAMISH AIRPORT,10476F0,4/5/2021 15:00,2021,4,5,15:00,-0.8,,-1.2,,97,,0,,2,,1,,,,101.85,,,,-1,,NA
-123.16,49.78,SQUAMISH AIRPORT,10476F0,4/5/2021 16:00,2021,4,5,16:00,2.8,,-0.8,,77,,0,,36,,3,,,,101.83,,,,,,NA
-123.16,49.78,SQUAMISH AIRPORT,10476F0,4/5/2021 17:00,2021,4,5,17:00,5.7,,-1,,62,,0,,36,,3,,,,101.79,,,,,,NA
-123.16,49.78,SQUAMISH AIRPORT,10476F0,4/5/2021 18:00,2021,4,5,18:00,8.5,,-1.9,,48,,0,,31,,4,,,,101.74,,,,,,NA
-123.16,49.78,SQUAMISH AIRPORT,10476F0,4/5/2021 19:00,2021,4,5,19:00,10.6,,-1.8,,42,,0,,18,,9,,,,101.64,,,,,,NA
-123.16,49.78,SQUAMISH AIRPORT,10476F0,4/5/2021 20:00,2021,4,5,20:00,10.5,,-2.5,,40,,0,,15,,11,,,,101.58,,,,,,NA
-123.16,49.78,SQUAMISH AIRPORT,10476F0,4/5/2021 21:00,2021,4,5,21:00,12.1,,0.2,,44,,0,,15,,12,,,,101.54,,,,,,NA
-123.16,49.78,SQUAMISH AIRPORT,10476F0,4/5/2021 22:00,2021,4,5,22:00,13.3,,1.1,,43,,0,,14,,10,,,,101.45,,,,,,NA
-123.16,49.78,SQUAMISH AIRPORT,10476F0,4/5/2021 23:00,2021,4,5,23:00,13.1,,1.6,,46,,0,,13,,10,,,,101.39,,,,,,NA
-123.16,49.78,SQUAMISH AIRPORT,10476F0,4/6/2021 0:00,2021,4,6,0:00,12.5,,0.7,,44,,0,,16,,13,,,,101.34,,,,,,NA
-123.16,49.78,SQUAMISH AIRPORT,10476F0,4/6/2021 1:00,2021,4,6,1:00,11.6,,0.9,,48,,0,,15,,10,,,,101.3,,,,,,NA
-123.16,49.78,SQUAMISH AIRPORT,10476F0,4/6/2021 2:00,2021,4,6,2:00,9.5,,1.2,,56,,0,,15,,9,,,,101.3,,,,,,NA
-123.16,49.78,SQUAMISH AIRPORT,10476F0,4/6/2021 3:00,2021,4,6,3:00,8.4,,1.4,,62,,0,,14,,7,,,,101.34,,,,,,NA
-123.16,49.78,SQUAMISH AIRPORT,10476F0,4/6/2021 4:00,2021,4,6,4:00,6.4,,1.7,,72,,0,,13,,4,,,,101.4,,,,,,NA
-123.16,49.78,SQUAMISH AIRPORT,10476F0,4/6/2021 5:00,2021,4,6,5:00,4.5,,2.1,,84,,0,,6,,2,,,,101.44,,,,,,NA
-123.16,49.78,SQUAMISH AIRPORT,10476F0,4/6/2021 6:00,2021,4,6,6:00,3.2,,1.8,,91,,0,,6,,1,,,,101.45,,,,,,NA
-123.16,49.78,SQUAMISH AIRPORT,10476F0,4/6/2021 7:00,2021,4,6,7:00,1.9,,1,,94,,0,,,,0,,,,101.47,,,,,,NA
-123.16,49.78,SQUAMISH AIRPORT,10476F0,4/6/2021 8:00,2021,4,6,8:00,1.2,,0.3,,93,,0,,,,0,,,,101.46,,,,,,NA
-123.16,49.78,SQUAMISH AIRPORT,10476F0,4/6/2021 9:00,2021,4,6,9:00,1,,0.4,,95,,0,,3,,3,,,,101.47,,,,,,NA
-123.16,49.78,SQUAMISH AIRPORT,10476F0,4/6/2021 10:00,2021,4,6,10:00,0.8,,0.1,,95,,0,,0,,1,,,,101.47,,,,,,NA
-123.16,49.78,SQUAMISH AIRPORT,10476F0,4/6/2021 11:00,2021,4,6,11:00,0.5,,-0.2,,95,,0,,0,,1,,,,101.48,,,,,,NA
-123.16,49.78,SQUAMISH AIRPORT,10476F0,4/6/2021 12:00,2021,4,6,12:00,-0.1,,-0.6,,96,,0,,0,,1,,,,101.5,,,,0,,NA
-123.16,49.78,SQUAMISH AIRPORT,10476F0,4/6/2021 13:00,2021,4,6,13:00,0.2,,-0.4,,96,,0,,4,,2,,,,101.5,,,,,,NA
-123.16,49.78,SQUAMISH AIRPORT,10476F0,4/6/2021 14:00,2021,4,6,14:00,-0.4,,-1,,96,,0,,36,,1,,,,101.5,,,,-1,,NA
-123.16,49.78,SQUAMISH AIRPORT,10476F0,4/6/2021 15:00,2021,4,6,15:00,0.9,,0.5,,97,,0,,0,,1,,,,101.51,,,,,,NA
-123.16,49.78,SQUAMISH AIRPORT,10476F0,4/6/2021 16:00,2021,4,6,16:00,3.9,,1.8,,86,,0,,31,,2,,,,101.5,,,,,,NA
-123.16,49.78,SQUAMISH AIRPORT,10476F0,4/6/2021 17:00,2021,4,6,17:00,6.5,,1.4,,70,,0,,28,,2,,,,101.43,,,,,,NA
-123.16,49.78,SQUAMISH AIRPORT,10476F0,4/6/2021 18:00,2021,4,6,18:00,9.2,,1.4,,58,,0,,12,,3,,,,101.39,,,,,,NA
-123.16,49.78,SQUAMISH AIRPORT,10476F0,4/6/2021 19:00,2021,4,6,19:00,11.2,,1.6,,52,,0,,17,,9,,,,101.3,,,,,,NA
-123.16,49.78,SQUAMISH AIRPORT,10476F0,4/6/2021 20:00,2021,4,6,20:00,12.4,,2.6,,51,,0,,14,,11,,,,101.21,,,,,,NA
-123.16,49.78,SQUAMISH AIRPORT,10476F0,4/6/2021 21:00,2021,4,6,21:00,14,,2.6,,46,,0,,15,,13,,,,101.15,,,,,,NA
-123.16,49.78,SQUAMISH AIRPORT,10476F0,4/6/2021 22:00,2021,4,6,22:00,14.2,,2.3,,44,,0,,16,,18,,,,101.05,,,,,,NA
-123.16,49.78,SQUAMISH AIRPORT,10476F0,4/6/2021 23:00,2021,4,6,23:00,13.7,,2.3,,46,,0,,14,,14,,,,101.01,,,,,,NA
-123.16,49.78,SQUAMISH AIRPORT,10476F0,4/7/2021 0:00,2021,4,7,0:00,13.3,,3.5,,51,,0,,14,,14,,,,100.99,,,,,,NA
-123.16,49.78,SQUAMISH AIRPORT,10476F0,4/7/2021 1:00,2021,4,7,1:00,12.3,,2.5,,51,,0,,14,,13,,,,100.96,,,,,,NA
-123.16,49.78,SQUAMISH AIRPORT,10476F0,4/7/2021 2:00,2021,4,7,2:00,11,,3.3,,59,,0,,15,,14,,,,100.95,,,,,,NA
-123.16,49.78,SQUAMISH AIRPORT,10476F0,4/7/2021 3:00,2021,4,7,3:00,9.8,,3.7,,65,,0,,15,,11,,,,100.94,,,,,,NA
-123.16,49.78,SQUAMISH AIRPORT,10476F0,4/7/2021 4:00,2021,4,7,4:00,9.3,,3.7,,68,,0,,14,,9,,,,100.96,,,,,,NA
-123.16,49.78,SQUAMISH AIRPORT,10476F0,4/7/2021 5:00,2021,4,7,5:00,8.7,,3.8,,71,,0,,15,,6,,,,100.95,,,,,,NA
-123.16,49.78,SQUAMISH AIRPORT,10476F0,4/7/2021 6:00,2021,4,7,6:00,6.8,,4.1,,83,,0,,,,0,,,,100.94,,,,,,NA
-123.16,49.78,SQUAMISH AIRPORT,10476F0,4/7/2021 7:00,2021,4,7,7:00,6.5,,4.2,,85,,0,,0,,1,,,,100.89,,,,,,NA
-123.16,49.78,SQUAMISH AIRPORT,10476F0,4/7/2021 8:00,2021,4,7,8:00,6.2,,4.1,,86,,0,,0,,1,,,,100.83,,,,,,NA
-123.16,49.78,SQUAMISH AIRPORT,10476F0,4/7/2021 9:00,2021,4,7,9:00,5.8,,3.7,,86,,0,,34,,2,,,,100.78,,,,,,NA
-123.16,49.78,SQUAMISH AIRPORT,10476F0,4/7/2021 10:00,2021,4,7,10:00,7.6,,3.3,,75,,0,,14,,9,,,,100.73,,,,,,NA
-123.16,49.78,SQUAMISH AIRPORT,10476F0,4/7/2021 11:00,2021,4,7,11:00,8.7,,3,,68,,0,,15,,11,,,,100.73,,,,,,NA
-123.16,49.78,SQUAMISH AIRPORT,10476F0,4/7/2021 12:00,2021,4,7,12:00,8.4,,3.1,,69,,0,,17,,6,,,,100.72,,,,,,NA
-123.16,49.78,SQUAMISH AIRPORT,10476F0,4/7/2021 13:00,2021,4,7,13:00,6.9,,5,,88,,0.5,,13,,7,,,,100.75,,,,,,NA
-123.16,49.78,SQUAMISH AIRPORT,10476F0,4/7/2021 14:00,2021,4,7,14:00,6.7,,4.9,,88,,1.6,,13,,18,,,,100.71,,,,,,NA
-123.16,49.78,SQUAMISH AIRPORT,10476F0,4/7/2021 15:00,2021,4,7,15:00,6.7,,5.1,,90,,0.7,,14,,13,,,,100.72,,,,,,NA
-123.16,49.78,SQUAMISH AIRPORT,10476F0,4/7/2021 16:00,2021,4,7,16:00,6.7,,5.1,,90,,0.7,,15,,13,,,,100.74,,,,,,NA
-123.16,49.78,SQUAMISH AIRPORT,10476F0,4/7/2021 17:00,2021,4,7,17:00,6.7,,5.1,,90,,0.6,,14,,13,,,,100.76,,,,,,NA
-123.16,49.78,SQUAMISH AIRPORT,10476F0,4/7/2021 18:00,2021,4,7,18:00,6.9,,5,,88,,0,,14,,13,,,,100.77,,,,,,NA
-123.16,49.78,SQUAMISH AIRPORT,10476F0,4/7/2021 19:00,2021,4,7,19:00,6.5,,4.8,,89,,0.8,,13,,14,,,,100.77,,,,,,NA
-123.16,49.78,SQUAMISH AIRPORT,10476F0,4/7/2021 20:00,2021,4,7,20:00,6.5,,5,,90,,1,,15,,14,,,,100.77,,,,,,NA
-123.16,49.78,SQUAMISH AIRPORT,10476F0,4/7/2021 21:00,2021,4,7,21:00,6.3,,4.6,,89,,1.2,,13,,14,,,,100.77,,,,,,NA
-123.16,49.78,SQUAMISH AIRPORT,10476F0,4/7/2021 22:00,2021,4,7,22:00,5.8,,4.7,,93,,2.1,,12,,14,,,,100.76,,,,,,NA
-123.16,49.78,SQUAMISH AIRPORT,10476F0,4/7/2021 23:00,2021,4,7,23:00,5.6,,4.5,,93,,2.7,,12,,12,,,,100.72,,,,,,NA
-123.16,49.78,SQUAMISH AIRPORT,10476F0,4/8/2021 0:00,2021,4,8,0:00,6.5,,3.5,,82,,0.3,,13,,14,,,,100.64,,,,,,NA
-123.16,49.78,SQUAMISH AIRPORT,10476F0,4/8/2021 1:00,2021,4,8,1:00,6.5,,3.8,,83,,0,,13,,13,,,,100.63,,,,,,NA
-123.16,49.78,SQUAMISH AIRPORT,10476F0,4/8/2021 2:00,2021,4,8,2:00,5.4,,4.6,,94,,0.5,,33,,3,,,,100.69,,,,,,NA
-123.16,49.78,SQUAMISH AIRPORT,10476F0,4/8/2021 3:00,2021,4,8,3:00,4.7,,3.5,,92,,4.7,,9,,2,,,,100.7,,,,,,NA
-123.16,49.78,SQUAMISH AIRPORT,10476F0,4/8/2021 4:00,2021,4,8,4:00,3.5,,2.7,,95,,1.3,,13,,7,,,,100.76,,,,,,NA
-123.16,49.78,SQUAMISH AIRPORT,10476F0,4/8/2021 5:00,2021,4,8,5:00,3.1,,2.5,,96,,1.4,,13,,6,,,,100.76,,,,,,NA
-123.16,49.78,SQUAMISH AIRPORT,10476F0,4/8/2021 6:00,2021,4,8,6:00,3.1,,2.7,,97,,0.5,,3,,2,,,,100.79,,,,,,NA
-123.16,49.78,SQUAMISH AIRPORT,10476F0,4/8/2021 7:00,2021,4,8,7:00,2.5,,2.2,,98,,0.1,,7,,2,,,,100.79,,,,,,NA
-123.16,49.78,SQUAMISH AIRPORT,10476F0,4/8/2021 8:00,2021,4,8,8:00,2.9,,2.6,,98,,0,,34,,2,,,,100.82,,,,,,NA
-123.16,49.78,SQUAMISH AIRPORT,10476F0,4/8/2021 9:00,2021,4,8,9:00,2.7,,2.4,,98,,0,,8,,1,,,,100.86,,,,,,NA
-123.16,49.78,SQUAMISH AIRPORT,10476F0,4/8/2021 10:00,2021,4,8,10:00,2.8,,2.6,,98,,0,,0,,1,,,,100.91,,,,,,NA
-123.16,49.78,SQUAMISH AIRPORT,10476F0,4/8/2021 11:00,2021,4,8,11:00,2.8,,2.5,,98,,0,,,,0,,,,100.96,,,,,,NA
-123.16,49.78,SQUAMISH AIRPORT,10476F0,4/8/2021 12:00,2021,4,8,12:00,3.1,,2.8,,98,,0,,0,,1,,,,101.05,,,,,,NA
-123.16,49.78,SQUAMISH AIRPORT,10476F0,4/8/2021 13:00,2021,4,8,13:00,2.8,,2.5,,98,,0,,4,,4,,,,101.13,,,,,,NA
-123.16,49.78,SQUAMISH AIRPORT,10476F0,4/8/2021 14:00,2021,4,8,14:00,2.6,,2.3,,98,,0,,1,,3,,,,101.25,,,,,,NA
-123.16,49.78,SQUAMISH AIRPORT,10476F0,4/8/2021 15:00,2021,4,8,15:00,2.7,,2.5,,98,,0,,35,,5,,,,101.36,,,,,,NA
-123.16,49.78,SQUAMISH AIRPORT,10476F0,4/8/2021 16:00,2021,4,8,16:00,4,,3.4,,96,,0,,0,,1,,,,101.46,,,,,,NA
-123.16,49.78,SQUAMISH AIRPORT,10476F0,4/8/2021 17:00,2021,4,8,17:00,7,,2.6,,74,,0,,17,,1,,,,101.55,,,,,,NA
-123.16,49.78,SQUAMISH AIRPORT,10476F0,4/8/2021 18:00,2021,4,8,18:00,8.8,,1.5,,60,,0,,0,,1,,,,101.62,,,,,,NA
-123.16,49.78,SQUAMISH AIRPORT,10476F0,4/8/2021 19:00,2021,4,8,19:00,9.7,,1.2,,55,,0,,24,,7,,,,101.65,,,,,,NA
-123.16,49.78,SQUAMISH AIRPORT,10476F0,4/8/2021 20:00,2021,4,8,20:00,10.1,,0.8,,52,,0,,15,,15,,,,101.69,,,,,,NA
-123.16,49.78,SQUAMISH AIRPORT,10476F0,4/8/2021 21:00,2021,4,8,21:00,9.7,,1.8,,58,,0,,16,,17,,,,101.73,,,,,,NA
-123.16,49.78,SQUAMISH AIRPORT,10476F0,4/8/2021 22:00,2021,4,8,22:00,10.9,,1.9,,54,,0.1,,17,,24,,,,101.73,,,,,,NA
-123.16,49.78,SQUAMISH AIRPORT,10476F0,4/8/2021 23:00,2021,4,8,23:00,10.7,,0.8,,50,,0,,16,,16,,,,101.74,,,,,,NA
-123.16,49.78,SQUAMISH AIRPORT,10476F0,4/9/2021 0:00,2021,4,9,0:00,9.5,,-0.1,,51,,0,,13,,13,,,,101.75,,,,,,NA
-123.16,49.78,SQUAMISH AIRPORT,10476F0,4/9/2021 1:00,2021,4,9,1:00,9.7,,-0.4,,50,,0,,15,,9,,,,101.74,,,,,,NA
-123.16,49.78,SQUAMISH AIRPORT,10476F0,4/9/2021 2:00,2021,4,9,2:00,7.7,,-0.2,,57,,0,,9,,3,,,,101.75,,,,,,NA
-123.16,49.78,SQUAMISH AIRPORT,10476F0,4/9/2021 3:00,2021,4,9,3:00,6.9,,-0.4,,60,,0,,15,,3,,,,101.78,,,,,,NA
-123.16,49.78,SQUAMISH AIRPORT,10476F0,4/9/2021 4:00,2021,4,9,4:00,6,,0,,65,,0,,17,,7,,,,101.81,,,,,,NA
-123.16,49.78,SQUAMISH AIRPORT,10476F0,4/9/2021 5:00,2021,4,9,5:00,4.7,,1.1,,77,,0,,3,,3,,,,101.79,,,,,,NA
-123.16,49.78,SQUAMISH AIRPORT,10476F0,4/9/2021 6:00,2021,4,9,6:00,3.9,,1.3,,83,,0,,2,,2,,,,101.73,,,,,,NA
-123.16,49.78,SQUAMISH AIRPORT,10476F0,4/9/2021 7:00,2021,4,9,7:00,4.1,,1.1,,81,,0,,4,,3,,,,101.73,,,,,,NA
-123.16,49.78,SQUAMISH AIRPORT,10476F0,4/9/2021 8:00,2021,4,9,8:00,2.4,,0.8,,89,,0,,1,,2,,,,101.69,,,,,,NA
-123.16,49.78,SQUAMISH AIRPORT,10476F0,4/9/2021 9:00,2021,4,9,9:00,2.1,,0.9,,92,,0,,0,,1,,,,101.64,,,,,,NA
-123.16,49.78,SQUAMISH AIRPORT,10476F0,4/9/2021 10:00,2021,4,9,10:00,5,,0.7,,73,,0,,16,,8,,,,101.58,,,,,,NA
-123.16,49.78,SQUAMISH AIRPORT,10476F0,4/9/2021 11:00,2021,4,9,11:00,5.5,,0.5,,70,,0,,14,,8,,,,101.54,,,,,,NA
-123.16,49.78,SQUAMISH AIRPORT,10476F0,4/9/2021 12:00,2021,4,9,12:00,5,,0.3,,72,,0,,14,,8,,,,101.46,,,,,,NA
-123.16,49.78,SQUAMISH AIRPORT,10476F0,4/9/2021 13:00,2021,4,9,13:00,5.3,,0.2,,69,,0,,14,,11,,,,101.44,,,,,,NA
-123.16,49.78,SQUAMISH AIRPORT,10476F0,4/9/2021 14:00,2021,4,9,14:00,5.4,,0.1,,69,,0,,14,,7,,,,101.42,,,,,,NA
-123.16,49.78,SQUAMISH AIRPORT,10476F0,4/9/2021 15:00,2021,4,9,15:00,5.3,,-0.4,,66,,0,,16,,13,,,,101.4,,,,,,NA
-123.16,49.78,SQUAMISH AIRPORT,10476F0,4/9/2021 16:00,2021,4,9,16:00,3.8,,1.8,,87,,0.3,,14,,9,,,,101.39,,,,,,NA
-123.16,49.78,SQUAMISH AIRPORT,10476F0,4/9/2021 17:00,2021,4,9,17:00,3.5,,1.9,,89,,0.4,,13,,9,,,,101.36,,,,,,NA
-123.16,49.78,SQUAMISH AIRPORT,10476F0,4/9/2021 18:00,2021,4,9,18:00,3.3,,2.1,,91,,1.2,,13,,10,,,,101.32,,,,,,NA
-123.16,49.78,SQUAMISH AIRPORT,10476F0,4/9/2021 19:00,2021,4,9,19:00,3.5,,2.3,,92,,1.2,,14,,12,,,,101.23,,,,,,NA
-123.16,49.78,SQUAMISH AIRPORT,10476F0,4/9/2021 20:00,2021,4,9,20:00,4,,3.1,,94,,0.9,,14,,12,,,,101.16,,,,,,NA
-123.16,49.78,SQUAMISH AIRPORT,10476F0,4/9/2021 21:00,2021,4,9,21:00,4.9,,3.3,,89,,0.6,,13,,14,,,,101.08,,,,,,NA
-123.16,49.78,SQUAMISH AIRPORT,10476F0,4/9/2021 22:00,2021,4,9,22:00,5.3,,3.3,,87,,0.5,,14,,14,,,,100.99,,,,,,NA
-123.16,49.78,SQUAMISH AIRPORT,10476F0,4/9/2021 23:00,2021,4,9,23:00,4.8,,3.1,,88,,1.3,,14,,15,,,,100.91,,,,,,NA
-123.16,49.78,SQUAMISH AIRPORT,10476F0,4/10/2021 0:00,2021,4,10,0:00,4.8,,2.8,,87,,2.4,,13,,15,,,,100.75,,,,,,NA
-123.16,49.78,SQUAMISH AIRPORT,10476F0,4/10/2021 1:00,2021,4,10,1:00,4.6,,2.9,,89,,3.9,,13,,14,,,,100.65,,,,,,NA
-123.16,49.78,SQUAMISH AIRPORT,10476F0,4/10/2021 2:00,2021,4,10,2:00,4.3,,3,,91,,2.7,,14,,12,,,,100.59,,,,,,NA
-123.16,49.78,SQUAMISH AIRPORT,10476F0,4/10/2021 3:00,2021,4,10,3:00,4.7,,3.1,,90,,2.1,,14,,13,,,,100.47,,,,,,NA
-123.16,49.78,SQUAMISH AIRPORT,10476F0,4/10/2021 4:00,2021,4,10,4:00,5,,3.6,,91,,3.3,,14,,16,,,,100.43,,,,,,NA
-123.16,49.78,SQUAMISH AIRPORT,10476F0,4/10/2021 5:00,2021,4,10,5:00,5,,4,,93,,4.4,,14,,9,,,,100.33,,,,,,NA
-123.16,49.78,SQUAMISH AIRPORT,10476F0,4/10/2021 6:00,2021,4,10,6:00,4.9,,3.4,,90,,1.8,,17,,16,,,,100.34,,,,,,NA
-123.16,49.78,SQUAMISH AIRPORT,10476F0,4/10/2021 7:00,2021,4,10,7:00,4.9,,2.8,,86,,0.5,,15,,13,,,,100.39,,,,,,NA
-123.16,49.78,SQUAMISH AIRPORT,10476F0,4/10/2021 8:00,2021,4,10,8:00,4.2,,2.2,,87,,0.5,,13,,14,,,,100.4,,,,,,NA
-123.16,49.78,SQUAMISH AIRPORT,10476F0,4/10/2021 9:00,2021,4,10,9:00,2.2,,1.3,,94,,0.3,,1,,8,,,,100.57,,,,,,NA
-123.16,49.78,SQUAMISH AIRPORT,10476F0,4/10/2021 10:00,2021,4,10,10:00,1.6,,1.2,,97,,0,,3,,3,,,,100.64,,,,,,NA
-123.16,49.78,SQUAMISH AIRPORT,10476F0,4/10/2021 11:00,2021,4,10,11:00,1.1,,0.7,,97,,0,,33,,4,,,,100.69,,,,,,NA
-123.16,49.78,SQUAMISH AIRPORT,10476F0,4/10/2021 12:00,2021,4,10,12:00,0.4,,0,,97,,0,,2,,1,,,,100.79,,,,,,NA
-123.16,49.78,SQUAMISH AIRPORT,10476F0,4/10/2021 13:00,2021,4,10,13:00,0.1,,-0.2,,98,,0,,4,,2,,,,100.9,,,,,,NA
-123.16,49.78,SQUAMISH AIRPORT,10476F0,4/10/2021 14:00,2021,4,10,14:00,-0.4,,-0.7,,98,,0,,0,,1,,,,101.02,,,,-1,,NA
-123.16,49.78,SQUAMISH AIRPORT,10476F0,4/10/2021 15:00,2021,4,10,15:00,0.1,,-0.2,,98,,0,,0,,1,,,,101.17,,,,,,NA
-123.16,49.78,SQUAMISH AIRPORT,10476F0,4/10/2021 16:00,2021,4,10,16:00,2.7,,2,,95,,0,,0,,1,,,,101.27,,,,,,NA
-123.16,49.78,SQUAMISH AIRPORT,10476F0,4/10/2021 17:00,2021,4,10,17:00,5.4,,0.5,,71,,0,,15,,2,,,,101.32,,,,,,NA
-123.16,49.78,SQUAMISH AIRPORT,10476F0,4/10/2021 18:00,2021,4,10,18:00,7.1,,-3.6,,47,,0,,16,,5,,,,101.36,,,,,,NA
-123.16,49.78,SQUAMISH AIRPORT,10476F0,4/10/2021 19:00,2021,4,10,19:00,7.6,,-2.8,,48,,0,,15,,7,,,,101.41,,,,,,NA
-123.16,49.78,SQUAMISH AIRPORT,10476F0,4/10/2021 20:00,2021,4,10,20:00,7.9,,-3.8,,43,,0,,34,,3,,,,101.48,,,,,,NA
-123.16,49.78,SQUAMISH AIRPORT,10476F0,4/10/2021 21:00,2021,4,10,21:00,5.2,,-1.1,,64,,0,,8,,7,,,,101.56,,,,,,NA
-123.16,49.78,SQUAMISH AIRPORT,10476F0,4/10/2021 22:00,2021,4,10,22:00,8.7,,-0.6,,52,,0,,16,,13,,,,101.62,,,,,,NA
-123.16,49.78,SQUAMISH AIRPORT,10476F0,4/10/2021 23:00,2021,4,10,23:00,10,,-3.8,,38,,0,,21,,8,,,,101.66,,,,,,NA
-123.16,49.78,SQUAMISH AIRPORT,10476F0,4/11/2021 0:00,2021,4,11,0:00,10.5,,-5,,33,,0,,20,,10,,,,101.68,,,,,,NA
-123.16,49.78,SQUAMISH AIRPORT,10476F0,4/11/2021 1:00,2021,4,11,1:00,10.2,,-4.2,,36,,0,,19,,9,,,,101.72,,,,,,NA
-123.16,49.78,SQUAMISH AIRPORT,10476F0,4/11/2021 2:00,2021,4,11,2:00,7.3,,-3.4,,47,,0,,31,,2,,,,101.76,,,,,,NA
-123.16,49.78,SQUAMISH AIRPORT,10476F0,4/11/2021 3:00,2021,4,11,3:00,4.6,,-2.4,,60,,0,,35,,3,,,,101.84,,,,,,NA
-123.16,49.78,SQUAMISH AIRPORT,10476F0,4/11/2021 4:00,2021,4,11,4:00,2.7,,-0.6,,79,,0,,5,,1,,,,101.91,,,,,,NA
-123.16,49.78,SQUAMISH AIRPORT,10476F0,4/11/2021 5:00,2021,4,11,5:00,0.9,,-1.2,,86,,0,,2,,4,,,,101.99,,,,,,NA
-123.16,49.78,SQUAMISH AIRPORT,10476F0,4/11/2021 6:00,2021,4,11,6:00,-0.5,,-1.5,,92,,0,,12,,2,,,,102.07,,,,-1,,NA
-123.16,49.78,SQUAMISH AIRPORT,10476F0,4/11/2021 7:00,2021,4,11,7:00,-0.6,,-1.4,,95,,0,,1,,2,,,,102.09,,,,-1,,NA
-123.16,49.78,SQUAMISH AIRPORT,10476F0,4/11/2021 8:00,2021,4,11,8:00,-1.2,,-2.1,,94,,0,,3,,3,,,,102.16,,,,-2,,NA
-123.16,49.78,SQUAMISH AIRPORT,10476F0,4/11/2021 9:00,2021,4,11,9:00,-0.8,,-1.6,,94,,0,,4,,3,,,,102.17,,,,-2,,NA
-123.16,49.78,SQUAMISH AIRPORT,10476F0,4/11/2021 10:00,2021,4,11,10:00,-1.4,,-2.2,,94,,0,,2,,2,,,,102.18,,,,-2,,NA
-123.16,49.78,SQUAMISH AIRPORT,10476F0,4/11/2021 11:00,2021,4,11,11:00,-1.5,,-2.2,,95,,0,,3,,2,,,,102.24,,,,-2,,NA
-123.16,49.78,SQUAMISH AIRPORT,10476F0,4/11/2021 12:00,2021,4,11,12:00,-2.3,,-3,,95,,0,,3,,3,,,,102.26,,,,-3,,NA
-123.16,49.78,SQUAMISH AIRPORT,10476F0,4/11/2021 13:00,2021,4,11,13:00,-2.2,,-2.8,,96,,0,,6,,3,,,,102.27,,,,-3,,NA
-123.16,49.78,SQUAMISH AIRPORT,10476F0,4/11/2021 14:00,2021,4,11,14:00,-2.6,,-3.2,,96,,0,,6,,1,,,,102.33,,,,-3,,NA
-123.16,49.78,SQUAMISH AIRPORT,10476F0,4/11/2021 15:00,2021,4,11,15:00,-0.8,,-1.8,,93,,0,,3,,2,,,,102.36,,,,-1,,NA
-123.16,49.78,SQUAMISH AIRPORT,10476F0,4/11/2021 16:00,2021,4,11,16:00,2.2,,-2.5,,71,,0,,27,,3,,,,102.35,,,,,,NA
-123.16,49.78,SQUAMISH AIRPORT,10476F0,4/11/2021 17:00,2021,4,11,17:00,4.9,,-2.8,,58,,0,,33,,2,,,,102.3,,,,,,NA
-123.16,49.78,SQUAMISH AIRPORT,10476F0,4/11/2021 18:00,2021,4,11,18:00,7,,-3.9,,46,,0,,36,,3,,,,102.28,,,,,,NA
-123.16,49.78,SQUAMISH AIRPORT,10476F0,4/11/2021 19:00,2021,4,11,19:00,8.4,,-5.2,,38,,0,,6,,3,,,,102.23,,,,,,NA
-123.16,49.78,SQUAMISH AIRPORT,10476F0,4/11/2021 20:00,2021,4,11,20:00,10.5,,-3.9,,36,,0,,18,,7,,,,102.19,,,,,,NA
-123.16,49.78,SQUAMISH AIRPORT,10476F0,4/11/2021 21:00,2021,4,11,21:00,12,,-2.4,,36,,0,,18,,11,,,,102.15,,,,,,NA
-123.16,49.78,SQUAMISH AIRPORT,10476F0,4/11/2021 22:00,2021,4,11,22:00,12,,-4.7,,31,,0,,19,,7,,,,102.11,,,,,,NA
-123.16,49.78,SQUAMISH AIRPORT,10476F0,4/11/2021 23:00,2021,4,11,23:00,12,,-4.1,,32,,0,,17,,9,,,,102.06,,,,,,NA
-123.16,49.78,SQUAMISH AIRPORT,10476F0,4/12/2021 0:00,2021,4,12,0:00,12.2,,-4.2,,32,,0,,18,,11,,,,102.02,,,,,,NA
-123.16,49.78,SQUAMISH AIRPORT,10476F0,4/12/2021 1:00,2021,4,12,1:00,11.4,,-1,,42,,0,,15,,10,,,,101.98,,,,,,NA
-123.16,49.78,SQUAMISH AIRPORT,10476F0,4/12/2021 2:00,2021,4,12,2:00,8.7,,-1.1,,50,,0,,15,,7,,,,101.98,,,,,,NA
-123.16,49.78,SQUAMISH AIRPORT,10476F0,4/12/2021 3:00,2021,4,12,3:00,6.1,,0.6,,68,,0,,,,0,,,,102.04,,,,,,NA
-123.16,49.78,SQUAMISH AIRPORT,10476F0,4/12/2021 4:00,2021,4,12,4:00,3.9,,0.1,,76,,0,,3,,2,,,,102.1,,,,,,NA
-123.16,49.78,SQUAMISH AIRPORT,10476F0,4/12/2021 5:00,2021,4,12,5:00,3.1,,0.7,,84,,0,,4,,5,,,,102.18,,,,,,NA
-123.16,49.78,SQUAMISH AIRPORT,10476F0,4/12/2021 6:00,2021,4,12,6:00,1.7,,-0.2,,87,,0,,3,,4,,,,102.22,,,,,,NA
-123.16,49.78,SQUAMISH AIRPORT,10476F0,4/12/2021 7:00,2021,4,12,7:00,1.2,,-0.3,,90,,0,,5,,3,,,,102.23,,,,,,NA
-123.16,49.78,SQUAMISH AIRPORT,10476F0,4/12/2021 8:00,2021,4,12,8:00,0.6,,-0.7,,91,,0,,4,,2,,,,102.26,,,,,,NA
-123.16,49.78,SQUAMISH AIRPORT,10476F0,4/12/2021 9:00,2021,4,12,9:00,0.2,,-1,,92,,0,,4,,4,,,,102.27,,,,,,NA
-123.16,49.78,SQUAMISH AIRPORT,10476F0,4/12/2021 10:00,2021,4,12,10:00,-0.2,,-1.4,,91,,0,,3,,2,,,,102.26,,,,-1,,NA
-123.16,49.78,SQUAMISH AIRPORT,10476F0,4/12/2021 11:00,2021,4,12,11:00,0.1,,-2,,86,,0,,36,,3,,,,102.25,,,,,,NA
-123.16,49.78,SQUAMISH AIRPORT,10476F0,4/12/2021 12:00,2021,4,12,12:00,-0.7,,-2.1,,90,,0,,1,,3,,,,102.25,,,,-2,,NA
-123.16,49.78,SQUAMISH AIRPORT,10476F0,4/12/2021 13:00,2021,4,12,13:00,-1,,-2.2,,91,,0,,3,,3,,,,102.28,,,,-2,,NA
-123.16,49.78,SQUAMISH AIRPORT,10476F0,4/12/2021 14:00,2021,4,12,14:00,-0.6,,-3,,83,,0,,2,,5,,,,102.33,,,,-2,,NA
-123.16,49.78,SQUAMISH AIRPORT,10476F0,4/12/2021 15:00,2021,4,12,15:00,2.2,,-2.3,,72,,0,,36,,4,,,,102.34,,,,,,NA
-123.16,49.78,SQUAMISH AIRPORT,10476F0,4/12/2021 16:00,2021,4,12,16:00,5.7,,-2.3,,57,,0,,33,,5,,,,102.32,,,,,,NA
-123.16,49.78,SQUAMISH AIRPORT,10476F0,4/12/2021 17:00,2021,4,12,17:00,8,,-4.5,,41,,0,,30,,7,,,,102.26,,,,,,NA
-123.16,49.78,SQUAMISH AIRPORT,10476F0,4/12/2021 18:00,2021,4,12,18:00,11.3,,-4.4,,33,,0,,28,,8,,,,102.18,,,,,,NA
-123.16,49.78,SQUAMISH AIRPORT,10476F0,4/12/2021 19:00,2021,4,12,19:00,14.6,,-6.4,,23,,0,,33,,7,,,,102.09,,,,,,NA
-123.16,49.78,SQUAMISH AIRPORT,10476F0,4/12/2021 20:00,2021,4,12,20:00,15,,-8.3,,19,,0,,34,,12,,,,102.07,,,,,,NA
-123.16,49.78,SQUAMISH AIRPORT,10476F0,4/12/2021 21:00,2021,4,12,21:00,16.2,,-7.6,,19,,0,,36,,6,,,,102.06,,,,,,NA
-123.16,49.78,SQUAMISH AIRPORT,10476F0,4/12/2021 22:00,2021,4,12,22:00,16.5,,-8.1,,18,,0,,34,,11,,,,102.02,,,,,,NA
-123.16,49.78,SQUAMISH AIRPORT,10476F0,4/12/2021 23:00,2021,4,12,23:00,16.9,,-8.6,,17,,0,,35,,7,,,,101.99,,,,,,NA
-123.16,49.78,SQUAMISH AIRPORT,10476F0,4/13/2021 0:00,2021,4,13,0:00,17.2,,-8.1,,17,,0,,2,,5,,,,101.98,,,,,,NA
-123.16,49.78,SQUAMISH AIRPORT,10476F0,4/13/2021 1:00,2021,4,13,1:00,16.2,,-8.2,,18,,0,,25,,4,,,,102,,,,,,NA
-123.16,49.78,SQUAMISH AIRPORT,10476F0,4/13/2021 2:00,2021,4,13,2:00,12.2,,-4.2,,32,,0,,15,,1,,,,102.01,,,,,,NA
-123.16,49.78,SQUAMISH AIRPORT,10476F0,4/13/2021 3:00,2021,4,13,3:00,10.9,,-3.6,,36,,0,,5,,5,,,,102.07,,,,,,NA
-123.16,49.78,SQUAMISH AIRPORT,10476F0,4/13/2021 4:00,2021,4,13,4:00,6.7,,-1.2,,57,,0,,34,,1,,,,102.17,,,,,,NA
-123.16,49.78,SQUAMISH AIRPORT,10476F0,4/13/2021 5:00,2021,4,13,5:00,4.7,,-0.5,,69,,0,,6,,2,,,,102.27,,,,,,NA
-123.16,49.78,SQUAMISH AIRPORT,10476F0,4/13/2021 6:00,2021,4,13,6:00,3.5,,-0.4,,75,,0,,36,,2,,,,102.34,,,,,,NA
-123.16,49.78,SQUAMISH AIRPORT,10476F0,4/13/2021 7:00,2021,4,13,7:00,2.5,,-1.2,,77,,0,,36,,2,,,,102.37,,,,,,NA
-123.16,49.78,SQUAMISH AIRPORT,10476F0,4/13/2021 8:00,2021,4,13,8:00,1.4,,-1.9,,78,,0,,2,,3,,,,102.41,,,,,,NA
-123.16,49.78,SQUAMISH AIRPORT,10476F0,4/13/2021 9:00,2021,4,13,9:00,1.7,,-1.6,,79,,0,,3,,4,,,,102.45,,,,,,NA
-123.16,49.78,SQUAMISH AIRPORT,10476F0,4/13/2021 10:00,2021,4,13,10:00,1,,-2.1,,80,,0,,4,,2,,,,102.44,,,,,,NA
-123.16,49.78,SQUAMISH AIRPORT,10476F0,4/13/2021 11:00,2021,4,13,11:00,2.1,,-2.4,,72,,0,,1,,4,,,,102.47,,,,,,NA
-123.16,49.78,SQUAMISH AIRPORT,10476F0,4/13/2021 12:00,2021,4,13,12:00,1.1,,-2.3,,78,,0,,1,,2,,,,102.45,,,,,,NA
-123.16,49.78,SQUAMISH AIRPORT,10476F0,4/13/2021 13:00,2021,4,13,13:00,1.7,,-2.6,,73,,0,,1,,5,,,,102.45,,,,,,NA
-123.16,49.78,SQUAMISH AIRPORT,10476F0,4/13/2021 14:00,2021,4,13,14:00,0.7,,-2.3,,80,,0,,4,,3,,,,102.5,,,,,,NA
-123.16,49.78,SQUAMISH AIRPORT,10476F0,4/13/2021 15:00,2021,4,13,15:00,3.8,,-1.8,,67,,0,,34,,4,,,,102.5,,,,,,NA
-123.16,49.78,SQUAMISH AIRPORT,10476F0,4/13/2021 16:00,2021,4,13,16:00,7.2,,-2.9,,49,,0,,33,,5,,,,102.49,,,,,,NA
-123.16,49.78,SQUAMISH AIRPORT,10476F0,4/13/2021 17:00,2021,4,13,17:00,10.2,,-4.5,,35,,0,,31,,6,,,,102.43,,,,,,NA
-123.16,49.78,SQUAMISH AIRPORT,10476F0,4/13/2021 18:00,2021,4,13,18:00,13.5,,-5.5,,26,,0,,32,,6,,,,102.37,,,,,,NA
-123.16,49.78,SQUAMISH AIRPORT,10476F0,4/13/2021 19:00,2021,4,13,19:00,16.8,,-6.4,,20,,0,,30,,9,,,,102.27,,,,,,NA
-123.16,49.78,SQUAMISH AIRPORT,10476F0,4/13/2021 20:00,2021,4,13,20:00,18.1,,-8.4,,16,,0,,31,,11,,,,102.18,,,,,,NA
-123.16,49.78,SQUAMISH AIRPORT,10476F0,4/13/2021 21:00,2021,4,13,21:00,19.1,,-8.1,,15,,0,,32,,9,,,,102.07,,,,,,NA
-123.16,49.78,SQUAMISH AIRPORT,10476F0,4/13/2021 22:00,2021,4,13,22:00,19.7,,-8,,15,,0,,27,,10,,,,101.99,,,,,,NA
-123.16,49.78,SQUAMISH AIRPORT,10476F0,4/13/2021 23:00,2021,4,13,23:00,20.3,,-7.9,,14,,0,,29,,7,,,,101.93,,,,,,NA
-123.16,49.78,SQUAMISH AIRPORT,10476F0,4/14/2021 0:00,2021,4,14,0:00,20.6,,-7.3,,15,,0,,30,,9,,,,101.89,,,,,,NA
-123.16,49.78,SQUAMISH AIRPORT,10476F0,4/14/2021 1:00,2021,4,14,1:00,20,,-7.3,,15,,0,,32,,7,,,,101.85,,,,,,NA
-123.16,49.78,SQUAMISH AIRPORT,10476F0,4/14/2021 2:00,2021,4,14,2:00,15.4,,-3.1,,28,,0,,16,,7,,,,101.85,,,,,,NA
-123.16,49.78,SQUAMISH AIRPORT,10476F0,4/14/2021 3:00,2021,4,14,3:00,11.3,,0.6,,48,,0,,10,,2,,,,101.89,,,,,,NA
-123.16,49.78,SQUAMISH AIRPORT,10476F0,4/14/2021 4:00,2021,4,14,4:00,8.5,,0.2,,56,,0,,4,,2,,,,101.95,,,,,,NA
-123.16,49.78,SQUAMISH AIRPORT,10476F0,4/14/2021 5:00,2021,4,14,5:00,7.1,,-0.2,,60,,0,,4,,4,,,,101.97,,,,,,NA
-123.16,49.78,SQUAMISH AIRPORT,10476F0,4/14/2021 6:00,2021,4,14,6:00,6.6,,-0.3,,61,,0,,2,,4,,,,101.99,,,,,,NA
-123.16,49.78,SQUAMISH AIRPORT,10476F0,4/14/2021 7:00,2021,4,14,7:00,4.4,,-0.7,,69,,0,,10,,1,,,,101.98,,,,,,NA
-123.16,49.78,SQUAMISH AIRPORT,10476F0,4/14/2021 8:00,2021,4,14,8:00,3.9,,-0.1,,75,,0,,6,,2,,,,102.02,,,,,,NA
-123.16,49.78,SQUAMISH AIRPORT,10476F0,4/14/2021 9:00,2021,4,14,9:00,3.3,,-0.4,,77,,0,,4,,3,,,,102.03,,,,,,NA
-123.16,49.78,SQUAMISH AIRPORT,10476F0,4/14/2021 10:00,2021,4,14,10:00,2.6,,-0.8,,78,,0,,3,,5,,,,102.03,,,,,,NA
-123.16,49.78,SQUAMISH AIRPORT,10476F0,4/14/2021 11:00,2021,4,14,11:00,2.6,,-1.2,,76,,0,,4,,4,,,,102.01,,,,,,NA
-123.16,49.78,SQUAMISH AIRPORT,10476F0,4/14/2021 12:00,2021,4,14,12:00,1.4,,-1.5,,81,,0,,5,,2,,,,102.03,,,,,,NA
-123.16,49.78,SQUAMISH AIRPORT,10476F0,4/14/2021 13:00,2021,4,14,13:00,1.5,,-1.4,,81,,0,,4,,4,,,,102.03,,,,,,NA
-123.16,49.78,SQUAMISH AIRPORT,10476F0,4/14/2021 14:00,2021,4,14,14:00,2.2,,-1.3,,78,,0,,5,,3,,,,102.04,,,,,,NA
-123.16,49.78,SQUAMISH AIRPORT,10476F0,4/14/2021 15:00,2021,4,14,15:00,5.8,,-1.7,,58,,0,,36,,6,,,,102,,,,,,NA
-123.16,49.78,SQUAMISH AIRPORT,10476F0,4/14/2021 16:00,2021,4,14,16:00,9.1,,-2.5,,44,,0,,34,,7,,,,101.96,,,,,,NA
-123.16,49.78,SQUAMISH AIRPORT,10476F0,4/14/2021 17:00,2021,4,14,17:00,12.8,,-3.5,,32,,0,,33,,7,,,,101.87,,,,,,NA
-123.16,49.78,SQUAMISH AIRPORT,10476F0,4/14/2021 18:00,2021,4,14,18:00,16.1,,-4.3,,24,,0,,33,,10,,,,101.75,,,,,,NA
-123.16,49.78,SQUAMISH AIRPORT,10476F0,4/14/2021 19:00,2021,4,14,19:00,19.3,,-6.2,,17,,0,,31,,9,,,,101.62,,,,,,NA
-123.16,49.78,SQUAMISH AIRPORT,10476F0,4/14/2021 20:00,2021,4,14,20:00,21.7,,-7,,14,,0,,30,,12,,,,101.48,,,,,,NA
-123.16,49.78,SQUAMISH AIRPORT,10476F0,4/14/2021 21:00,2021,4,14,21:00,23.5,,-9.4,,10,,0,,30,,11,,,,101.37,,,,,,NA
-123.16,49.78,SQUAMISH AIRPORT,10476F0,4/14/2021 22:00,2021,4,14,22:00,25,,-9.4,,9,,0,,31,,10,,,,101.26,,,,,,NA
-123.16,49.78,SQUAMISH AIRPORT,10476F0,4/14/2021 23:00,2021,4,14,23:00,23.5,,-5.1,,14,,0,,20,,12,,,,101.22,,,,,,NA
-123.16,49.78,SQUAMISH AIRPORT,10476F0,4/15/2021 0:00,2021,4,15,0:00,22.4,,-2.8,,18,,0,,17,,12,,,,101.16,,,,,,NA
-123.16,49.78,SQUAMISH AIRPORT,10476F0,4/15/2021 1:00,2021,4,15,1:00,21.3,,-2.9,,19,,0,,17,,10,,,,101.12,,,,,,NA
-123.16,49.78,SQUAMISH AIRPORT,10476F0,4/15/2021 2:00,2021,4,15,2:00,16.4,,1,,35,,0,,22,,5,,,,101.13,,,,,,NA
-123.16,49.78,SQUAMISH AIRPORT,10476F0,4/15/2021 3:00,2021,4,15,3:00,12.8,,1.6,,46,,0,,7,,2,,,,101.17,,,,,,NA
-123.16,49.78,SQUAMISH AIRPORT,10476F0,4/15/2021 4:00,2021,4,15,4:00,10.7,,1.9,,55,,0,,3,,3,,,,101.26,,,,,,NA
-123.16,49.78,SQUAMISH AIRPORT,10476F0,4/15/2021 5:00,2021,4,15,5:00,8.8,,1.9,,62,,0,,7,,2,,,,101.32,,,,,,NA
-123.16,49.78,SQUAMISH AIRPORT,10476F0,4/15/2021 6:00,2021,4,15,6:00,8.1,,1.3,,62,,0,,4,,5,,,,101.39,,,,,,NA
-123.16,49.78,SQUAMISH AIRPORT,10476F0,4/15/2021 7:00,2021,4,15,7:00,7.4,,1.4,,65,,0,,3,,3,,,,101.42,,,,,,NA
-123.16,49.78,SQUAMISH AIRPORT,10476F0,4/15/2021 8:00,2021,4,15,8:00,6.8,,0.7,,65,,0,,5,,4,,,,101.46,,,,,,NA
-123.16,49.78,SQUAMISH AIRPORT,10476F0,4/15/2021 9:00,2021,4,15,9:00,5.9,,0.5,,68,,0,,3,,4,,,,101.46,,,,,,NA
-123.16,49.78,SQUAMISH AIRPORT,10476F0,4/15/2021 10:00,2021,4,15,10:00,5.8,,1.3,,73,,0,,36,,4,,,,101.48,,,,,,NA
-123.16,49.78,SQUAMISH AIRPORT,10476F0,4/15/2021 11:00,2021,4,15,11:00,5.3,,0.4,,70,,0,,2,,3,,,,101.49,,,,,,NA
-123.16,49.78,SQUAMISH AIRPORT,10476F0,4/15/2021 12:00,2021,4,15,12:00,4.8,,0.4,,73,,0,,2,,3,,,,101.52,,,,,,NA
-123.16,49.78,SQUAMISH AIRPORT,10476F0,4/15/2021 13:00,2021,4,15,13:00,4.9,,0.6,,73,,0,,3,,3,,,,101.57,,,,,,NA
-123.16,49.78,SQUAMISH AIRPORT,10476F0,4/15/2021 14:00,2021,4,15,14:00,5.3,,0.7,,72,,0,,34,,4,,,,101.6,,,,,,NA
-123.16,49.78,SQUAMISH AIRPORT,10476F0,4/15/2021 15:00,2021,4,15,15:00,8,,1.5,,64,,0,,1,,3,,,,101.63,,,,,,NA
-123.16,49.78,SQUAMISH AIRPORT,10476F0,4/15/2021 16:00,2021,4,15,16:00,11.8,,0.5,,46,,0,,34,,6,,,,101.59,,,,,,NA
-123.16,49.78,SQUAMISH AIRPORT,10476F0,4/15/2021 17:00,2021,4,15,17:00,15.2,,0.7,,37,,0,,32,,8,,,,101.53,,,,,,NA
-123.16,49.78,SQUAMISH AIRPORT,10476F0,4/15/2021 18:00,2021,4,15,18:00,18.2,,0.1,,29,,0,,28,,5,,,,101.46,,,,,,NA
-123.16,49.78,SQUAMISH AIRPORT,10476F0,4/15/2021 19:00,2021,4,15,19:00,21.5,,-0.8,,22,,0,,33,,6,,,,101.4,,,,,,NA
-123.16,49.78,SQUAMISH AIRPORT,10476F0,4/15/2021 20:00,2021,4,15,20:00,24.4,,-1.7,,18,,0,,29,,6,,,,101.3,,,,,,NA
-123.16,49.78,SQUAMISH AIRPORT,10476F0,4/15/2021 21:00,2021,4,15,21:00,26.3,,-3.8,,13,,0,,27,,4,,,,101.24,,,,,,NA
-123.16,49.78,SQUAMISH AIRPORT,10476F0,4/15/2021 22:00,2021,4,15,22:00,23.8,,1.1,,22,,0,,17,,15,,,,101.23,,,,,,NA
-123.16,49.78,SQUAMISH AIRPORT,10476F0,4/15/2021 23:00,2021,4,15,23:00,22.8,,0,,22,,0,,16,,14,,,,101.22,,,,,,NA
-123.16,49.78,SQUAMISH AIRPORT,10476F0,4/16/2021 0:00,2021,4,16,0:00,22.5,,0.1,,23,,0,,16,,10,,,,101.2,,,,,,NA
-123.16,49.78,SQUAMISH AIRPORT,10476F0,4/16/2021 1:00,2021,4,16,1:00,22.2,,-0.4,,22,,0,,17,,8,,,,101.22,,,,,,NA
-123.16,49.78,SQUAMISH AIRPORT,10476F0,4/16/2021 2:00,2021,4,16,2:00,18.2,,2,,34,,0,,,,0,,,,101.26,,,,,,NA
-123.16,49.78,SQUAMISH AIRPORT,10476F0,4/16/2021 3:00,2021,4,16,3:00,14.5,,3,,46,,0,,3,,2,,,,101.31,,,,,,NA
-123.16,49.78,SQUAMISH AIRPORT,10476F0,4/16/2021 4:00,2021,4,16,4:00,12.8,,3.4,,53,,0,,35,,4,,,,101.4,,,,,,NA
-123.16,49.78,SQUAMISH AIRPORT,10476F0,4/16/2021 5:00,2021,4,16,5:00,11.2,,3.3,,58,,0,,3,,4,,,,101.48,,,,,,NA
-123.16,49.78,SQUAMISH AIRPORT,10476F0,4/16/2021 6:00,2021,4,16,6:00,11.4,,2.4,,54,,0,,36,,3,,,,101.55,,,,,,NA
-123.16,49.78,SQUAMISH AIRPORT,10476F0,4/16/2021 7:00,2021,4,16,7:00,9.5,,2,,60,,0,,3,,3,,,,101.6,,,,,,NA
-123.16,49.78,SQUAMISH AIRPORT,10476F0,4/16/2021 8:00,2021,4,16,8:00,8.7,,2.3,,64,,0,,4,,5,,,,101.65,,,,,,NA
-123.16,49.78,SQUAMISH AIRPORT,10476F0,4/16/2021 9:00,2021,4,16,9:00,8.3,,2,,64,,0,,2,,3,,,,101.68,,,,,,NA
-123.16,49.78,SQUAMISH AIRPORT,10476F0,4/16/2021 10:00,2021,4,16,10:00,7.5,,1.6,,67,,0,,1,,3,,,,101.72,,,,,,NA
-123.16,49.78,SQUAMISH AIRPORT,10476F0,4/16/2021 11:00,2021,4,16,11:00,6.6,,1.6,,70,,0,,1,,4,,,,101.75,,,,,,NA
-123.16,49.78,SQUAMISH AIRPORT,10476F0,4/16/2021 12:00,2021,4,16,12:00,6.5,,1.8,,72,,0,,3,,3,,,,101.79,,,,,,NA
-123.16,49.78,SQUAMISH AIRPORT,10476F0,4/16/2021 13:00,2021,4,16,13:00,5.5,,1.4,,75,,0,,4,,4,,,,101.83,,,,,,NA
-123.16,49.78,SQUAMISH AIRPORT,10476F0,4/16/2021 14:00,2021,4,16,14:00,5.6,,1.4,,74,,0,,3,,2,,,,101.85,,,,,,NA
-123.16,49.78,SQUAMISH AIRPORT,10476F0,4/16/2021 15:00,2021,4,16,15:00,9,,2.3,,62,,0,,36,,4,,,,101.89,,,,,,NA
-123.16,49.78,SQUAMISH AIRPORT,10476F0,4/16/2021 16:00,2021,4,16,16:00,12,,1.2,,47,,0,,31,,7,,,,101.86,,,,,,NA
-123.16,49.78,SQUAMISH AIRPORT,10476F0,4/16/2021 17:00,2021,4,16,17:00,15.2,,1.2,,39,,0,,31,,4,,,,101.83,,,,,,NA
-123.16,49.78,SQUAMISH AIRPORT,10476F0,4/16/2021 18:00,2021,4,16,18:00,18.3,,0.8,,31,,0,,1,,5,,,,101.77,,,,,,NA
-123.16,49.78,SQUAMISH AIRPORT,10476F0,4/16/2021 19:00,2021,4,16,19:00,21.5,,1.8,,27,,0,,1,,3,,,,101.7,,,,,,NA
-123.16,49.78,SQUAMISH AIRPORT,10476F0,4/16/2021 20:00,2021,4,16,20:00,23.4,,0.9,,23,,0,,30,,6,,,,101.63,,,,,,NA
-123.16,49.78,SQUAMISH AIRPORT,10476F0,4/16/2021 21:00,2021,4,16,21:00,23.7,,2.6,,25,,0,,17,,14,,,,101.6,,,,,,NA
-123.16,49.78,SQUAMISH AIRPORT,10476F0,4/16/2021 22:00,2021,4,16,22:00,23.1,,2.1,,25,,0,,16,,15,,,,101.57,,,,,,NA
-123.16,49.78,SQUAMISH AIRPORT,10476F0,4/16/2021 23:00,2021,4,16,23:00,22.7,,2.3,,26,,0,,14,,10,,,,101.53,,,,,,NA
-123.16,49.78,SQUAMISH AIRPORT,10476F0,4/17/2021 0:00,2021,4,17,0:00,23.1,,2.7,,26,,0,,18,,13,,,,101.51,,,,,,NA
-123.16,49.78,SQUAMISH AIRPORT,10476F0,4/17/2021 1:00,2021,4,17,1:00,22.1,,2.4,,27,,0,,19,,10,,,,101.5,,,,,,NA
-123.16,49.78,SQUAMISH AIRPORT,10476F0,4/17/2021 2:00,2021,4,17,2:00,18.2,,3.6,,38,,0,,18,,3,,,,101.5,,,,,,NA
-123.16,49.78,SQUAMISH AIRPORT,10476F0,4/17/2021 3:00,2021,4,17,3:00,15.1,,5,,51,,0,,4,,2,,,,101.55,,,,,,NA
-123.16,49.78,SQUAMISH AIRPORT,10476F0,4/17/2021 4:00,2021,4,17,4:00,12.8,,4.8,,58,,0,,4,,5,,,,101.61,,,,,,NA
-123.16,49.78,SQUAMISH AIRPORT,10476F0,4/17/2021 5:00,2021,4,17,5:00,11.5,,5.2,,65,,0,,2,,2,,,,101.68,,,,,,NA
-123.16,49.78,SQUAMISH AIRPORT,10476F0,4/17/2021 6:00,2021,4,17,6:00,10.9,,4.3,,64,,0,,4,,5,,,,101.71,,,,,,NA
-123.16,49.78,SQUAMISH AIRPORT,10476F0,4/17/2021 7:00,2021,4,17,7:00,10.1,,3.8,,65,,0,,4,,4,,,,101.75,,,,,,NA
-123.16,49.78,SQUAMISH AIRPORT,10476F0,4/17/2021 8:00,2021,4,17,8:00,8.8,,3.5,,69,,0,,3,,2,,,,101.8,,,,,,NA
-123.16,49.78,SQUAMISH AIRPORT,10476F0,4/17/2021 9:00,2021,4,17,9:00,8.1,,2.5,,68,,0,,1,,2,,,,101.8,,,,,,NA
-123.16,49.78,SQUAMISH AIRPORT,10476F0,4/17/2021 10:00,2021,4,17,10:00,7.9,,2.6,,69,,0,,1,,3,,,,101.83,,,,,,NA
-123.16,49.78,SQUAMISH AIRPORT,10476F0,4/17/2021 11:00,2021,4,17,11:00,6.8,,2.5,,74,,0,,4,,3,,,,101.85,,,,,,NA
-123.16,49.78,SQUAMISH AIRPORT,10476F0,4/17/2021 12:00,2021,4,17,12:00,7.9,,2,,66,,0,,1,,4,,,,101.85,,,,,,NA
-123.16,49.78,SQUAMISH AIRPORT,10476F0,4/17/2021 13:00,2021,4,17,13:00,6.4,,2.2,,75,,0,,2,,5,,,,101.85,,,,,,NA
-123.16,49.78,SQUAMISH AIRPORT,10476F0,4/17/2021 14:00,2021,4,17,14:00,5.9,,2.4,,78,,0,,4,,2,,,,101.89,,,,,,NA
-123.16,49.78,SQUAMISH AIRPORT,10476F0,4/17/2021 15:00,2021,4,17,15:00,9.5,,2.9,,63,,0,,34,,3,,,,101.89,,,,,,NA
-123.16,49.78,SQUAMISH AIRPORT,10476F0,4/17/2021 16:00,2021,4,17,16:00,12.6,,2.4,,50,,0,,32,,4,,,,101.86,,,,,,NA
-123.16,49.78,SQUAMISH AIRPORT,10476F0,4/17/2021 17:00,2021,4,17,17:00,15.7,,2.1,,40,,0,,33,,5,,,,101.81,,,,,,NA
-123.16,49.78,SQUAMISH AIRPORT,10476F0,4/17/2021 18:00,2021,4,17,18:00,18.3,,0.9,,31,,0,,33,,6,,,,101.76,,,,,,NA
-123.16,49.78,SQUAMISH AIRPORT,10476F0,4/17/2021 19:00,2021,4,17,19:00,21.6,,2.2,,28,,0,,36,,5,,,,101.67,,,,,,NA
-123.16,49.78,SQUAMISH AIRPORT,10476F0,4/17/2021 20:00,2021,4,17,20:00,24.4,,1.2,,22,,0,,23,,5,,,,101.61,,,,,,NA
-123.16,49.78,SQUAMISH AIRPORT,10476F0,4/17/2021 21:00,2021,4,17,21:00,24.5,,3.1,,25,,0,,17,,13,,,,101.57,,,,,,NA
-123.16,49.78,SQUAMISH AIRPORT,10476F0,4/17/2021 22:00,2021,4,17,22:00,23.6,,2.6,,25,,0,,16,,15,,,,101.54,,,,,,NA
-123.16,49.78,SQUAMISH AIRPORT,10476F0,4/17/2021 23:00,2021,4,17,23:00,24,,2.7,,25,,0,,17,,15,,,,101.49,,,,,,NA
-123.16,49.78,SQUAMISH AIRPORT,10476F0,4/18/2021 0:00,2021,4,18,0:00,24,,3.2,,26,,0,,18,,12,,,,101.46,,,,,,NA
-123.16,49.78,SQUAMISH AIRPORT,10476F0,4/18/2021 1:00,2021,4,18,1:00,23.1,,3.3,,27,,0,,18,,11,,,,101.43,,,,,,NA
-123.16,49.78,SQUAMISH AIRPORT,10476F0,4/18/2021 2:00,2021,4,18,2:00,18.8,,5.2,,41,,0,,19,,1,,,,101.41,,,,,,NA
-123.16,49.78,SQUAMISH AIRPORT,10476F0,4/18/2021 3:00,2021,4,18,3:00,15.3,,6.3,,55,,0,,6,,1,,,,101.44,,,,,,NA
-123.16,49.78,SQUAMISH AIRPORT,10476F0,4/18/2021 4:00,2021,4,18,4:00,12.5,,5.8,,64,,0,,,,0,,,,101.51,,,,,,NA
-123.16,49.78,SQUAMISH AIRPORT,10476F0,4/18/2021 5:00,2021,4,18,5:00,12.3,,5.6,,63,,0,,5,,4,,,,101.55,,,,,,NA
-123.16,49.78,SQUAMISH AIRPORT,10476F0,4/18/2021 6:00,2021,4,18,6:00,12,,4,,58,,0,,3,,6,,,,101.59,,,,,,NA
-123.16,49.78,SQUAMISH AIRPORT,10476F0,4/18/2021 7:00,2021,4,18,7:00,10.3,,3.8,,64,,0,,2,,2,,,,101.62,,,,,,NA
-123.16,49.78,SQUAMISH AIRPORT,10476F0,4/18/2021 8:00,2021,4,18,8:00,9.3,,3.8,,69,,0,,4,,5,,,,101.63,,,,,,NA
-123.16,49.78,SQUAMISH AIRPORT,10476F0,4/18/2021 9:00,2021,4,18,9:00,10.7,,2.6,,57,,0,,3,,8,,,,101.63,,,,,,NA
-123.16,49.78,SQUAMISH AIRPORT,10476F0,4/18/2021 10:00,2021,4,18,10:00,7.9,,2.7,,70,,0,,35,,2,,,,101.65,,,,,,NA
-123.16,49.78,SQUAMISH AIRPORT,10476F0,4/18/2021 11:00,2021,4,18,11:00,7,,3,,76,,0,,2,,3,,,,101.65,,,,,,NA
-123.16,49.78,SQUAMISH AIRPORT,10476F0,4/18/2021 12:00,2021,4,18,12:00,6.9,,2.3,,72,,0,,4,,7,,,,101.65,,,,,,NA
-123.16,49.78,SQUAMISH AIRPORT,10476F0,4/18/2021 13:00,2021,4,18,13:00,5.4,,2.4,,81,,0,,3,,2,,,,101.67,,,,,,NA
-123.16,49.78,SQUAMISH AIRPORT,10476F0,4/18/2021 14:00,2021,4,18,14:00,5.1,,2.2,,81,,0,,3,,4,,,,101.68,,,,,,NA
-123.16,49.78,SQUAMISH AIRPORT,10476F0,4/18/2021 15:00,2021,4,18,15:00,8.6,,2.2,,64,,0,,33,,5,,,,101.66,,,,,,NA
-123.16,49.78,SQUAMISH AIRPORT,10476F0,4/18/2021 16:00,2021,4,18,16:00,11.3,,2.5,,55,,0,,33,,4,,,,101.6,,,,,,NA
-123.16,49.78,SQUAMISH AIRPORT,10476F0,4/18/2021 17:00,2021,4,18,17:00,15.2,,1.4,,39,,0,,33,,7,,,,101.53,,,,,,NA
-123.16,49.78,SQUAMISH AIRPORT,10476F0,4/18/2021 18:00,2021,4,18,18:00,17.7,,1,,32,,0,,34,,5,,,,101.44,,,,,,NA
-123.16,49.78,SQUAMISH AIRPORT,10476F0,4/18/2021 19:00,2021,4,18,19:00,20.3,,0.6,,27,,0,,7,,2,,,,101.37,,,,,,NA
-123.16,49.78,SQUAMISH AIRPORT,10476F0,4/18/2021 20:00,2021,4,18,20:00,22.9,,1.8,,25,,0,,19,,7,,,,101.3,,,,,,NA
-123.16,49.78,SQUAMISH AIRPORT,10476F0,4/18/2021 21:00,2021,4,18,21:00,21.9,,0.6,,24,,0,,16,,14,,,,101.26,,,,,,NA
-123.16,49.78,SQUAMISH AIRPORT,10476F0,4/18/2021 22:00,2021,4,18,22:00,22,,2.4,,28,,0,,15,,14,,,,101.22,,,,,,NA
-123.16,49.78,SQUAMISH AIRPORT,10476F0,4/18/2021 23:00,2021,4,18,23:00,22.2,,2.5,,27,,0,,15,,12,,,,101.15,,,,,,NA
-123.16,49.78,SQUAMISH AIRPORT,10476F0,4/19/2021 0:00,2021,4,19,0:00,22.3,,3.3,,29,,0,,17,,11,,,,101.12,,,,,,NA
-123.16,49.78,SQUAMISH AIRPORT,10476F0,4/19/2021 1:00,2021,4,19,1:00,21.3,,3.6,,31,,0,,20,,11,,,,101.12,,,,,,NA
-123.16,49.78,SQUAMISH AIRPORT,10476F0,4/19/2021 2:00,2021,4,19,2:00,18,,4.8,,42,,0,,19,,2,,,,101.12,,,,,,NA
-123.16,49.78,SQUAMISH AIRPORT,10476F0,4/19/2021 3:00,2021,4,19,3:00,15.2,,6.7,,57,,0,,5,,1,,,,101.15,,,,,,NA
-123.16,49.78,SQUAMISH AIRPORT,10476F0,4/19/2021 4:00,2021,4,19,4:00,14.7,,5,,52,,0,,36,,8,,,,101.25,,,,,,NA
-123.16,49.78,SQUAMISH AIRPORT,10476F0,4/19/2021 5:00,2021,4,19,5:00,19,,-0.5,,27,,0,,32,,19,,,,101.34,,,,,,NA
-123.16,49.78,SQUAMISH AIRPORT,10476F0,4/19/2021 6:00,2021,4,19,6:00,18.3,,-2,,25,,0,,32,,15,,,,101.46,,,,,,NA
-123.16,49.78,SQUAMISH AIRPORT,10476F0,4/19/2021 7:00,2021,4,19,7:00,17.5,,-3,,24,,0,,32,,18,,,,101.54,,,,,,NA
-123.16,49.78,SQUAMISH AIRPORT,10476F0,4/19/2021 8:00,2021,4,19,8:00,17.8,,-4.3,,22,,0,,34,,22,,,,101.59,,,,,,NA
-123.16,49.78,SQUAMISH AIRPORT,10476F0,4/19/2021 9:00,2021,4,19,9:00,14.9,,-2.2,,31,,0,,32,,14,,,,101.64,,,,,,NA
-123.16,49.78,SQUAMISH AIRPORT,10476F0,4/19/2021 10:00,2021,4,19,10:00,13.7,,-1.8,,34,,0,,32,,17,,,,101.7,,,,,,NA
-123.16,49.78,SQUAMISH AIRPORT,10476F0,4/19/2021 11:00,2021,4,19,11:00,13.6,,-2.6,,33,,0,,31,,11,,,,101.75,,,,,,NA
-123.16,49.78,SQUAMISH AIRPORT,10476F0,4/19/2021 12:00,2021,4,19,12:00,12.4,,-2.2,,36,,0,,36,,10,,,,101.81,,,,,,NA
-123.16,49.78,SQUAMISH AIRPORT,10476F0,4/19/2021 13:00,2021,4,19,13:00,11,,-2.1,,40,,0,,32,,9,,,,101.83,,,,,,NA
-123.16,49.78,SQUAMISH AIRPORT,10476F0,4/19/2021 14:00,2021,4,19,14:00,10.6,,-1.6,,42,,0,,31,,12,,,,101.89,,,,,,NA
-123.16,49.78,SQUAMISH AIRPORT,10476F0,4/19/2021 15:00,2021,4,19,15:00,12.2,,-1.1,,40,,0,,33,,8,,,,101.91,,,,,,NA
-123.16,49.78,SQUAMISH AIRPORT,10476F0,4/19/2021 16:00,2021,4,19,16:00,14.1,,-0.2,,37,,0,,31,,5,,,,101.89,,,,,,NA
-123.16,49.78,SQUAMISH AIRPORT,10476F0,4/19/2021 17:00,2021,4,19,17:00,16.7,,-0.8,,30,,0,,31,,7,,,,101.86,,,,,,NA
-123.16,49.78,SQUAMISH AIRPORT,10476F0,4/19/2021 18:00,2021,4,19,18:00,19.2,,-1.9,,24,,0,,30,,8,,,,101.81,,,,,,NA
-123.16,49.78,SQUAMISH AIRPORT,10476F0,4/19/2021 19:00,2021,4,19,19:00,21,,-4.5,,18,,0,,29,,8,,,,101.76,,,,,,NA
-123.16,49.78,SQUAMISH AIRPORT,10476F0,4/19/2021 20:00,2021,4,19,20:00,22.6,,-5.3,,15,,0,,26,,7,,,,101.68,,,,,,NA
-123.16,49.78,SQUAMISH AIRPORT,10476F0,4/19/2021 21:00,2021,4,19,21:00,23.7,,-6.3,,13,,0,,21,,9,,,,101.61,,,,,,NA
-123.16,49.78,SQUAMISH AIRPORT,10476F0,4/19/2021 22:00,2021,4,19,22:00,24,,-8.9,,11,,0,,17,,6,,,,101.54,,,,,,NA
-123.16,49.78,SQUAMISH AIRPORT,10476F0,4/19/2021 23:00,2021,4,19,23:00,23,,-2.8,,18,,0,,17,,14,,,,101.5,,,,,,NA
-123.16,49.78,SQUAMISH AIRPORT,10476F0,4/20/2021 0:00,2021,4,20,0:00,22.5,,-2.2,,19,,0,,16,,11,,,,101.45,,,,,,NA
-123.16,49.78,SQUAMISH AIRPORT,10476F0,4/20/2021 1:00,2021,4,20,1:00,21.1,,-1.7,,22,,0,,16,,14,,,,101.44,,,,,,NA
-123.16,49.78,SQUAMISH AIRPORT,10476F0,4/20/2021 2:00,2021,4,20,2:00,18,,-0.3,,29,,0,,19,,5,,,,101.44,,,,,,NA
-123.16,49.78,SQUAMISH AIRPORT,10476F0,4/20/2021 3:00,2021,4,20,3:00,14.6,,1.2,,40,,0,,7,,2,,,,101.47,,,,,,NA
-123.16,49.78,SQUAMISH AIRPORT,10476F0,4/20/2021 4:00,2021,4,20,4:00,11.7,,1.7,,50,,0,,0,,1,,,,101.55,,,,,,NA
-123.16,49.78,SQUAMISH AIRPORT,10476F0,4/20/2021 5:00,2021,4,20,5:00,10.7,,1.7,,54,,0,,3,,3,,,,101.61,,,,,,NA
-123.16,49.78,SQUAMISH AIRPORT,10476F0,4/20/2021 6:00,2021,4,20,6:00,9.6,,1.8,,58,,0,,2,,3,,,,101.63,,,,,,NA
-123.16,49.78,SQUAMISH AIRPORT,10476F0,4/20/2021 7:00,2021,4,20,7:00,9,,1.3,,58,,0,,4,,3,,,,101.67,,,,,,NA
-123.16,49.78,SQUAMISH AIRPORT,10476F0,4/20/2021 8:00,2021,4,20,8:00,8.1,,0.8,,60,,0,,1,,2,,,,101.7,,,,,,NA
-123.16,49.78,SQUAMISH AIRPORT,10476F0,4/20/2021 9:00,2021,4,20,9:00,7.6,,1,,63,,0,,2,,3,,,,101.71,,,,,,NA
-123.16,49.78,SQUAMISH AIRPORT,10476F0,4/20/2021 10:00,2021,4,20,10:00,6.8,,0.8,,66,,0,,2,,3,,,,101.72,,,,,,NA
-123.16,49.78,SQUAMISH AIRPORT,10476F0,4/20/2021 11:00,2021,4,20,11:00,5.3,,1,,74,,0,,35,,2,,,,101.73,,,,,,NA
-123.16,49.78,SQUAMISH AIRPORT,10476F0,4/20/2021 12:00,2021,4,20,12:00,4.7,,0.6,,75,,0,,4,,3,,,,101.76,,,,,,NA
-123.16,49.78,SQUAMISH AIRPORT,10476F0,4/20/2021 13:00,2021,4,20,13:00,3.9,,0.4,,78,,0,,35,,3,,,,101.76,,,,,,NA
-123.16,49.78,SQUAMISH AIRPORT,10476F0,4/20/2021 14:00,2021,4,20,14:00,4.1,,0.6,,78,,0,,3,,3,,,,101.79,,,,,,NA
-123.16,49.78,SQUAMISH AIRPORT,10476F0,4/20/2021 15:00,2021,4,20,15:00,8.2,,1.8,,64,,0,,35,,2,,,,101.8,,,,,,NA
-123.16,49.78,SQUAMISH AIRPORT,10476F0,4/20/2021 16:00,2021,4,20,16:00,11.1,,2.1,,54,,0,,34,,2,,,,101.77,,,,,,NA
-123.16,49.78,SQUAMISH AIRPORT,10476F0,4/20/2021 17:00,2021,4,20,17:00,14.7,,1.3,,40,,0,,34,,4,,,,101.71,,,,,,NA
-123.16,49.78,SQUAMISH AIRPORT,10476F0,4/20/2021 18:00,2021,4,20,18:00,17,,0,,32,,0,,23,,3,,,,101.64,,,,,,NA
-123.16,49.78,SQUAMISH AIRPORT,10476F0,4/20/2021 19:00,2021,4,20,19:00,19.7,,0.1,,27,,0,,15,,6,,,,101.57,,,,,,NA
-123.16,49.78,SQUAMISH AIRPORT,10476F0,4/20/2021 20:00,2021,4,20,20:00,19.4,,-0.4,,26,,0,,15,,12,,,,101.51,,,,,,NA
-123.16,49.78,SQUAMISH AIRPORT,10476F0,4/20/2021 21:00,2021,4,20,21:00,20.4,,-0.1,,25,,0,,16,,15,,,,101.44,,,,,,NA
-123.16,49.78,SQUAMISH AIRPORT,10476F0,4/20/2021 22:00,2021,4,20,22:00,20.5,,1,,27,,0,,14,,9,,,,101.4,,,,,,NA
-123.16,49.78,SQUAMISH AIRPORT,10476F0,4/20/2021 23:00,2021,4,20,23:00,21.5,,2.2,,28,,0,,14,,9,,,,101.33,,,,,,NA
-123.16,49.78,SQUAMISH AIRPORT,10476F0,4/21/2021 0:00,2021,4,21,0:00,21.7,,1.7,,27,,0,,17,,10,,,,101.27,,,,,,NA
-123.16,49.78,SQUAMISH AIRPORT,10476F0,4/21/2021 1:00,2021,4,21,1:00,20.7,,0.9,,27,,0,,16,,8,,,,101.23,,,,,,NA
-123.16,49.78,SQUAMISH AIRPORT,10476F0,4/21/2021 2:00,2021,4,21,2:00,17.6,,1.6,,34,,0,,16,,6,,,,101.22,,,,,,NA
-123.16,49.78,SQUAMISH AIRPORT,10476F0,4/21/2021 3:00,2021,4,21,3:00,14.4,,3.9,,49,,0,,0,,1,,,,101.2,,,,,,NA
-123.16,49.78,SQUAMISH AIRPORT,10476F0,4/21/2021 4:00,2021,4,21,4:00,11.2,,3.8,,60,,0,,0,,1,,,,101.26,,,,,,NA
-123.16,49.78,SQUAMISH AIRPORT,10476F0,4/21/2021 5:00,2021,4,21,5:00,10.3,,3.9,,64,,0,,4,,4,,,,101.29,,,,,,NA
-123.16,49.78,SQUAMISH AIRPORT,10476F0,4/21/2021 6:00,2021,4,21,6:00,9.7,,3.7,,66,,0,,5,,3,,,,101.32,,,,,,NA
-123.16,49.78,SQUAMISH AIRPORT,10476F0,4/21/2021 7:00,2021,4,21,7:00,8,,2.9,,70,,0,,3,,2,,,,101.33,,,,,,NA
-123.16,49.78,SQUAMISH AIRPORT,10476F0,4/21/2021 8:00,2021,4,21,8:00,7.3,,2.5,,72,,0,,3,,3,,,,101.34,,,,,,NA
-123.16,49.78,SQUAMISH AIRPORT,10476F0,4/21/2021 9:00,2021,4,21,9:00,7.3,,3,,74,,0,,3,,3,,,,101.33,,,,,,NA
-123.16,49.78,SQUAMISH AIRPORT,10476F0,4/21/2021 10:00,2021,4,21,10:00,6.2,,2.3,,76,,0,,3,,2,,,,101.34,,,,,,NA
-123.16,49.78,SQUAMISH AIRPORT,10476F0,4/21/2021 11:00,2021,4,21,11:00,6.1,,2.2,,76,,0,,3,,3,,,,101.34,,,,,,NA
-123.16,49.78,SQUAMISH AIRPORT,10476F0,4/21/2021 12:00,2021,4,21,12:00,5.6,,1.9,,77,,0,,4,,3,,,,101.34,,,,,,NA
-123.16,49.78,SQUAMISH AIRPORT,10476F0,4/21/2021 13:00,2021,4,21,13:00,4.2,,1.2,,81,,0,,0,,1,,,,101.34,,,,,,NA
-123.16,49.78,SQUAMISH AIRPORT,10476F0,4/21/2021 14:00,2021,4,21,14:00,4.4,,1.9,,84,,0,,4,,2,,,,101.37,,,,,,NA
-123.16,49.78,SQUAMISH AIRPORT,10476F0,4/21/2021 15:00,2021,4,21,15:00,8.4,,3.4,,70,,0,,0,,1,,,,101.36,,,,,,NA
-123.16,49.78,SQUAMISH AIRPORT,10476F0,4/21/2021 16:00,2021,4,21,16:00,11.1,,2.4,,55,,0,,34,,5,,,,101.29,,,,,,NA
-123.16,49.78,SQUAMISH AIRPORT,10476F0,4/21/2021 17:00,2021,4,21,17:00,14.1,,2,,44,,0,,36,,5,,,,101.21,,,,,,NA
-123.16,49.78,SQUAMISH AIRPORT,10476F0,4/21/2021 18:00,2021,4,21,18:00,17.1,,2.1,,36,,0,,19,,6,,,,101.13,,,,,,NA
-123.16,49.78,SQUAMISH AIRPORT,10476F0,4/21/2021 19:00,2021,4,21,19:00,17.3,,2.7,,38,,0,,18,,15,,,,101.06,,,,,,NA
-123.16,49.78,SQUAMISH AIRPORT,10476F0,4/21/2021 20:00,2021,4,21,20:00,19.2,,4.3,,37,,0,,17,,12,,,,100.99,,,,,,NA
-123.16,49.78,SQUAMISH AIRPORT,10476F0,4/21/2021 21:00,2021,4,21,21:00,19.6,,5.1,,38,,0,,15,,12,,,,100.88,,,,,,NA
-123.16,49.78,SQUAMISH AIRPORT,10476F0,4/21/2021 22:00,2021,4,21,22:00,20,,5.6,,39,,0,,15,,12,,,,100.78,,,,,,NA
-123.16,49.78,SQUAMISH AIRPORT,10476F0,4/21/2021 23:00,2021,4,21,23:00,19.7,,4.4,,36,,0,,13,,13,,,,100.7,,,,,,NA
-123.16,49.78,SQUAMISH AIRPORT,10476F0,4/22/2021 0:00,2021,4,22,0:00,18.5,,4.6,,40,,0,,15,,14,,,,100.6,,,,,,NA
-123.16,49.78,SQUAMISH AIRPORT,10476F0,4/22/2021 1:00,2021,4,22,1:00,18.4,,4.5,,40,,0,,15,,13,,,,100.46,,,,,,NA
-123.16,49.78,SQUAMISH AIRPORT,10476F0,4/22/2021 2:00,2021,4,22,2:00,17,,5.5,,47,,0,,16,,11,,,,100.45,,,,,,NA
-123.16,49.78,SQUAMISH AIRPORT,10476F0,4/22/2021 3:00,2021,4,22,3:00,14.2,,6.6,,60,,0,,19,,3,,,,100.4,,,,,,NA
-123.16,49.78,SQUAMISH AIRPORT,10476F0,4/22/2021 4:00,2021,4,22,4:00,11.8,,6.9,,72,,0,,5,,1,,,,100.41,,,,,,NA
-123.16,49.78,SQUAMISH AIRPORT,10476F0,4/22/2021 5:00,2021,4,22,5:00,9.9,,6.5,,79,,0,,,,0,,,,100.46,,,,,,NA
-123.16,49.78,SQUAMISH AIRPORT,10476F0,4/22/2021 6:00,2021,4,22,6:00,8.4,,5.5,,82,,0,,0,,1,,,,100.46,,,,,,NA
-123.16,49.78,SQUAMISH AIRPORT,10476F0,4/22/2021 7:00,2021,4,22,7:00,7.8,,5.5,,86,,0,,5,,3,,,,100.46,,,,,,NA
-123.16,49.78,SQUAMISH AIRPORT,10476F0,4/22/2021 8:00,2021,4,22,8:00,7.5,,5.3,,85,,0,,5,,4,,,,100.49,,,,,,NA
-123.16,49.78,SQUAMISH AIRPORT,10476F0,4/22/2021 9:00,2021,4,22,9:00,6.4,,4.6,,88,,0,,4,,2,,,,100.49,,,,,,NA
-123.16,49.78,SQUAMISH AIRPORT,10476F0,4/22/2021 10:00,2021,4,22,10:00,5.4,,4.2,,92,,0,,36,,4,,,,100.5,,,,,,NA
-123.16,49.78,SQUAMISH AIRPORT,10476F0,4/22/2021 11:00,2021,4,22,11:00,5.1,,3.4,,89,,0,,34,,1,,,,100.5,,,,,,NA
-123.16,49.78,SQUAMISH AIRPORT,10476F0,4/22/2021 12:00,2021,4,22,12:00,4.4,,3.2,,92,,0,,,,0,,,,100.56,,,,,,NA
-123.16,49.78,SQUAMISH AIRPORT,10476F0,4/22/2021 13:00,2021,4,22,13:00,4.3,,3.2,,93,,0,,5,,3,,,,100.58,,,,,,NA
-123.16,49.78,SQUAMISH AIRPORT,10476F0,4/22/2021 14:00,2021,4,22,14:00,3.4,,2.7,,95,,0,,,,0,,,,100.67,,,,,,NA
-123.16,49.78,SQUAMISH AIRPORT,10476F0,4/22/2021 15:00,2021,4,22,15:00,7.4,,4.8,,84,,0,,35,,1,,,,100.72,,,,,,NA
-123.16,49.78,SQUAMISH AIRPORT,10476F0,4/22/2021 16:00,2021,4,22,16:00,10.8,,4.2,,64,,0,,15,,2,,,,100.67,,,,,,NA
-123.16,49.78,SQUAMISH AIRPORT,10476F0,4/22/2021 17:00,2021,4,22,17:00,14.2,,4.3,,51,,0,,15,,9,,,,100.63,,,,,,NA
-123.16,49.78,SQUAMISH AIRPORT,10476F0,4/22/2021 18:00,2021,4,22,18:00,15.8,,3.6,,44,,0,,16,,13,,,,100.6,,,,,,NA
-123.16,49.78,SQUAMISH AIRPORT,10476F0,4/22/2021 19:00,2021,4,22,19:00,18.3,,2.5,,35,,0,,16,,9,,,,100.58,,,,,,NA
-123.16,49.78,SQUAMISH AIRPORT,10476F0,4/22/2021 20:00,2021,4,22,20:00,21.1,,-4.7,,17,,0,,3,,8,,,,100.54,,,,,,NA
-123.16,49.78,SQUAMISH AIRPORT,10476F0,4/22/2021 21:00,2021,4,22,21:00,21.7,,-4.7,,17,,0,,2,,9,,,,100.52,,,,,,NA
-123.16,49.78,SQUAMISH AIRPORT,10476F0,4/22/2021 22:00,2021,4,22,22:00,20.4,,3.5,,33,,0,,17,,12,,,,100.49,,,,,,NA
-123.16,49.78,SQUAMISH AIRPORT,10476F0,4/22/2021 23:00,2021,4,22,23:00,20,,3.2,,33,,0,,16,,10,,,,100.46,,,,,,NA
-123.16,49.78,SQUAMISH AIRPORT,10476F0,4/23/2021 0:00,2021,4,23,0:00,20.8,,3,,31,,0,,18,,7,,,,100.45,,,,,,NA
-123.16,49.78,SQUAMISH AIRPORT,10476F0,4/23/2021 1:00,2021,4,23,1:00,20.2,,-7.8,,14,,0,,30,,6,,,,100.43,,,,,,NA
-123.16,49.78,SQUAMISH AIRPORT,10476F0,4/23/2021 2:00,2021,4,23,2:00,16.7,,3.2,,40,,0,,17,,11,,,,100.44,,,,,,NA
-123.16,49.78,SQUAMISH AIRPORT,10476F0,4/23/2021 3:00,2021,4,23,3:00,13.3,,4,,53,,0,,3,,1,,,,100.47,,,,,,NA
-123.16,49.78,SQUAMISH AIRPORT,10476F0,4/23/2021 4:00,2021,4,23,4:00,12.1,,5.5,,64,,0,,14,,5,,,,100.56,,,,,,NA
-123.16,49.78,SQUAMISH AIRPORT,10476F0,4/23/2021 5:00,2021,4,23,5:00,9.5,,5.1,,74,,0,,5,,2,,,,100.64,,,,,,NA
-123.16,49.78,SQUAMISH AIRPORT,10476F0,4/23/2021 6:00,2021,4,23,6:00,7.4,,3,,74,,0,,0,,1,,,,100.69,,,,,,NA
-123.16,49.78,SQUAMISH AIRPORT,10476F0,4/23/2021 7:00,2021,4,23,7:00,7.6,,1,,63,,0,,6,,2,,,,100.7,,,,,,NA
-123.16,49.78,SQUAMISH AIRPORT,10476F0,4/23/2021 8:00,2021,4,23,8:00,6.2,,-0.3,,63,,0,,2,,1,,,,100.71,,,,,,NA
-123.16,49.78,SQUAMISH AIRPORT,10476F0,4/23/2021 9:00,2021,4,23,9:00,6.3,,-0.6,,61,,0,,1,,5,,,,100.73,,,,,,NA
-123.16,49.78,SQUAMISH AIRPORT,10476F0,4/23/2021 10:00,2021,4,23,10:00,4.7,,-0.5,,69,,0,,2,,3,,,,100.73,,,,,,NA
-123.16,49.78,SQUAMISH AIRPORT,10476F0,4/23/2021 11:00,2021,4,23,11:00,4,,-0.2,,74,,0,,3,,2,,,,100.76,,,,,,NA
-123.16,49.78,SQUAMISH AIRPORT,10476F0,4/23/2021 12:00,2021,4,23,12:00,3.9,,-0.2,,74,,0,,1,,2,,,,100.75,,,,,,NA
-123.16,49.78,SQUAMISH AIRPORT,10476F0,4/23/2021 13:00,2021,4,23,13:00,3.8,,-0.3,,75,,0,,1,,3,,,,100.74,,,,,,NA
-123.16,49.78,SQUAMISH AIRPORT,10476F0,4/23/2021 14:00,2021,4,23,14:00,4.6,,0.1,,73,,0,,34,,3,,,,100.76,,,,,,NA
-123.16,49.78,SQUAMISH AIRPORT,10476F0,4/23/2021 15:00,2021,4,23,15:00,6,,0.7,,69,,0,,29,,2,,,,100.78,,,,,,NA
-123.16,49.78,SQUAMISH AIRPORT,10476F0,4/23/2021 16:00,2021,4,23,16:00,8.6,,1.1,,59,,0,,32,,2,,,,100.77,,,,,,NA
-123.16,49.78,SQUAMISH AIRPORT,10476F0,4/23/2021 17:00,2021,4,23,17:00,11.1,,-0.5,,44,,0,,33,,2,,,,100.74,,,,,,NA
-123.16,49.78,SQUAMISH AIRPORT,10476F0,4/23/2021 18:00,2021,4,23,18:00,13.3,,0.2,,40,,0,,16,,3,,,,100.66,,,,,,NA
-123.16,49.78,SQUAMISH AIRPORT,10476F0,4/23/2021 19:00,2021,4,23,19:00,15.2,,3.5,,45,,0,,17,,13,,,,100.6,,,,,,NA
-123.16,49.78,SQUAMISH AIRPORT,10476F0,4/23/2021 20:00,2021,4,23,20:00,14.6,,4.9,,52,,0.1,,16,,20,,,,100.58,,,,,,NA
-123.16,49.78,SQUAMISH AIRPORT,10476F0,4/23/2021 21:00,2021,4,23,21:00,14.8,,5.6,,54,,0,,15,,16,,,,100.54,,,,,,NA
-123.16,49.78,SQUAMISH AIRPORT,10476F0,4/23/2021 22:00,2021,4,23,22:00,15.2,,6,,54,,0,,15,,13,,,,100.5,,,,,,NA
-123.16,49.78,SQUAMISH AIRPORT,10476F0,4/23/2021 23:00,2021,4,23,23:00,14.5,,5.8,,56,,0,,16,,15,,,,100.46,,,,,,NA
-123.16,49.78,SQUAMISH AIRPORT,10476F0,4/24/2021 0:00,2021,4,24,0:00,15,,6.6,,57,,0,,15,,11,,,,100.4,,,,,,NA
-123.16,49.78,SQUAMISH AIRPORT,10476F0,4/24/2021 1:00,2021,4,24,1:00,14.1,,6.4,,60,,0,,14,,9,,,,100.38,,,,,,NA
-123.16,49.78,SQUAMISH AIRPORT,10476F0,4/24/2021 2:00,2021,4,24,2:00,13.4,,6.9,,65,,0,,15,,9,,,,100.33,,,,,,NA
-123.16,49.78,SQUAMISH AIRPORT,10476F0,4/24/2021 3:00,2021,4,24,3:00,12.7,,6.9,,68,,0,,14,,7,,,,100.31,,,,,,NA
-123.16,49.78,SQUAMISH AIRPORT,10476F0,4/24/2021 4:00,2021,4,24,4:00,11.5,,8.4,,81,,0,,0,,1,,,,100.36,,,,,,NA
-123.16,49.78,SQUAMISH AIRPORT,10476F0,4/24/2021 5:00,2021,4,24,5:00,10.5,,8.2,,86,,0,,,,0,,,,100.35,,,,,,NA
-123.16,49.78,SQUAMISH AIRPORT,10476F0,4/24/2021 6:00,2021,4,24,6:00,9.9,,8,,88,,0,,0,,1,,,,100.33,,,,,,NA
-123.16,49.78,SQUAMISH AIRPORT,10476F0,4/24/2021 7:00,2021,4,24,7:00,9.5,,7.9,,90,,0,,,,0,,,,100.35,,,,,,NA
-123.16,49.78,SQUAMISH AIRPORT,10476F0,4/24/2021 8:00,2021,4,24,8:00,9.3,,8.1,,92,,0,,,,0,,,,100.36,,,,,,NA
-123.16,49.78,SQUAMISH AIRPORT,10476F0,4/24/2021 9:00,2021,4,24,9:00,9,,8.2,,95,,0,,,,0,,,,100.3,,,,,,NA
-123.16,49.78,SQUAMISH AIRPORT,10476F0,4/24/2021 10:00,2021,4,24,10:00,8.7,,8.1,,96,,0,,33,,2,,,,100.27,,,,,,NA
-123.16,49.78,SQUAMISH AIRPORT,10476F0,4/24/2021 11:00,2021,4,24,11:00,8.6,,7.8,,95,,0,,34,,1,,,,100.23,,,,,,NA
-123.16,49.78,SQUAMISH AIRPORT,10476F0,4/24/2021 12:00,2021,4,24,12:00,8.5,,7.9,,96,,0.1,,36,,1,,,,100.18,,,,,,NA
-123.16,49.78,SQUAMISH AIRPORT,10476F0,4/24/2021 13:00,2021,4,24,13:00,8.4,,7.8,,96,,0.7,,,,0,,,,100.16,,,,,,NA
-123.16,49.78,SQUAMISH AIRPORT,10476F0,4/24/2021 14:00,2021,4,24,14:00,8.7,,8.1,,96,,1.3,,,,0,,,,100.17,,,,,,NA
-123.16,49.78,SQUAMISH AIRPORT,10476F0,4/24/2021 15:00,2021,4,24,15:00,8.9,,8.3,,96,,0.5,,20,,1,,,,100.17,,,,,,NA
-123.16,49.78,SQUAMISH AIRPORT,10476F0,4/24/2021 16:00,2021,4,24,16:00,9.2,,8.3,,94,,0.5,,15,,3,,,,100.16,,,,,,NA
-123.16,49.78,SQUAMISH AIRPORT,10476F0,4/24/2021 17:00,2021,4,24,17:00,9.8,,8.6,,92,,0.3,,16,,5,,,,100.14,,,,,,NA
-123.16,49.78,SQUAMISH AIRPORT,10476F0,4/24/2021 18:00,2021,4,24,18:00,10.4,,9,,91,,0,,14,,5,,,,100.12,,,,,,NA
-123.16,49.78,SQUAMISH AIRPORT,10476F0,4/24/2021 19:00,2021,4,24,19:00,10.8,,7.4,,80,,0,,14,,7,,,,100.09,,,,,,NA
-123.16,49.78,SQUAMISH AIRPORT,10476F0,4/24/2021 20:00,2021,4,24,20:00,12.5,,6.5,,67,,0,,16,,12,,,,100.03,,,,,,NA
-123.16,49.78,SQUAMISH AIRPORT,10476F0,4/24/2021 21:00,2021,4,24,21:00,12.8,,7,,68,,0,,16,,13,,,,99.98,,,,,,NA
-123.16,49.78,SQUAMISH AIRPORT,10476F0,4/24/2021 22:00,2021,4,24,22:00,12.2,,6.6,,69,,0,,13,,9,,,,99.95,,,,,,NA
-123.16,49.78,SQUAMISH AIRPORT,10476F0,4/24/2021 23:00,2021,4,24,23:00,11.7,,7.2,,74,,0,,13,,6,,,,99.92,,,,,,NA
-123.16,49.78,SQUAMISH AIRPORT,10476F0,4/25/2021 0:00,2021,4,25,0:00,11.6,,6.5,,71,,0,,17,,11,,,,99.91,,,,,,NA
-123.16,49.78,SQUAMISH AIRPORT,10476F0,4/25/2021 1:00,2021,4,25,1:00,10.5,,7.4,,81,,0,,14,,8,,,,99.9,,,,,,NA
-123.16,49.78,SQUAMISH AIRPORT,10476F0,4/25/2021 2:00,2021,4,25,2:00,10,,7.8,,87,,0,,13,,5,,,,99.89,,,,,,NA
-123.16,49.78,SQUAMISH AIRPORT,10476F0,4/25/2021 3:00,2021,4,25,3:00,9.4,,7.7,,89,,0,,13,,5,,,,99.88,,,,,,NA
-123.16,49.78,SQUAMISH AIRPORT,10476F0,4/25/2021 4:00,2021,4,25,4:00,9.1,,7.9,,92,,0.1,,11,,3,,,,99.9,,,,,,NA
-123.16,49.78,SQUAMISH AIRPORT,10476F0,4/25/2021 5:00,2021,4,25,5:00,8.9,,8.1,,95,,0,,,,0,,,,99.92,,,,,,NA
-123.16,49.78,SQUAMISH AIRPORT,10476F0,4/25/2021 6:00,2021,4,25,6:00,9,,8.2,,95,,0,,13,,2,,,,99.92,,,,,,NA
-123.16,49.78,SQUAMISH AIRPORT,10476F0,4/25/2021 7:00,2021,4,25,7:00,8.6,,7.9,,95,,0.5,,12,,3,,,,99.91,,,,,,NA
-123.16,49.78,SQUAMISH AIRPORT,10476F0,4/25/2021 8:00,2021,4,25,8:00,8.4,,7.8,,96,,0.5,,13,,3,,,,99.9,,,,,,NA
-123.16,49.78,SQUAMISH AIRPORT,10476F0,4/25/2021 9:00,2021,4,25,9:00,8.4,,7.8,,96,,0.5,,0,,1,,,,99.9,,,,,,NA
-123.16,49.78,SQUAMISH AIRPORT,10476F0,4/25/2021 10:00,2021,4,25,10:00,8.2,,7.5,,96,,0.6,,9,,1,,,,99.9,,,,,,NA
-123.16,49.78,SQUAMISH AIRPORT,10476F0,4/25/2021 11:00,2021,4,25,11:00,7.9,,7.4,,97,,0.6,,,,0,,,,99.91,,,,,,NA
-123.16,49.78,SQUAMISH AIRPORT,10476F0,4/25/2021 12:00,2021,4,25,12:00,7.8,,7.4,,97,,0.6,,,,0,,,,99.9,,,,,,NA
-123.16,49.78,SQUAMISH AIRPORT,10476F0,4/25/2021 13:00,2021,4,25,13:00,7.7,,7.3,,97,,0.3,,,,0,,,,99.91,,,,,,NA
-123.16,49.78,SQUAMISH AIRPORT,10476F0,4/25/2021 14:00,2021,4,25,14:00,7.9,,7.5,,97,,0.2,,,,0,,,,99.94,,,,,,NA
-123.16,49.78,SQUAMISH AIRPORT,10476F0,4/25/2021 15:00,2021,4,25,15:00,8.2,,7.8,,97,,0.4,,32,,2,,,,99.98,,,,,,NA
-123.16,49.78,SQUAMISH AIRPORT,10476F0,4/25/2021 16:00,2021,4,25,16:00,8.7,,8,,95,,0.7,,31,,2,,,,100.01,,,,,,NA
-123.16,49.78,SQUAMISH AIRPORT,10476F0,4/25/2021 17:00,2021,4,25,17:00,9.8,,8.3,,90,,0.5,,32,,3,,,,100,,,,,,NA
-123.16,49.78,SQUAMISH AIRPORT,10476F0,4/25/2021 18:00,2021,4,25,18:00,10,,6.8,,81,,0,,33,,4,,,,100,,,,,,NA
-123.16,49.78,SQUAMISH AIRPORT,10476F0,4/25/2021 19:00,2021,4,25,19:00,10.9,,8.1,,83,,0,,30,,3,,,,100.01,,,,,,NA
-123.16,49.78,SQUAMISH AIRPORT,10476F0,4/25/2021 20:00,2021,4,25,20:00,11.4,,7.9,,79,,0,,27,,3,,,,99.99,,,,,,NA
-123.16,49.78,SQUAMISH AIRPORT,10476F0,4/25/2021 21:00,2021,4,25,21:00,11.4,,8.9,,85,,0,,15,,5,,,,99.98,,,,,,NA
-123.16,49.78,SQUAMISH AIRPORT,10476F0,4/25/2021 22:00,2021,4,25,22:00,12.6,,7,,69,,0.1,,17,,9,,,,99.97,,,,,,NA
-123.16,49.78,SQUAMISH AIRPORT,10476F0,4/25/2021 23:00,2021,4,25,23:00,12.2,,6.7,,69,,0,,15,,10,,,,99.95,,,,,,NA
-123.16,49.78,SQUAMISH AIRPORT,10476F0,4/26/2021 0:00,2021,4,26,0:00,11.9,,5.9,,66,,0,,16,,9,,,,99.95,,,,,,NA
-123.16,49.78,SQUAMISH AIRPORT,10476F0,4/26/2021 1:00,2021,4,26,1:00,11.5,,6.8,,73,,0,,13,,8,,,,99.97,,,,,,NA
-123.16,49.78,SQUAMISH AIRPORT,10476F0,4/26/2021 2:00,2021,4,26,2:00,10.6,,7.4,,81,,0,,15,,6,,,,99.98,,,,,,NA
-123.16,49.78,SQUAMISH AIRPORT,10476F0,4/26/2021 3:00,2021,4,26,3:00,10.1,,7.4,,83,,0,,14,,3,,,,100.02,,,,,,NA
-123.16,49.78,SQUAMISH AIRPORT,10476F0,4/26/2021 4:00,2021,4,26,4:00,9.3,,7.9,,91,,0,,6,,1,,,,100.07,,,,,,NA
-123.16,49.78,SQUAMISH AIRPORT,10476F0,4/26/2021 5:00,2021,4,26,5:00,8.6,,7.5,,93,,0,,,,0,,,,100.11,,,,,,NA
-123.16,49.78,SQUAMISH AIRPORT,10476F0,4/26/2021 6:00,2021,4,26,6:00,7.7,,7,,95,,0,,,,0,,,,100.11,,,,,,NA
-123.16,49.78,SQUAMISH AIRPORT,10476F0,4/26/2021 7:00,2021,4,26,7:00,8.3,,7.4,,94,,0,,4,,5,,,,100.15,,,,,,NA
-123.16,49.78,SQUAMISH AIRPORT,10476F0,4/26/2021 8:00,2021,4,26,8:00,8.2,,7.1,,93,,0,,15,,2,,,,100.18,,,,,,NA
-123.16,49.78,SQUAMISH AIRPORT,10476F0,4/26/2021 9:00,2021,4,26,9:00,8,,7.1,,94,,0,,0,,1,,,,100.21,,,,,,NA
-123.16,49.78,SQUAMISH AIRPORT,10476F0,4/26/2021 10:00,2021,4,26,10:00,7.9,,7.2,,95,,0,,,,0,,,,100.22,,,,,,NA
-123.16,49.78,SQUAMISH AIRPORT,10476F0,4/26/2021 11:00,2021,4,26,11:00,7.9,,7.2,,96,,0,,,,0,,,,100.28,,,,,,NA
-123.16,49.78,SQUAMISH AIRPORT,10476F0,4/26/2021 12:00,2021,4,26,12:00,8,,7.4,,96,,0,,0,,1,,,,100.31,,,,,,NA
-123.16,49.78,SQUAMISH AIRPORT,10476F0,4/26/2021 13:00,2021,4,26,13:00,7.9,,7.4,,97,,0,,,,0,,,,100.35,,,,,,NA
-123.16,49.78,SQUAMISH AIRPORT,10476F0,4/26/2021 14:00,2021,4,26,14:00,7.9,,7.3,,96,,0,,0,,1,,,,100.41,,,,,,NA
-123.16,49.78,SQUAMISH AIRPORT,10476F0,4/26/2021 15:00,2021,4,26,15:00,8.9,,7.6,,92,,0,,,,0,,,,100.45,,,,,,NA
-123.16,49.78,SQUAMISH AIRPORT,10476F0,4/26/2021 16:00,2021,4,26,16:00,9.7,,6.3,,79,,0,,32,,3,,,,100.49,,,,,,NA
-123.16,49.78,SQUAMISH AIRPORT,10476F0,4/26/2021 17:00,2021,4,26,17:00,11.1,,7.1,,76,,0,,24,,3,,,,100.5,,,,,,NA
-123.16,49.78,SQUAMISH AIRPORT,10476F0,4/26/2021 18:00,2021,4,26,18:00,12.4,,6.9,,69,,0,,19,,4,,,,100.53,,,,,,NA
-123.16,49.78,SQUAMISH AIRPORT,10476F0,4/26/2021 19:00,2021,4,26,19:00,13.1,,7.7,,70,,0,,17,,9,,,,100.54,,,,,,NA
-123.16,49.78,SQUAMISH AIRPORT,10476F0,4/26/2021 20:00,2021,4,26,20:00,14.9,,7,,59,,0,,16,,11,,,,100.51,,,,,,NA
-123.16,49.78,SQUAMISH AIRPORT,10476F0,4/26/2021 21:00,2021,4,26,21:00,14.3,,5.7,,56,,0,,15,,12,,,,100.52,,,,,,NA
-123.16,49.78,SQUAMISH AIRPORT,10476F0,4/26/2021 22:00,2021,4,26,22:00,14.5,,7.1,,61,,0,,14,,9,,,,100.52,,,,,,NA
-123.16,49.78,SQUAMISH AIRPORT,10476F0,4/26/2021 23:00,2021,4,26,23:00,14.8,,6.1,,56,,0,,16,,15,,,,100.52,,,,,,NA
-123.16,49.78,SQUAMISH AIRPORT,10476F0,4/27/2021 0:00,2021,4,27,0:00,14.2,,6.1,,58,,0,,14,,11,,,,100.55,,,,,,NA
-123.16,49.78,SQUAMISH AIRPORT,10476F0,4/27/2021 1:00,2021,4,27,1:00,13.5,,6.2,,61,,0,,14,,10,,,,100.59,,,,,,NA
-123.16,49.78,SQUAMISH AIRPORT,10476F0,4/27/2021 2:00,2021,4,27,2:00,12.7,,5.8,,63,,0,,14,,8,,,,100.62,,,,,,NA
-123.16,49.78,SQUAMISH AIRPORT,10476F0,4/27/2021 3:00,2021,4,27,3:00,11.7,,5.5,,66,,0,,15,,4,,,,100.68,,,,,,NA
-123.16,49.78,SQUAMISH AIRPORT,10476F0,4/27/2021 4:00,2021,4,27,4:00,9.6,,6.4,,81,,0,,3,,1,,,,100.78,,,,,,NA
-123.16,49.78,SQUAMISH AIRPORT,10476F0,4/27/2021 5:00,2021,4,27,5:00,8.4,,6.6,,88,,0,,0,,1,,,,100.86,,,,,,NA
-123.16,49.78,SQUAMISH AIRPORT,10476F0,4/27/2021 6:00,2021,4,27,6:00,7.6,,6.2,,91,,0,,0,,1,,,,100.89,,,,,,NA
-123.16,49.78,SQUAMISH AIRPORT,10476F0,4/27/2021 7:00,2021,4,27,7:00,6.9,,5.8,,93,,0,,0,,1,,,,100.89,,,,,,NA
-123.16,49.78,SQUAMISH AIRPORT,10476F0,4/27/2021 8:00,2021,4,27,8:00,6,,5.1,,94,,0,,,,0,,,,101,,,,,,NA
-123.16,49.78,SQUAMISH AIRPORT,10476F0,4/27/2021 9:00,2021,4,27,9:00,6.2,,5.6,,96,,0,,7,,2,,,,101.01,,,,,,NA
-123.16,49.78,SQUAMISH AIRPORT,10476F0,4/27/2021 10:00,2021,4,27,10:00,5.9,,5.2,,96,,0,,11,,1,,,,101.04,,,,,,NA
-123.16,49.78,SQUAMISH AIRPORT,10476F0,4/27/2021 11:00,2021,4,27,11:00,6.4,,5.9,,97,,0,,2,,1,,,,101.09,,,,,,NA
-123.16,49.78,SQUAMISH AIRPORT,10476F0,4/27/2021 12:00,2021,4,27,12:00,6,,5.4,,96,,0,,,,0,,,,101.1,,,,,,NA
-123.16,49.78,SQUAMISH AIRPORT,10476F0,4/27/2021 13:00,2021,4,27,13:00,6,,5.5,,97,,0,,0,,1,,,,101.13,,,,,,NA
-123.16,49.78,SQUAMISH AIRPORT,10476F0,4/27/2021 14:00,2021,4,27,14:00,6.4,,6,,97,,0,,31,,1,,,,101.21,,,,,,NA
-123.16,49.78,SQUAMISH AIRPORT,10476F0,4/27/2021 15:00,2021,4,27,15:00,7.8,,7,,95,,0,,21,,2,,,,101.22,,,,,,NA
-123.16,49.78,SQUAMISH AIRPORT,10476F0,4/27/2021 16:00,2021,4,27,16:00,9.7,,6.3,,79,,0,,22,,3,,,,101.23,,,,,,NA
-123.16,49.78,SQUAMISH AIRPORT,10476F0,4/27/2021 17:00,2021,4,27,17:00,10.7,,7,,78,,0,,17,,8,,,,101.25,,,,,,NA
-123.16,49.78,SQUAMISH AIRPORT,10476F0,4/27/2021 18:00,2021,4,27,18:00,12.1,,7.5,,73,,0,,17,,10,,,,101.24,,,,,,NA
-123.16,49.78,SQUAMISH AIRPORT,10476F0,4/27/2021 19:00,2021,4,27,19:00,12.8,,7,,68,,0,,15,,13,,,,101.28,,,,,,NA
-123.16,49.78,SQUAMISH AIRPORT,10476F0,4/27/2021 20:00,2021,4,27,20:00,13.5,,4.3,,54,,0,,14,,13,,,,101.28,,,,,,NA
-123.16,49.78,SQUAMISH AIRPORT,10476F0,4/27/2021 21:00,2021,4,27,21:00,13.7,,5.3,,57,,0,,12,,16,,,,101.32,,,,,,NA
-123.16,49.78,SQUAMISH AIRPORT,10476F0,4/27/2021 22:00,2021,4,27,22:00,13.7,,5.3,,57,,0,,14,,13,,,,101.36,,,,,,NA
-123.16,49.78,SQUAMISH AIRPORT,10476F0,4/27/2021 23:00,2021,4,27,23:00,13.5,,5.2,,57,,0,,15,,15,,,,101.37,,,,,,NA
-123.16,49.78,SQUAMISH AIRPORT,10476F0,4/28/2021 0:00,2021,4,28,0:00,13.4,,4.9,,56,,0,,14,,13,,,,101.37,,,,,,NA
-123.16,49.78,SQUAMISH AIRPORT,10476F0,4/28/2021 1:00,2021,4,28,1:00,13.2,,4.9,,57,,0,,13,,12,,,,101.4,,,,,,NA
-123.16,49.78,SQUAMISH AIRPORT,10476F0,4/28/2021 2:00,2021,4,28,2:00,12.8,,5.6,,62,,0,,12,,11,,,,101.44,,,,,,NA
-123.16,49.78,SQUAMISH AIRPORT,10476F0,4/28/2021 3:00,2021,4,28,3:00,12.2,,6.3,,67,,0,,14,,12,,,,101.48,,,,,,NA
-123.16,49.78,SQUAMISH AIRPORT,10476F0,4/28/2021 4:00,2021,4,28,4:00,11.6,,6.9,,73,,0,,13,,8,,,,101.54,,,,,,NA
-123.16,49.78,SQUAMISH AIRPORT,10476F0,4/28/2021 5:00,2021,4,28,5:00,11.2,,6.9,,75,,0,,16,,8,,,,101.57,,,,,,NA
-123.16,49.78,SQUAMISH AIRPORT,10476F0,4/28/2021 6:00,2021,4,28,6:00,10.9,,7.1,,77,,0,,15,,8,,,,101.62,,,,,,NA
-123.16,49.78,SQUAMISH AIRPORT,10476F0,4/28/2021 7:00,2021,4,28,7:00,10.4,,7.1,,80,,0,,1,,2,,,,101.64,,,,,,NA
-123.16,49.78,SQUAMISH AIRPORT,10476F0,4/28/2021 8:00,2021,4,28,8:00,10.1,,7,,81,,0,,19,,3,,,,101.7,,,,,,NA
-123.16,49.78,SQUAMISH AIRPORT,10476F0,4/28/2021 9:00,2021,4,28,9:00,9.4,,7.5,,88,,0,,8,,1,,,,101.72,,,,,,NA
-123.16,49.78,SQUAMISH AIRPORT,10476F0,4/28/2021 10:00,2021,4,28,10:00,9.1,,7.3,,88,,0,,16,,2,,,,101.74,,,,,,NA
-123.16,49.78,SQUAMISH AIRPORT,10476F0,4/28/2021 11:00,2021,4,28,11:00,8.9,,7.8,,92,,0,,5,,2,,,,101.75,,,,,,NA
-123.16,49.78,SQUAMISH AIRPORT,10476F0,4/28/2021 12:00,2021,4,28,12:00,8.9,,7.5,,91,,0,,25,,1,,,,101.79,,,,,,NA
-123.16,49.78,SQUAMISH AIRPORT,10476F0,4/28/2021 13:00,2021,4,28,13:00,8.4,,7.4,,93,,0,,0,,1,,,,101.81,,,,,,NA
-123.16,49.78,SQUAMISH AIRPORT,10476F0,4/28/2021 14:00,2021,4,28,14:00,8.6,,7.5,,93,,0,,33,,3,,,,101.86,,,,,,NA
-123.16,49.78,SQUAMISH AIRPORT,10476F0,4/28/2021 15:00,2021,4,28,15:00,8.9,,7.8,,93,,0,,28,,2,,,,101.89,,,,,,NA
-123.16,49.78,SQUAMISH AIRPORT,10476F0,4/28/2021 16:00,2021,4,28,16:00,9.5,,7.9,,90,,0,,33,,2,,,,101.91,,,,,,NA
-123.16,49.78,SQUAMISH AIRPORT,10476F0,4/28/2021 17:00,2021,4,28,17:00,10.3,,8.2,,87,,0,,28,,2,,,,101.93,,,,,,NA
-123.16,49.78,SQUAMISH AIRPORT,10476F0,4/28/2021 18:00,2021,4,28,18:00,11.1,,7.9,,81,,0,,29,,3,,,,101.95,,,,,,NA
-123.16,49.78,SQUAMISH AIRPORT,10476F0,4/28/2021 19:00,2021,4,28,19:00,11.8,,7.4,,75,,0,,24,,2,,,,101.98,,,,,,NA
-123.16,49.78,SQUAMISH AIRPORT,10476F0,4/28/2021 20:00,2021,4,28,20:00,12,,8.4,,79,,0,,26,,1,,,,101.99,,,,,,NA
-123.16,49.78,SQUAMISH AIRPORT,10476F0,4/28/2021 21:00,2021,4,28,21:00,11.7,,9,,84,,0.3,,16,,6,,,,102,,,,,,NA
-123.16,49.78,SQUAMISH AIRPORT,10476F0,4/28/2021 22:00,2021,4,28,22:00,11.4,,9.2,,86,,0.1,,14,,6,,,,102.04,,,,,,NA
-123.16,49.78,SQUAMISH AIRPORT,10476F0,4/28/2021 23:00,2021,4,28,23:00,11,,9.3,,89,,0.2,,13,,7,,,,102.05,,,,,,NA
-123.16,49.78,SQUAMISH AIRPORT,10476F0,4/29/2021 0:00,2021,4,29,0:00,10.6,,9.1,,90,,0.5,,13,,5,,,,102.04,,,,,,NA
-123.16,49.78,SQUAMISH AIRPORT,10476F0,4/29/2021 1:00,2021,4,29,1:00,10.3,,8.7,,90,,0.6,,0,,1,,,,102.01,,,,,,NA
-123.16,49.78,SQUAMISH AIRPORT,10476F0,4/29/2021 2:00,2021,4,29,2:00,9.9,,9,,94,,0.8,,14,,1,,,,101.99,,,,,,NA
-123.16,49.78,SQUAMISH AIRPORT,10476F0,4/29/2021 3:00,2021,4,29,3:00,9.6,,8.7,,94,,0.7,,14,,2,,,,102,,,,,,NA
-123.16,49.78,SQUAMISH AIRPORT,10476F0,4/29/2021 4:00,2021,4,29,4:00,9.3,,8.8,,97,,0.9,,19,,3,,,,102.03,,,,,,NA
-123.16,49.78,SQUAMISH AIRPORT,10476F0,4/29/2021 5:00,2021,4,29,5:00,9.2,,8.7,,97,,0.4,,,,0,,,,102.07,,,,,,NA
-123.16,49.78,SQUAMISH AIRPORT,10476F0,4/29/2021 6:00,2021,4,29,6:00,9.1,,8.8,,98,,0.3,,4,,1,,,,102.04,,,,,,NA
-123.16,49.78,SQUAMISH AIRPORT,10476F0,4/29/2021 7:00,2021,4,29,7:00,9,,8.7,,98,,0.1,,33,,2,,,,102.06,,,,,,NA
-123.16,49.78,SQUAMISH AIRPORT,10476F0,4/29/2021 8:00,2021,4,29,8:00,9,,8.7,,98,,0,,31,,2,,,,102.04,,,,,,NA
-123.16,49.78,SQUAMISH AIRPORT,10476F0,4/29/2021 9:00,2021,4,29,9:00,8.8,,8.6,,98,,0.1,,33,,2,,,,102.03,,,,,,NA
-123.16,49.78,SQUAMISH AIRPORT,10476F0,4/29/2021 10:00,2021,4,29,10:00,8.8,,8.6,,98,,0,,34,,3,,,,101.99,,,,,,NA
-123.16,49.78,SQUAMISH AIRPORT,10476F0,4/29/2021 11:00,2021,4,29,11:00,8.7,,8.4,,98,,0,,35,,3,,,,101.93,,,,,,NA
-123.16,49.78,SQUAMISH AIRPORT,10476F0,4/29/2021 12:00,2021,4,29,12:00,8.6,,8.3,,98,,0,,34,,4,,,,101.92,,,,,,NA
-123.16,49.78,SQUAMISH AIRPORT,10476F0,4/29/2021 13:00,2021,4,29,13:00,8.5,,8.2,,98,,0,,34,,2,,,,101.88,,,,,,NA
-123.16,49.78,SQUAMISH AIRPORT,10476F0,4/29/2021 14:00,2021,4,29,14:00,8.9,,8.5,,98,,0,,1,,2,,,,101.88,,,,,,NA
-123.16,49.78,SQUAMISH AIRPORT,10476F0,4/29/2021 15:00,2021,4,29,15:00,9.4,,8.7,,96,,0,,32,,4,,,,101.88,,,,,,NA
-123.16,49.78,SQUAMISH AIRPORT,10476F0,4/29/2021 16:00,2021,4,29,16:00,10.1,,9,,93,,0,,33,,4,,,,101.87,,,,,,NA
-123.16,49.78,SQUAMISH AIRPORT,10476F0,4/29/2021 17:00,2021,4,29,17:00,11.3,,9.9,,91,,0,,33,,5,,,,101.82,,,,,,NA
-123.16,49.78,SQUAMISH AIRPORT,10476F0,4/29/2021 18:00,2021,4,29,18:00,12.3,,9.3,,82,,0,,31,,4,,,,101.81,,,,,,NA
-123.16,49.78,SQUAMISH AIRPORT,10476F0,4/29/2021 19:00,2021,4,29,19:00,13.5,,8.8,,73,,0,,29,,5,,,,101.76,,,,,,NA
-123.16,49.78,SQUAMISH AIRPORT,10476F0,4/29/2021 20:00,2021,4,29,20:00,15.3,,8.7,,65,,0,,33,,5,,,,101.68,,,,,,NA
-123.16,49.78,SQUAMISH AIRPORT,10476F0,4/29/2021 21:00,2021,4,29,21:00,17.3,,8.7,,57,,0,,29,,4,,,,101.56,,,,,,NA
-123.16,49.78,SQUAMISH AIRPORT,10476F0,4/29/2021 22:00,2021,4,29,22:00,18.3,,7.7,,50,,0,,6,,2,,,,101.5,,,,,,NA
-123.16,49.78,SQUAMISH AIRPORT,10476F0,4/29/2021 23:00,2021,4,29,23:00,18.9,,8.9,,52,,0,,17,,6,,,,101.45,,,,,,NA
-123.16,49.78,SQUAMISH AIRPORT,10476F0,4/30/2021 0:00,2021,4,30,0:00,17.7,,7.4,,51,,0,,17,,9,,,,101.42,,,,,,NA
-123.16,49.78,SQUAMISH AIRPORT,10476F0,4/30/2021 1:00,2021,4,30,1:00,17.3,,8.5,,56,,0,,22,,3,,,,101.38,,,,,,NA
-123.16,49.78,SQUAMISH AIRPORT,10476F0,4/30/2021 2:00,2021,4,30,2:00,16.1,,9.7,,66,,0,,17,,2,,,,101.34,,,,,,NA
-123.16,49.78,SQUAMISH AIRPORT,10476F0,4/30/2021 3:00,2021,4,30,3:00,14.3,,10.9,,80,,0,,0,,1,,,,101.3,,,,,,NA
-123.16,49.78,SQUAMISH AIRPORT,10476F0,4/30/2021 4:00,2021,4,30,4:00,13,,10.6,,85,,0,,1,,2,,,,101.38,,,,,,NA
-123.16,49.78,SQUAMISH AIRPORT,10476F0,4/30/2021 5:00,2021,4,30,5:00,12.4,,10.5,,88,,0,,32,,4,,,,101.51,,,,,,NA
-123.16,49.78,SQUAMISH AIRPORT,10476F0,4/30/2021 6:00,2021,4,30,6:00,11.8,,10.1,,89,,0,,3,,3,,,,101.61,,,,,,NA
-123.16,49.78,SQUAMISH AIRPORT,10476F0,4/30/2021 7:00,2021,4,30,7:00,10.7,,9.7,,94,,1.3,,,,0,,,,101.63,,,,,,NA
-123.16,49.78,SQUAMISH AIRPORT,10476F0,4/30/2021 8:00,2021,4,30,8:00,10,,9.2,,95,,0.9,,32,,2,,,,101.59,,,,,,NA
-123.16,49.78,SQUAMISH AIRPORT,10476F0,4/30/2021 9:00,2021,4,30,9:00,9.7,,9.1,,96,,1.1,,,,0,,,,101.56,,,,,,NA
-123.16,49.78,SQUAMISH AIRPORT,10476F0,4/30/2021 10:00,2021,4,30,10:00,9.5,,8.9,,96,,3.1,,0,,1,,,,101.48,,,,,,NA
-123.16,49.78,SQUAMISH AIRPORT,10476F0,4/30/2021 11:00,2021,4,30,11:00,9.2,,8.6,,96,,1.8,,0,,1,,,,101.45,,,,,,NA
-123.16,49.78,SQUAMISH AIRPORT,10476F0,4/30/2021 12:00,2021,4,30,12:00,9.2,,8.7,,97,,2,,,,0,,,,101.42,,,,,,NA
-123.16,49.78,SQUAMISH AIRPORT,10476F0,4/30/2021 13:00,2021,4,30,13:00,9.2,,8.7,,97,,1.3,,4,,3,,,,101.36,,,,,,NA
-123.16,49.78,SQUAMISH AIRPORT,10476F0,4/30/2021 14:00,2021,4,30,14:00,9.2,,8.8,,97,,0.5,,33,,2,,,,101.35,,,,,,NA
-123.16,49.78,SQUAMISH AIRPORT,10476F0,4/30/2021 15:00,2021,4,30,15:00,10.4,,9.7,,96,,0.2,,16,,8,,,,101.34,,,,,,NA
-123.16,49.78,SQUAMISH AIRPORT,10476F0,4/30/2021 16:00,2021,4,30,16:00,10.5,,9.8,,96,,0.6,,14,,10,,,,101.33,,,,,,NA
-123.16,49.78,SQUAMISH AIRPORT,10476F0,4/30/2021 17:00,2021,4,30,17:00,10.5,,9.7,,95,,0,,12,,8,,,,101.35,,,,,,NA
-123.16,49.78,SQUAMISH AIRPORT,10476F0,4/30/2021 18:00,2021,4,30,18:00,10.9,,10,,94,,0.1,,14,,13,,,,101.33,,,,,,NA
-123.16,49.78,SQUAMISH AIRPORT,10476F0,4/30/2021 19:00,2021,4,30,19:00,11.7,,10.6,,93,,0.2,,13,,13,,,,101.33,,,,,,NA
-123.16,49.78,SQUAMISH AIRPORT,10476F0,4/30/2021 20:00,2021,4,30,20:00,13.9,,11.2,,84,,0,,13,,11,,,,101.3,,,,,,NA
-123.16,49.78,SQUAMISH AIRPORT,10476F0,4/30/2021 21:00,2021,4,30,21:00,16,,11.4,,74,,0,,16,,13,,,,101.29,,,,,,NA
-123.16,49.78,SQUAMISH AIRPORT,10476F0,4/30/2021 22:00,2021,4,30,22:00,15.9,,11.2,,73,,0,,15,,17,,,,101.29,,,,,,NA
-123.16,49.78,SQUAMISH AIRPORT,10476F0,4/30/2021 23:00,2021,4,30,23:00,15.6,,10.5,,72,,0,,16,,15,,,,101.24,,,,,,NA
-123.16,49.78,SQUAMISH AIRPORT,10476F0,5/1/2021 0:00,2021,5,1,0:00,15.4,,10.4,,72,,0,,15,,13,,,,101.19,,,,,,NA
-123.16,49.78,SQUAMISH AIRPORT,10476F0,5/1/2021 1:00,2021,5,1,1:00,15.4,,10.1,,71,,0,,15,,12,,,,101.13,,,,,,NA
-123.16,49.78,SQUAMISH AIRPORT,10476F0,5/1/2021 2:00,2021,5,1,2:00,14.6,,10.6,,77,,0,,14,,9,,,,101.07,,,,,,NA
-123.16,49.78,SQUAMISH AIRPORT,10476F0,5/1/2021 3:00,2021,5,1,3:00,14,,10.6,,80,,0,,14,,10,,,,101.02,,,,,,NA
-123.16,49.78,SQUAMISH AIRPORT,10476F0,5/1/2021 4:00,2021,5,1,4:00,11.8,,10.2,,90,,0,,34,,3,,,,101.06,,,,,,NA
-123.16,49.78,SQUAMISH AIRPORT,10476F0,5/1/2021 5:00,2021,5,1,5:00,10.9,,9.5,,91,,0,,30,,4,,,,101.09,,,,,,NA
-123.16,49.78,SQUAMISH AIRPORT,10476F0,5/1/2021 6:00,2021,5,1,6:00,10.8,,9.5,,92,,0,,12,,2,,,,101.1,,,,,,NA
-123.16,49.78,SQUAMISH AIRPORT,10476F0,5/1/2021 7:00,2021,5,1,7:00,10.3,,9,,92,,0,,31,,3,,,,101.11,,,,,,NA
-123.16,49.78,SQUAMISH AIRPORT,10476F0,5/1/2021 8:00,2021,5,1,8:00,9.5,,8.8,,95,,0,,0,,1,,,,101.12,,,,,,NA
-123.16,49.78,SQUAMISH AIRPORT,10476F0,5/1/2021 9:00,2021,5,1,9:00,9.6,,8.9,,95,,0,,22,,1,,,,101.12,,,,,,NA
-123.16,49.78,SQUAMISH AIRPORT,10476F0,5/1/2021 10:00,2021,5,1,10:00,9.5,,8.6,,94,,0,,0,,1,,,,101.13,,,,,,NA
-123.16,49.78,SQUAMISH AIRPORT,10476F0,5/1/2021 11:00,2021,5,1,11:00,9.3,,8.5,,95,,0,,4,,1,,,,101.14,,,,,,NA
-123.16,49.78,SQUAMISH AIRPORT,10476F0,5/1/2021 12:00,2021,5,1,12:00,8.8,,8.3,,96,,0,,34,,2,,,,101.16,,,,,,NA
-123.16,49.78,SQUAMISH AIRPORT,10476F0,5/1/2021 13:00,2021,5,1,13:00,8,,7.5,,97,,0,,18,,2,,,,101.15,,,,,,NA
-123.16,49.78,SQUAMISH AIRPORT,10476F0,5/1/2021 14:00,2021,5,1,14:00,8.6,,8,,96,,0,,0,,1,,,,101.17,,,,,,NA
-123.16,49.78,SQUAMISH AIRPORT,10476F0,5/1/2021 15:00,2021,5,1,15:00,9,,8,,94,,0,,19,,2,,,,101.19,,,,,,NA
-123.16,49.78,SQUAMISH AIRPORT,10476F0,5/1/2021 16:00,2021,5,1,16:00,10.2,,7.6,,84,,0,,6,,3,,,,101.18,,,,,,NA
-123.16,49.78,SQUAMISH AIRPORT,10476F0,5/1/2021 17:00,2021,5,1,17:00,13.3,,6.8,,65,,0,,17,,9,,,,101.16,,,,,,NA
-123.16,49.78,SQUAMISH AIRPORT,10476F0,5/1/2021 18:00,2021,5,1,18:00,13.3,,6.8,,65,,0,,16,,9,,,,101.16,,,,,,NA
-123.16,49.78,SQUAMISH AIRPORT,10476F0,5/1/2021 19:00,2021,5,1,19:00,14.9,,7.7,,62,,0,,28,,2,,,,101.13,,,,,,NA
-123.16,49.78,SQUAMISH AIRPORT,10476F0,5/1/2021 20:00,2021,5,1,20:00,15.7,,6.8,,55,,0.1,,17,,10,,,,101.11,,,,,,NA
-123.16,49.78,SQUAMISH AIRPORT,10476F0,5/1/2021 21:00,2021,5,1,21:00,14.3,,3.9,,49,,0,,15,,14,,,,101.08,,,,,,NA
-123.16,49.78,SQUAMISH AIRPORT,10476F0,5/1/2021 22:00,2021,5,1,22:00,15,,3.6,,46,,0,,16,,16,,,,101.08,,,,,,NA
-123.16,49.78,SQUAMISH AIRPORT,10476F0,5/1/2021 23:00,2021,5,1,23:00,14.9,,5.1,,52,,0,,14,,7,,,,101.1,,,,,,NA
-123.16,49.78,SQUAMISH AIRPORT,10476F0,5/2/2021 0:00,2021,5,2,0:00,14.4,,5,,53,,0,,15,,10,,,,101.09,,,,,,NA
-123.16,49.78,SQUAMISH AIRPORT,10476F0,5/2/2021 1:00,2021,5,2,1:00,13.7,,6.2,,60,,0,,12,,3,,,,101.14,,,,,,NA
-123.16,49.78,SQUAMISH AIRPORT,10476F0,5/2/2021 2:00,2021,5,2,2:00,12.8,,7.9,,72,,0,,,,0,,,,101.15,,,,,,NA
-123.16,49.78,SQUAMISH AIRPORT,10476F0,5/2/2021 3:00,2021,5,2,3:00,11.6,,7.2,,75,,0,,11,,2,,,,101.17,,,,,,NA
-123.16,49.78,SQUAMISH AIRPORT,10476F0,5/2/2021 4:00,2021,5,2,4:00,8.9,,6.8,,86,,0,,5,,3,,,,101.22,,,,,,NA
-123.16,49.78,SQUAMISH AIRPORT,10476F0,5/2/2021 5:00,2021,5,2,5:00,7.5,,6.4,,92,,0,,5,,3,,,,101.3,,,,,,NA
-123.16,49.78,SQUAMISH AIRPORT,10476F0,5/2/2021 6:00,2021,5,2,6:00,6.4,,5.4,,93,,0,,5,,2,,,,101.35,,,,,,NA
-123.16,49.78,SQUAMISH AIRPORT,10476F0,5/2/2021 7:00,2021,5,2,7:00,5.7,,4.8,,94,,0,,,,0,,,,101.41,,,,,,NA
-123.16,49.78,SQUAMISH AIRPORT,10476F0,5/2/2021 8:00,2021,5,2,8:00,5.5,,4.9,,96,,0,,0,,1,,,,101.46,,,,,,NA
-123.16,49.78,SQUAMISH AIRPORT,10476F0,5/2/2021 9:00,2021,5,2,9:00,5.3,,4.9,,97,,0,,1,,2,,,,101.51,,,,,,NA
-123.16,49.78,SQUAMISH AIRPORT,10476F0,5/2/2021 10:00,2021,5,2,10:00,5.2,,4.6,,96,,0,,3,,1,,,,101.54,,,,,,NA
-123.16,49.78,SQUAMISH AIRPORT,10476F0,5/2/2021 11:00,2021,5,2,11:00,4,,3.5,,96,,0,,4,,1,,,,101.57,,,,,,NA
-123.16,49.78,SQUAMISH AIRPORT,10476F0,5/2/2021 12:00,2021,5,2,12:00,3.8,,3.3,,97,,0,,,,0,,,,101.62,,,,,,NA
-123.16,49.78,SQUAMISH AIRPORT,10476F0,5/2/2021 13:00,2021,5,2,13:00,3.4,,2.9,,97,,0,,3,,1,,,,101.65,,,,,,NA
-123.16,49.78,SQUAMISH AIRPORT,10476F0,5/2/2021 14:00,2021,5,2,14:00,3.2,,2.8,,97,,0,,,,0,,,,101.67,,,,,,NA
-123.16,49.78,SQUAMISH AIRPORT,10476F0,5/2/2021 15:00,2021,5,2,15:00,7,,5.3,,89,,0,,32,,1,,,,101.71,,,,,,NA
-123.16,49.78,SQUAMISH AIRPORT,10476F0,5/2/2021 16:00,2021,5,2,16:00,9.5,,4.9,,73,,0,,0,,1,,,,101.68,,,,,,NA
-123.16,49.78,SQUAMISH AIRPORT,10476F0,5/2/2021 17:00,2021,5,2,17:00,12.6,,5.8,,63,,0,,22,,2,,,,101.64,,,,,,NA
-123.16,49.78,SQUAMISH AIRPORT,10476F0,5/2/2021 18:00,2021,5,2,18:00,13.8,,5.6,,58,,0,,17,,11,,,,101.62,,,,,,NA
-123.16,49.78,SQUAMISH AIRPORT,10476F0,5/2/2021 19:00,2021,5,2,19:00,14.8,,5.9,,55,,0,,17,,14,,,,101.58,,,,,,NA
-123.16,49.78,SQUAMISH AIRPORT,10476F0,5/2/2021 20:00,2021,5,2,20:00,15.2,,5.4,,52,,0,,16,,14,,,,101.53,,,,,,NA
-123.16,49.78,SQUAMISH AIRPORT,10476F0,5/2/2021 21:00,2021,5,2,21:00,16.3,,6.7,,53,,0,,14,,12,,,,101.47,,,,,,NA
-123.16,49.78,SQUAMISH AIRPORT,10476F0,5/2/2021 22:00,2021,5,2,22:00,16.6,,6.3,,51,,0,,16,,16,,,,101.42,,,,,,NA
-123.16,49.78,SQUAMISH AIRPORT,10476F0,5/2/2021 23:00,2021,5,2,23:00,17,,5.6,,47,,0,,16,,16,,,,101.38,,,,,,NA
-123.16,49.78,SQUAMISH AIRPORT,10476F0,5/3/2021 0:00,2021,5,3,0:00,16.5,,4.7,,46,,0,,16,,18,,,,101.33,,,,,,NA
-123.16,49.78,SQUAMISH AIRPORT,10476F0,5/3/2021 1:00,2021,5,3,1:00,16.3,,4.5,,45,,0,,16,,13,,,,101.31,,,,,,NA
-123.16,49.78,SQUAMISH AIRPORT,10476F0,5/3/2021 2:00,2021,5,3,2:00,14.9,,4.4,,49,,0,,13,,7,,,,101.33,,,,,,NA
-123.16,49.78,SQUAMISH AIRPORT,10476F0,5/3/2021 3:00,2021,5,3,3:00,13.5,,5.5,,59,,0,,14,,8,,,,101.36,,,,,,NA
-123.16,49.78,SQUAMISH AIRPORT,10476F0,5/3/2021 4:00,2021,5,3,4:00,12.5,,6.2,,65,,0,,14,,9,,,,101.42,,,,,,NA
-123.16,49.78,SQUAMISH AIRPORT,10476F0,5/3/2021 5:00,2021,5,3,5:00,11.5,,6,,69,,0,,15,,5,,,,101.44,,,,,,NA
-123.16,49.78,SQUAMISH AIRPORT,10476F0,5/3/2021 6:00,2021,5,3,6:00,8.7,,6.1,,84,,0,,4,,2,,,,101.46,,,,,,NA
-123.16,49.78,SQUAMISH AIRPORT,10476F0,5/3/2021 7:00,2021,5,3,7:00,7.3,,5.8,,90,,0,,0,,1,,,,101.46,,,,,,NA
-123.16,49.78,SQUAMISH AIRPORT,10476F0,5/3/2021 8:00,2021,5,3,8:00,6.4,,5.3,,93,,0,,,,0,,,,101.48,,,,,,NA
-123.16,49.78,SQUAMISH AIRPORT,10476F0,5/3/2021 9:00,2021,5,3,9:00,6.4,,5.6,,95,,0,,36,,1,,,,101.46,,,,,,NA
-123.16,49.78,SQUAMISH AIRPORT,10476F0,5/3/2021 10:00,2021,5,3,10:00,6.4,,5.5,,94,,0,,0,,1,,,,101.45,,,,,,NA
-123.16,49.78,SQUAMISH AIRPORT,10476F0,5/3/2021 11:00,2021,5,3,11:00,6.7,,5.6,,92,,0,,,,0,,,,101.43,,,,,,NA
-123.16,49.78,SQUAMISH AIRPORT,10476F0,5/3/2021 12:00,2021,5,3,12:00,6.7,,5.6,,92,,0,,,,0,,,,101.44,,,,,,NA
-123.16,49.78,SQUAMISH AIRPORT,10476F0,5/3/2021 13:00,2021,5,3,13:00,7,,5.9,,93,,0,,2,,2,,,,101.42,,,,,,NA
-123.16,49.78,SQUAMISH AIRPORT,10476F0,5/3/2021 14:00,2021,5,3,14:00,7.1,,6,,93,,0,,33,,3,,,,101.45,,,,,,NA
-123.16,49.78,SQUAMISH AIRPORT,10476F0,5/3/2021 15:00,2021,5,3,15:00,9.7,,6.2,,79,,0,,,,0,,,,101.45,,,,,,NA
-123.16,49.78,SQUAMISH AIRPORT,10476F0,5/3/2021 16:00,2021,5,3,16:00,10.6,,6.1,,74,,0,,20,,4,,,,101.42,,,,,,NA
-123.16,49.78,SQUAMISH AIRPORT,10476F0,5/3/2021 17:00,2021,5,3,17:00,12.3,,6.4,,67,,0,,16,,7,,,,101.4,,,,,,NA
-123.16,49.78,SQUAMISH AIRPORT,10476F0,5/3/2021 18:00,2021,5,3,18:00,14,,6.1,,59,,0,,17,,14,,,,101.39,,,,,,NA
-123.16,49.78,SQUAMISH AIRPORT,10476F0,5/3/2021 19:00,2021,5,3,19:00,14.2,,4.9,,54,,0,,16,,15,,,,101.38,,,,,,NA
-123.16,49.78,SQUAMISH AIRPORT,10476F0,5/3/2021 20:00,2021,5,3,20:00,12.6,,6,,64,,0,,15,,13,,,,101.42,,,,,,NA
-123.16,49.78,SQUAMISH AIRPORT,10476F0,5/3/2021 21:00,2021,5,3,21:00,10.8,,8.1,,84,,0.1,,13,,10,,,,101.5,,,,,,NA
-123.16,49.78,SQUAMISH AIRPORT,10476F0,5/3/2021 22:00,2021,5,3,22:00,12.4,,7.1,,70,,0,,14,,8,,,,101.48,,,,,,NA
-123.16,49.78,SQUAMISH AIRPORT,10476F0,5/3/2021 23:00,2021,5,3,23:00,13.7,,5.4,,57,,0,,19,,10,,,,101.42,,,,,,NA
-123.16,49.78,SQUAMISH AIRPORT,10476F0,5/4/2021 0:00,2021,5,4,0:00,12.5,,6.1,,65,,0,,14,,12,,,,101.43,,,,,,NA
-123.16,49.78,SQUAMISH AIRPORT,10476F0,5/4/2021 1:00,2021,5,4,1:00,11.8,,7,,72,,0,,16,,8,,,,101.42,,,,,,NA
-123.16,49.78,SQUAMISH AIRPORT,10476F0,5/4/2021 2:00,2021,5,4,2:00,11.4,,6.9,,74,,0,,14,,7,,,,101.41,,,,,,NA
-123.16,49.78,SQUAMISH AIRPORT,10476F0,5/4/2021 3:00,2021,5,4,3:00,10.9,,7.4,,79,,0,,14,,7,,,,101.42,,,,,,NA
-123.16,49.78,SQUAMISH AIRPORT,10476F0,5/4/2021 4:00,2021,5,4,4:00,10.3,,7.6,,83,,0,,18,,2,,,,101.47,,,,,,NA
-123.16,49.78,SQUAMISH AIRPORT,10476F0,5/4/2021 5:00,2021,5,4,5:00,9.8,,7.7,,87,,0,,,,0,,,,101.51,,,,,,NA
-123.16,49.78,SQUAMISH AIRPORT,10476F0,5/4/2021 6:00,2021,5,4,6:00,9.4,,8,,91,,0,,10,,2,,,,101.49,,,,,,NA
-123.16,49.78,SQUAMISH AIRPORT,10476F0,5/4/2021 7:00,2021,5,4,7:00,9.2,,7.9,,92,,0,,5,,2,,,,101.5,,,,,,NA
-123.16,49.78,SQUAMISH AIRPORT,10476F0,5/4/2021 8:00,2021,5,4,8:00,8.9,,7.7,,93,,0,,,,0,,,,101.53,,,,,,NA
-123.16,49.78,SQUAMISH AIRPORT,10476F0,5/4/2021 9:00,2021,5,4,9:00,7.9,,7,,94,,0,,0,,1,,,,101.55,,,,,,NA
-123.16,49.78,SQUAMISH AIRPORT,10476F0,5/4/2021 10:00,2021,5,4,10:00,6.9,,6.3,,96,,0,,0,,1,,,,101.56,,,,,,NA
-123.16,49.78,SQUAMISH AIRPORT,10476F0,5/4/2021 11:00,2021,5,4,11:00,7.4,,6.7,,95,,0,,,,0,,,,101.61,,,,,,NA
-123.16,49.78,SQUAMISH AIRPORT,10476F0,5/4/2021 12:00,2021,5,4,12:00,6.8,,6.3,,96,,0,,19,,1,,,,101.62,,,,,,NA
-123.16,49.78,SQUAMISH AIRPORT,10476F0,5/4/2021 13:00,2021,5,4,13:00,7,,6.4,,96,,0,,36,,1,,,,101.64,,,,,,NA
-123.16,49.78,SQUAMISH AIRPORT,10476F0,5/4/2021 14:00,2021,5,4,14:00,7.9,,7.3,,96,,0,,,,0,,,,101.68,,,,,,NA
-123.16,49.78,SQUAMISH AIRPORT,10476F0,5/4/2021 15:00,2021,5,4,15:00,10,,7,,82,,0,,33,,2,,,,101.7,,,,,,NA
-123.16,49.78,SQUAMISH AIRPORT,10476F0,5/4/2021 16:00,2021,5,4,16:00,12.4,,7,,70,,0,,15,,2,,,,101.68,,,,,,NA
-123.16,49.78,SQUAMISH AIRPORT,10476F0,5/4/2021 17:00,2021,5,4,17:00,15.1,,7.4,,60,,0,,16,,3,,,,101.65,,,,,,NA
-123.16,49.78,SQUAMISH AIRPORT,10476F0,5/4/2021 18:00,2021,5,4,18:00,15.5,,4.6,,48,,0,,17,,12,,,,101.63,,,,,,NA
-123.16,49.78,SQUAMISH AIRPORT,10476F0,5/4/2021 19:00,2021,5,4,19:00,16.1,,5.4,,49,,0,,16,,14,,,,101.63,,,,,,NA
-123.16,49.78,SQUAMISH AIRPORT,10476F0,5/4/2021 20:00,2021,5,4,20:00,17,,6.6,,50,,0,,16,,15,,,,101.6,,,,,,NA
-123.16,49.78,SQUAMISH AIRPORT,10476F0,5/4/2021 21:00,2021,5,4,21:00,15.7,,7.2,,57,,0,,14,,9,,,,101.6,,,,,,NA
-123.16,49.78,SQUAMISH AIRPORT,10476F0,5/4/2021 22:00,2021,5,4,22:00,16.9,,5.4,,47,,0,,15,,12,,,,101.59,,,,,,NA
-123.16,49.78,SQUAMISH AIRPORT,10476F0,5/4/2021 23:00,2021,5,4,23:00,16,,4.6,,47,,0,,15,,12,,,,101.56,,,,,,NA
-123.16,49.78,SQUAMISH AIRPORT,10476F0,5/5/2021 0:00,2021,5,5,0:00,17.1,,4.4,,43,,0,,16,,15,,,,101.54,,,,,,NA
-123.16,49.78,SQUAMISH AIRPORT,10476F0,5/5/2021 1:00,2021,5,5,1:00,16.5,,4.2,,44,,0,,15,,12,,,,101.55,,,,,,NA
-123.16,49.78,SQUAMISH AIRPORT,10476F0,5/5/2021 2:00,2021,5,5,2:00,15.2,,4,,47,,0,,15,,7,,,,101.56,,,,,,NA
-123.16,49.78,SQUAMISH AIRPORT,10476F0,5/5/2021 3:00,2021,5,5,3:00,13.6,,3.9,,52,,0,,16,,7,,,,101.56,,,,,,NA
-123.16,49.78,SQUAMISH AIRPORT,10476F0,5/5/2021 4:00,2021,5,5,4:00,10.3,,5.5,,72,,0,,,,0,,,,101.61,,,,,,NA
-123.16,49.78,SQUAMISH AIRPORT,10476F0,5/5/2021 5:00,2021,5,5,5:00,8.6,,5.1,,79,,0,,0,,1,,,,101.69,,,,,,NA
-123.16,49.78,SQUAMISH AIRPORT,10476F0,5/5/2021 6:00,2021,5,5,6:00,7.3,,5.3,,87,,0,,,,0,,,,101.74,,,,,,NA
-123.16,49.78,SQUAMISH AIRPORT,10476F0,5/5/2021 7:00,2021,5,5,7:00,6.9,,5.4,,90,,0,,4,,3,,,,101.71,,,,,,NA
-123.16,49.78,SQUAMISH AIRPORT,10476F0,5/5/2021 8:00,2021,5,5,8:00,5.8,,4.6,,92,,0,,0,,1,,,,101.72,,,,,,NA
-123.16,49.78,SQUAMISH AIRPORT,10476F0,5/5/2021 9:00,2021,5,5,9:00,5.8,,4.4,,91,,0,,4,,3,,,,101.73,,,,,,NA
-123.16,49.78,SQUAMISH AIRPORT,10476F0,5/5/2021 10:00,2021,5,5,10:00,4.8,,4,,94,,0,,0,,1,,,,101.73,,,,,,NA
-123.16,49.78,SQUAMISH AIRPORT,10476F0,5/5/2021 11:00,2021,5,5,11:00,4.6,,3.5,,93,,0,,2,,3,,,,101.69,,,,,,NA
-123.16,49.78,SQUAMISH AIRPORT,10476F0,5/5/2021 12:00,2021,5,5,12:00,4.4,,3.4,,93,,0,,,,0,,,,101.63,,,,,,NA
-123.16,49.78,SQUAMISH AIRPORT,10476F0,5/5/2021 13:00,2021,5,5,13:00,5.5,,3.6,,88,,0,,1,,4,,,,101.59,,,,,,NA
-123.16,49.78,SQUAMISH AIRPORT,10476F0,5/5/2021 14:00,2021,5,5,14:00,6.2,,4.2,,87,,0,,35,,5,,,,101.55,,,,,,NA
-123.16,49.78,SQUAMISH AIRPORT,10476F0,5/5/2021 15:00,2021,5,5,15:00,7.8,,5,,82,,0,,33,,5,,,,101.48,,,,,,NA
-123.16,49.78,SQUAMISH AIRPORT,10476F0,5/5/2021 16:00,2021,5,5,16:00,10.3,,4.8,,69,,0,,34,,4,,,,101.41,,,,,,NA
-123.16,49.78,SQUAMISH AIRPORT,10476F0,5/5/2021 17:00,2021,5,5,17:00,13.7,,3.8,,51,,0,,33,,4,,,,101.34,,,,,,NA
-123.16,49.78,SQUAMISH AIRPORT,10476F0,5/5/2021 18:00,2021,5,5,18:00,15.2,,3.4,,45,,0,,32,,7,,,,101.26,,,,,,NA
-123.16,49.78,SQUAMISH AIRPORT,10476F0,5/5/2021 19:00,2021,5,5,19:00,16,,3.7,,44,,0,,32,,5,,,,101.21,,,,,,NA
-123.16,49.78,SQUAMISH AIRPORT,10476F0,5/5/2021 20:00,2021,5,5,20:00,16.8,,3.4,,41,,0,,34,,4,,,,101.15,,,,,,NA
-123.16,49.78,SQUAMISH AIRPORT,10476F0,5/5/2021 21:00,2021,5,5,21:00,18.3,,4.3,,39,,0,,33,,6,,,,101.05,,,,,,NA
-123.16,49.78,SQUAMISH AIRPORT,10476F0,5/5/2021 22:00,2021,5,5,22:00,20,,3.9,,34,,0,,28,,7,,,,101,,,,,,NA
-123.16,49.78,SQUAMISH AIRPORT,10476F0,5/5/2021 23:00,2021,5,5,23:00,21.2,,2.8,,30,,0,,33,,7,,,,100.9,,,,,,NA
-123.16,49.78,SQUAMISH AIRPORT,10476F0,5/6/2021 0:00,2021,5,6,0:00,21.7,,3.3,,30,,0,,29,,5,,,,100.82,,,,,,NA
-123.16,49.78,SQUAMISH AIRPORT,10476F0,5/6/2021 1:00,2021,5,6,1:00,21,,3.5,,32,,0,,30,,5,,,,100.71,,,,,,NA
-123.16,49.78,SQUAMISH AIRPORT,10476F0,5/6/2021 2:00,2021,5,6,2:00,19.6,,2.3,,32,,0,,33,,5,,,,100.64,,,,,,NA
-123.16,49.78,SQUAMISH AIRPORT,10476F0,5/6/2021 3:00,2021,5,6,3:00,17.1,,4.3,,43,,0,,2,,4,,,,100.63,,,,,,NA
-123.16,49.78,SQUAMISH AIRPORT,10476F0,5/6/2021 4:00,2021,5,6,4:00,14.6,,5.7,,55,,0,,36,,5,,,,100.65,,,,,,NA
-123.16,49.78,SQUAMISH AIRPORT,10476F0,5/6/2021 5:00,2021,5,6,5:00,13,,5.4,,60,,0,,1,,4,,,,100.64,,,,,,NA
-123.16,49.78,SQUAMISH AIRPORT,10476F0,5/6/2021 6:00,2021,5,6,6:00,12.1,,5.4,,64,,0,,36,,4,,,,100.65,,,,,,NA
-123.16,49.78,SQUAMISH AIRPORT,10476F0,5/6/2021 7:00,2021,5,6,7:00,11.2,,4.8,,65,,0,,35,,5,,,,100.63,,,,,,NA
-123.16,49.78,SQUAMISH AIRPORT,10476F0,5/6/2021 8:00,2021,5,6,8:00,11.4,,3.7,,59,,0,,36,,6,,,,100.6,,,,,,NA
-123.16,49.78,SQUAMISH AIRPORT,10476F0,5/6/2021 9:00,2021,5,6,9:00,10.4,,3.4,,62,,0,,34,,5,,,,100.55,,,,,,NA
-123.16,49.78,SQUAMISH AIRPORT,10476F0,5/6/2021 10:00,2021,5,6,10:00,9.1,,3.5,,68,,0,,34,,5,,,,100.51,,,,,,NA
-123.16,49.78,SQUAMISH AIRPORT,10476F0,5/6/2021 11:00,2021,5,6,11:00,9.5,,3.3,,65,,0,,34,,6,,,,100.47,,,,,,NA
-123.16,49.78,SQUAMISH AIRPORT,10476F0,5/6/2021 12:00,2021,5,6,12:00,9.1,,3.3,,67,,0,,35,,4,,,,100.43,,,,,,NA
-123.16,49.78,SQUAMISH AIRPORT,10476F0,5/6/2021 13:00,2021,5,6,13:00,9,,3.4,,68,,0,,2,,4,,,,100.4,,,,,,NA
-123.16,49.78,SQUAMISH AIRPORT,10476F0,5/6/2021 14:00,2021,5,6,14:00,9,,3.7,,69,,0,,34,,6,,,,100.36,,,,,,NA
-123.16,49.78,SQUAMISH AIRPORT,10476F0,5/6/2021 15:00,2021,5,6,15:00,10.3,,3.7,,63,,0,,35,,6,,,,100.35,,,,,,NA
-123.16,49.78,SQUAMISH AIRPORT,10476F0,5/6/2021 16:00,2021,5,6,16:00,11.9,,4.7,,62,,0,,32,,5,,,,100.29,,,,,,NA
-123.16,49.78,SQUAMISH AIRPORT,10476F0,5/6/2021 17:00,2021,5,6,17:00,13.5,,4.7,,55,,0,,33,,4,,,,100.22,,,,,,NA
-123.16,49.78,SQUAMISH AIRPORT,10476F0,5/6/2021 18:00,2021,5,6,18:00,14.1,,4.1,,51,,0,,16,,3,,,,100.25,,,,,,NA
-123.16,49.78,SQUAMISH AIRPORT,10476F0,5/6/2021 19:00,2021,5,6,19:00,14.2,,6.1,,58,,0,,33,,4,,,,100.29,,,,,,NA
-123.16,49.78,SQUAMISH AIRPORT,10476F0,5/6/2021 20:00,2021,5,6,20:00,17.2,,5.9,,47,,0,,14,,10,,,,100.3,,,,,,NA
-123.16,49.78,SQUAMISH AIRPORT,10476F0,5/6/2021 21:00,2021,5,6,21:00,18,,6.2,,46,,0,,15,,15,,,,100.34,,,,,,NA
-123.16,49.78,SQUAMISH AIRPORT,10476F0,5/6/2021 22:00,2021,5,6,22:00,16.9,,5.6,,47,,0,,13,,8,,,,100.41,,,,,,NA
-123.16,49.78,SQUAMISH AIRPORT,10476F0,5/6/2021 23:00,2021,5,6,23:00,12.4,,7.7,,73,,0.5,,18,,18,,,,100.64,,,,,,NA
-123.16,49.78,SQUAMISH AIRPORT,10476F0,5/7/2021 0:00,2021,5,7,0:00,11.3,,9.3,,87,,1.3,,14,,4,,,,100.7,,,,,,NA
-123.16,49.78,SQUAMISH AIRPORT,10476F0,5/7/2021 1:00,2021,5,7,1:00,11.2,,9.4,,89,,0.8,,12,,4,,,,100.7,,,,,,NA
-123.16,49.78,SQUAMISH AIRPORT,10476F0,5/7/2021 2:00,2021,5,7,2:00,11.4,,10.2,,93,,0,,25,,1,,,,100.66,,,,,,NA
-123.16,49.78,SQUAMISH AIRPORT,10476F0,5/7/2021 3:00,2021,5,7,3:00,10.9,,9.9,,94,,0,,9,,2,,,,100.68,,,,,,NA
-123.16,49.78,SQUAMISH AIRPORT,10476F0,5/7/2021 4:00,2021,5,7,4:00,11.2,,8.2,,82,,0,,13,,9,,,,100.71,,,,,,NA
-123.16,49.78,SQUAMISH AIRPORT,10476F0,5/7/2021 5:00,2021,5,7,5:00,11.3,,6,,70,,0,,14,,14,,,,100.76,,,,,,NA
-123.16,49.78,SQUAMISH AIRPORT,10476F0,5/7/2021 6:00,2021,5,7,6:00,10.8,,4.8,,67,,0,,15,,18,,,,100.83,,,,,,NA
-123.16,49.78,SQUAMISH AIRPORT,10476F0,5/7/2021 7:00,2021,5,7,7:00,10.3,,4,,65,,0,,16,,10,,,,100.9,,,,,,NA
-123.16,49.78,SQUAMISH AIRPORT,10476F0,5/7/2021 8:00,2021,5,7,8:00,10,,2.9,,61,,0,,14,,13,,,,100.96,,,,,,NA
-123.16,49.78,SQUAMISH AIRPORT,10476F0,5/7/2021 9:00,2021,5,7,9:00,9.5,,2.6,,62,,0,,15,,13,,,,101.05,,,,,,NA
-123.16,49.78,SQUAMISH AIRPORT,10476F0,5/7/2021 10:00,2021,5,7,10:00,9,,2.5,,64,,0,,13,,10,,,,101.08,,,,,,NA
-123.16,49.78,SQUAMISH AIRPORT,10476F0,5/7/2021 11:00,2021,5,7,11:00,8.9,,2.8,,65,,0,,14,,11,,,,101.13,,,,,,NA
-123.16,49.78,SQUAMISH AIRPORT,10476F0,5/7/2021 12:00,2021,5,7,12:00,8.6,,2.8,,67,,0,,17,,5,,,,101.2,,,,,,NA
-123.16,49.78,SQUAMISH AIRPORT,10476F0,5/7/2021 13:00,2021,5,7,13:00,6.8,,4.5,,85,,0,,28,,4,,,,101.28,,,,,,NA
-123.16,49.78,SQUAMISH AIRPORT,10476F0,5/7/2021 14:00,2021,5,7,14:00,6,,5.1,,94,,0.9,,14,,7,,,,101.34,,,,,,NA
-123.16,49.78,SQUAMISH AIRPORT,10476F0,5/7/2021 15:00,2021,5,7,15:00,6.9,,6.2,,95,,0.4,,,,0,,,,101.38,,,,,,NA
-123.16,49.78,SQUAMISH AIRPORT,10476F0,5/7/2021 16:00,2021,5,7,16:00,8.9,,4,,72,,0,,23,,3,,,,101.4,,,,,,NA
-123.16,49.78,SQUAMISH AIRPORT,10476F0,5/7/2021 17:00,2021,5,7,17:00,10.3,,4.3,,66,,0,,15,,4,,,,101.41,,,,,,NA
-123.16,49.78,SQUAMISH AIRPORT,10476F0,5/7/2021 18:00,2021,5,7,18:00,11.1,,4.7,,65,,0,,16,,12,,,,101.4,,,,,,NA
-123.16,49.78,SQUAMISH AIRPORT,10476F0,5/7/2021 19:00,2021,5,7,19:00,11.9,,3.9,,58,,0,,15,,11,,,,101.42,,,,,,NA
-123.16,49.78,SQUAMISH AIRPORT,10476F0,5/7/2021 20:00,2021,5,7,20:00,11.6,,3.4,,57,,0,,13,,7,,,,101.42,,,,,,NA
-123.16,49.78,SQUAMISH AIRPORT,10476F0,5/7/2021 21:00,2021,5,7,21:00,12.2,,3.9,,57,,0,,16,,14,,,,101.46,,,,,,NA
-123.16,49.78,SQUAMISH AIRPORT,10476F0,5/7/2021 22:00,2021,5,7,22:00,13.5,,4.3,,54,,0,,16,,19,,,,101.49,,,,,,NA
-123.16,49.78,SQUAMISH AIRPORT,10476F0,5/7/2021 23:00,2021,5,7,23:00,12.6,,4.3,,57,,0,,14,,11,,,,101.49,,,,,,NA
-123.16,49.78,SQUAMISH AIRPORT,10476F0,5/8/2021 0:00,2021,5,8,0:00,14,,3.9,,50,,0,,17,,12,,,,101.51,,,,,,NA
-123.16,49.78,SQUAMISH AIRPORT,10476F0,5/8/2021 1:00,2021,5,8,1:00,13.4,,4.7,,56,,0,,17,,9,,,,101.52,,,,,,NA
-123.16,49.78,SQUAMISH AIRPORT,10476F0,5/8/2021 2:00,2021,5,8,2:00,11.2,,4.5,,63,,0,,15,,5,,,,101.53,,,,,,NA
-123.16,49.78,SQUAMISH AIRPORT,10476F0,5/8/2021 3:00,2021,5,8,3:00,11.4,,3.5,,58,,0,,12,,4,,,,101.56,,,,,,NA
-123.16,49.78,SQUAMISH AIRPORT,10476F0,5/8/2021 4:00,2021,5,8,4:00,9.2,,5.4,,77,,0,,12,,3,,,,101.62,,,,,,NA
-123.16,49.78,SQUAMISH AIRPORT,10476F0,5/8/2021 5:00,2021,5,8,5:00,9.3,,5.1,,75,,0,,14,,3,,,,101.69,,,,,,NA
-123.16,49.78,SQUAMISH AIRPORT,10476F0,5/8/2021 6:00,2021,5,8,6:00,8,,5.6,,85,,0,,6,,1,,,,101.73,,,,,,NA
-123.16,49.78,SQUAMISH AIRPORT,10476F0,5/8/2021 7:00,2021,5,8,7:00,7,,5.2,,89,,0,,0,,1,,,,101.76,,,,,,NA
-123.16,49.78,SQUAMISH AIRPORT,10476F0,5/8/2021 8:00,2021,5,8,8:00,7,,5.3,,89,,0,,,,0,,,,101.78,,,,,,NA
-123.16,49.78,SQUAMISH AIRPORT,10476F0,5/8/2021 9:00,2021,5,8,9:00,6.5,,5.1,,91,,0,,5,,2,,,,101.8,,,,,,NA
-123.16,49.78,SQUAMISH AIRPORT,10476F0,5/8/2021 10:00,2021,5,8,10:00,6.3,,5.2,,93,,0,,0,,1,,,,101.83,,,,,,NA
-123.16,49.78,SQUAMISH AIRPORT,10476F0,5/8/2021 11:00,2021,5,8,11:00,5.6,,4.7,,94,,0,,32,,1,,,,101.83,,,,,,NA
-123.16,49.78,SQUAMISH AIRPORT,10476F0,5/8/2021 12:00,2021,5,8,12:00,5.6,,4.7,,94,,0,,,,0,,,,101.87,,,,,,NA
-123.16,49.78,SQUAMISH AIRPORT,10476F0,5/8/2021 13:00,2021,5,8,13:00,5.7,,4.8,,94,,0,,,,0,,,,101.9,,,,,,NA
-123.16,49.78,SQUAMISH AIRPORT,10476F0,5/8/2021 14:00,2021,5,8,14:00,6.3,,5.4,,94,,0,,,,0,,,,101.93,,,,,,NA
-123.16,49.78,SQUAMISH AIRPORT,10476F0,5/8/2021 15:00,2021,5,8,15:00,8.4,,5.6,,83,,0,,0,,1,,,,101.97,,,,,,NA
-123.16,49.78,SQUAMISH AIRPORT,10476F0,5/8/2021 16:00,2021,5,8,16:00,10.9,,5.8,,71,,0,,19,,9,,,,101.97,,,,,,NA
-123.16,49.78,SQUAMISH AIRPORT,10476F0,5/8/2021 17:00,2021,5,8,17:00,11,,5.5,,69,,0,,14,,10,,,,101.96,,,,,,NA
-123.16,49.78,SQUAMISH AIRPORT,10476F0,5/8/2021 18:00,2021,5,8,18:00,12.4,,3.4,,54,,0,,15,,12,,,,101.96,,,,,,NA
-123.16,49.78,SQUAMISH AIRPORT,10476F0,5/8/2021 19:00,2021,5,8,19:00,12.4,,3.2,,53,,0,,15,,13,,,,101.96,,,,,,NA
-123.16,49.78,SQUAMISH AIRPORT,10476F0,5/8/2021 20:00,2021,5,8,20:00,11.7,,3.5,,57,,0,,15,,12,,,,101.96,,,,,,NA
-123.16,49.78,SQUAMISH AIRPORT,10476F0,5/8/2021 21:00,2021,5,8,21:00,11.6,,3.3,,57,,0,,14,,13,,,,102,,,,,,NA
-123.16,49.78,SQUAMISH AIRPORT,10476F0,5/8/2021 22:00,2021,5,8,22:00,13.1,,3.8,,53,,0,,15,,14,,,,101.98,,,,,,NA
-123.16,49.78,SQUAMISH AIRPORT,10476F0,5/8/2021 23:00,2021,5,8,23:00,13,,3.8,,54,,0,,16,,16,,,,101.98,,,,,,NA
-123.16,49.78,SQUAMISH AIRPORT,10476F0,5/9/2021 0:00,2021,5,9,0:00,12.3,,3.9,,56,,0,,16,,15,,,,101.99,,,,,,NA
-123.16,49.78,SQUAMISH AIRPORT,10476F0,5/9/2021 1:00,2021,5,9,1:00,12.1,,3.4,,55,,0,,15,,12,,,,102,,,,,,NA
-123.16,49.78,SQUAMISH AIRPORT,10476F0,5/9/2021 2:00,2021,5,9,2:00,11.9,,3.1,,55,,0,,15,,9,,,,101.99,,,,,,NA
-123.16,49.78,SQUAMISH AIRPORT,10476F0,5/9/2021 3:00,2021,5,9,3:00,10.8,,3.6,,61,,0,,15,,3,,,,101.99,,,,,,NA
-123.16,49.78,SQUAMISH AIRPORT,10476F0,5/9/2021 4:00,2021,5,9,4:00,9.9,,4.8,,70,,0,,10,,3,,,,102.02,,,,,,NA
-123.16,49.78,SQUAMISH AIRPORT,10476F0,5/9/2021 5:00,2021,5,9,5:00,9.3,,5.2,,76,,0,,5,,2,,,,102.03,,,,,,NA
-123.16,49.78,SQUAMISH AIRPORT,10476F0,5/9/2021 6:00,2021,5,9,6:00,8.2,,5.2,,82,,0,,0,,1,,,,102.01,,,,,,NA
-123.16,49.78,SQUAMISH AIRPORT,10476F0,5/9/2021 7:00,2021,5,9,7:00,7.6,,5.1,,85,,0,,8,,1,,,,102,,,,,,NA
-123.16,49.78,SQUAMISH AIRPORT,10476F0,5/9/2021 8:00,2021,5,9,8:00,6.6,,4.8,,88,,0,,0,,1,,,,102,,,,,,NA
-123.16,49.78,SQUAMISH AIRPORT,10476F0,5/9/2021 9:00,2021,5,9,9:00,7.3,,4.5,,83,,0,,3,,5,,,,102.02,,,,,,NA
-123.16,49.78,SQUAMISH AIRPORT,10476F0,5/9/2021 10:00,2021,5,9,10:00,7,,5,,87,,0,,,,0,,,,102,,,,,,NA
-123.16,49.78,SQUAMISH AIRPORT,10476F0,5/9/2021 11:00,2021,5,9,11:00,5.3,,3.9,,91,,0,,3,,2,,,,101.97,,,,,,NA
-123.16,49.78,SQUAMISH AIRPORT,10476F0,5/9/2021 12:00,2021,5,9,12:00,4.4,,3.2,,92,,0,,4,,2,,,,101.96,,,,,,NA
-123.16,49.78,SQUAMISH AIRPORT,10476F0,5/9/2021 13:00,2021,5,9,13:00,3.7,,3.1,,95,,0,,,,0,,,,101.98,,,,,,NA
-123.16,49.78,SQUAMISH AIRPORT,10476F0,5/9/2021 14:00,2021,5,9,14:00,4.5,,3.7,,94,,0,,3,,2,,,,101.98,,,,,,NA
-123.16,49.78,SQUAMISH AIRPORT,10476F0,5/9/2021 15:00,2021,5,9,15:00,8.2,,3.9,,74,,0,,35,,2,,,,101.99,,,,,,NA
-123.16,49.78,SQUAMISH AIRPORT,10476F0,5/9/2021 16:00,2021,5,9,16:00,11.6,,5.1,,65,,0,,5,,2,,,,101.96,,,,,,NA
-123.16,49.78,SQUAMISH AIRPORT,10476F0,5/9/2021 17:00,2021,5,9,17:00,13.1,,4.1,,55,,0,,16,,4,,,,101.91,,,,,,NA
-123.16,49.78,SQUAMISH AIRPORT,10476F0,5/9/2021 18:00,2021,5,9,18:00,14.6,,4.5,,51,,0,,19,,11,,,,101.85,,,,,,NA
-123.16,49.78,SQUAMISH AIRPORT,10476F0,5/9/2021 19:00,2021,5,9,19:00,15.4,,2.8,,43,,0,,16,,12,,,,101.8,,,,,,NA
-123.16,49.78,SQUAMISH AIRPORT,10476F0,5/9/2021 20:00,2021,5,9,20:00,15.8,,2.8,,42,,0,,16,,16,,,,101.73,,,,,,NA
-123.16,49.78,SQUAMISH AIRPORT,10476F0,5/9/2021 21:00,2021,5,9,21:00,16.9,,3.3,,40,,0,,16,,16,,,,101.69,,,,,,NA
-123.16,49.78,SQUAMISH AIRPORT,10476F0,5/9/2021 22:00,2021,5,9,22:00,17.1,,4.2,,42,,0,,16,,16,,,,101.65,,,,,,NA
-123.16,49.78,SQUAMISH AIRPORT,10476F0,5/9/2021 23:00,2021,5,9,23:00,17.7,,4.4,,41,,0,,18,,18,,,,101.63,,,,,,NA
-123.16,49.78,SQUAMISH AIRPORT,10476F0,5/10/2021 0:00,2021,5,10,0:00,17.2,,5.6,,46,,0,,16,,12,,,,101.59,,,,,,NA
-123.16,49.78,SQUAMISH AIRPORT,10476F0,5/10/2021 1:00,2021,5,10,1:00,15.9,,5.7,,51,,0,,15,,12,,,,101.56,,,,,,NA
-123.16,49.78,SQUAMISH AIRPORT,10476F0,5/10/2021 2:00,2021,5,10,2:00,15.5,,5.3,,50,,0,,15,,9,,,,101.55,,,,,,NA
-123.16,49.78,SQUAMISH AIRPORT,10476F0,5/10/2021 3:00,2021,5,10,3:00,12.9,,5.7,,62,,0,,20,,3,,,,101.6,,,,,,NA
-123.16,49.78,SQUAMISH AIRPORT,10476F0,5/10/2021 4:00,2021,5,10,4:00,10.4,,6,,74,,0,,0,,1,,,,101.64,,,,,,NA
-123.16,49.78,SQUAMISH AIRPORT,10476F0,5/10/2021 5:00,2021,5,10,5:00,9.2,,6.1,,81,,0,,6,,2,,,,101.69,,,,,,NA
-123.16,49.78,SQUAMISH AIRPORT,10476F0,5/10/2021 6:00,2021,5,10,6:00,7.9,,5.5,,85,,0,,8,,2,,,,101.71,,,,,,NA
-123.16,49.78,SQUAMISH AIRPORT,10476F0,5/10/2021 7:00,2021,5,10,7:00,7.7,,5.8,,88,,0,,3,,4,,,,101.73,,,,,,NA
-123.16,49.78,SQUAMISH AIRPORT,10476F0,5/10/2021 8:00,2021,5,10,8:00,5.8,,4.8,,93,,0,,,,0,,,,101.76,,,,,,NA
-123.16,49.78,SQUAMISH AIRPORT,10476F0,5/10/2021 9:00,2021,5,10,9:00,5.7,,4.7,,93,,0,,0,,1,,,,101.79,,,,,,NA
-123.16,49.78,SQUAMISH AIRPORT,10476F0,5/10/2021 10:00,2021,5,10,10:00,4.3,,3.5,,95,,0,,3,,3,,,,101.82,,,,,,NA
-123.16,49.78,SQUAMISH AIRPORT,10476F0,5/10/2021 11:00,2021,5,10,11:00,4.3,,3.5,,94,,0,,2,,2,,,,101.83,,,,,,NA
-123.16,49.78,SQUAMISH AIRPORT,10476F0,5/10/2021 12:00,2021,5,10,12:00,4.8,,3.6,,92,,0,,6,,4,,,,101.83,,,,,,NA
-123.16,49.78,SQUAMISH AIRPORT,10476F0,5/10/2021 13:00,2021,5,10,13:00,5,,4.1,,94,,0,,2,,1,,,,101.86,,,,,,NA
-123.16,49.78,SQUAMISH AIRPORT,10476F0,5/10/2021 14:00,2021,5,10,14:00,6.1,,4.6,,90,,0,,36,,1,,,,101.91,,,,,,NA
-123.16,49.78,SQUAMISH AIRPORT,10476F0,5/10/2021 15:00,2021,5,10,15:00,8.2,,5.7,,85,,0,,33,,5,,,,101.9,,,,,,NA
-123.16,49.78,SQUAMISH AIRPORT,10476F0,5/10/2021 16:00,2021,5,10,16:00,10.3,,3.9,,65,,0,,33,,5,,,,101.85,,,,,,NA
-123.16,49.78,SQUAMISH AIRPORT,10476F0,5/10/2021 17:00,2021,5,10,17:00,13.2,,4.5,,55,,0,,14,,3,,,,101.79,,,,,,NA
-123.16,49.78,SQUAMISH AIRPORT,10476F0,5/10/2021 18:00,2021,5,10,18:00,14.8,,5.9,,55,,0,,17,,12,,,,101.79,,,,,,NA
-123.16,49.78,SQUAMISH AIRPORT,10476F0,5/10/2021 19:00,2021,5,10,19:00,16.6,,6.5,,51,,0,,13,,11,,,,101.73,,,,,,NA
-123.16,49.78,SQUAMISH AIRPORT,10476F0,5/10/2021 20:00,2021,5,10,20:00,17.6,,6.1,,47,,0,,16,,15,,,,101.66,,,,,,NA
-123.16,49.78,SQUAMISH AIRPORT,10476F0,5/10/2021 21:00,2021,5,10,21:00,17.9,,6.3,,47,,0,,16,,16,,,,101.63,,,,,,NA
-123.16,49.78,SQUAMISH AIRPORT,10476F0,5/10/2021 22:00,2021,5,10,22:00,17.6,,6,,47,,0,,16,,16,,,,101.62,,,,,,NA
-123.16,49.78,SQUAMISH AIRPORT,10476F0,5/10/2021 23:00,2021,5,10,23:00,17.6,,6.1,,47,,0,,16,,12,,,,101.59,,,,,,NA
-123.16,49.78,SQUAMISH AIRPORT,10476F0,5/11/2021 0:00,2021,5,11,0:00,17.1,,5.1,,45,,0,,15,,11,,,,101.56,,,,,,NA
-123.16,49.78,SQUAMISH AIRPORT,10476F0,5/11/2021 1:00,2021,5,11,1:00,17.4,,4.6,,43,,0,,13,,11,,,,101.54,,,,,,NA
-123.16,49.78,SQUAMISH AIRPORT,10476F0,5/11/2021 2:00,2021,5,11,2:00,16,,4.1,,45,,0,,13,,9,,,,101.56,,,,,,NA
-123.16,49.78,SQUAMISH AIRPORT,10476F0,5/11/2021 3:00,2021,5,11,3:00,14.1,,4.8,,54,,0,,17,,6,,,,101.59,,,,,,NA
-123.16,49.78,SQUAMISH AIRPORT,10476F0,5/11/2021 4:00,2021,5,11,4:00,12.1,,5.8,,65,,0,,14,,3,,,,101.64,,,,,,NA
-123.16,49.78,SQUAMISH AIRPORT,10476F0,5/11/2021 5:00,2021,5,11,5:00,9.7,,5.9,,77,,0,,4,,2,,,,101.69,,,,,,NA
-123.16,49.78,SQUAMISH AIRPORT,10476F0,5/11/2021 6:00,2021,5,11,6:00,7.8,,5.8,,87,,0,,,,0,,,,101.71,,,,,,NA
-123.16,49.78,SQUAMISH AIRPORT,10476F0,5/11/2021 7:00,2021,5,11,7:00,7.1,,5.5,,90,,0,,,,0,,,,101.73,,,,,,NA
-123.16,49.78,SQUAMISH AIRPORT,10476F0,5/11/2021 8:00,2021,5,11,8:00,6.3,,4.7,,89,,0,,,,0,,,,101.73,,,,,,NA
-123.16,49.78,SQUAMISH AIRPORT,10476F0,5/11/2021 9:00,2021,5,11,9:00,6.4,,4.9,,90,,0,,4,,3,,,,101.75,,,,,,NA
-123.16,49.78,SQUAMISH AIRPORT,10476F0,5/11/2021 10:00,2021,5,11,10:00,6,,4.4,,90,,0,,4,,3,,,,101.77,,,,,,NA
-123.16,49.78,SQUAMISH AIRPORT,10476F0,5/11/2021 11:00,2021,5,11,11:00,4.9,,3.8,,93,,0,,3,,2,,,,101.78,,,,,,NA
-123.16,49.78,SQUAMISH AIRPORT,10476F0,5/11/2021 12:00,2021,5,11,12:00,4.4,,3.4,,93,,0,,4,,3,,,,101.8,,,,,,NA
-123.16,49.78,SQUAMISH AIRPORT,10476F0,5/11/2021 13:00,2021,5,11,13:00,4.5,,3.7,,94,,0,,4,,2,,,,101.82,,,,,,NA
-123.16,49.78,SQUAMISH AIRPORT,10476F0,5/11/2021 14:00,2021,5,11,14:00,5.9,,4.8,,93,,0,,2,,1,,,,101.84,,,,,,NA
-123.16,49.78,SQUAMISH AIRPORT,10476F0,5/11/2021 15:00,2021,5,11,15:00,9.5,,5.6,,76,,0,,32,,2,,,,101.83,,,,,,NA
-123.16,49.78,SQUAMISH AIRPORT,10476F0,5/11/2021 16:00,2021,5,11,16:00,11.4,,5.2,,65,,0,,34,,5,,,,101.77,,,,,,NA
-123.16,49.78,SQUAMISH AIRPORT,10476F0,5/11/2021 17:00,2021,5,11,17:00,14.9,,5.8,,55,,0,,33,,1,,,,101.72,,,,,,NA
-123.16,49.78,SQUAMISH AIRPORT,10476F0,5/11/2021 18:00,2021,5,11,18:00,17,,4.9,,45,,0,,22,,5,,,,101.65,,,,,,NA
-123.16,49.78,SQUAMISH AIRPORT,10476F0,5/11/2021 19:00,2021,5,11,19:00,17.4,,5.1,,44,,0,,16,,12,,,,101.61,,,,,,NA
-123.16,49.78,SQUAMISH AIRPORT,10476F0,5/11/2021 20:00,2021,5,11,20:00,19.1,,5.3,,40,,0,,15,,11,,,,101.54,,,,,,NA
-123.16,49.78,SQUAMISH AIRPORT,10476F0,5/11/2021 21:00,2021,5,11,21:00,19.7,,5,,38,,0,,15,,11,,,,101.47,,,,,,NA
-123.16,49.78,SQUAMISH AIRPORT,10476F0,5/11/2021 22:00,2021,5,11,22:00,21.3,,6.5,,38,,0,,17,,13,,,,101.42,,,,,,NA
-123.16,49.78,SQUAMISH AIRPORT,10476F0,5/11/2021 23:00,2021,5,11,23:00,20.9,,6.1,,38,,0,,16,,14,,,,101.37,,,,,,NA
-123.16,49.78,SQUAMISH AIRPORT,10476F0,5/12/2021 0:00,2021,5,12,0:00,21.6,,5.3,,34,,0,,15,,10,,,,101.33,,,,,,NA
-123.16,49.78,SQUAMISH AIRPORT,10476F0,5/12/2021 1:00,2021,5,12,1:00,20.9,,4.1,,33,,0,,13,,9,,,,101.31,,,,,,NA
-123.16,49.78,SQUAMISH AIRPORT,10476F0,5/12/2021 2:00,2021,5,12,2:00,19.1,,3.6,,36,,0,,14,,11,,,,101.3,,,,,,NA
-123.16,49.78,SQUAMISH AIRPORT,10476F0,5/12/2021 3:00,2021,5,12,3:00,17.5,,5.2,,44,,0,,21,,5,,,,101.31,,,,,,NA
-123.16,49.78,SQUAMISH AIRPORT,10476F0,5/12/2021 4:00,2021,5,12,4:00,14.3,,6.3,,58,,0,,15,,2,,,,101.33,,,,,,NA
-123.16,49.78,SQUAMISH AIRPORT,10476F0,5/12/2021 5:00,2021,5,12,5:00,13,,7.5,,69,,0,,35,,3,,,,101.36,,,,,,NA
-123.16,49.78,SQUAMISH AIRPORT,10476F0,5/12/2021 6:00,2021,5,12,6:00,11.8,,5.6,,66,,0,,,,0,,,,101.34,,,,,,NA
-123.16,49.78,SQUAMISH AIRPORT,10476F0,5/12/2021 7:00,2021,5,12,7:00,10.7,,5.6,,71,,0,,0,,1,,,,101.33,,,,,,NA
-123.16,49.78,SQUAMISH AIRPORT,10476F0,5/12/2021 8:00,2021,5,12,8:00,9.7,,5.3,,74,,0,,5,,1,,,,101.34,,,,,,NA
-123.16,49.78,SQUAMISH AIRPORT,10476F0,5/12/2021 9:00,2021,5,12,9:00,10.1,,5.5,,73,,0,,,,0,,,,101.33,,,,,,NA
-123.16,49.78,SQUAMISH AIRPORT,10476F0,5/12/2021 10:00,2021,5,12,10:00,10.8,,5.7,,71,,0,,4,,3,,,,101.34,,,,,,NA
-123.16,49.78,SQUAMISH AIRPORT,10476F0,5/12/2021 11:00,2021,5,12,11:00,10.7,,6.8,,77,,0,,7,,1,,,,101.38,,,,,,NA
-123.16,49.78,SQUAMISH AIRPORT,10476F0,5/12/2021 12:00,2021,5,12,12:00,10,,7.1,,82,,0,,5,,2,,,,101.41,,,,,,NA
-123.16,49.78,SQUAMISH AIRPORT,10476F0,5/12/2021 13:00,2021,5,12,13:00,9.6,,7.6,,88,,0,,0,,1,,,,101.42,,,,,,NA
-123.16,49.78,SQUAMISH AIRPORT,10476F0,5/12/2021 14:00,2021,5,12,14:00,10.7,,7.7,,82,,0,,35,,5,,,,101.43,,,,,,NA
-123.16,49.78,SQUAMISH AIRPORT,10476F0,5/12/2021 15:00,2021,5,12,15:00,10.6,,8.5,,87,,0,,32,,6,,,,101.45,,,,,,NA
-123.16,49.78,SQUAMISH AIRPORT,10476F0,5/12/2021 16:00,2021,5,12,16:00,11.3,,9.4,,88,,0.2,,32,,2,,,,101.5,,,,,,NA
-123.16,49.78,SQUAMISH AIRPORT,10476F0,5/12/2021 17:00,2021,5,12,17:00,12.4,,10.3,,87,,0.4,,23,,1,,,,101.49,,,,,,NA
-123.16,49.78,SQUAMISH AIRPORT,10476F0,5/12/2021 18:00,2021,5,12,18:00,13,,9.6,,80,,0,,18,,4,,,,101.47,,,,,,NA
-123.16,49.78,SQUAMISH AIRPORT,10476F0,5/12/2021 19:00,2021,5,12,19:00,14.5,,9.2,,71,,0,,17,,8,,,,101.45,,,,,,NA
-123.16,49.78,SQUAMISH AIRPORT,10476F0,5/12/2021 20:00,2021,5,12,20:00,15.7,,10.3,,70,,0,,17,,11,,,,101.44,,,,,,NA
-123.16,49.78,SQUAMISH AIRPORT,10476F0,5/12/2021 21:00,2021,5,12,21:00,15.1,,8.8,,66,,0,,17,,16,,,,101.46,,,,,,NA
-123.16,49.78,SQUAMISH AIRPORT,10476F0,5/12/2021 22:00,2021,5,12,22:00,15.7,,9,,65,,0,,16,,12,,,,101.48,,,,,,NA
-123.16,49.78,SQUAMISH AIRPORT,10476F0,5/12/2021 23:00,2021,5,12,23:00,15.5,,8.9,,64,,0,,14,,7,,,,101.48,,,,,,NA
-123.16,49.78,SQUAMISH AIRPORT,10476F0,5/13/2021 0:00,2021,5,13,0:00,15.8,,9.1,,64,,0,,18,,8,,,,101.46,,,,,,NA
-123.16,49.78,SQUAMISH AIRPORT,10476F0,5/13/2021 1:00,2021,5,13,1:00,17,,9.5,,61,,0,,19,,5,,,,101.41,,,,,,NA
-123.16,49.78,SQUAMISH AIRPORT,10476F0,5/13/2021 2:00,2021,5,13,2:00,15.6,,9.9,,69,,0,,14,,6,,,,101.41,,,,,,NA
-123.16,49.78,SQUAMISH AIRPORT,10476F0,5/13/2021 3:00,2021,5,13,3:00,14.8,,9.8,,72,,0,,19,,3,,,,101.45,,,,,,NA
-123.16,49.78,SQUAMISH AIRPORT,10476F0,5/13/2021 4:00,2021,5,13,4:00,13.6,,10,,79,,0,,,,0,,,,101.48,,,,,,NA
-123.16,49.78,SQUAMISH AIRPORT,10476F0,5/13/2021 5:00,2021,5,13,5:00,12.9,,10.5,,85,,0,,,,0,,,,101.53,,,,,,NA
-123.16,49.78,SQUAMISH AIRPORT,10476F0,5/13/2021 6:00,2021,5,13,6:00,12.3,,10.2,,87,,0,,6,,1,,,,101.53,,,,,,NA
-123.16,49.78,SQUAMISH AIRPORT,10476F0,5/13/2021 7:00,2021,5,13,7:00,11.5,,10,,91,,0,,4,,2,,,,101.55,,,,,,NA
-123.16,49.78,SQUAMISH AIRPORT,10476F0,5/13/2021 8:00,2021,5,13,8:00,9.7,,8.7,,94,,0,,5,,2,,,,101.6,,,,,,NA
-123.16,49.78,SQUAMISH AIRPORT,10476F0,5/13/2021 9:00,2021,5,13,9:00,8.9,,8.1,,95,,0,,,,0,,,,101.62,,,,,,NA
-123.16,49.78,SQUAMISH AIRPORT,10476F0,5/13/2021 10:00,2021,5,13,10:00,8.9,,8.5,,97,,0,,,,0,,,,101.65,,,,,,NA
-123.16,49.78,SQUAMISH AIRPORT,10476F0,5/13/2021 11:00,2021,5,13,11:00,9.4,,8.7,,96,,0,,,,0,,,,101.67,,,,,,NA
-123.16,49.78,SQUAMISH AIRPORT,10476F0,5/13/2021 12:00,2021,5,13,12:00,8.7,,7.6,,93,,0,,0,,1,,,,101.69,,,,,,NA
-123.16,49.78,SQUAMISH AIRPORT,10476F0,5/13/2021 13:00,2021,5,13,13:00,9.2,,7.5,,89,,0,,1,,3,,,,101.71,,,,,,NA
-123.16,49.78,SQUAMISH AIRPORT,10476F0,5/13/2021 14:00,2021,5,13,14:00,10.2,,7.6,,83,,0,,34,,5,,,,101.75,,,,,,NA
-123.16,49.78,SQUAMISH AIRPORT,10476F0,5/13/2021 15:00,2021,5,13,15:00,12.4,,8.2,,76,,0,,34,,3,,,,101.74,,,,,,NA
-123.16,49.78,SQUAMISH AIRPORT,10476F0,5/13/2021 16:00,2021,5,13,16:00,14.2,,7.3,,63,,0,,30,,4,,,,101.72,,,,,,NA
-123.16,49.78,SQUAMISH AIRPORT,10476F0,5/13/2021 17:00,2021,5,13,17:00,15.9,,7.3,,56,,0,,34,,5,,,,101.66,,,,,,NA
-123.16,49.78,SQUAMISH AIRPORT,10476F0,5/13/2021 18:00,2021,5,13,18:00,18.3,,7.3,,49,,0,,35,,3,,,,101.61,,,,,,NA
-123.16,49.78,SQUAMISH AIRPORT,10476F0,5/13/2021 19:00,2021,5,13,19:00,21.1,,9.8,,48,,0,,19,,9,,,,101.55,,,,,,NA
-123.16,49.78,SQUAMISH AIRPORT,10476F0,5/13/2021 20:00,2021,5,13,20:00,20.5,,8.8,,47,,0,,17,,14,,,,101.51,,,,,,NA
-123.16,49.78,SQUAMISH AIRPORT,10476F0,5/13/2021 21:00,2021,5,13,21:00,20.9,,8.6,,45,,0,,16,,16,,,,101.45,,,,,,NA
-123.16,49.78,SQUAMISH AIRPORT,10476F0,5/13/2021 22:00,2021,5,13,22:00,21.6,,9,,44,,0,,14,,13,,,,101.41,,,,,,NA
-123.16,49.78,SQUAMISH AIRPORT,10476F0,5/13/2021 23:00,2021,5,13,23:00,21.9,,9,,44,,0,,16,,18,,,,101.35,,,,,,NA
-123.16,49.78,SQUAMISH AIRPORT,10476F0,5/14/2021 0:00,2021,5,14,0:00,22,,8.7,,43,,0,,15,,11,,,,101.3,,,,,,NA
-123.16,49.78,SQUAMISH AIRPORT,10476F0,5/14/2021 1:00,2021,5,14,1:00,21.9,,8.8,,43,,0,,15,,10,,,,101.27,,,,,,NA
-123.16,49.78,SQUAMISH AIRPORT,10476F0,5/14/2021 2:00,2021,5,14,2:00,21.4,,9.4,,46,,0,,17,,11,,,,101.24,,,,,,NA
-123.16,49.78,SQUAMISH AIRPORT,10476F0,5/14/2021 3:00,2021,5,14,3:00,16.7,,10,,65,,0,,28,,2,,,,101.26,,,,,,NA
-123.16,49.78,SQUAMISH AIRPORT,10476F0,5/14/2021 4:00,2021,5,14,4:00,14.8,,9.9,,72,,0,,,,0,,,,101.3,,,,,,NA
-123.16,49.78,SQUAMISH AIRPORT,10476F0,5/14/2021 5:00,2021,5,14,5:00,12.7,,9.9,,83,,0,,36,,2,,,,101.35,,,,,,NA
-123.16,49.78,SQUAMISH AIRPORT,10476F0,5/14/2021 6:00,2021,5,14,6:00,12.1,,9.9,,86,,0,,1,,3,,,,101.37,,,,,,NA
-123.16,49.78,SQUAMISH AIRPORT,10476F0,5/14/2021 7:00,2021,5,14,7:00,11.1,,8.8,,86,,0,,4,,2,,,,101.39,,,,,,NA
-123.16,49.78,SQUAMISH AIRPORT,10476F0,5/14/2021 8:00,2021,5,14,8:00,10.4,,8,,85,,0,,4,,2,,,,101.41,,,,,,NA
-123.16,49.78,SQUAMISH AIRPORT,10476F0,5/14/2021 9:00,2021,5,14,9:00,9.4,,6.8,,84,,0,,2,,3,,,,101.42,,,,,,NA
-123.16,49.78,SQUAMISH AIRPORT,10476F0,5/14/2021 10:00,2021,5,14,10:00,9.1,,6.9,,86,,0,,4,,3,,,,101.42,,,,,,NA
-123.16,49.78,SQUAMISH AIRPORT,10476F0,5/14/2021 11:00,2021,5,14,11:00,7.8,,6.1,,89,,0,,2,,2,,,,101.45,,,,,,NA
-123.16,49.78,SQUAMISH AIRPORT,10476F0,5/14/2021 12:00,2021,5,14,12:00,7.4,,5.5,,88,,0,,2,,2,,,,101.47,,,,,,NA
-123.16,49.78,SQUAMISH AIRPORT,10476F0,5/14/2021 13:00,2021,5,14,13:00,6.9,,5.4,,90,,0,,2,,2,,,,101.47,,,,,,NA
-123.16,49.78,SQUAMISH AIRPORT,10476F0,5/14/2021 14:00,2021,5,14,14:00,8.8,,6.4,,85,,0,,3,,3,,,,101.49,,,,,,NA
-123.16,49.78,SQUAMISH AIRPORT,10476F0,5/14/2021 15:00,2021,5,14,15:00,11.5,,6.3,,70,,0,,31,,3,,,,101.49,,,,,,NA
-123.16,49.78,SQUAMISH AIRPORT,10476F0,5/14/2021 16:00,2021,5,14,16:00,13.8,,6.2,,60,,0,,34,,3,,,,101.44,,,,,,NA
-123.16,49.78,SQUAMISH AIRPORT,10476F0,5/14/2021 17:00,2021,5,14,17:00,16.8,,7.3,,53,,0,,33,,4,,,,101.38,,,,,,NA
-123.16,49.78,SQUAMISH AIRPORT,10476F0,5/14/2021 18:00,2021,5,14,18:00,20,,7,,43,,0,,17,,4,,,,101.35,,,,,,NA
-123.16,49.78,SQUAMISH AIRPORT,10476F0,5/14/2021 19:00,2021,5,14,19:00,20.5,,6.8,,41,,0,,16,,13,,,,101.29,,,,,,NA
-123.16,49.78,SQUAMISH AIRPORT,10476F0,5/14/2021 20:00,2021,5,14,20:00,20.6,,7.8,,44,,0,,16,,13,,,,101.23,,,,,,NA
-123.16,49.78,SQUAMISH AIRPORT,10476F0,5/14/2021 21:00,2021,5,14,21:00,21.9,,9.2,,44,,0,,13,,12,,,,101.18,,,,,,NA
-123.16,49.78,SQUAMISH AIRPORT,10476F0,5/14/2021 22:00,2021,5,14,22:00,22,,8.8,,43,,0,,15,,11,,,,101.13,,,,,,NA
-123.16,49.78,SQUAMISH AIRPORT,10476F0,5/14/2021 23:00,2021,5,14,23:00,22.2,,8.4,,41,,0.1,,14,,13,,,,101.07,,,,,,NA
-123.16,49.78,SQUAMISH AIRPORT,10476F0,5/15/2021 0:00,2021,5,15,0:00,22.7,,8.5,,40,,0,,16,,11,,,,101.03,,,,,,NA
-123.16,49.78,SQUAMISH AIRPORT,10476F0,5/15/2021 1:00,2021,5,15,1:00,22.6,,8.8,,41,,0,,17,,10,,,,101.04,,,,,,NA
-123.16,49.78,SQUAMISH AIRPORT,10476F0,5/15/2021 2:00,2021,5,15,2:00,21.1,,8.8,,45,,0,,18,,9,,,,100.98,,,,,,NA
-123.16,49.78,SQUAMISH AIRPORT,10476F0,5/15/2021 3:00,2021,5,15,3:00,17.7,,10,,61,,0,,17,,5,,,,100.99,,,,,,NA
-123.16,49.78,SQUAMISH AIRPORT,10476F0,5/15/2021 4:00,2021,5,15,4:00,15.1,,9.9,,71,,0,,11,,2,,,,101.04,,,,,,NA
-123.16,49.78,SQUAMISH AIRPORT,10476F0,5/15/2021 5:00,2021,5,15,5:00,12.9,,9.7,,81,,0,,,,0,,,,101.11,,,,,,NA
-123.16,49.78,SQUAMISH AIRPORT,10476F0,5/15/2021 6:00,2021,5,15,6:00,11.8,,9.1,,83,,0,,5,,2,,,,101.13,,,,,,NA
-123.16,49.78,SQUAMISH AIRPORT,10476F0,5/15/2021 7:00,2021,5,15,7:00,10.5,,8.5,,88,,0,,,,0,,,,101.18,,,,,,NA
-123.16,49.78,SQUAMISH AIRPORT,10476F0,5/15/2021 8:00,2021,5,15,8:00,10.7,,8.3,,85,,0,,5,,3,,,,101.24,,,,,,NA
-123.16,49.78,SQUAMISH AIRPORT,10476F0,5/15/2021 9:00,2021,5,15,9:00,9.1,,7.2,,88,,0,,35,,2,,,,101.24,,,,,,NA
-123.16,49.78,SQUAMISH AIRPORT,10476F0,5/15/2021 10:00,2021,5,15,10:00,8.4,,6.4,,87,,0,,5,,3,,,,101.28,,,,,,NA
-123.16,49.78,SQUAMISH AIRPORT,10476F0,5/15/2021 11:00,2021,5,15,11:00,8,,6.1,,88,,0,,1,,4,,,,101.3,,,,,,NA
-123.16,49.78,SQUAMISH AIRPORT,10476F0,5/15/2021 12:00,2021,5,15,12:00,7.5,,6.1,,91,,0,,3,,2,,,,101.34,,,,,,NA
-123.16,49.78,SQUAMISH AIRPORT,10476F0,5/15/2021 13:00,2021,5,15,13:00,6.8,,5.6,,92,,0,,1,,2,,,,101.38,,,,,,NA
-123.16,49.78,SQUAMISH AIRPORT,10476F0,5/15/2021 14:00,2021,5,15,14:00,8.8,,6.6,,86,,0,,2,,2,,,,101.38,,,,,,NA
-123.16,49.78,SQUAMISH AIRPORT,10476F0,5/15/2021 15:00,2021,5,15,15:00,11.8,,6.5,,70,,0,,30,,3,,,,101.39,,,,,,NA
-123.16,49.78,SQUAMISH AIRPORT,10476F0,5/15/2021 16:00,2021,5,15,16:00,14.5,,7,,60,,0,,33,,4,,,,101.34,,,,,,NA
-123.16,49.78,SQUAMISH AIRPORT,10476F0,5/15/2021 17:00,2021,5,15,17:00,17,,6.4,,50,,0,,33,,5,,,,101.27,,,,,,NA
-123.16,49.78,SQUAMISH AIRPORT,10476F0,5/15/2021 18:00,2021,5,15,18:00,20.1,,6,,40,,0,,16,,5,,,,101.22,,,,,,NA
-123.16,49.78,SQUAMISH AIRPORT,10476F0,5/15/2021 19:00,2021,5,15,19:00,19.7,,7.7,,46,,0,,16,,16,,,,101.19,,,,,,NA
-123.16,49.78,SQUAMISH AIRPORT,10476F0,5/15/2021 20:00,2021,5,15,20:00,21,,8.2,,44,,0,,17,,16,,,,101.12,,,,,,NA
-123.16,49.78,SQUAMISH AIRPORT,10476F0,5/15/2021 21:00,2021,5,15,21:00,21.7,,9.4,,45,,0,,15,,11,,,,101.06,,,,,,NA
-123.16,49.78,SQUAMISH AIRPORT,10476F0,5/15/2021 22:00,2021,5,15,22:00,22.3,,9.3,,44,,0,,14,,11,,,,101.02,,,,,,NA
-123.16,49.78,SQUAMISH AIRPORT,10476F0,5/15/2021 23:00,2021,5,15,23:00,22.8,,9.4,,42,,0,,16,,13,,,,100.95,,,,,,NA
-123.16,49.78,SQUAMISH AIRPORT,10476F0,5/16/2021 0:00,2021,5,16,0:00,22.5,,9.2,,43,,0,,18,,14,,,,100.89,,,,,,NA
-123.16,49.78,SQUAMISH AIRPORT,10476F0,5/16/2021 1:00,2021,5,16,1:00,22.6,,8.3,,40,,0,,16,,11,,,,100.84,,,,,,NA
-123.16,49.78,SQUAMISH AIRPORT,10476F0,5/16/2021 2:00,2021,5,16,2:00,21.2,,8.8,,45,,0,,19,,12,,,,100.81,,,,,,NA
-123.16,49.78,SQUAMISH AIRPORT,10476F0,5/16/2021 3:00,2021,5,16,3:00,18.1,,9.8,,59,,0,,0,,1,,,,100.8,,,,,,NA
-123.16,49.78,SQUAMISH AIRPORT,10476F0,5/16/2021 4:00,2021,5,16,4:00,16,,10.1,,68,,0,,10,,3,,,,100.85,,,,,,NA
-123.16,49.78,SQUAMISH AIRPORT,10476F0,5/16/2021 5:00,2021,5,16,5:00,14.1,,10.4,,79,,0,,0,,1,,,,100.88,,,,,,NA
-123.16,49.78,SQUAMISH AIRPORT,10476F0,5/16/2021 6:00,2021,5,16,6:00,13.1,,9.7,,80,,0,,0,,1,,,,100.89,,,,,,NA
-123.16,49.78,SQUAMISH AIRPORT,10476F0,5/16/2021 7:00,2021,5,16,7:00,11.7,,9.2,,84,,0,,12,,2,,,,100.91,,,,,,NA
-123.16,49.78,SQUAMISH AIRPORT,10476F0,5/16/2021 8:00,2021,5,16,8:00,11,,8.7,,86,,0,,5,,2,,,,100.9,,,,,,NA
-123.16,49.78,SQUAMISH AIRPORT,10476F0,5/16/2021 9:00,2021,5,16,9:00,10.4,,8.9,,90,,0,,3,,2,,,,100.95,,,,,,NA
-123.16,49.78,SQUAMISH AIRPORT,10476F0,5/16/2021 10:00,2021,5,16,10:00,9.4,,8.2,,92,,0,,3,,2,,,,100.99,,,,,,NA
-123.16,49.78,SQUAMISH AIRPORT,10476F0,5/16/2021 11:00,2021,5,16,11:00,8.8,,7.5,,92,,0,,33,,2,,,,100.97,,,,,,NA
-123.16,49.78,SQUAMISH AIRPORT,10476F0,5/16/2021 12:00,2021,5,16,12:00,7.9,,6.5,,91,,0,,32,,2,,,,100.95,,,,,,NA
-123.16,49.78,SQUAMISH AIRPORT,10476F0,5/16/2021 13:00,2021,5,16,13:00,8.1,,6.7,,91,,0,,,,0,,,,100.96,,,,,,NA
-123.16,49.78,SQUAMISH AIRPORT,10476F0,5/16/2021 14:00,2021,5,16,14:00,9.8,,7.5,,85,,0,,0,,1,,,,100.99,,,,,,NA
-123.16,49.78,SQUAMISH AIRPORT,10476F0,5/16/2021 15:00,2021,5,16,15:00,13.5,,7.3,,66,,0,,30,,1,,,,100.97,,,,,,NA
-123.16,49.78,SQUAMISH AIRPORT,10476F0,5/16/2021 16:00,2021,5,16,16:00,15,,7.1,,59,,0,,33,,3,,,,100.93,,,,,,NA
-123.16,49.78,SQUAMISH AIRPORT,10476F0,5/16/2021 17:00,2021,5,16,17:00,18.1,,8.3,,53,,0,,18,,4,,,,100.86,,,,,,NA
-123.16,49.78,SQUAMISH AIRPORT,10476F0,5/16/2021 18:00,2021,5,16,18:00,19.8,,8.3,,47,,0,,18,,14,,,,100.8,,,,,,NA
-123.16,49.78,SQUAMISH AIRPORT,10476F0,5/16/2021 19:00,2021,5,16,19:00,21.2,,10,,49,,0,,18,,12,,,,100.75,,,,,,NA
-123.16,49.78,SQUAMISH AIRPORT,10476F0,5/16/2021 20:00,2021,5,16,20:00,21.9,,9.7,,46,,0,,17,,15,,,,100.68,,,,,,NA
-123.16,49.78,SQUAMISH AIRPORT,10476F0,5/16/2021 21:00,2021,5,16,21:00,22.1,,9.8,,46,,0,,15,,10,,,,100.61,,,,,,NA
-123.16,49.78,SQUAMISH AIRPORT,10476F0,5/16/2021 22:00,2021,5,16,22:00,23.4,,9.5,,41,,0,,15,,13,,,,100.55,,,,,,NA
-123.16,49.78,SQUAMISH AIRPORT,10476F0,5/16/2021 23:00,2021,5,16,23:00,23.4,,10,,42,,0,,15,,14,,,,100.46,,25,,,,NA
-123.16,49.78,SQUAMISH AIRPORT,10476F0,5/17/2021 0:00,2021,5,17,0:00,23.9,,10,,41,,0,,14,,10,,,,100.39,,25,,,,NA
-123.16,49.78,SQUAMISH AIRPORT,10476F0,5/17/2021 1:00,2021,5,17,1:00,22.9,,9.9,,44,,0,,14,,11,,,,100.35,,,,,,NA
-123.16,49.78,SQUAMISH AIRPORT,10476F0,5/17/2021 2:00,2021,5,17,2:00,20.5,,9.5,,49,,0,,15,,7,,,,100.32,,,,,,NA
-123.16,49.78,SQUAMISH AIRPORT,10476F0,5/17/2021 3:00,2021,5,17,3:00,18.8,,9.4,,55,,0,,15,,9,,,,100.29,,,,,,NA
-123.16,49.78,SQUAMISH AIRPORT,10476F0,5/17/2021 4:00,2021,5,17,4:00,18.2,,9.8,,58,,0,,16,,9,,,,100.32,,,,,,NA
-123.16,49.78,SQUAMISH AIRPORT,10476F0,5/17/2021 5:00,2021,5,17,5:00,17.6,,10.4,,63,,0,,15,,7,,,,100.35,,,,,,NA
-123.16,49.78,SQUAMISH AIRPORT,10476F0,5/17/2021 6:00,2021,5,17,6:00,16.3,,10.9,,70,,0,,17,,4,,,,100.33,,,,,,NA
-123.16,49.78,SQUAMISH AIRPORT,10476F0,5/17/2021 7:00,2021,5,17,7:00,16.5,,10.7,,68,,0,,16,,6,,,,100.32,,,,,,NA
-123.16,49.78,SQUAMISH AIRPORT,10476F0,5/17/2021 8:00,2021,5,17,8:00,15,,10.9,,76,,0,,0,,1,,,,100.26,,,,,,NA
-123.16,49.78,SQUAMISH AIRPORT,10476F0,5/17/2021 9:00,2021,5,17,9:00,14.8,,11.4,,80,,0,,,,0,,,,100.25,,,,,,NA
-123.16,49.78,SQUAMISH AIRPORT,10476F0,5/17/2021 10:00,2021,5,17,10:00,14.4,,11.6,,83,,0,,18,,2,,,,100.24,,,,,,NA
-123.16,49.78,SQUAMISH AIRPORT,10476F0,5/17/2021 11:00,2021,5,17,11:00,14.5,,11.5,,82,,0,,24,,5,,,,100.23,,,,,,NA
-123.16,49.78,SQUAMISH AIRPORT,10476F0,5/17/2021 12:00,2021,5,17,12:00,15.6,,11.5,,77,,0,,16,,13,,,,100.21,,,,,,NA
-123.16,49.78,SQUAMISH AIRPORT,10476F0,5/17/2021 13:00,2021,5,17,13:00,14.7,,11.6,,81,,0,,14,,13,,,,100.23,,,,,,NA
-123.16,49.78,SQUAMISH AIRPORT,10476F0,5/17/2021 14:00,2021,5,17,14:00,14.8,,11.2,,79,,0,,16,,9,,,,100.25,,,,,,NA
-123.16,49.78,SQUAMISH AIRPORT,10476F0,5/17/2021 15:00,2021,5,17,15:00,15.1,,10.7,,75,,0,,15,,11,,,,100.31,,,,,,NA
-123.16,49.78,SQUAMISH AIRPORT,10476F0,5/17/2021 16:00,2021,5,17,16:00,14.9,,10.6,,75,,0,,14,,12,,,,100.36,,,,,,NA
-123.16,49.78,SQUAMISH AIRPORT,10476F0,5/17/2021 17:00,2021,5,17,17:00,15.4,,10.2,,71,,0,,14,,15,,,,100.4,,,,,,NA
-123.16,49.78,SQUAMISH AIRPORT,10476F0,5/17/2021 18:00,2021,5,17,18:00,15.5,,9.1,,66,,0,,15,,17,,,,100.43,,,,,,NA
-123.16,49.78,SQUAMISH AIRPORT,10476F0,5/17/2021 19:00,2021,5,17,19:00,15.7,,7.7,,59,,0.1,,16,,16,,,,100.48,,,,,,NA
-123.16,49.78,SQUAMISH AIRPORT,10476F0,5/17/2021 20:00,2021,5,17,20:00,17.1,,7.3,,53,,0.3,,15,,14,,,,100.47,,,,,,NA
-123.16,49.78,SQUAMISH AIRPORT,10476F0,5/17/2021 21:00,2021,5,17,21:00,17.6,,7.1,,50,,0,,16,,17,,,,100.44,,,,,,NA
-123.16,49.78,SQUAMISH AIRPORT,10476F0,5/17/2021 22:00,2021,5,17,22:00,18.7,,7.1,,47,,0,,16,,17,,,,100.39,,,,,,NA
-123.16,49.78,SQUAMISH AIRPORT,10476F0,5/17/2021 23:00,2021,5,17,23:00,17.7,,7.2,,50,,0,,17,,16,,,,100.3,,,,,,NA
-123.16,49.78,SQUAMISH AIRPORT,10476F0,5/18/2021 0:00,2021,5,18,0:00,15,,7.9,,62,,0,,16,,14,,,,100.32,,,,,,NA
-123.16,49.78,SQUAMISH AIRPORT,10476F0,5/18/2021 1:00,2021,5,18,1:00,12,,9.9,,87,,0.1,,16,,16,,,,100.32,,,,,,NA
-123.16,49.78,SQUAMISH AIRPORT,10476F0,5/18/2021 2:00,2021,5,18,2:00,10.5,,9.4,,93,,4.5,,13,,10,,,,100.29,,,,,,NA
-123.16,49.78,SQUAMISH AIRPORT,10476F0,5/18/2021 3:00,2021,5,18,3:00,10.4,,9.6,,95,,3.1,,12,,9,,,,100.27,,,,,,NA
-123.16,49.78,SQUAMISH AIRPORT,10476F0,5/18/2021 4:00,2021,5,18,4:00,10.1,,9.3,,95,,2.3,,12,,10,,,,100.24,,,,,,NA
-123.16,49.78,SQUAMISH AIRPORT,10476F0,5/18/2021 5:00,2021,5,18,5:00,9.5,,8.4,,93,,2.5,,14,,12,,,,100.22,,,,,,NA
-123.16,49.78,SQUAMISH AIRPORT,10476F0,5/18/2021 6:00,2021,5,18,6:00,8.9,,7.4,,90,,0,,18,,6,,,,100.2,,,,,,NA
-123.16,49.78,SQUAMISH AIRPORT,10476F0,5/18/2021 7:00,2021,5,18,7:00,9.1,,7.9,,92,,0.4,,15,,11,,,,100.09,,,,,,NA
-123.16,49.78,SQUAMISH AIRPORT,10476F0,5/18/2021 8:00,2021,5,18,8:00,10.3,,6.9,,80,,0.2,,14,,14,,,,100.15,,,,,,NA
-123.16,49.78,SQUAMISH AIRPORT,10476F0,5/18/2021 9:00,2021,5,18,9:00,9.1,,6.5,,84,,0.2,,16,,10,,,,100.17,,,,,,NA
-123.16,49.78,SQUAMISH AIRPORT,10476F0,5/18/2021 10:00,2021,5,18,10:00,9.3,,5,,74,,1.3,,16,,18,,,,100.31,,,,,,NA
-123.16,49.78,SQUAMISH AIRPORT,10476F0,5/18/2021 11:00,2021,5,18,11:00,8.6,,2.8,,67,,0,,15,,14,,,,100.5,,,,,,NA
-123.16,49.78,SQUAMISH AIRPORT,10476F0,5/18/2021 12:00,2021,5,18,12:00,8.7,,2.1,,63,,0,,15,,11,,,,100.62,,,,,,NA
-123.16,49.78,SQUAMISH AIRPORT,10476F0,5/18/2021 13:00,2021,5,18,13:00,7.9,,2.9,,71,,0,,15,,14,,,,100.71,,,,,,NA
-123.16,49.78,SQUAMISH AIRPORT,10476F0,5/18/2021 14:00,2021,5,18,14:00,7.7,,5.1,,84,,0,,22,,5,,,,100.85,,,,,,NA
-123.16,49.78,SQUAMISH AIRPORT,10476F0,5/18/2021 15:00,2021,5,18,15:00,8.4,,5.3,,81,,0,,25,,4,,,,100.93,,,,,,NA
-123.16,49.78,SQUAMISH AIRPORT,10476F0,5/18/2021 16:00,2021,5,18,16:00,10.3,,2.6,,59,,0,,17,,15,,,,100.97,,,,,,NA
-123.16,49.78,SQUAMISH AIRPORT,10476F0,5/18/2021 17:00,2021,5,18,17:00,7.9,,5.9,,87,,0.7,,11,,8,,,,101.03,,,,,,NA
-123.16,49.78,SQUAMISH AIRPORT,10476F0,5/18/2021 18:00,2021,5,18,18:00,9.5,,5.4,,75,,0.2,,15,,14,,,,101.06,,,,,,NA
-123.16,49.78,SQUAMISH AIRPORT,10476F0,5/18/2021 19:00,2021,5,18,19:00,8.4,,5.2,,80,,0.1,,16,,6,,,,101.16,,,,,,NA
-123.16,49.78,SQUAMISH AIRPORT,10476F0,5/18/2021 20:00,2021,5,18,20:00,11.7,,5.5,,66,,0.4,,17,,8,,,,101.14,,,,,,NA
-123.16,49.78,SQUAMISH AIRPORT,10476F0,5/18/2021 21:00,2021,5,18,21:00,12.2,,4.5,,59,,0,,17,,16,,,,101.17,,,,,,NA
-123.16,49.78,SQUAMISH AIRPORT,10476F0,5/18/2021 22:00,2021,5,18,22:00,13.9,,5.6,,57,,0,,25,,7,,,,101.19,,,,,,NA
-123.16,49.78,SQUAMISH AIRPORT,10476F0,5/18/2021 23:00,2021,5,18,23:00,10.4,,4.1,,65,,0,,19,,9,,,,101.22,,,,,,NA
-123.16,49.78,SQUAMISH AIRPORT,10476F0,5/19/2021 0:00,2021,5,19,0:00,9.8,,6,,78,,0.2,,29,,6,,,,101.23,,,,,,NA
-123.16,49.78,SQUAMISH AIRPORT,10476F0,5/19/2021 1:00,2021,5,19,1:00,10.1,,6.8,,80,,0,,31,,4,,,,101.21,,,,,,NA
-123.16,49.78,SQUAMISH AIRPORT,10476F0,5/19/2021 2:00,2021,5,19,2:00,9.2,,4.9,,75,,0,,2,,11,,,,101.23,,,,,,NA
-123.16,49.78,SQUAMISH AIRPORT,10476F0,5/19/2021 3:00,2021,5,19,3:00,7.8,,5.9,,87,,0.4,,32,,5,,,,101.27,,,,,,NA
-123.16,49.78,SQUAMISH AIRPORT,10476F0,5/19/2021 4:00,2021,5,19,4:00,7.5,,5.8,,89,,0,,1,,4,,,,101.3,,,,,,NA
-123.16,49.78,SQUAMISH AIRPORT,10476F0,5/19/2021 5:00,2021,5,19,5:00,7.5,,6.5,,93,,0.1,,3,,3,,,,101.38,,,,,,NA
-123.16,49.78,SQUAMISH AIRPORT,10476F0,5/19/2021 6:00,2021,5,19,6:00,6.7,,6.1,,95,,0.2,,34,,3,,,,101.38,,,,,,NA
-123.16,49.78,SQUAMISH AIRPORT,10476F0,5/19/2021 7:00,2021,5,19,7:00,5.6,,5,,96,,0,,34,,2,,,,101.37,,,,,,NA
-123.16,49.78,SQUAMISH AIRPORT,10476F0,5/19/2021 8:00,2021,5,19,8:00,5.4,,5,,97,,0,,2,,2,,,,101.35,,,,,,NA
-123.16,49.78,SQUAMISH AIRPORT,10476F0,5/19/2021 9:00,2021,5,19,9:00,4.8,,4.4,,97,,0,,33,,4,,,,101.35,,,,,,NA
-123.16,49.78,SQUAMISH AIRPORT,10476F0,5/19/2021 10:00,2021,5,19,10:00,4.6,,4.2,,98,,0,,32,,3,,,,101.34,,,,,,NA
-123.16,49.78,SQUAMISH AIRPORT,10476F0,5/19/2021 11:00,2021,5,19,11:00,4.1,,3.8,,98,,0,,36,,2,,,,101.35,,,,,,NA
-123.16,49.78,SQUAMISH AIRPORT,10476F0,5/19/2021 12:00,2021,5,19,12:00,3.5,,3.3,,98,,0,,33,,1,,,,101.36,,,,,,NA
-123.16,49.78,SQUAMISH AIRPORT,10476F0,5/19/2021 13:00,2021,5,19,13:00,3.2,,3,,98,,0,,34,,2,,,,101.38,,,,,,NA
-123.16,49.78,SQUAMISH AIRPORT,10476F0,5/19/2021 14:00,2021,5,19,14:00,4.9,,4.6,,98,,0,,,,0,,,,101.39,,,,,,NA
-123.16,49.78,SQUAMISH AIRPORT,10476F0,5/19/2021 15:00,2021,5,19,15:00,7.7,,5.4,,86,,0,,22,,1,,,,101.39,,,,,,NA
-123.16,49.78,SQUAMISH AIRPORT,10476F0,5/19/2021 16:00,2021,5,19,16:00,9,,4.9,,75,,0,,1,,2,,,,101.36,,,,,,NA
-123.16,49.78,SQUAMISH AIRPORT,10476F0,5/19/2021 17:00,2021,5,19,17:00,10.3,,3.7,,64,,0,,22,,5,,,,101.32,,,,,,NA
-123.16,49.78,SQUAMISH AIRPORT,10476F0,5/19/2021 18:00,2021,5,19,18:00,11.2,,4.1,,62,,0,,16,,2,,,,101.27,,,,,,NA
-123.16,49.78,SQUAMISH AIRPORT,10476F0,5/19/2021 19:00,2021,5,19,19:00,12.9,,4.1,,55,,0,,20,,9,,,,101.24,,,,,,NA
-123.16,49.78,SQUAMISH AIRPORT,10476F0,5/19/2021 20:00,2021,5,19,20:00,14.4,,3.1,,47,,0,,16,,11,,,,101.18,,,,,,NA
-123.16,49.78,SQUAMISH AIRPORT,10476F0,5/19/2021 21:00,2021,5,19,21:00,10.9,,5.8,,71,,0,,34,,6,,,,101.23,,,,,,NA
-123.16,49.78,SQUAMISH AIRPORT,10476F0,5/19/2021 22:00,2021,5,19,22:00,13.7,,3.2,,49,,0,,2,,6,,,,101.14,,,,,,NA
-123.16,49.78,SQUAMISH AIRPORT,10476F0,5/19/2021 23:00,2021,5,19,23:00,16.6,,5.1,,47,,0,,13,,5,,,,101.06,,,,,,NA
-123.16,49.78,SQUAMISH AIRPORT,10476F0,5/20/2021 0:00,2021,5,20,0:00,16.3,,1.3,,36,,0,,35,,4,,,,100.97,,,,,,NA
-123.16,49.78,SQUAMISH AIRPORT,10476F0,5/20/2021 1:00,2021,5,20,1:00,15.7,,2.5,,41,,0,,35,,8,,,,100.98,,,,,,NA
-123.16,49.78,SQUAMISH AIRPORT,10476F0,5/20/2021 2:00,2021,5,20,2:00,12.6,,4.7,,59,,0,,2,,4,,,,101.01,,,,,,NA
-123.16,49.78,SQUAMISH AIRPORT,10476F0,5/20/2021 3:00,2021,5,20,3:00,11,,5.3,,68,,0,,15,,5,,,,101.03,,,,,,NA
-123.16,49.78,SQUAMISH AIRPORT,10476F0,5/20/2021 4:00,2021,5,20,4:00,8.8,,5.7,,81,,0,,9,,2,,,,101.06,,,,,,NA
-123.16,49.78,SQUAMISH AIRPORT,10476F0,5/20/2021 5:00,2021,5,20,5:00,7.9,,6.2,,89,,0,,3,,6,,,,101.09,,,,,,NA
-123.16,49.78,SQUAMISH AIRPORT,10476F0,5/20/2021 6:00,2021,5,20,6:00,6.3,,5.3,,93,,0,,35,,2,,,,101.13,,,,,,NA
-123.16,49.78,SQUAMISH AIRPORT,10476F0,5/20/2021 7:00,2021,5,20,7:00,6.2,,5.1,,93,,0,,4,,2,,,,101.16,,,,,,NA
-123.16,49.78,SQUAMISH AIRPORT,10476F0,5/20/2021 8:00,2021,5,20,8:00,6.2,,5.3,,94,,0,,12,,2,,,,101.16,,,,,,NA
-123.16,49.78,SQUAMISH AIRPORT,10476F0,5/20/2021 9:00,2021,5,20,9:00,5.5,,4.9,,95,,0,,4,,3,,,,101.15,,,,,,NA
-123.16,49.78,SQUAMISH AIRPORT,10476F0,5/20/2021 10:00,2021,5,20,10:00,5.6,,4.9,,96,,0,,2,,3,,,,101.15,,,,,,NA
-123.16,49.78,SQUAMISH AIRPORT,10476F0,5/20/2021 11:00,2021,5,20,11:00,4,,3.4,,96,,0,,5,,1,,,,101.17,,,,,,NA
-123.16,49.78,SQUAMISH AIRPORT,10476F0,5/20/2021 12:00,2021,5,20,12:00,3.5,,3.1,,97,,0,,14,,2,,,,101.18,,,,,,NA
-123.16,49.78,SQUAMISH AIRPORT,10476F0,5/20/2021 13:00,2021,5,20,13:00,2.9,,2.4,,97,,0,,34,,1,,,,101.23,,,,,,NA
-123.16,49.78,SQUAMISH AIRPORT,10476F0,5/20/2021 14:00,2021,5,20,14:00,5.3,,4.3,,93,,0,,4,,3,,,,101.25,,,,,,NA
-123.16,49.78,SQUAMISH AIRPORT,10476F0,5/20/2021 15:00,2021,5,20,15:00,8.2,,5.1,,81,,0,,35,,5,,,,101.25,,,,,,NA
-123.16,49.78,SQUAMISH AIRPORT,10476F0,5/20/2021 16:00,2021,5,20,16:00,11.2,,5.1,,66,,0,,35,,5,,,,101.22,,,,,,NA
-123.16,49.78,SQUAMISH AIRPORT,10476F0,5/20/2021 17:00,2021,5,20,17:00,13.3,,4.4,,55,,0,,17,,4,,,,101.18,,,,,,NA
-123.16,49.78,SQUAMISH AIRPORT,10476F0,5/20/2021 18:00,2021,5,20,18:00,15.1,,5.2,,52,,0,,16,,11,,,,101.13,,,,,,NA
-123.16,49.78,SQUAMISH AIRPORT,10476F0,5/20/2021 19:00,2021,5,20,19:00,16.6,,5.8,,49,,0,,17,,16,,,,101.1,,,,,,NA
-123.16,49.78,SQUAMISH AIRPORT,10476F0,5/20/2021 20:00,2021,5,20,20:00,16.1,,5.4,,49,,0,,17,,12,,,,101.08,,,,,,NA
-123.16,49.78,SQUAMISH AIRPORT,10476F0,5/20/2021 21:00,2021,5,20,21:00,16.6,,5.5,,48,,0,,15,,13,,,,101.05,,,,,,NA
-123.16,49.78,SQUAMISH AIRPORT,10476F0,5/20/2021 22:00,2021,5,20,22:00,17.5,,6.8,,49,,0,,16,,13,,,,101.04,,,,,,NA
-123.16,49.78,SQUAMISH AIRPORT,10476F0,5/20/2021 23:00,2021,5,20,23:00,19.6,,6.5,,42,,0,,16,,13,,,,101.02,,,,,,NA
-123.16,49.78,SQUAMISH AIRPORT,10476F0,5/21/2021 0:00,2021,5,21,0:00,17.5,,5.7,,46,,0,,13,,10,,,,101,,,,,,NA
-123.16,49.78,SQUAMISH AIRPORT,10476F0,5/21/2021 1:00,2021,5,21,1:00,19.3,,5.3,,40,,0,,15,,10,,,,101,,,,,,NA
-123.16,49.78,SQUAMISH AIRPORT,10476F0,5/21/2021 2:00,2021,5,21,2:00,18.2,,5.1,,42,,0,,15,,10,,,,101,,,,,,NA
-123.16,49.78,SQUAMISH AIRPORT,10476F0,5/21/2021 3:00,2021,5,21,3:00,14.7,,6,,56,,0,,24,,3,,,,101.04,,,,,,NA
-123.16,49.78,SQUAMISH AIRPORT,10476F0,5/21/2021 4:00,2021,5,21,4:00,12,,6.7,,70,,0,,,,0,,,,101.13,,,,,,NA
-123.16,49.78,SQUAMISH AIRPORT,10476F0,5/21/2021 5:00,2021,5,21,5:00,10,,6.5,,79,,0,,9,,3,,,,101.19,,,,,,NA
-123.16,49.78,SQUAMISH AIRPORT,10476F0,5/21/2021 6:00,2021,5,21,6:00,9.5,,6.6,,82,,0,,5,,2,,,,101.24,,,,,,NA
-123.16,49.78,SQUAMISH AIRPORT,10476F0,5/21/2021 7:00,2021,5,21,7:00,7.5,,6,,90,,0,,,,0,,,,101.3,,,,,,NA
-123.16,49.78,SQUAMISH AIRPORT,10476F0,5/21/2021 8:00,2021,5,21,8:00,6.6,,5.3,,91,,0,,1,,2,,,,101.36,,,,,,NA
-123.16,49.78,SQUAMISH AIRPORT,10476F0,5/21/2021 9:00,2021,5,21,9:00,6.2,,4.4,,88,,0,,0,,1,,,,101.41,,,,,,NA
-123.16,49.78,SQUAMISH AIRPORT,10476F0,5/21/2021 10:00,2021,5,21,10:00,5.1,,3.8,,92,,0,,36,,1,,,,101.46,,,,,,NA
-123.16,49.78,SQUAMISH AIRPORT,10476F0,5/21/2021 11:00,2021,5,21,11:00,4.9,,3.7,,92,,0,,2,,3,,,,101.51,,,,,,NA
-123.16,49.78,SQUAMISH AIRPORT,10476F0,5/21/2021 12:00,2021,5,21,12:00,4.3,,3.1,,92,,0,,1,,1,,,,101.54,,,,,,NA
-123.16,49.78,SQUAMISH AIRPORT,10476F0,5/21/2021 13:00,2021,5,21,13:00,4.3,,3.3,,93,,0,,2,,1,,,,101.55,,,,,,NA
-123.16,49.78,SQUAMISH AIRPORT,10476F0,5/21/2021 14:00,2021,5,21,14:00,5.9,,4.1,,88,,0,,33,,2,,,,101.58,,,,,,NA
-123.16,49.78,SQUAMISH AIRPORT,10476F0,5/21/2021 15:00,2021,5,21,15:00,10,,4.9,,71,,0,,27,,2,,,,101.59,,,,,,NA
-123.16,49.78,SQUAMISH AIRPORT,10476F0,5/21/2021 16:00,2021,5,21,16:00,12.6,,5.2,,61,,0,,,,0,,,,101.56,,,,,,NA
-123.16,49.78,SQUAMISH AIRPORT,10476F0,5/21/2021 17:00,2021,5,21,17:00,14.9,,3.8,,48,,0,,18,,3,,,,101.51,,,,,,NA
-123.16,49.78,SQUAMISH AIRPORT,10476F0,5/21/2021 18:00,2021,5,21,18:00,16.7,,4.5,,44,,0,,18,,15,,,,101.47,,,,,,NA
-123.16,49.78,SQUAMISH AIRPORT,10476F0,5/21/2021 19:00,2021,5,21,19:00,17.1,,6,,48,,0,,16,,16,,,,101.45,,,,,,NA
-123.16,49.78,SQUAMISH AIRPORT,10476F0,5/21/2021 20:00,2021,5,21,20:00,18,,6.5,,47,,0,,16,,17,,,,101.39,,,,,,NA
-123.16,49.78,SQUAMISH AIRPORT,10476F0,5/21/2021 21:00,2021,5,21,21:00,18.9,,7.3,,47,,0,,16,,17,,,,101.33,,,,,,NA
-123.16,49.78,SQUAMISH AIRPORT,10476F0,5/21/2021 22:00,2021,5,21,22:00,19.4,,7.1,,45,,0,,16,,17,,,,101.28,,,,,,NA
-123.16,49.78,SQUAMISH AIRPORT,10476F0,5/21/2021 23:00,2021,5,21,23:00,19.9,,7.9,,46,,0,,14,,14,,,,101.23,,,,,,NA
-123.16,49.78,SQUAMISH AIRPORT,10476F0,5/22/2021 0:00,2021,5,22,0:00,19.5,,7.9,,47,,0,,15,,12,,,,101.21,,,,,,NA
-123.16,49.78,SQUAMISH AIRPORT,10476F0,5/22/2021 1:00,2021,5,22,1:00,19.2,,7.4,,46,,0,,16,,11,,,,101.22,,,,,,NA
-123.16,49.78,SQUAMISH AIRPORT,10476F0,5/22/2021 2:00,2021,5,22,2:00,18.3,,7.5,,49,,0,,17,,9,,,,101.26,,,,,,NA
-123.16,49.78,SQUAMISH AIRPORT,10476F0,5/22/2021 3:00,2021,5,22,3:00,16.3,,7.8,,57,,0,,16,,8,,,,101.28,,,,,,NA
-123.16,49.78,SQUAMISH AIRPORT,10476F0,5/22/2021 4:00,2021,5,22,4:00,13.2,,8.3,,72,,0,,10,,1,,,,101.34,,,,,,NA
-123.16,49.78,SQUAMISH AIRPORT,10476F0,5/22/2021 5:00,2021,5,22,5:00,11.1,,8.5,,84,,0,,4,,1,,,,101.42,,,,,,NA
-123.16,49.78,SQUAMISH AIRPORT,10476F0,5/22/2021 6:00,2021,5,22,6:00,9.9,,7.9,,87,,0,,3,,5,,,,101.48,,,,,,NA
-123.16,49.78,SQUAMISH AIRPORT,10476F0,5/22/2021 7:00,2021,5,22,7:00,8.9,,7.4,,90,,0,,4,,2,,,,101.5,,,,,,NA
-123.16,49.78,SQUAMISH AIRPORT,10476F0,5/22/2021 8:00,2021,5,22,8:00,8.2,,6.7,,90,,0,,5,,1,,,,101.53,,,,,,NA
-123.16,49.78,SQUAMISH AIRPORT,10476F0,5/22/2021 9:00,2021,5,22,9:00,7.7,,5.9,,88,,0,,2,,1,,,,101.55,,,,,,NA
-123.16,49.78,SQUAMISH AIRPORT,10476F0,5/22/2021 10:00,2021,5,22,10:00,6.8,,5,,88,,0,,,,0,,,,101.54,,,,,,NA
-123.16,49.78,SQUAMISH AIRPORT,10476F0,5/22/2021 11:00,2021,5,22,11:00,5.8,,4.1,,88,,0,,0,,1,,,,101.55,,,,,,NA
-123.16,49.78,SQUAMISH AIRPORT,10476F0,5/22/2021 12:00,2021,5,22,12:00,5.9,,4.1,,88,,0,,3,,2,,,,101.54,,,,,,NA
-123.16,49.78,SQUAMISH AIRPORT,10476F0,5/22/2021 13:00,2021,5,22,13:00,5.6,,4,,90,,0,,5,,2,,,,101.53,,,,,,NA
-123.16,49.78,SQUAMISH AIRPORT,10476F0,5/22/2021 14:00,2021,5,22,14:00,7.5,,4.4,,81,,0,,4,,2,,,,101.51,,,,,,NA
-123.16,49.78,SQUAMISH AIRPORT,10476F0,5/22/2021 15:00,2021,5,22,15:00,10.8,,5.4,,69,,0,,33,,3,,,,101.48,,,,,,NA
-123.16,49.78,SQUAMISH AIRPORT,10476F0,5/22/2021 16:00,2021,5,22,16:00,13.6,,4.7,,55,,0,,34,,3,,,,101.42,,,,,,NA
-123.16,49.78,SQUAMISH AIRPORT,10476F0,5/22/2021 17:00,2021,5,22,17:00,15.8,,4,,45,,0,,18,,10,,,,101.34,,,,,,NA
-123.16,49.78,SQUAMISH AIRPORT,10476F0,5/22/2021 18:00,2021,5,22,18:00,17.5,,5.1,,44,,0,,18,,13,,,,101.26,,,,,,NA
-123.16,49.78,SQUAMISH AIRPORT,10476F0,5/22/2021 19:00,2021,5,22,19:00,18.6,,5.6,,42,,0,,16,,14,,,,101.16,,,,,,NA
-123.16,49.78,SQUAMISH AIRPORT,10476F0,5/22/2021 20:00,2021,5,22,20:00,20.3,,8,,45,,0,,18,,18,,,,101.03,,,,,,NA
-123.16,49.78,SQUAMISH AIRPORT,10476F0,5/22/2021 21:00,2021,5,22,21:00,20.7,,7.5,,43,,0,,17,,18,,,,100.93,,,,,,NA
-123.16,49.78,SQUAMISH AIRPORT,10476F0,5/22/2021 22:00,2021,5,22,22:00,21.1,,8.9,,46,,0,,17,,12,,,,100.85,,,,,,NA
-123.16,49.78,SQUAMISH AIRPORT,10476F0,5/22/2021 23:00,2021,5,22,23:00,20.3,,8.4,,46,,0,,16,,10,,,,100.78,,,,,,NA
-123.16,49.78,SQUAMISH AIRPORT,10476F0,5/23/2021 0:00,2021,5,23,0:00,20.9,,8.9,,46,,0,,17,,15,,,,100.73,,,,,,NA
-123.16,49.78,SQUAMISH AIRPORT,10476F0,5/23/2021 1:00,2021,5,23,1:00,20.6,,9.2,,48,,0,,16,,10,,,,100.72,,,,,,NA
-123.16,49.78,SQUAMISH AIRPORT,10476F0,5/23/2021 2:00,2021,5,23,2:00,18.4,,9.5,,56,,0,,17,,8,,,,100.75,,,,,,NA
-123.16,49.78,SQUAMISH AIRPORT,10476F0,5/23/2021 3:00,2021,5,23,3:00,16.5,,10.2,,66,,0,,21,,4,,,,100.76,,,,,,NA
-123.16,49.78,SQUAMISH AIRPORT,10476F0,5/23/2021 4:00,2021,5,23,4:00,15.4,,10.5,,73,,0,,13,,3,,,,100.77,,,,,,NA
-123.16,49.78,SQUAMISH AIRPORT,10476F0,5/23/2021 5:00,2021,5,23,5:00,14.9,,10.7,,76,,0,,15,,4,,,,100.86,,,,,,NA
-123.16,49.78,SQUAMISH AIRPORT,10476F0,5/23/2021 6:00,2021,5,23,6:00,13.6,,10.7,,82,,0,,5,,2,,,,100.88,,,,,,NA
-123.16,49.78,SQUAMISH AIRPORT,10476F0,5/23/2021 7:00,2021,5,23,7:00,13.3,,10.6,,84,,0,,9,,2,,,,100.92,,,,,,NA
-123.16,49.78,SQUAMISH AIRPORT,10476F0,5/23/2021 8:00,2021,5,23,8:00,12.6,,10.3,,86,,0,,4,,2,,,,100.93,,,,,,NA
-123.16,49.78,SQUAMISH AIRPORT,10476F0,5/23/2021 9:00,2021,5,23,9:00,12.3,,10.5,,89,,0,,6,,1,,,,100.91,,,,,,NA
-123.16,49.78,SQUAMISH AIRPORT,10476F0,5/23/2021 10:00,2021,5,23,10:00,11.6,,9.7,,88,,0,,0,,1,,,,100.91,,,,,,NA
-123.16,49.78,SQUAMISH AIRPORT,10476F0,5/23/2021 11:00,2021,5,23,11:00,10.9,,9.3,,90,,0,,5,,1,,,,100.91,,,,,,NA
-123.16,49.78,SQUAMISH AIRPORT,10476F0,5/23/2021 12:00,2021,5,23,12:00,10.4,,9.2,,92,,0,,,,0,,,,100.9,,,,,,NA
-123.16,49.78,SQUAMISH AIRPORT,10476F0,5/23/2021 13:00,2021,5,23,13:00,10.8,,9.2,,90,,0,,4,,2,,,,100.94,,,,,,NA
-123.16,49.78,SQUAMISH AIRPORT,10476F0,5/23/2021 14:00,2021,5,23,14:00,11.9,,9.8,,87,,0,,0,,1,,,,100.95,,,,,,NA
-123.16,49.78,SQUAMISH AIRPORT,10476F0,5/23/2021 15:00,2021,5,23,15:00,13,,10.8,,86,,0,,,,0,,,,101,,,,,,NA
-123.16,49.78,SQUAMISH AIRPORT,10476F0,5/23/2021 16:00,2021,5,23,16:00,14.2,,9,,71,,0,,0,,1,,,,101,,,,,,NA
-123.16,49.78,SQUAMISH AIRPORT,10476F0,5/23/2021 17:00,2021,5,23,17:00,15.6,,10.4,,71,,0,,18,,4,,,,100.98,,,,,,NA
-123.16,49.78,SQUAMISH AIRPORT,10476F0,5/23/2021 18:00,2021,5,23,18:00,17.1,,9.8,,62,,0,,14,,9,,,,100.94,,,,,,NA
-123.16,49.78,SQUAMISH AIRPORT,10476F0,5/23/2021 19:00,2021,5,23,19:00,16.9,,10,,64,,0,,14,,10,,,,100.92,,,,,,NA
-123.16,49.78,SQUAMISH AIRPORT,10476F0,5/23/2021 20:00,2021,5,23,20:00,16.3,,10.2,,67,,0,,14,,13,,,,100.92,,,,,,NA
-123.16,49.78,SQUAMISH AIRPORT,10476F0,5/23/2021 21:00,2021,5,23,21:00,17.4,,10.3,,63,,0,,15,,14,,,,100.87,,,,,,NA
-123.16,49.78,SQUAMISH AIRPORT,10476F0,5/23/2021 22:00,2021,5,23,22:00,16.7,,10.5,,67,,0,,14,,12,,,,100.85,,,,,,NA
-123.16,49.78,SQUAMISH AIRPORT,10476F0,5/23/2021 23:00,2021,5,23,23:00,16.6,,10.6,,68,,0,,13,,10,,,,100.82,,,,,,NA
-123.16,49.78,SQUAMISH AIRPORT,10476F0,5/24/2021 0:00,2021,5,24,0:00,16.6,,11,,69,,0,,14,,10,,,,100.81,,,,,,NA
-123.16,49.78,SQUAMISH AIRPORT,10476F0,5/24/2021 1:00,2021,5,24,1:00,15.2,,10.5,,73,,0,,14,,9,,,,100.81,,,,,,NA
-123.16,49.78,SQUAMISH AIRPORT,10476F0,5/24/2021 2:00,2021,5,24,2:00,15,,10.6,,75,,0,,14,,11,,,,100.82,,,,,,NA
-123.16,49.78,SQUAMISH AIRPORT,10476F0,5/24/2021 3:00,2021,5,24,3:00,14.5,,10.5,,77,,0,,16,,9,,,,100.81,,,,,,NA
-123.16,49.78,SQUAMISH AIRPORT,10476F0,5/24/2021 4:00,2021,5,24,4:00,13.9,,10.3,,79,,0,,14,,4,,,,100.79,,,,,,NA
-123.16,49.78,SQUAMISH AIRPORT,10476F0,5/24/2021 5:00,2021,5,24,5:00,13.8,,10.5,,80,,0,,15,,7,,,,100.82,,,,,,NA
-123.16,49.78,SQUAMISH AIRPORT,10476F0,5/24/2021 6:00,2021,5,24,6:00,13.9,,10.5,,80,,0,,14,,4,,,,100.81,,,,,,NA
-123.16,49.78,SQUAMISH AIRPORT,10476F0,5/24/2021 7:00,2021,5,24,7:00,13.3,,10.5,,83,,0,,27,,1,,,,100.81,,,,,,NA
-123.16,49.78,SQUAMISH AIRPORT,10476F0,5/24/2021 8:00,2021,5,24,8:00,13,,10.7,,86,,0,,,,0,,,,100.81,,,,,,NA
-123.16,49.78,SQUAMISH AIRPORT,10476F0,5/24/2021 9:00,2021,5,24,9:00,12.6,,10.8,,89,,0,,0,,1,,,,100.8,,,,,,NA
-123.16,49.78,SQUAMISH AIRPORT,10476F0,5/24/2021 10:00,2021,5,24,10:00,13.2,,10.7,,85,,0,,13,,3,,,,100.8,,,,,,NA
-123.16,49.78,SQUAMISH AIRPORT,10476F0,5/24/2021 11:00,2021,5,24,11:00,13.1,,10.6,,84,,0,,15,,4,,,,100.79,,,,,,NA
-123.16,49.78,SQUAMISH AIRPORT,10476F0,5/24/2021 12:00,2021,5,24,12:00,12.3,,11,,92,,0,,14,,5,,,,100.78,,,,,,NA
-123.16,49.78,SQUAMISH AIRPORT,10476F0,5/24/2021 13:00,2021,5,24,13:00,12.3,,10.8,,91,,0,,15,,5,,,,100.8,,,,,,NA
-123.16,49.78,SQUAMISH AIRPORT,10476F0,5/24/2021 14:00,2021,5,24,14:00,12.1,,10.6,,90,,0,,14,,5,,,,100.81,,,,,,NA
-123.16,49.78,SQUAMISH AIRPORT,10476F0,5/24/2021 15:00,2021,5,24,15:00,12.2,,10.4,,88,,0,,14,,6,,,,100.81,,,,,,NA
-123.16,49.78,SQUAMISH AIRPORT,10476F0,5/24/2021 16:00,2021,5,24,16:00,12.3,,10,,86,,0,,15,,7,,,,100.85,,,,,,NA
-123.16,49.78,SQUAMISH AIRPORT,10476F0,5/24/2021 17:00,2021,5,24,17:00,12.8,,10,,83,,0,,17,,11,,,,100.88,,,,,,NA
-123.16,49.78,SQUAMISH AIRPORT,10476F0,5/24/2021 18:00,2021,5,24,18:00,13.2,,10,,81,,0,,16,,9,,,,100.9,,,,,,NA
-123.16,49.78,SQUAMISH AIRPORT,10476F0,5/24/2021 19:00,2021,5,24,19:00,13.6,,9.7,,77,,0,,15,,9,,,,100.92,,,,,,NA
-123.16,49.78,SQUAMISH AIRPORT,10476F0,5/24/2021 20:00,2021,5,24,20:00,14.3,,9.7,,74,,0,,15,,10,,,,100.93,,,,,,NA
-123.16,49.78,SQUAMISH AIRPORT,10476F0,5/24/2021 21:00,2021,5,24,21:00,14.1,,9.7,,75,,0,,14,,10,,,,100.94,,,,,,NA
-123.16,49.78,SQUAMISH AIRPORT,10476F0,5/24/2021 22:00,2021,5,24,22:00,14.5,,9.9,,74,,0,,17,,13,,,,100.95,,,,,,NA
-123.16,49.78,SQUAMISH AIRPORT,10476F0,5/24/2021 23:00,2021,5,24,23:00,13.4,,9.8,,79,,0,,15,,16,,,,100.96,,,,,,NA
-123.16,49.78,SQUAMISH AIRPORT,10476F0,5/25/2021 0:00,2021,5,25,0:00,13.6,,10.1,,80,,0,,15,,14,,,,100.97,,,,,,NA
-123.16,49.78,SQUAMISH AIRPORT,10476F0,5/25/2021 1:00,2021,5,25,1:00,13.1,,10,,82,,0,,16,,14,,,,100.97,,,,,,NA
-123.16,49.78,SQUAMISH AIRPORT,10476F0,5/25/2021 2:00,2021,5,25,2:00,13.2,,10,,81,,0,,14,,7,,,,100.98,,,,,,NA
-123.16,49.78,SQUAMISH AIRPORT,10476F0,5/25/2021 3:00,2021,5,25,3:00,13,,10.2,,83,,0,,15,,5,,,,100.99,,,,,,NA
-123.16,49.78,SQUAMISH AIRPORT,10476F0,5/25/2021 4:00,2021,5,25,4:00,12.5,,10.4,,87,,0,,14,,3,,,,101.01,,,,,,NA
-123.16,49.78,SQUAMISH AIRPORT,10476F0,5/25/2021 5:00,2021,5,25,5:00,12.2,,10.6,,90,,0,,17,,1,,,,101.06,,,,,,NA
-123.16,49.78,SQUAMISH AIRPORT,10476F0,5/25/2021 6:00,2021,5,25,6:00,12,,10.7,,91,,0,,0,,1,,,,101.07,,,,,,NA
-123.16,49.78,SQUAMISH AIRPORT,10476F0,5/25/2021 7:00,2021,5,25,7:00,11.9,,10.9,,93,,0,,,,0,,,,101.09,,,,,,NA
-123.16,49.78,SQUAMISH AIRPORT,10476F0,5/25/2021 8:00,2021,5,25,8:00,11.8,,11,,95,,0,,,,0,,,,101.09,,,,,,NA
-123.16,49.78,SQUAMISH AIRPORT,10476F0,5/25/2021 9:00,2021,5,25,9:00,11.6,,11.1,,97,,0.3,,,,0,,,,101.08,,,,,,NA
-123.16,49.78,SQUAMISH AIRPORT,10476F0,5/25/2021 10:00,2021,5,25,10:00,11.6,,11.1,,97,,0.2,,0,,1,,,,101.08,,,,,,NA
-123.16,49.78,SQUAMISH AIRPORT,10476F0,5/25/2021 11:00,2021,5,25,11:00,11.4,,10.9,,97,,0,,31,,1,,,,101.08,,,,,,NA
-123.16,49.78,SQUAMISH AIRPORT,10476F0,5/25/2021 12:00,2021,5,25,12:00,11.2,,10.8,,97,,0,,34,,2,,,,101.07,,,,,,NA
-123.16,49.78,SQUAMISH AIRPORT,10476F0,5/25/2021 13:00,2021,5,25,13:00,11.1,,10.6,,97,,0,,30,,1,,,,101.09,,,,,,NA
-123.16,49.78,SQUAMISH AIRPORT,10476F0,5/25/2021 14:00,2021,5,25,14:00,11.3,,10.7,,96,,0,,31,,3,,,,101.13,,,,,,NA
-123.16,49.78,SQUAMISH AIRPORT,10476F0,5/25/2021 15:00,2021,5,25,15:00,12,,11,,93,,0,,0,,1,,,,101.16,,,,,,NA
-123.16,49.78,SQUAMISH AIRPORT,10476F0,5/25/2021 16:00,2021,5,25,16:00,13.4,,11.1,,86,,0,,12,,2,,,,101.16,,,,,,NA
-123.16,49.78,SQUAMISH AIRPORT,10476F0,5/25/2021 17:00,2021,5,25,17:00,15.8,,10.9,,73,,0,,18,,9,,,,101.16,,,,,,NA
-123.16,49.78,SQUAMISH AIRPORT,10476F0,5/25/2021 18:00,2021,5,25,18:00,16.2,,10.7,,70,,0,,16,,8,,,,101.14,,,,,,NA
-123.16,49.78,SQUAMISH AIRPORT,10476F0,5/25/2021 19:00,2021,5,25,19:00,16.3,,10.1,,67,,0,,16,,14,,,,101.12,,,,,,NA
-123.16,49.78,SQUAMISH AIRPORT,10476F0,5/25/2021 20:00,2021,5,25,20:00,16.8,,8.8,,59,,0,,15,,13,,,,101.08,,,,,,NA
-123.16,49.78,SQUAMISH AIRPORT,10476F0,5/25/2021 21:00,2021,5,25,21:00,19.2,,10.2,,56,,0,,15,,12,,,,101.06,,,,,,NA
-123.16,49.78,SQUAMISH AIRPORT,10476F0,5/25/2021 22:00,2021,5,25,22:00,19.1,,9.8,,55,,0,,16,,14,,,,101.04,,,,,,NA
-123.16,49.78,SQUAMISH AIRPORT,10476F0,5/25/2021 23:00,2021,5,25,23:00,18.4,,9.1,,55,,0,,16,,11,,,,101.03,,,,,,NA
-123.16,49.78,SQUAMISH AIRPORT,10476F0,5/26/2021 0:00,2021,5,26,0:00,18.6,,8.5,,52,,0,,16,,10,,,,101.05,,,,,,NA
-123.16,49.78,SQUAMISH AIRPORT,10476F0,5/26/2021 1:00,2021,5,26,1:00,18.1,,8.9,,55,,0,,14,,9,,,,101.06,,,,,,NA
-123.16,49.78,SQUAMISH AIRPORT,10476F0,5/26/2021 2:00,2021,5,26,2:00,17.6,,8.6,,55,,0,,14,,7,,,,101.07,,,,,,NA
-123.16,49.78,SQUAMISH AIRPORT,10476F0,5/26/2021 3:00,2021,5,26,3:00,16.8,,8.3,,57,,0,,14,,9,,,,101.11,,,,,,NA
-123.16,49.78,SQUAMISH AIRPORT,10476F0,5/26/2021 4:00,2021,5,26,4:00,15.7,,9.9,,68,,0,,13,,8,,,,101.14,,,,,,NA
-123.16,49.78,SQUAMISH AIRPORT,10476F0,5/26/2021 5:00,2021,5,26,5:00,14.4,,11.2,,81,,0,,14,,9,,,,101.2,,,,,,NA
-123.16,49.78,SQUAMISH AIRPORT,10476F0,5/26/2021 6:00,2021,5,26,6:00,14,,11.1,,82,,0,,20,,5,,,,101.23,,,,,,NA
-123.16,49.78,SQUAMISH AIRPORT,10476F0,5/26/2021 7:00,2021,5,26,7:00,13.3,,11.5,,89,,0,,6,,2,,,,101.26,,,,,,NA
-123.16,49.78,SQUAMISH AIRPORT,10476F0,5/26/2021 8:00,2021,5,26,8:00,12.5,,10.5,,88,,0,,0,,1,,,,101.25,,,,,,NA
-123.16,49.78,SQUAMISH AIRPORT,10476F0,5/26/2021 9:00,2021,5,26,9:00,12.8,,10.5,,86,,0,,15,,7,,,,101.28,,,,,,NA
-123.16,49.78,SQUAMISH AIRPORT,10476F0,5/26/2021 10:00,2021,5,26,10:00,12.1,,11.1,,94,,0.2,,22,,3,,,,101.31,,,,,,NA
-123.16,49.78,SQUAMISH AIRPORT,10476F0,5/26/2021 11:00,2021,5,26,11:00,11.9,,11,,94,,0.1,,2,,2,,,,101.32,,,,,,NA
-123.16,49.78,SQUAMISH AIRPORT,10476F0,5/26/2021 12:00,2021,5,26,12:00,12.2,,9.7,,85,,0,,15,,7,,,,101.31,,,,,,NA
-123.16,49.78,SQUAMISH AIRPORT,10476F0,5/26/2021 13:00,2021,5,26,13:00,12.5,,9,,79,,0,,14,,9,,,,101.31,,,,,,NA
-123.16,49.78,SQUAMISH AIRPORT,10476F0,5/26/2021 14:00,2021,5,26,14:00,12.8,,8.1,,73,,0,,14,,9,,,,101.31,,,,,,NA
-123.16,49.78,SQUAMISH AIRPORT,10476F0,5/26/2021 15:00,2021,5,26,15:00,12.8,,7.9,,72,,0,,14,,10,,,,101.31,,,,,,NA
-123.16,49.78,SQUAMISH AIRPORT,10476F0,5/26/2021 16:00,2021,5,26,16:00,11.9,,7.5,,75,,0,,15,,13,,,,101.32,,,,,,NA
-123.16,49.78,SQUAMISH AIRPORT,10476F0,5/26/2021 17:00,2021,5,26,17:00,11.5,,7.4,,76,,0,,13,,11,,,,101.36,,,,,,NA
-123.16,49.78,SQUAMISH AIRPORT,10476F0,5/26/2021 18:00,2021,5,26,18:00,12.5,,7.5,,71,,0,,16,,13,,,,101.33,,,,,,NA
-123.16,49.78,SQUAMISH AIRPORT,10476F0,5/26/2021 19:00,2021,5,26,19:00,14.4,,8,,65,,0,,16,,14,,,,101.27,,,,,,NA
-123.16,49.78,SQUAMISH AIRPORT,10476F0,5/26/2021 20:00,2021,5,26,20:00,14.1,,7.1,,63,,0,,17,,16,,,,101.26,,,,,,NA
-123.16,49.78,SQUAMISH AIRPORT,10476F0,5/26/2021 21:00,2021,5,26,21:00,13.4,,6.9,,65,,0,,16,,14,,,,101.25,,,,,,NA
-123.16,49.78,SQUAMISH AIRPORT,10476F0,5/26/2021 22:00,2021,5,26,22:00,14.5,,7,,61,,0,,17,,14,,,,101.22,,,,,,NA
-123.16,49.78,SQUAMISH AIRPORT,10476F0,5/26/2021 23:00,2021,5,26,23:00,15.3,,6.7,,57,,0,,17,,12,,,,101.15,,,,,,NA
-123.16,49.78,SQUAMISH AIRPORT,10476F0,5/27/2021 0:00,2021,5,27,0:00,14.1,,6.4,,60,,0,,13,,10,,,,101.12,,,,,,NA
-123.16,49.78,SQUAMISH AIRPORT,10476F0,5/27/2021 1:00,2021,5,27,1:00,13.7,,6.8,,63,,0,,15,,8,,,,101.05,,,,,,NA
-123.16,49.78,SQUAMISH AIRPORT,10476F0,5/27/2021 2:00,2021,5,27,2:00,12.5,,8.3,,76,,0,,29,,4,,,,100.96,,,,,,NA
-123.16,49.78,SQUAMISH AIRPORT,10476F0,5/27/2021 3:00,2021,5,27,3:00,11.3,,9.3,,88,,0,,30,,4,,,,100.94,,,,,,NA
-123.16,49.78,SQUAMISH AIRPORT,10476F0,5/27/2021 4:00,2021,5,27,4:00,10.6,,9.4,,92,,0.1,,35,,4,,,,100.92,,,,,,NA
-123.16,49.78,SQUAMISH AIRPORT,10476F0,5/27/2021 5:00,2021,5,27,5:00,10.1,,9.2,,94,,0,,31,,3,,,,100.89,,,,,,NA
-123.16,49.78,SQUAMISH AIRPORT,10476F0,5/27/2021 6:00,2021,5,27,6:00,9.7,,8.9,,95,,0.1,,34,,5,,,,100.81,,,,,,NA
-123.16,49.78,SQUAMISH AIRPORT,10476F0,5/27/2021 7:00,2021,5,27,7:00,9.5,,8.9,,96,,0.3,,34,,2,,,,100.74,,,,,,NA
-123.16,49.78,SQUAMISH AIRPORT,10476F0,5/27/2021 8:00,2021,5,27,8:00,9.3,,8.8,,97,,2.3,,34,,4,,,,100.65,,,,,,NA
-123.16,49.78,SQUAMISH AIRPORT,10476F0,5/27/2021 9:00,2021,5,27,9:00,9.1,,8.7,,97,,2,,29,,3,,,,100.57,,,,,,NA
-123.16,49.78,SQUAMISH AIRPORT,10476F0,5/27/2021 10:00,2021,5,27,10:00,8.9,,8.4,,97,,2.9,,33,,2,,,,100.45,,,,,,NA
-123.16,49.78,SQUAMISH AIRPORT,10476F0,5/27/2021 11:00,2021,5,27,11:00,8.8,,8.4,,97,,3.6,,36,,4,,,,100.34,,,,,,NA
-123.16,49.78,SQUAMISH AIRPORT,10476F0,5/27/2021 12:00,2021,5,27,12:00,8.7,,8.3,,97,,5.3,,32,,2,,,,100.31,,,,,,NA
-123.16,49.78,SQUAMISH AIRPORT,10476F0,5/27/2021 13:00,2021,5,27,13:00,8.6,,8,,96,,4.3,,4,,3,,,,100.26,,,,,,NA
-123.16,49.78,SQUAMISH AIRPORT,10476F0,5/27/2021 14:00,2021,5,27,14:00,8.3,,7.5,,95,,3.4,,35,,4,,,,100.22,,,,,,NA
-123.16,49.78,SQUAMISH AIRPORT,10476F0,5/27/2021 15:00,2021,5,27,15:00,8.5,,7.7,,95,,1.9,,36,,2,,,,100.21,,,,,,NA
-123.16,49.78,SQUAMISH AIRPORT,10476F0,5/27/2021 16:00,2021,5,27,16:00,9.2,,8.4,,95,,0.3,,28,,1,,,,100.19,,,,,,NA
-123.16,49.78,SQUAMISH AIRPORT,10476F0,5/27/2021 17:00,2021,5,27,17:00,9.2,,8,,92,,0.2,,33,,4,,,,100.19,,,,,,NA
-123.16,49.78,SQUAMISH AIRPORT,10476F0,5/27/2021 18:00,2021,5,27,18:00,11.9,,10.1,,89,,0.5,,13,,3,,,,100.18,,,,,,NA
-123.16,49.78,SQUAMISH AIRPORT,10476F0,5/27/2021 19:00,2021,5,27,19:00,13.5,,8.7,,73,,0,,16,,21,,,,100.25,,,,,,NA
-123.16,49.78,SQUAMISH AIRPORT,10476F0,5/27/2021 20:00,2021,5,27,20:00,11.1,,8.7,,85,,0.3,,12,,11,,,,100.36,,,,,,NA
-123.16,49.78,SQUAMISH AIRPORT,10476F0,5/27/2021 21:00,2021,5,27,21:00,10.9,,9.3,,90,,1.5,,13,,10,,,,100.4,,,,,,NA
-123.16,49.78,SQUAMISH AIRPORT,10476F0,5/27/2021 22:00,2021,5,27,22:00,11.1,,10.1,,93,,1.1,,14,,7,,,,100.44,,,,,,NA
-123.16,49.78,SQUAMISH AIRPORT,10476F0,5/27/2021 23:00,2021,5,27,23:00,10.9,,9.7,,92,,1.2,,13,,7,,,,100.48,,,,,,NA
-123.16,49.78,SQUAMISH AIRPORT,10476F0,5/28/2021 0:00,2021,5,28,0:00,10.7,,9.3,,91,,2.6,,14,,7,,,,100.54,,,,,,NA
-123.16,49.78,SQUAMISH AIRPORT,10476F0,5/28/2021 1:00,2021,5,28,1:00,10.2,,9.1,,93,,2.7,,13,,6,,,,100.57,,,,,,NA
-123.16,49.78,SQUAMISH AIRPORT,10476F0,5/28/2021 2:00,2021,5,28,2:00,10.4,,9.5,,94,,0.6,,18,,6,,,,100.64,,,,,,NA
-123.16,49.78,SQUAMISH AIRPORT,10476F0,5/28/2021 3:00,2021,5,28,3:00,9.7,,8.7,,93,,1.5,,10,,4,,,,100.71,,,,,,NA
-123.16,49.78,SQUAMISH AIRPORT,10476F0,5/28/2021 4:00,2021,5,28,4:00,9.4,,8.9,,96,,0,,33,,3,,,,100.85,,,,,,NA
-123.16,49.78,SQUAMISH AIRPORT,10476F0,5/28/2021 5:00,2021,5,28,5:00,9.2,,8.7,,97,,0.9,,17,,1,,,,100.92,,,,,,NA
-123.16,49.78,SQUAMISH AIRPORT,10476F0,5/28/2021 6:00,2021,5,28,6:00,8.7,,8.3,,97,,0.3,,0,,1,,,,100.99,,,,,,NA
-123.16,49.78,SQUAMISH AIRPORT,10476F0,5/28/2021 7:00,2021,5,28,7:00,8.6,,8.1,,97,,0.4,,29,,2,,,,101.05,,,,,,NA
-123.16,49.78,SQUAMISH AIRPORT,10476F0,5/28/2021 8:00,2021,5,28,8:00,8.4,,8,,98,,0,,,,0,,,,101.1,,,,,,NA
-123.16,49.78,SQUAMISH AIRPORT,10476F0,5/28/2021 9:00,2021,5,28,9:00,8.3,,8,,98,,0,,30,,1,,,,101.16,,,,,,NA
-123.16,49.78,SQUAMISH AIRPORT,10476F0,5/28/2021 10:00,2021,5,28,10:00,8.4,,8,,98,,0,,0,,1,,,,101.22,,,,,,NA
-123.16,49.78,SQUAMISH AIRPORT,10476F0,5/28/2021 11:00,2021,5,28,11:00,8.3,,7.9,,97,,0,,0,,1,,,,101.3,,,,,,NA
-123.16,49.78,SQUAMISH AIRPORT,10476F0,5/28/2021 12:00,2021,5,28,12:00,8,,7.6,,97,,0,,30,,1,,,,101.35,,,,,,NA
-123.16,49.78,SQUAMISH AIRPORT,10476F0,5/28/2021 13:00,2021,5,28,13:00,7.9,,7.6,,98,,0,,34,,3,,,,101.42,,,,,,NA
-123.16,49.78,SQUAMISH AIRPORT,10476F0,5/28/2021 14:00,2021,5,28,14:00,8.3,,7.9,,98,,0,,0,,1,,,,101.48,,,,,,NA
-123.16,49.78,SQUAMISH AIRPORT,10476F0,5/28/2021 15:00,2021,5,28,15:00,8.8,,8.2,,96,,0,,0,,1,,,,101.55,,,,,,NA
-123.16,49.78,SQUAMISH AIRPORT,10476F0,5/28/2021 16:00,2021,5,28,16:00,11.1,,9.5,,90,,0,,21,,3,,,,101.59,,,,,,NA
-123.16,49.78,SQUAMISH AIRPORT,10476F0,5/28/2021 17:00,2021,5,28,17:00,13.4,,9.2,,76,,0,,16,,9,,,,101.59,,,,,,NA
-123.16,49.78,SQUAMISH AIRPORT,10476F0,5/28/2021 18:00,2021,5,28,18:00,13.1,,9.9,,80,,0.3,,27,,3,,,,101.61,,,,,,NA
-123.16,49.78,SQUAMISH AIRPORT,10476F0,5/28/2021 19:00,2021,5,28,19:00,15.7,,8.8,,63,,0,,30,,3,,,,101.59,,,,,,NA
-123.16,49.78,SQUAMISH AIRPORT,10476F0,5/28/2021 20:00,2021,5,28,20:00,16.6,,7.1,,53,,0,,18,,12,,,,101.6,,,,,,NA
-123.16,49.78,SQUAMISH AIRPORT,10476F0,5/28/2021 21:00,2021,5,28,21:00,16.5,,6.8,,53,,0,,17,,16,,,,101.6,,,,,,NA
-123.16,49.78,SQUAMISH AIRPORT,10476F0,5/28/2021 22:00,2021,5,28,22:00,15.9,,6.2,,52,,0,,14,,13,,,,101.59,,,,,,NA
-123.16,49.78,SQUAMISH AIRPORT,10476F0,5/28/2021 23:00,2021,5,28,23:00,16.1,,6.3,,52,,0,,14,,13,,,,101.61,,,,,,NA
-123.16,49.78,SQUAMISH AIRPORT,10476F0,5/29/2021 0:00,2021,5,29,0:00,17.3,,6,,47,,0,,15,,17,,,,101.63,,,,,,NA
-123.16,49.78,SQUAMISH AIRPORT,10476F0,5/29/2021 1:00,2021,5,29,1:00,15.3,,5.8,,53,,0,,16,,14,,,,101.65,,,,,,NA
-123.16,49.78,SQUAMISH AIRPORT,10476F0,5/29/2021 2:00,2021,5,29,2:00,14.8,,5.8,,55,,0,,15,,9,,,,101.66,,,,,,NA
-123.16,49.78,SQUAMISH AIRPORT,10476F0,5/29/2021 3:00,2021,5,29,3:00,13.9,,5.9,,58,,0,,16,,12,,,,101.68,,,,,,NA
-123.16,49.78,SQUAMISH AIRPORT,10476F0,5/29/2021 4:00,2021,5,29,4:00,11.7,,7,,73,,0,,16,,1,,,,101.71,,,,,,NA
-123.16,49.78,SQUAMISH AIRPORT,10476F0,5/29/2021 5:00,2021,5,29,5:00,9.2,,7.4,,89,,0,,0,,1,,,,101.76,,,,,,NA
-123.16,49.78,SQUAMISH AIRPORT,10476F0,5/29/2021 6:00,2021,5,29,6:00,8.3,,7.2,,93,,0,,4,,3,,,,101.77,,,,,,NA
-123.16,49.78,SQUAMISH AIRPORT,10476F0,5/29/2021 7:00,2021,5,29,7:00,7.2,,6.1,,93,,0,,,,0,,,,101.76,,,,,,NA
-123.16,49.78,SQUAMISH AIRPORT,10476F0,5/29/2021 8:00,2021,5,29,8:00,6.7,,5.9,,95,,0,,,,0,,,,101.78,,,,,,NA
-123.16,49.78,SQUAMISH AIRPORT,10476F0,5/29/2021 9:00,2021,5,29,9:00,5.9,,5.4,,97,,0,,34,,2,,,,101.79,,,,,,NA
-123.16,49.78,SQUAMISH AIRPORT,10476F0,5/29/2021 10:00,2021,5,29,10:00,6.1,,5.7,,97,,0,,4,,2,,,,101.79,,,,,,NA
-123.16,49.78,SQUAMISH AIRPORT,10476F0,5/29/2021 11:00,2021,5,29,11:00,5.2,,4.7,,97,,0,,0,,1,,,,101.79,,,,,,NA
-123.16,49.78,SQUAMISH AIRPORT,10476F0,5/29/2021 12:00,2021,5,29,12:00,4.9,,4.5,,97,,0,,4,,2,,,,101.75,,,,,,NA
-123.16,49.78,SQUAMISH AIRPORT,10476F0,5/29/2021 13:00,2021,5,29,13:00,5.1,,4.7,,98,,0,,3,,3,,,,101.72,,,,,,NA
-123.16,49.78,SQUAMISH AIRPORT,10476F0,5/29/2021 14:00,2021,5,29,14:00,7.1,,6.2,,94,,0,,35,,3,,,,101.71,,,,,,NA
-123.16,49.78,SQUAMISH AIRPORT,10476F0,5/29/2021 15:00,2021,5,29,15:00,9.9,,6.5,,80,,0,,30,,1,,,,101.67,,,,,,NA
-123.16,49.78,SQUAMISH AIRPORT,10476F0,5/29/2021 16:00,2021,5,29,16:00,12.4,,7.1,,70,,0,,35,,2,,,,101.6,,,,,,NA
-123.16,49.78,SQUAMISH AIRPORT,10476F0,5/29/2021 17:00,2021,5,29,17:00,14.7,,7.2,,61,,0,,36,,4,,,,101.52,,,,,,NA
-123.16,49.78,SQUAMISH AIRPORT,10476F0,5/29/2021 18:00,2021,5,29,18:00,17.3,,6.8,,50,,0,,21,,4,,,,101.44,,,,,,NA
-123.16,49.78,SQUAMISH AIRPORT,10476F0,5/29/2021 19:00,2021,5,29,19:00,18.9,,6.6,,44,,0,,16,,7,,,,101.37,,,,,,NA
-123.16,49.78,SQUAMISH AIRPORT,10476F0,5/29/2021 20:00,2021,5,29,20:00,18.6,,6.5,,45,,0,,17,,17,,,,101.35,,,,,,NA
-123.16,49.78,SQUAMISH AIRPORT,10476F0,5/29/2021 21:00,2021,5,29,21:00,19.4,,7.8,,47,,0,,16,,16,,,,101.31,,,,,,NA
-123.16,49.78,SQUAMISH AIRPORT,10476F0,5/29/2021 22:00,2021,5,29,22:00,20.2,,9.1,,49,,0,,15,,12,,,,101.28,,,,,,NA
-123.16,49.78,SQUAMISH AIRPORT,10476F0,5/29/2021 23:00,2021,5,29,23:00,20.5,,9.3,,49,,0,,16,,13,,,,101.22,,,,,,NA
-123.16,49.78,SQUAMISH AIRPORT,10476F0,5/30/2021 0:00,2021,5,30,0:00,21.6,,10.5,,49,,0,,16,,10,,,,101.19,,,,,,NA
-123.16,49.78,SQUAMISH AIRPORT,10476F0,5/30/2021 1:00,2021,5,30,1:00,20.8,,8.3,,44,,0,,15,,9,,,,101.17,,,,,,NA
-123.16,49.78,SQUAMISH AIRPORT,10476F0,5/30/2021 2:00,2021,5,30,2:00,20.1,,8.1,,46,,0,,19,,11,,,,101.16,,,,,,NA
-123.16,49.78,SQUAMISH AIRPORT,10476F0,5/30/2021 3:00,2021,5,30,3:00,17.7,,8.6,,55,,0,,16,,5,,,,101.16,,,,,,NA
-123.16,49.78,SQUAMISH AIRPORT,10476F0,5/30/2021 4:00,2021,5,30,4:00,14.3,,10.7,,79,,0,,,,0,,,,101.23,,,,,,NA
-123.16,49.78,SQUAMISH AIRPORT,10476F0,5/30/2021 5:00,2021,5,30,5:00,12.2,,9.7,,85,,0,,,,0,,,,101.25,,,,,,NA
-123.16,49.78,SQUAMISH AIRPORT,10476F0,5/30/2021 6:00,2021,5,30,6:00,10.4,,9.1,,91,,0,,2,,2,,,,101.28,,,,,,NA
-123.16,49.78,SQUAMISH AIRPORT,10476F0,5/30/2021 7:00,2021,5,30,7:00,10.1,,8.6,,90,,0,,4,,2,,,,101.31,,,,,,NA
-123.16,49.78,SQUAMISH AIRPORT,10476F0,5/30/2021 8:00,2021,5,30,8:00,9.6,,7.6,,88,,0,,4,,3,,,,101.35,,,,,,NA
-123.16,49.78,SQUAMISH AIRPORT,10476F0,5/30/2021 9:00,2021,5,30,9:00,8.6,,7.2,,91,,0,,0,,1,,,,101.37,,,,,,NA
-123.16,49.78,SQUAMISH AIRPORT,10476F0,5/30/2021 10:00,2021,5,30,10:00,8.8,,7.4,,91,,0,,3,,2,,,,101.38,,,,,,NA
-123.16,49.78,SQUAMISH AIRPORT,10476F0,5/30/2021 11:00,2021,5,30,11:00,8.3,,6.6,,89,,0,,36,,2,,,,101.38,,,,,,NA
-123.16,49.78,SQUAMISH AIRPORT,10476F0,5/30/2021 12:00,2021,5,30,12:00,9.1,,7.2,,88,,0,,5,,2,,,,101.38,,,,,,NA
-123.16,49.78,SQUAMISH AIRPORT,10476F0,5/30/2021 13:00,2021,5,30,13:00,9,,7.7,,92,,0,,3,,2,,,,101.41,,,,,,NA
-123.16,49.78,SQUAMISH AIRPORT,10476F0,5/30/2021 14:00,2021,5,30,14:00,9.9,,8.8,,92,,0,,35,,3,,,,101.44,,,,,,NA
-123.16,49.78,SQUAMISH AIRPORT,10476F0,5/30/2021 15:00,2021,5,30,15:00,11.3,,8.8,,84,,0,,,,0,,,,101.47,,,,,,NA
-123.16,49.78,SQUAMISH AIRPORT,10476F0,5/30/2021 16:00,2021,5,30,16:00,12.3,,7.9,,74,,0,,34,,5,,,,101.53,,,,,,NA
-123.16,49.78,SQUAMISH AIRPORT,10476F0,5/30/2021 17:00,2021,5,30,17:00,13.1,,8.4,,73,,0,,35,,3,,,,101.55,,,,,,NA
-123.16,49.78,SQUAMISH AIRPORT,10476F0,5/30/2021 18:00,2021,5,30,18:00,14.6,,9.7,,72,,0,,0,,1,,,,101.61,,,,,,NA
-123.16,49.78,SQUAMISH AIRPORT,10476F0,5/30/2021 19:00,2021,5,30,19:00,15,,9.1,,68,,0,,33,,2,,,,101.63,,,,,,NA
-123.16,49.78,SQUAMISH AIRPORT,10476F0,5/30/2021 20:00,2021,5,30,20:00,16.2,,7.8,,57,,0,,2,,1,,,,101.63,,,,,,NA
-123.16,49.78,SQUAMISH AIRPORT,10476F0,5/30/2021 21:00,2021,5,30,21:00,18.7,,7.8,,49,,0,,8,,1,,,,101.56,,,,,,NA
-123.16,49.78,SQUAMISH AIRPORT,10476F0,5/30/2021 22:00,2021,5,30,22:00,19.6,,6.5,,42,,0,,29,,2,,,,101.51,,,,,,NA
-123.16,49.78,SQUAMISH AIRPORT,10476F0,5/30/2021 23:00,2021,5,30,23:00,20.4,,6.3,,40,,0,,0,,1,,,,101.48,,,,,,NA
-123.16,49.78,SQUAMISH AIRPORT,10476F0,5/31/2021 0:00,2021,5,31,0:00,20.6,,7.3,,42,,0,,18,,7,,,,101.44,,,,,,NA
-123.16,49.78,SQUAMISH AIRPORT,10476F0,5/31/2021 1:00,2021,5,31,1:00,20.5,,10,,51,,0,,20,,6,,,,101.43,,,,,,NA
-123.16,49.78,SQUAMISH AIRPORT,10476F0,5/31/2021 2:00,2021,5,31,2:00,19.9,,9.2,,50,,0,,18,,6,,,,101.39,,,,,,NA
-123.16,49.78,SQUAMISH AIRPORT,10476F0,5/31/2021 3:00,2021,5,31,3:00,19.3,,8.1,,48,,0,,13,,2,,,,101.41,,,,,,NA
-123.16,49.78,SQUAMISH AIRPORT,10476F0,5/31/2021 4:00,2021,5,31,4:00,17.1,,11,,68,,0,,17,,2,,,,101.44,,,,,,NA
-123.16,49.78,SQUAMISH AIRPORT,10476F0,5/31/2021 5:00,2021,5,31,5:00,15.7,,10.6,,72,,0,,2,,3,,,,101.51,,,,,,NA
-123.16,49.78,SQUAMISH AIRPORT,10476F0,5/31/2021 6:00,2021,5,31,6:00,14.1,,11.3,,83,,0,,0,,1,,,,101.52,,,,,,NA
-123.16,49.78,SQUAMISH AIRPORT,10476F0,5/31/2021 7:00,2021,5,31,7:00,13,,11,,88,,0,,4,,2,,,,101.53,,,,,,NA
-123.16,49.78,SQUAMISH AIRPORT,10476F0,5/31/2021 8:00,2021,5,31,8:00,12.1,,10.4,,89,,0,,4,,2,,,,101.55,,,,,,NA
-123.16,49.78,SQUAMISH AIRPORT,10476F0,5/31/2021 9:00,2021,5,31,9:00,11.8,,10.1,,89,,0,,4,,2,,,,101.57,,,,,,NA
-123.16,49.78,SQUAMISH AIRPORT,10476F0,5/31/2021 10:00,2021,5,31,10:00,11.8,,10,,89,,0,,3,,2,,,,101.59,,,,,,NA
-123.16,49.78,SQUAMISH AIRPORT,10476F0,5/31/2021 11:00,2021,5,31,11:00,11.8,,10.4,,91,,0,,,,0,,,,101.58,,,,,,NA
-123.16,49.78,SQUAMISH AIRPORT,10476F0,5/31/2021 12:00,2021,5,31,12:00,11,,9.5,,90,,0,,3,,1,,,,101.58,,,,,,NA
-123.16,49.78,SQUAMISH AIRPORT,10476F0,5/31/2021 13:00,2021,5,31,13:00,10.8,,9.7,,93,,0,,,,0,,,,101.61,,,,,,NA
-123.16,49.78,SQUAMISH AIRPORT,10476F0,5/31/2021 14:00,2021,5,31,14:00,12.8,,10.8,,87,,0,,33,,1,,,,101.6,,,,,,NA
-123.16,49.78,SQUAMISH AIRPORT,10476F0,5/31/2021 15:00,2021,5,31,15:00,13.9,,9.8,,76,,0,,35,,4,,,,101.64,,,,,,NA
-123.16,49.78,SQUAMISH AIRPORT,10476F0,5/31/2021 16:00,2021,5,31,16:00,17.1,,11,,67,,0,,32,,2,,,,101.61,,,,,,NA
-123.16,49.78,SQUAMISH AIRPORT,10476F0,5/31/2021 17:00,2021,5,31,17:00,18.3,,10.9,,62,,0,,32,,4,,,,101.57,,,,,,NA
-123.16,49.78,SQUAMISH AIRPORT,10476F0,5/31/2021 18:00,2021,5,31,18:00,18.7,,11.5,,63,,0,,35,,4,,,,101.58,,,,,,NA
-123.16,49.78,SQUAMISH AIRPORT,10476F0,5/31/2021 19:00,2021,5,31,19:00,20.4,,10.7,,54,,0,,22,,2,,,,101.61,,,,,,NA
-123.16,49.78,SQUAMISH AIRPORT,10476F0,5/31/2021 20:00,2021,5,31,20:00,21.7,,10.4,,49,,0,,18,,4,,,,101.55,,,,,,NA
-123.16,49.78,SQUAMISH AIRPORT,10476F0,5/31/2021 21:00,2021,5,31,21:00,22.3,,12.1,,53,,0,,19,,5,,,,101.52,,25,,,,NA
-123.16,49.78,SQUAMISH AIRPORT,10476F0,5/31/2021 22:00,2021,5,31,22:00,21.8,,10.9,,50,,0,,17,,12,,,,101.52,,,,,,NA
-123.16,49.78,SQUAMISH AIRPORT,10476F0,5/31/2021 23:00,2021,5,31,23:00,21.9,,11.3,,51,,0,,17,,13,,,,101.51,,,,,,NA
-123.16,49.78,SQUAMISH AIRPORT,10476F0,6/1/2021 0:00,2021,6,1,0:00,22.2,,11.7,,51,,0,,16,,10,,,,101.52,,,,,,NA
-123.16,49.78,SQUAMISH AIRPORT,10476F0,6/1/2021 1:00,2021,6,1,1:00,22,,12.1,,53,,0,,20,,7,,,,101.48,,,,,,NA
-123.16,49.78,SQUAMISH AIRPORT,10476F0,6/1/2021 2:00,2021,6,1,2:00,22,,12.2,,54,,0,,23,,3,,,,101.46,,,,,,NA
-123.16,49.78,SQUAMISH AIRPORT,10476F0,6/1/2021 3:00,2021,6,1,3:00,21.4,,12.9,,59,,0,,26,,2,,,,101.44,,,,,,NA
-123.16,49.78,SQUAMISH AIRPORT,10476F0,6/1/2021 4:00,2021,6,1,4:00,17.7,,13.9,,78,,0,,3,,1,,,,101.46,,,,,,NA
-123.16,49.78,SQUAMISH AIRPORT,10476F0,6/1/2021 5:00,2021,6,1,5:00,16.1,,13.6,,85,,0,,2,,3,,,,101.54,,,,,,NA
-123.16,49.78,SQUAMISH AIRPORT,10476F0,6/1/2021 6:00,2021,6,1,6:00,14.7,,13.2,,91,,0,,33,,1,,,,101.54,,,,,,NA
-123.16,49.78,SQUAMISH AIRPORT,10476F0,6/1/2021 7:00,2021,6,1,7:00,14.4,,13,,91,,0,,36,,1,,,,101.53,,,,,,NA
-123.16,49.78,SQUAMISH AIRPORT,10476F0,6/1/2021 8:00,2021,6,1,8:00,13.2,,12,,93,,0,,0,,1,,,,101.53,,,,,,NA
-123.16,49.78,SQUAMISH AIRPORT,10476F0,6/1/2021 9:00,2021,6,1,9:00,12.7,,11.6,,93,,0,,5,,1,,,,101.52,,,,,,NA
-123.16,49.78,SQUAMISH AIRPORT,10476F0,6/1/2021 10:00,2021,6,1,10:00,12.3,,11.1,,92,,0,,,,0,,,,101.5,,,,,,NA
-123.16,49.78,SQUAMISH AIRPORT,10476F0,6/1/2021 11:00,2021,6,1,11:00,12.1,,10.8,,91,,0,,3,,3,,,,101.49,,,,,,NA
-123.16,49.78,SQUAMISH AIRPORT,10476F0,6/1/2021 12:00,2021,6,1,12:00,11.1,,10.2,,95,,0,,3,,2,,,,101.48,,,,,,NA
-123.16,49.78,SQUAMISH AIRPORT,10476F0,6/1/2021 13:00,2021,6,1,13:00,11,,10.1,,94,,0,,3,,2,,,,101.48,,,,,,NA
-123.16,49.78,SQUAMISH AIRPORT,10476F0,6/1/2021 14:00,2021,6,1,14:00,12.9,,11.2,,89,,0,,0,,1,,,,101.44,,,,,,NA
-123.16,49.78,SQUAMISH AIRPORT,10476F0,6/1/2021 15:00,2021,6,1,15:00,15.3,,10.2,,72,,0,,33,,5,,,,101.42,,,,,,NA
-123.16,49.78,SQUAMISH AIRPORT,10476F0,6/1/2021 16:00,2021,6,1,16:00,18.2,,10.5,,61,,0,,35,,4,,,,101.35,,,,,,NA
-123.16,49.78,SQUAMISH AIRPORT,10476F0,6/1/2021 17:00,2021,6,1,17:00,21.1,,11.4,,54,,0,,33,,5,,,,101.25,,,,,,NA
-123.16,49.78,SQUAMISH AIRPORT,10476F0,6/1/2021 18:00,2021,6,1,18:00,24.1,,11.4,,45,,0,,34,,3,,,,101.14,,26,,,,NA
-123.16,49.78,SQUAMISH AIRPORT,10476F0,6/1/2021 19:00,2021,6,1,19:00,26.3,,10.9,,38,,0,,33,,2,,,,101.04,,28,,,,NA
-123.16,49.78,SQUAMISH AIRPORT,10476F0,6/1/2021 20:00,2021,6,1,20:00,28.7,,10.3,,32,,0,,27,,3,,,,100.93,,30,,,,NA
-123.16,49.78,SQUAMISH AIRPORT,10476F0,6/1/2021 21:00,2021,6,1,21:00,27.8,,12.1,,38,,0,,16,,14,,,,100.87,,30,,,,NA
-123.16,49.78,SQUAMISH AIRPORT,10476F0,6/1/2021 22:00,2021,6,1,22:00,28,,12,,37,,0,,16,,15,,,,100.79,,30,,,,NA
-123.16,49.78,SQUAMISH AIRPORT,10476F0,6/1/2021 23:00,2021,6,1,23:00,28.8,,13.2,,38,,0,,18,,15,,,,100.73,,32,,,,NA
-123.16,49.78,SQUAMISH AIRPORT,10476F0,6/2/2021 0:00,2021,6,2,0:00,28.1,,12.9,,39,,0,,18,,12,,,,100.67,,31,,,,NA
-123.16,49.78,SQUAMISH AIRPORT,10476F0,6/2/2021 1:00,2021,6,2,1:00,27.8,,12.2,,38,,0,,19,,10,,,,100.6,,30,,,,NA
-123.16,49.78,SQUAMISH AIRPORT,10476F0,6/2/2021 2:00,2021,6,2,2:00,26.8,,13.3,,43,,0,,20,,8,,,,100.56,,30,,,,NA
-123.16,49.78,SQUAMISH AIRPORT,10476F0,6/2/2021 3:00,2021,6,2,3:00,23.7,,12.9,,51,,0,,19,,5,,,,100.54,,26,,,,NA
-123.16,49.78,SQUAMISH AIRPORT,10476F0,6/2/2021 4:00,2021,6,2,4:00,20.1,,14.1,,68,,0,,2,,2,,,,100.55,,,,,,NA
-123.16,49.78,SQUAMISH AIRPORT,10476F0,6/2/2021 5:00,2021,6,2,5:00,17.9,,14.1,,78,,0,,36,,3,,,,100.58,,,,,,NA
-123.16,49.78,SQUAMISH AIRPORT,10476F0,6/2/2021 6:00,2021,6,2,6:00,15.8,,13.5,,86,,0,,36,,1,,,,100.6,,,,,,NA
-123.16,49.78,SQUAMISH AIRPORT,10476F0,6/2/2021 7:00,2021,6,2,7:00,14.5,,12.1,,86,,0,,36,,2,,,,100.61,,,,,,NA
-123.16,49.78,SQUAMISH AIRPORT,10476F0,6/2/2021 8:00,2021,6,2,8:00,14.8,,11.1,,79,,0,,4,,3,,,,100.63,,,,,,NA
-123.16,49.78,SQUAMISH AIRPORT,10476F0,6/2/2021 9:00,2021,6,2,9:00,13.3,,9.9,,80,,0,,36,,2,,,,100.62,,,,,,NA
-123.16,49.78,SQUAMISH AIRPORT,10476F0,6/2/2021 10:00,2021,6,2,10:00,13.6,,9.8,,78,,0,,2,,4,,,,100.63,,,,,,NA
-123.16,49.78,SQUAMISH AIRPORT,10476F0,6/2/2021 11:00,2021,6,2,11:00,13.5,,9,,74,,0,,36,,4,,,,100.63,,,,,,NA
-123.16,49.78,SQUAMISH AIRPORT,10476F0,6/2/2021 12:00,2021,6,2,12:00,12.2,,9.2,,82,,0,,4,,3,,,,100.66,,,,,,NA
-123.16,49.78,SQUAMISH AIRPORT,10476F0,6/2/2021 13:00,2021,6,2,13:00,11.9,,9.4,,85,,0,,4,,3,,,,100.7,,,,,,NA
-123.16,49.78,SQUAMISH AIRPORT,10476F0,6/2/2021 14:00,2021,6,2,14:00,14.3,,9.8,,74,,0,,3,,1,,,,100.72,,,,,,NA
-123.16,49.78,SQUAMISH AIRPORT,10476F0,6/2/2021 15:00,2021,6,2,15:00,17,,9.9,,63,,0,,32,,3,,,,100.71,,,,,,NA
-123.16,49.78,SQUAMISH AIRPORT,10476F0,6/2/2021 16:00,2021,6,2,16:00,18.9,,10.7,,59,,0,,35,,5,,,,100.67,,,,,,NA
-123.16,49.78,SQUAMISH AIRPORT,10476F0,6/2/2021 17:00,2021,6,2,17:00,21.7,,9.9,,47,,0,,33,,3,,,,100.63,,,,,,NA
-123.16,49.78,SQUAMISH AIRPORT,10476F0,6/2/2021 18:00,2021,6,2,18:00,24.9,,9.3,,37,,0,,13,,4,,,,100.6,,26,,,,NA
-123.16,49.78,SQUAMISH AIRPORT,10476F0,6/2/2021 19:00,2021,6,2,19:00,25.7,,10.2,,38,,0,,17,,13,,,,100.59,,27,,,,NA
-123.16,49.78,SQUAMISH AIRPORT,10476F0,6/2/2021 20:00,2021,6,2,20:00,26.3,,11.6,,40,,0,,18,,13,,,,100.56,,28,,,,NA
-123.16,49.78,SQUAMISH AIRPORT,10476F0,6/2/2021 21:00,2021,6,2,21:00,28.1,,12.3,,38,,0,,18,,13,,,,100.5,,31,,,,NA
-123.16,49.78,SQUAMISH AIRPORT,10476F0,6/2/2021 22:00,2021,6,2,22:00,28.9,,12.9,,37,,0,,12,,14,,,,100.44,,32,,,,NA
-123.16,49.78,SQUAMISH AIRPORT,10476F0,6/2/2021 23:00,2021,6,2,23:00,29.5,,13.7,,38,,0,,14,,13,,,,100.39,,33,,,,NA
-123.16,49.78,SQUAMISH AIRPORT,10476F0,6/3/2021 0:00,2021,6,3,0:00,29.1,,12.7,,37,,0,,16,,15,,,,100.34,,32,,,,NA
-123.16,49.78,SQUAMISH AIRPORT,10476F0,6/3/2021 1:00,2021,6,3,1:00,29,,12.3,,36,,0,,15,,12,,,,100.32,,31,,,,NA
-123.16,49.78,SQUAMISH AIRPORT,10476F0,6/3/2021 2:00,2021,6,3,2:00,26.9,,13.1,,43,,0,,14,,11,,,,100.33,,30,,,,NA
-123.16,49.78,SQUAMISH AIRPORT,10476F0,6/3/2021 3:00,2021,6,3,3:00,24.2,,13.6,,52,,0,,23,,5,,,,100.37,,27,,,,NA
-123.16,49.78,SQUAMISH AIRPORT,10476F0,6/3/2021 4:00,2021,6,3,4:00,22.8,,13.7,,57,,0,,17,,6,,,,100.39,,26,,,,NA
-123.16,49.78,SQUAMISH AIRPORT,10476F0,6/3/2021 5:00,2021,6,3,5:00,21.2,,14.1,,64,,0,,12,,5,,,,100.42,,25,,,,NA
-123.16,49.78,SQUAMISH AIRPORT,10476F0,6/3/2021 6:00,2021,6,3,6:00,19.1,,14.1,,72,,0,,6,,3,,,,100.47,,,,,,NA
-123.16,49.78,SQUAMISH AIRPORT,10476F0,6/3/2021 7:00,2021,6,3,7:00,17.7,,14.1,,79,,0,,35,,2,,,,100.51,,,,,,NA
-123.16,49.78,SQUAMISH AIRPORT,10476F0,6/3/2021 8:00,2021,6,3,8:00,17.7,,14,,79,,0,,7,,1,,,,100.54,,,,,,NA
-123.16,49.78,SQUAMISH AIRPORT,10476F0,6/3/2021 9:00,2021,6,3,9:00,16.9,,14.3,,84,,0,,35,,2,,,,100.58,,,,,,NA
-123.16,49.78,SQUAMISH AIRPORT,10476F0,6/3/2021 10:00,2021,6,3,10:00,16.1,,13.8,,86,,0,,34,,2,,,,100.61,,,,,,NA
-123.16,49.78,SQUAMISH AIRPORT,10476F0,6/3/2021 11:00,2021,6,3,11:00,16.7,,13.8,,83,,0,,3,,4,,,,100.57,,,,,,NA
-123.16,49.78,SQUAMISH AIRPORT,10476F0,6/3/2021 12:00,2021,6,3,12:00,16.2,,13.8,,86,,0,,4,,2,,,,100.6,,,,,,NA
-123.16,49.78,SQUAMISH AIRPORT,10476F0,6/3/2021 13:00,2021,6,3,13:00,15.9,,14.1,,89,,0,,2,,3,,,,100.64,,,,,,NA
-123.16,49.78,SQUAMISH AIRPORT,10476F0,6/3/2021 14:00,2021,6,3,14:00,16.5,,14.3,,87,,0,,0,,1,,,,100.7,,,,,,NA
-123.16,49.78,SQUAMISH AIRPORT,10476F0,6/3/2021 15:00,2021,6,3,15:00,18,,14.2,,79,,0,,23,,3,,,,100.74,,,,,,NA
-123.16,49.78,SQUAMISH AIRPORT,10476F0,6/3/2021 16:00,2021,6,3,16:00,19.1,,14.3,,74,,0,,19,,5,,,,100.74,,,,,,NA
-123.16,49.78,SQUAMISH AIRPORT,10476F0,6/3/2021 17:00,2021,6,3,17:00,21.4,,14.6,,65,,0,,18,,11,,,,100.68,,25,,,,NA
-123.16,49.78,SQUAMISH AIRPORT,10476F0,6/3/2021 18:00,2021,6,3,18:00,22.2,,14.5,,62,,0,,16,,11,,,,100.64,,26,,,,NA
-123.16,49.78,SQUAMISH AIRPORT,10476F0,6/3/2021 19:00,2021,6,3,19:00,22.3,,13.9,,59,,0,,13,,14,,,,100.64,,26,,,,NA
-123.16,49.78,SQUAMISH AIRPORT,10476F0,6/3/2021 20:00,2021,6,3,20:00,21.9,,13.5,,59,,0,,14,,15,,,,100.63,,25,,,,NA
-123.16,49.78,SQUAMISH AIRPORT,10476F0,6/3/2021 21:00,2021,6,3,21:00,23.9,,13.4,,52,,0,,16,,14,,,,100.61,,27,,,,NA
-123.16,49.78,SQUAMISH AIRPORT,10476F0,6/3/2021 22:00,2021,6,3,22:00,25.1,,13.1,,47,,0,,13,,16,,,,100.57,,28,,,,NA
-123.16,49.78,SQUAMISH AIRPORT,10476F0,6/3/2021 23:00,2021,6,3,23:00,26.1,,12.8,,43,,0,,14,,12,,,,100.5,,29,,,,NA
-123.16,49.78,SQUAMISH AIRPORT,10476F0,6/4/2021 0:00,2021,6,4,0:00,25.4,,12.6,,45,,0,,13,,11,,,,100.47,,28,,,,NA
-123.16,49.78,SQUAMISH AIRPORT,10476F0,6/4/2021 1:00,2021,6,4,1:00,24.7,,13,,48,,0,,14,,15,,,,100.44,,27,,,,NA
-123.16,49.78,SQUAMISH AIRPORT,10476F0,6/4/2021 2:00,2021,6,4,2:00,23.4,,12.8,,51,,0,,14,,12,,,,100.42,,26,,,,NA
-123.16,49.78,SQUAMISH AIRPORT,10476F0,6/4/2021 3:00,2021,6,4,3:00,21.8,,13,,57,,0,,14,,10,,,,100.45,,25,,,,NA
-123.16,49.78,SQUAMISH AIRPORT,10476F0,6/4/2021 4:00,2021,6,4,4:00,20.2,,13.1,,64,,0,,18,,7,,,,100.47,,,,,,NA
-123.16,49.78,SQUAMISH AIRPORT,10476F0,6/4/2021 5:00,2021,6,4,5:00,18.8,,13,,69,,0,,15,,5,,,,100.52,,,,,,NA
-123.16,49.78,SQUAMISH AIRPORT,10476F0,6/4/2021 6:00,2021,6,4,6:00,16.3,,13.4,,83,,0,,4,,2,,,,100.57,,,,,,NA
-123.16,49.78,SQUAMISH AIRPORT,10476F0,6/4/2021 7:00,2021,6,4,7:00,14.6,,12.7,,88,,0,,0,,1,,,,100.59,,,,,,NA
-123.16,49.78,SQUAMISH AIRPORT,10476F0,6/4/2021 8:00,2021,6,4,8:00,14.2,,12.4,,89,,0,,0,,1,,,,100.6,,,,,,NA
-123.16,49.78,SQUAMISH AIRPORT,10476F0,6/4/2021 9:00,2021,6,4,9:00,14,,12.3,,90,,0,,,,0,,,,100.63,,,,,,NA
-123.16,49.78,SQUAMISH AIRPORT,10476F0,6/4/2021 10:00,2021,6,4,10:00,13.3,,12.1,,92,,0,,,,0,,,,100.63,,,,,,NA
-123.16,49.78,SQUAMISH AIRPORT,10476F0,6/4/2021 11:00,2021,6,4,11:00,12.7,,11.3,,91,,0,,22,,2,,,,100.66,,,,,,NA
-123.16,49.78,SQUAMISH AIRPORT,10476F0,6/4/2021 12:00,2021,6,4,12:00,12.8,,11.1,,90,,0,,6,,1,,,,100.68,,,,,,NA
-123.16,49.78,SQUAMISH AIRPORT,10476F0,6/4/2021 13:00,2021,6,4,13:00,14.3,,10,,75,,0,,17,,7,,,,100.72,,,,,,NA
-123.16,49.78,SQUAMISH AIRPORT,10476F0,6/4/2021 14:00,2021,6,4,14:00,15.4,,9.3,,67,,0,,15,,14,,,,100.71,,,,,,NA
-123.16,49.78,SQUAMISH AIRPORT,10476F0,6/4/2021 15:00,2021,6,4,15:00,15.3,,8.8,,65,,0,,16,,14,,,,100.78,,,,,,NA
-123.16,49.78,SQUAMISH AIRPORT,10476F0,6/4/2021 16:00,2021,6,4,16:00,15.7,,8.6,,63,,0,,14,,9,,,,100.84,,,,,,NA
-123.16,49.78,SQUAMISH AIRPORT,10476F0,6/4/2021 17:00,2021,6,4,17:00,15.7,,8.7,,63,,0,,16,,9,,,,100.88,,,,,,NA
-123.16,49.78,SQUAMISH AIRPORT,10476F0,6/4/2021 18:00,2021,6,4,18:00,15.9,,8.6,,62,,0,,18,,7,,,,100.95,,,,,,NA
-123.16,49.78,SQUAMISH AIRPORT,10476F0,6/4/2021 19:00,2021,6,4,19:00,16.4,,8,,58,,0,,13,,10,,,,100.95,,,,,,NA
-123.16,49.78,SQUAMISH AIRPORT,10476F0,6/4/2021 20:00,2021,6,4,20:00,16.8,,7.5,,54,,0,,14,,11,,,,100.92,,,,,,NA
-123.16,49.78,SQUAMISH AIRPORT,10476F0,6/4/2021 21:00,2021,6,4,21:00,16.1,,7.2,,55,,0,,14,,14,,,,100.95,,,,,,NA
-123.16,49.78,SQUAMISH AIRPORT,10476F0,6/4/2021 22:00,2021,6,4,22:00,15.6,,8.8,,64,,0,,13,,13,,,,100.98,,,,,,NA
-123.16,49.78,SQUAMISH AIRPORT,10476F0,6/4/2021 23:00,2021,6,4,23:00,14.5,,10.1,,75,,0,,13,,12,,,,100.99,,,,,,NA
-123.16,49.78,SQUAMISH AIRPORT,10476F0,6/5/2021 0:00,2021,6,5,0:00,14.8,,9,,68,,0,,13,,10,,,,100.98,,,,,,NA
-123.16,49.78,SQUAMISH AIRPORT,10476F0,6/5/2021 1:00,2021,6,5,1:00,14.2,,9.6,,74,,0,,15,,5,,,,100.97,,,,,,NA
-123.16,49.78,SQUAMISH AIRPORT,10476F0,6/5/2021 2:00,2021,6,5,2:00,12.9,,11.1,,89,,0.1,,13,,5,,,,100.89,,,,,,NA
-123.16,49.78,SQUAMISH AIRPORT,10476F0,6/5/2021 3:00,2021,6,5,3:00,13.2,,10.5,,83,,0,,13,,9,,,,100.82,,,,,,NA
-123.16,49.78,SQUAMISH AIRPORT,10476F0,6/5/2021 4:00,2021,6,5,4:00,12.2,,11,,92,,0.6,,12,,6,,,,100.79,,,,,,NA
-123.16,49.78,SQUAMISH AIRPORT,10476F0,6/5/2021 5:00,2021,6,5,5:00,12.2,,10.8,,91,,0,,13,,8,,,,100.8,,,,,,NA
-123.16,49.78,SQUAMISH AIRPORT,10476F0,6/5/2021 6:00,2021,6,5,6:00,11.9,,10.7,,92,,0,,16,,9,,,,100.74,,,,,,NA
-123.16,49.78,SQUAMISH AIRPORT,10476F0,6/5/2021 7:00,2021,6,5,7:00,11.8,,10.6,,92,,0,,13,,9,,,,100.68,,,,,,NA
-123.16,49.78,SQUAMISH AIRPORT,10476F0,6/5/2021 8:00,2021,6,5,8:00,11.2,,10.3,,94,,0.2,,16,,7,,,,100.61,,,,,,NA
-123.16,49.78,SQUAMISH AIRPORT,10476F0,6/5/2021 9:00,2021,6,5,9:00,11,,10.1,,94,,0,,15,,13,,,,100.53,,,,,,NA
-123.16,49.78,SQUAMISH AIRPORT,10476F0,6/5/2021 10:00,2021,6,5,10:00,10.8,,10.1,,95,,0,,17,,9,,,,100.49,,,,,,NA
-123.16,49.78,SQUAMISH AIRPORT,10476F0,6/5/2021 11:00,2021,6,5,11:00,10.5,,9.7,,95,,0,,13,,7,,,,100.44,,,,,,NA
-123.16,49.78,SQUAMISH AIRPORT,10476F0,6/5/2021 12:00,2021,6,5,12:00,10.5,,9.7,,95,,0.5,,17,,2,,,,100.4,,,,,,NA
-123.16,49.78,SQUAMISH AIRPORT,10476F0,6/5/2021 13:00,2021,6,5,13:00,10.6,,9.8,,95,,1.5,,19,,6,,,,100.4,,,,,,NA
-123.16,49.78,SQUAMISH AIRPORT,10476F0,6/5/2021 14:00,2021,6,5,14:00,10.9,,10.1,,94,,1.4,,14,,9,,,,100.4,,,,,,NA
-123.16,49.78,SQUAMISH AIRPORT,10476F0,6/5/2021 15:00,2021,6,5,15:00,11.1,,10.1,,94,,1.9,,13,,11,,,,100.39,,,,,,NA
-123.16,49.78,SQUAMISH AIRPORT,10476F0,6/5/2021 16:00,2021,6,5,16:00,11.3,,10.3,,93,,0.5,,12,,14,,,,100.41,,,,,,NA
-123.16,49.78,SQUAMISH AIRPORT,10476F0,6/5/2021 17:00,2021,6,5,17:00,11.4,,10,,91,,1.1,,14,,12,,,,100.44,,,,,,NA
-123.16,49.78,SQUAMISH AIRPORT,10476F0,6/5/2021 18:00,2021,6,5,18:00,11.3,,9.9,,91,,0.9,,13,,11,,,,100.48,,,,,,NA
-123.16,49.78,SQUAMISH AIRPORT,10476F0,6/5/2021 19:00,2021,6,5,19:00,11.2,,9.7,,91,,2.5,,14,,17,,,,100.55,,,,,,NA
-123.16,49.78,SQUAMISH AIRPORT,10476F0,6/5/2021 20:00,2021,6,5,20:00,11.6,,9.6,,87,,1.1,,11,,6,,,,100.6,,,,,,NA
-123.16,49.78,SQUAMISH AIRPORT,10476F0,6/5/2021 21:00,2021,6,5,21:00,12.6,,10.4,,86,,0.3,,13,,4,,,,100.63,,,,,,NA
-123.16,49.78,SQUAMISH AIRPORT,10476F0,6/5/2021 22:00,2021,6,5,22:00,14.3,,10.5,,78,,0,,24,,7,,,,100.62,,,,,,NA
-123.16,49.78,SQUAMISH AIRPORT,10476F0,6/5/2021 23:00,2021,6,5,23:00,14.4,,8.9,,69,,0,,16,,16,,,,100.59,,,,,,NA
-123.16,49.78,SQUAMISH AIRPORT,10476F0,6/6/2021 0:00,2021,6,6,0:00,14.6,,10.5,,76,,0.3,,10,,6,,,,100.65,,,,,,NA
-123.16,49.78,SQUAMISH AIRPORT,10476F0,6/6/2021 1:00,2021,6,6,1:00,14.3,,10.5,,78,,0,,33,,10,,,,100.63,,,,,,NA
-123.16,49.78,SQUAMISH AIRPORT,10476F0,6/6/2021 2:00,2021,6,6,2:00,14,,8.5,,69,,0,,20,,10,,,,100.69,,,,,,NA
-123.16,49.78,SQUAMISH AIRPORT,10476F0,6/6/2021 3:00,2021,6,6,3:00,11.5,,8.2,,80,,0.1,,14,,9,,,,100.71,,,,,,NA
-123.16,49.78,SQUAMISH AIRPORT,10476F0,6/6/2021 4:00,2021,6,6,4:00,10.9,,9.4,,90,,0,,29,,5,,,,100.77,,,,,,NA
-123.16,49.78,SQUAMISH AIRPORT,10476F0,6/6/2021 5:00,2021,6,6,5:00,10.1,,9.2,,94,,0,,0,,1,,,,100.81,,,,,,NA
-123.16,49.78,SQUAMISH AIRPORT,10476F0,6/6/2021 6:00,2021,6,6,6:00,9.9,,9.3,,96,,0,,19,,2,,,,100.84,,,,,,NA
-123.16,49.78,SQUAMISH AIRPORT,10476F0,6/6/2021 7:00,2021,6,6,7:00,9.7,,9.1,,96,,0,,4,,2,,,,100.88,,,,,,NA
-123.16,49.78,SQUAMISH AIRPORT,10476F0,6/6/2021 8:00,2021,6,6,8:00,9.4,,8.8,,97,,0,,,,0,,,,100.86,,,,,,NA
-123.16,49.78,SQUAMISH AIRPORT,10476F0,6/6/2021 9:00,2021,6,6,9:00,9.5,,8.8,,95,,0,,34,,2,,,,100.85,,,,,,NA
-123.16,49.78,SQUAMISH AIRPORT,10476F0,6/6/2021 10:00,2021,6,6,10:00,9.3,,8.6,,95,,0,,25,,1,,,,100.83,,,,,,NA
-123.16,49.78,SQUAMISH AIRPORT,10476F0,6/6/2021 11:00,2021,6,6,11:00,9.4,,8.1,,91,,0,,23,,2,,,,100.81,,,,,,NA
-123.16,49.78,SQUAMISH AIRPORT,10476F0,6/6/2021 12:00,2021,6,6,12:00,9.2,,7.9,,92,,0,,24,,3,,,,100.79,,,,,,NA
-123.16,49.78,SQUAMISH AIRPORT,10476F0,6/6/2021 13:00,2021,6,6,13:00,8.7,,7.9,,95,,0,,24,,1,,,,100.77,,,,,,NA
-123.16,49.78,SQUAMISH AIRPORT,10476F0,6/6/2021 14:00,2021,6,6,14:00,10.2,,6.8,,79,,0,,17,,8,,,,100.77,,,,,,NA
-123.16,49.78,SQUAMISH AIRPORT,10476F0,6/6/2021 15:00,2021,6,6,15:00,11.6,,6.6,,71,,0,,16,,12,,,,100.72,,,,,,NA
-123.16,49.78,SQUAMISH AIRPORT,10476F0,6/6/2021 16:00,2021,6,6,16:00,10.3,,7.4,,82,,0,,14,,11,,,,100.69,,,,,,NA
-123.16,49.78,SQUAMISH AIRPORT,10476F0,6/6/2021 17:00,2021,6,6,17:00,11.6,,6.3,,70,,0,,15,,14,,,,100.64,,,,,,NA
-123.16,49.78,SQUAMISH AIRPORT,10476F0,6/6/2021 18:00,2021,6,6,18:00,13.3,,6.3,,62,,0,,16,,11,,,,100.58,,,,,,NA
-123.16,49.78,SQUAMISH AIRPORT,10476F0,6/6/2021 19:00,2021,6,6,19:00,13.1,,5.5,,60,,0,,14,,13,,,,100.53,,,,,,NA
-123.16,49.78,SQUAMISH AIRPORT,10476F0,6/6/2021 20:00,2021,6,6,20:00,12.6,,5.7,,63,,0,,13,,13,,,,100.48,,,,,,NA
-123.16,49.78,SQUAMISH AIRPORT,10476F0,6/6/2021 21:00,2021,6,6,21:00,12.6,,6,,64,,0,,15,,14,,,,100.45,,,,,,NA
-123.16,49.78,SQUAMISH AIRPORT,10476F0,6/6/2021 22:00,2021,6,6,22:00,12,,5,,62,,0,,15,,15,,,,100.41,,,,,,NA
-123.16,49.78,SQUAMISH AIRPORT,10476F0,6/6/2021 23:00,2021,6,6,23:00,12,,6.1,,67,,0,,14,,10,,,,100.42,,,,,,NA
-123.16,49.78,SQUAMISH AIRPORT,10476F0,6/7/2021 0:00,2021,6,7,0:00,11.7,,6.2,,69,,0,,16,,12,,,,100.4,,,,,,NA
-123.16,49.78,SQUAMISH AIRPORT,10476F0,6/7/2021 1:00,2021,6,7,1:00,11.6,,6,,69,,0,,15,,8,,,,100.37,,,,,,NA
-123.16,49.78,SQUAMISH AIRPORT,10476F0,6/7/2021 2:00,2021,6,7,2:00,11.4,,6.1,,70,,0,,15,,10,,,,100.33,,,,,,NA
-123.16,49.78,SQUAMISH AIRPORT,10476F0,6/7/2021 3:00,2021,6,7,3:00,11,,6.5,,74,,0,,15,,7,,,,100.34,,,,,,NA
-123.16,49.78,SQUAMISH AIRPORT,10476F0,6/7/2021 4:00,2021,6,7,4:00,10.1,,6.4,,78,,0,,13,,3,,,,100.33,,,,,,NA
-123.16,49.78,SQUAMISH AIRPORT,10476F0,6/7/2021 5:00,2021,6,7,5:00,8.8,,7,,89,,0,,,,0,,,,100.36,,,,,,NA
-123.16,49.78,SQUAMISH AIRPORT,10476F0,6/7/2021 6:00,2021,6,7,6:00,8.7,,7.5,,92,,0,,0,,1,,,,100.36,,,,,,NA
-123.16,49.78,SQUAMISH AIRPORT,10476F0,6/7/2021 7:00,2021,6,7,7:00,8.6,,7.7,,94,,0,,,,0,,,,100.38,,,,,,NA
-123.16,49.78,SQUAMISH AIRPORT,10476F0,6/7/2021 8:00,2021,6,7,8:00,8.5,,8,,96,,0.2,,4,,1,,,,100.4,,,,,,NA
-123.16,49.78,SQUAMISH AIRPORT,10476F0,6/7/2021 9:00,2021,6,7,9:00,8.4,,7.9,,97,,0.1,,0,,1,,,,100.43,,,,,,NA
-123.16,49.78,SQUAMISH AIRPORT,10476F0,6/7/2021 10:00,2021,6,7,10:00,8.3,,7.8,,97,,0,,,,0,,,,100.46,,,,,,NA
-123.16,49.78,SQUAMISH AIRPORT,10476F0,6/7/2021 11:00,2021,6,7,11:00,8.1,,7.7,,97,,0,,,,0,,,,100.5,,,,,,NA
-123.16,49.78,SQUAMISH AIRPORT,10476F0,6/7/2021 12:00,2021,6,7,12:00,7.8,,7.4,,97,,0,,0,,1,,,,100.52,,,,,,NA
-123.16,49.78,SQUAMISH AIRPORT,10476F0,6/7/2021 13:00,2021,6,7,13:00,7.8,,7.5,,98,,0,,,,0,,,,100.57,,,,,,NA
-123.16,49.78,SQUAMISH AIRPORT,10476F0,6/7/2021 14:00,2021,6,7,14:00,9,,8.5,,97,,0,,22,,1,,,,100.62,,,,,,NA
-123.16,49.78,SQUAMISH AIRPORT,10476F0,6/7/2021 15:00,2021,6,7,15:00,10.2,,8.1,,86,,0,,11,,1,,,,100.64,,,,,,NA
-123.16,49.78,SQUAMISH AIRPORT,10476F0,6/7/2021 16:00,2021,6,7,16:00,12.2,,7.4,,72,,0,,17,,4,,,,100.66,,,,,,NA
-123.16,49.78,SQUAMISH AIRPORT,10476F0,6/7/2021 17:00,2021,6,7,17:00,13.6,,6.8,,63,,0,,15,,11,,,,100.66,,,,,,NA
-123.16,49.78,SQUAMISH AIRPORT,10476F0,6/7/2021 18:00,2021,6,7,18:00,14,,6.8,,62,,0,,17,,15,,,,100.66,,,,,,NA
-123.16,49.78,SQUAMISH AIRPORT,10476F0,6/7/2021 19:00,2021,6,7,19:00,14.6,,5.8,,56,,0,,15,,12,,,,100.68,,,,,,NA
-123.16,49.78,SQUAMISH AIRPORT,10476F0,6/7/2021 20:00,2021,6,7,20:00,16.1,,6.7,,54,,0,,16,,15,,,,100.67,,,,,,NA
-123.16,49.78,SQUAMISH AIRPORT,10476F0,6/7/2021 21:00,2021,6,7,21:00,16,,5.8,,51,,0,,16,,15,,,,100.65,,,,,,NA
-123.16,49.78,SQUAMISH AIRPORT,10476F0,6/7/2021 22:00,2021,6,7,22:00,16.7,,6.2,,50,,0,,16,,17,,,,100.62,,,,,,NA
-123.16,49.78,SQUAMISH AIRPORT,10476F0,6/7/2021 23:00,2021,6,7,23:00,16.5,,6.6,,52,,0,,17,,17,,,,100.61,,,,,,NA
-123.16,49.78,SQUAMISH AIRPORT,10476F0,6/8/2021 0:00,2021,6,8,0:00,15.2,,6.6,,56,,0,,15,,15,,,,100.61,,,,,,NA
-123.16,49.78,SQUAMISH AIRPORT,10476F0,6/8/2021 1:00,2021,6,8,1:00,14.5,,6.6,,59,,0,,15,,14,,,,100.63,,,,,,NA
-123.16,49.78,SQUAMISH AIRPORT,10476F0,6/8/2021 2:00,2021,6,8,2:00,14.6,,6,,56,,0,,15,,11,,,,100.65,,,,,,NA
-123.16,49.78,SQUAMISH AIRPORT,10476F0,6/8/2021 3:00,2021,6,8,3:00,14.1,,6.4,,60,,0,,16,,6,,,,100.66,,,,,,NA
-123.16,49.78,SQUAMISH AIRPORT,10476F0,6/8/2021 4:00,2021,6,8,4:00,12.4,,7.4,,72,,0,,5,,1,,,,100.66,,,,,,NA
-123.16,49.78,SQUAMISH AIRPORT,10476F0,6/8/2021 5:00,2021,6,8,5:00,9.6,,6.9,,83,,0,,4,,2,,,,100.69,,,,,,NA
-123.16,49.78,SQUAMISH AIRPORT,10476F0,6/8/2021 6:00,2021,6,8,6:00,8.2,,6.6,,89,,0,,,,0,,,,100.74,,,,,,NA
-123.16,49.78,SQUAMISH AIRPORT,10476F0,6/8/2021 7:00,2021,6,8,7:00,7.4,,6,,91,,0,,4,,1,,,,100.77,,,,,,NA
-123.16,49.78,SQUAMISH AIRPORT,10476F0,6/8/2021 8:00,2021,6,8,8:00,6.5,,5.8,,95,,0,,1,,2,,,,100.77,,,,,,NA
-123.16,49.78,SQUAMISH AIRPORT,10476F0,6/8/2021 9:00,2021,6,8,9:00,5.8,,5,,94,,0,,,,0,,,,100.77,,,,,,NA
-123.16,49.78,SQUAMISH AIRPORT,10476F0,6/8/2021 10:00,2021,6,8,10:00,5.5,,4.9,,96,,0,,,,0,,,,100.8,,,,,,NA
-123.16,49.78,SQUAMISH AIRPORT,10476F0,6/8/2021 11:00,2021,6,8,11:00,6.1,,5.7,,97,,0,,5,,2,,,,100.81,,,,,,NA
-123.16,49.78,SQUAMISH AIRPORT,10476F0,6/8/2021 12:00,2021,6,8,12:00,6.2,,5.5,,95,,0,,1,,2,,,,100.81,,,,,,NA
-123.16,49.78,SQUAMISH AIRPORT,10476F0,6/8/2021 13:00,2021,6,8,13:00,6.3,,5.5,,95,,0,,36,,2,,,,100.82,,,,,,NA
-123.16,49.78,SQUAMISH AIRPORT,10476F0,6/8/2021 14:00,2021,6,8,14:00,7.3,,6,,91,,0,,5,,1,,,,100.83,,,,,,NA
-123.16,49.78,SQUAMISH AIRPORT,10476F0,6/8/2021 15:00,2021,6,8,15:00,10.5,,6.7,,77,,0,,33,,4,,,,100.81,,,,,,NA
-123.16,49.78,SQUAMISH AIRPORT,10476F0,6/8/2021 16:00,2021,6,8,16:00,13.3,,6.5,,63,,0,,0,,1,,,,100.78,,,,,,NA
-123.16,49.78,SQUAMISH AIRPORT,10476F0,6/8/2021 17:00,2021,6,8,17:00,13.8,,6.7,,62,,0,,18,,3,,,,100.78,,,,,,NA
-123.16,49.78,SQUAMISH AIRPORT,10476F0,6/8/2021 18:00,2021,6,8,18:00,15.3,,6.6,,56,,0,,16,,7,,,,100.75,,,,,,NA
-123.16,49.78,SQUAMISH AIRPORT,10476F0,6/8/2021 19:00,2021,6,8,19:00,17.1,,6.2,,49,,0,,16,,12,,,,100.73,,,,,,NA
-123.16,49.78,SQUAMISH AIRPORT,10476F0,6/8/2021 20:00,2021,6,8,20:00,17.6,,6.2,,47,,0,,16,,13,,,,100.7,,,,,,NA
-123.16,49.78,SQUAMISH AIRPORT,10476F0,6/8/2021 21:00,2021,6,8,21:00,17.1,,6.2,,49,,0,,15,,12,,,,100.71,,,,,,NA
-123.16,49.78,SQUAMISH AIRPORT,10476F0,6/8/2021 22:00,2021,6,8,22:00,16.1,,6.9,,54,,0,,14,,11,,,,100.74,,,,,,NA
-123.16,49.78,SQUAMISH AIRPORT,10476F0,6/8/2021 23:00,2021,6,8,23:00,18,,7.1,,49,,0,,17,,12,,,,100.73,,,,,,NA
-123.16,49.78,SQUAMISH AIRPORT,10476F0,6/9/2021 0:00,2021,6,9,0:00,17,,6.9,,51,,0,,15,,8,,,,100.78,,,,,,NA
-123.16,49.78,SQUAMISH AIRPORT,10476F0,6/9/2021 1:00,2021,6,9,1:00,17.1,,7.5,,53,,0,,19,,5,,,,100.79,,,,,,NA
-123.16,49.78,SQUAMISH AIRPORT,10476F0,6/9/2021 2:00,2021,6,9,2:00,17.1,,7.5,,53,,0,,20,,5,,,,100.82,,,,,,NA
-123.16,49.78,SQUAMISH AIRPORT,10476F0,6/9/2021 3:00,2021,6,9,3:00,15.6,,6.2,,54,,0,,14,,5,,,,100.87,,,,,,NA
-123.16,49.78,SQUAMISH AIRPORT,10476F0,6/9/2021 4:00,2021,6,9,4:00,13.8,,9.7,,77,,0,,20,,1,,,,100.93,,,,,,NA
-123.16,49.78,SQUAMISH AIRPORT,10476F0,6/9/2021 5:00,2021,6,9,5:00,12.4,,9.7,,84,,0,,34,,2,,,,101.02,,,,,,NA
-123.16,49.78,SQUAMISH AIRPORT,10476F0,6/9/2021 6:00,2021,6,9,6:00,10.7,,9,,89,,0,,0,,1,,,,101.06,,,,,,NA
-123.16,49.78,SQUAMISH AIRPORT,10476F0,6/9/2021 7:00,2021,6,9,7:00,9.2,,8.1,,92,,0,,,,0,,,,101.1,,,,,,NA
-123.16,49.78,SQUAMISH AIRPORT,10476F0,6/9/2021 8:00,2021,6,9,8:00,8.2,,7.3,,94,,0,,11,,2,,,,101.11,,,,,,NA
-123.16,49.78,SQUAMISH AIRPORT,10476F0,6/9/2021 9:00,2021,6,9,9:00,7.9,,7.2,,95,,0,,5,,2,,,,101.13,,,,,,NA
-123.16,49.78,SQUAMISH AIRPORT,10476F0,6/9/2021 10:00,2021,6,9,10:00,8.3,,7.5,,94,,0,,12,,2,,,,101.16,,,,,,NA
-123.16,49.78,SQUAMISH AIRPORT,10476F0,6/9/2021 11:00,2021,6,9,11:00,8.8,,8,,95,,2.2,,10,,2,,,,101.22,,,,,,NA
-123.16,49.78,SQUAMISH AIRPORT,10476F0,6/9/2021 12:00,2021,6,9,12:00,8.7,,8.2,,97,,3,,8,,3,,,,101.25,,,,,,NA
-123.16,49.78,SQUAMISH AIRPORT,10476F0,6/9/2021 13:00,2021,6,9,13:00,8.7,,8.3,,97,,5.5,,26,,2,,,,101.32,,,,,,NA
-123.16,49.78,SQUAMISH AIRPORT,10476F0,6/9/2021 14:00,2021,6,9,14:00,9.3,,8.9,,98,,0.3,,3,,3,,,,101.31,,,,,,NA
-123.16,49.78,SQUAMISH AIRPORT,10476F0,6/9/2021 15:00,2021,6,9,15:00,10.1,,8.9,,93,,0,,36,,2,,,,101.34,,,,,,NA
-123.16,49.78,SQUAMISH AIRPORT,10476F0,6/9/2021 16:00,2021,6,9,16:00,10.8,,8.6,,86,,0,,16,,1,,,,101.34,,,,,,NA
-123.16,49.78,SQUAMISH AIRPORT,10476F0,6/9/2021 17:00,2021,6,9,17:00,11.3,,9.5,,89,,0.4,,25,,2,,,,101.35,,,,,,NA
-123.16,49.78,SQUAMISH AIRPORT,10476F0,6/9/2021 18:00,2021,6,9,18:00,13,,7.5,,69,,0,,33,,4,,,,101.32,,,,,,NA
-123.16,49.78,SQUAMISH AIRPORT,10476F0,6/9/2021 19:00,2021,6,9,19:00,13.7,,7.2,,65,,0,,7,,2,,,,101.29,,,,,,NA
-123.16,49.78,SQUAMISH AIRPORT,10476F0,6/9/2021 20:00,2021,6,9,20:00,16.8,,8.2,,57,,0,,17,,15,,,,101.23,,,,,,NA
-123.16,49.78,SQUAMISH AIRPORT,10476F0,6/9/2021 21:00,2021,6,9,21:00,17.8,,7.4,,51,,0,,17,,13,,,,101.18,,,,,,NA
-123.16,49.78,SQUAMISH AIRPORT,10476F0,6/9/2021 22:00,2021,6,9,22:00,18.1,,7.1,,49,,0,,16,,17,,,,101.15,,,,,,NA
-123.16,49.78,SQUAMISH AIRPORT,10476F0,6/9/2021 23:00,2021,6,9,23:00,17.5,,6.7,,49,,0,,16,,14,,,,101.14,,,,,,NA
-123.16,49.78,SQUAMISH AIRPORT,10476F0,6/10/2021 0:00,2021,6,10,0:00,16.9,,5.7,,48,,0,,16,,14,,,,101.13,,,,,,NA
-123.16,49.78,SQUAMISH AIRPORT,10476F0,6/10/2021 1:00,2021,6,10,1:00,17.7,,5.8,,46,,0,,17,,19,,,,101.14,,,,,,NA
-123.16,49.78,SQUAMISH AIRPORT,10476F0,6/10/2021 2:00,2021,6,10,2:00,15.8,,6,,52,,0,,16,,15,,,,101.15,,,,,,NA
-123.16,49.78,SQUAMISH AIRPORT,10476F0,6/10/2021 3:00,2021,6,10,3:00,15.1,,5.6,,53,,0,,11,,8,,,,101.17,,,,,,NA
-123.16,49.78,SQUAMISH AIRPORT,10476F0,6/10/2021 4:00,2021,6,10,4:00,14,,6,,59,,0,,17,,7,,,,101.19,,,,,,NA
-123.16,49.78,SQUAMISH AIRPORT,10476F0,6/10/2021 5:00,2021,6,10,5:00,12,,7.5,,74,,0,,7,,1,,,,101.24,,,,,,NA
-123.16,49.78,SQUAMISH AIRPORT,10476F0,6/10/2021 6:00,2021,6,10,6:00,10.8,,7.6,,80,,0,,0,,1,,,,101.22,,,,,,NA
-123.16,49.78,SQUAMISH AIRPORT,10476F0,6/10/2021 7:00,2021,6,10,7:00,9.5,,7.4,,87,,0,,2,,1,,,,101.17,,,,,,NA
-123.16,49.78,SQUAMISH AIRPORT,10476F0,6/10/2021 8:00,2021,6,10,8:00,8.1,,7,,92,,0,,4,,2,,,,101.16,,,,,,NA
-123.16,49.78,SQUAMISH AIRPORT,10476F0,6/10/2021 9:00,2021,6,10,9:00,7.5,,6.5,,94,,0,,4,,3,,,,101.18,,,,,,NA
-123.16,49.78,SQUAMISH AIRPORT,10476F0,6/10/2021 10:00,2021,6,10,10:00,6.9,,6.2,,95,,0,,4,,3,,,,101.22,,,,,,NA
-123.16,49.78,SQUAMISH AIRPORT,10476F0,6/10/2021 11:00,2021,6,10,11:00,6.9,,6.3,,96,,0,,,,0,,,,101.26,,,,,,NA
-123.16,49.78,SQUAMISH AIRPORT,10476F0,6/10/2021 12:00,2021,6,10,12:00,7.2,,6.7,,96,,0,,1,,2,,,,101.27,,,,,,NA
-123.16,49.78,SQUAMISH AIRPORT,10476F0,6/10/2021 13:00,2021,6,10,13:00,7.5,,6.7,,94,,0,,7,,1,,,,101.27,,,,,,NA
-123.16,49.78,SQUAMISH AIRPORT,10476F0,6/10/2021 14:00,2021,6,10,14:00,9.2,,6.1,,81,,0,,34,,4,,,,101.28,,,,,,NA
-123.16,49.78,SQUAMISH AIRPORT,10476F0,6/10/2021 15:00,2021,6,10,15:00,10.1,,6.8,,80,,0,,32,,3,,,,101.28,,,,,,NA
-123.16,49.78,SQUAMISH AIRPORT,10476F0,6/10/2021 16:00,2021,6,10,16:00,12.8,,7.3,,69,,0,,35,,3,,,,101.27,,,,,,NA
-123.16,49.78,SQUAMISH AIRPORT,10476F0,6/10/2021 17:00,2021,6,10,17:00,11.5,,8,,79,,0.1,,30,,5,,,,101.28,,,,,,NA
-123.16,49.78,SQUAMISH AIRPORT,10476F0,6/10/2021 18:00,2021,6,10,18:00,13.6,,10.1,,79,,0.1,,17,,10,,,,101.27,,,,,,NA
-123.16,49.78,SQUAMISH AIRPORT,10476F0,6/10/2021 19:00,2021,6,10,19:00,13.7,,9,,73,,0.1,,17,,14,,,,101.28,,,,,,NA
-123.16,49.78,SQUAMISH AIRPORT,10476F0,6/10/2021 20:00,2021,6,10,20:00,13,,8.5,,74,,0,,13,,6,,,,101.32,,,,,,NA
-123.16,49.78,SQUAMISH AIRPORT,10476F0,6/10/2021 21:00,2021,6,10,21:00,16.3,,7.6,,56,,0,,14,,9,,,,101.31,,,,,,NA
-123.16,49.78,SQUAMISH AIRPORT,10476F0,6/10/2021 22:00,2021,6,10,22:00,16.1,,6.2,,52,,0,,14,,12,,,,101.32,,,,,,NA
-123.16,49.78,SQUAMISH AIRPORT,10476F0,6/10/2021 23:00,2021,6,10,23:00,16.9,,5.2,,46,,0,,14,,11,,,,101.31,,,,,,NA
-123.16,49.78,SQUAMISH AIRPORT,10476F0,6/11/2021 0:00,2021,6,11,0:00,16.4,,6,,50,,0,,16,,12,,,,101.29,,,,,,NA
-123.16,49.78,SQUAMISH AIRPORT,10476F0,6/11/2021 1:00,2021,6,11,1:00,16.6,,4.4,,44,,0,,16,,12,,,,101.25,,,,,,NA
-123.16,49.78,SQUAMISH AIRPORT,10476F0,6/11/2021 2:00,2021,6,11,2:00,16.7,,6,,49,,0,,16,,10,,,,101.24,,,,,,NA
-123.16,49.78,SQUAMISH AIRPORT,10476F0,6/11/2021 3:00,2021,6,11,3:00,15,,6.2,,56,,0,,15,,6,,,,101.25,,,,,,NA
-123.16,49.78,SQUAMISH AIRPORT,10476F0,6/11/2021 4:00,2021,6,11,4:00,12.9,,7.2,,68,,0,,,,0,,,,101.24,,,,,,NA
-123.16,49.78,SQUAMISH AIRPORT,10476F0,6/11/2021 5:00,2021,6,11,5:00,11.1,,8.1,,82,,0,,0,,1,,,,101.25,,,,,,NA
-123.16,49.78,SQUAMISH AIRPORT,10476F0,6/11/2021 6:00,2021,6,11,6:00,10.4,,7.9,,85,,0,,3,,3,,,,101.25,,,,,,NA
-123.16,49.78,SQUAMISH AIRPORT,10476F0,6/11/2021 7:00,2021,6,11,7:00,9.9,,7.7,,87,,0,,3,,3,,,,101.2,,,,,,NA
-123.16,49.78,SQUAMISH AIRPORT,10476F0,6/11/2021 8:00,2021,6,11,8:00,9.5,,8.1,,91,,0,,31,,2,,,,101.15,,,,,,NA
-123.16,49.78,SQUAMISH AIRPORT,10476F0,6/11/2021 9:00,2021,6,11,9:00,9.4,,7.7,,89,,0,,34,,3,,,,101.09,,,,,,NA
-123.16,49.78,SQUAMISH AIRPORT,10476F0,6/11/2021 10:00,2021,6,11,10:00,8.7,,7.4,,91,,0,,,,0,,,,101.03,,,,,,NA
-123.16,49.78,SQUAMISH AIRPORT,10476F0,6/11/2021 11:00,2021,6,11,11:00,8.7,,7.6,,93,,0,,5,,1,,,,100.97,,,,,,NA
-123.16,49.78,SQUAMISH AIRPORT,10476F0,6/11/2021 12:00,2021,6,11,12:00,8.6,,7.2,,91,,0,,35,,4,,,,100.88,,,,,,NA
-123.16,49.78,SQUAMISH AIRPORT,10476F0,6/11/2021 13:00,2021,6,11,13:00,8.3,,7.1,,92,,0,,,,0,,,,100.84,,,,,,NA
-123.16,49.78,SQUAMISH AIRPORT,10476F0,6/11/2021 14:00,2021,6,11,14:00,10.3,,7.3,,82,,0,,36,,2,,,,100.81,,,,,,NA
-123.16,49.78,SQUAMISH AIRPORT,10476F0,6/11/2021 15:00,2021,6,11,15:00,10.8,,7.6,,80,,0,,34,,5,,,,100.76,,,,,,NA
-123.16,49.78,SQUAMISH AIRPORT,10476F0,6/11/2021 16:00,2021,6,11,16:00,12.4,,8.3,,76,,0,,31,,3,,,,100.71,,,,,,NA
-123.16,49.78,SQUAMISH AIRPORT,10476F0,6/11/2021 17:00,2021,6,11,17:00,13.5,,7.8,,69,,0,,31,,6,,,,100.66,,,,,,NA
-123.16,49.78,SQUAMISH AIRPORT,10476F0,6/11/2021 18:00,2021,6,11,18:00,15.4,,7.6,,60,,0,,30,,4,,,,100.57,,,,,,NA
-123.16,49.78,SQUAMISH AIRPORT,10476F0,6/11/2021 19:00,2021,6,11,19:00,16.1,,7.5,,57,,0,,18,,2,,,,100.52,,,,,,NA
-123.16,49.78,SQUAMISH AIRPORT,10476F0,6/11/2021 20:00,2021,6,11,20:00,17.5,,7.3,,51,,0,,20,,4,,,,100.46,,,,,,NA
-123.16,49.78,SQUAMISH AIRPORT,10476F0,6/11/2021 21:00,2021,6,11,21:00,17.9,,7.3,,50,,0,,15,,7,,,,100.43,,,,,,NA
-123.16,49.78,SQUAMISH AIRPORT,10476F0,6/11/2021 22:00,2021,6,11,22:00,17.8,,5.7,,45,,0,,13,,7,,,,100.42,,,,,,NA
-123.16,49.78,SQUAMISH AIRPORT,10476F0,6/11/2021 23:00,2021,6,11,23:00,15.2,,7.5,,60,,0,,13,,15,,,,100.53,,,,,,NA
-123.16,49.78,SQUAMISH AIRPORT,10476F0,6/12/2021 0:00,2021,6,12,0:00,13.1,,9,,76,,0,,13,,12,,,,100.65,,,,,,NA
-123.16,49.78,SQUAMISH AIRPORT,10476F0,6/12/2021 1:00,2021,6,12,1:00,11.3,,10.2,,93,,1.9,,13,,8,,,,100.74,,,,,,NA
-123.16,49.78,SQUAMISH AIRPORT,10476F0,6/12/2021 2:00,2021,6,12,2:00,11.7,,10.4,,92,,1.1,,14,,4,,,,100.73,,,,,,NA
-123.16,49.78,SQUAMISH AIRPORT,10476F0,6/12/2021 3:00,2021,6,12,3:00,11.3,,10.6,,95,,0,,33,,4,,,,100.74,,,,,,NA
-123.16,49.78,SQUAMISH AIRPORT,10476F0,6/12/2021 4:00,2021,6,12,4:00,10.9,,10.2,,95,,0,,36,,5,,,,100.74,,,,,,NA
-123.16,49.78,SQUAMISH AIRPORT,10476F0,6/12/2021 5:00,2021,6,12,5:00,10.6,,10,,96,,0,,34,,3,,,,100.77,,,,,,NA
-123.16,49.78,SQUAMISH AIRPORT,10476F0,6/12/2021 6:00,2021,6,12,6:00,10.4,,9.9,,97,,0.4,,31,,2,,,,100.78,,,,,,NA
-123.16,49.78,SQUAMISH AIRPORT,10476F0,6/12/2021 7:00,2021,6,12,7:00,10.1,,9.6,,97,,1.1,,34,,3,,,,100.78,,,,,,NA
-123.16,49.78,SQUAMISH AIRPORT,10476F0,6/12/2021 8:00,2021,6,12,8:00,10,,9.5,,97,,2.6,,34,,4,,,,100.82,,,,,,NA
-123.16,49.78,SQUAMISH AIRPORT,10476F0,6/12/2021 9:00,2021,6,12,9:00,10,,9.5,,97,,0,,33,,5,,,,100.81,,,,,,NA
-123.16,49.78,SQUAMISH AIRPORT,10476F0,6/12/2021 10:00,2021,6,12,10:00,10,,9.6,,97,,0,,34,,1,,,,100.87,,,,,,NA
-123.16,49.78,SQUAMISH AIRPORT,10476F0,6/12/2021 11:00,2021,6,12,11:00,10.1,,9.5,,97,,0.9,,0,,1,,,,100.88,,,,,,NA
-123.16,49.78,SQUAMISH AIRPORT,10476F0,6/12/2021 12:00,2021,6,12,12:00,10,,9.5,,97,,0.5,,2,,3,,,,100.9,,,,,,NA
-123.16,49.78,SQUAMISH AIRPORT,10476F0,6/12/2021 13:00,2021,6,12,13:00,9.8,,9.4,,97,,0,,33,,3,,,,100.94,,,,,,NA
-123.16,49.78,SQUAMISH AIRPORT,10476F0,6/12/2021 14:00,2021,6,12,14:00,10.4,,9.8,,96,,0,,31,,2,,,,101,,,,,,NA
-123.16,49.78,SQUAMISH AIRPORT,10476F0,6/12/2021 15:00,2021,6,12,15:00,11.9,,11,,94,,0,,32,,5,,,,101.03,,,,,,NA
-123.16,49.78,SQUAMISH AIRPORT,10476F0,6/12/2021 16:00,2021,6,12,16:00,13.5,,10,,80,,0,,29,,3,,,,101.04,,,,,,NA
-123.16,49.78,SQUAMISH AIRPORT,10476F0,6/12/2021 17:00,2021,6,12,17:00,13.9,,9.9,,77,,0,,3,,1,,,,101.07,,,,,,NA
-123.16,49.78,SQUAMISH AIRPORT,10476F0,6/12/2021 18:00,2021,6,12,18:00,15.5,,10.3,,72,,0,,2,,2,,,,101.06,,,,,,NA
-123.16,49.78,SQUAMISH AIRPORT,10476F0,6/12/2021 19:00,2021,6,12,19:00,16.5,,10,,65,,0,,10,,2,,,,101.02,,,,,,NA
-123.16,49.78,SQUAMISH AIRPORT,10476F0,6/12/2021 20:00,2021,6,12,20:00,18.5,,8.8,,53,,0,,17,,6,,,,100.97,,,,,,NA
-123.16,49.78,SQUAMISH AIRPORT,10476F0,6/12/2021 21:00,2021,6,12,21:00,19.8,,10.6,,55,,0,,26,,4,,,,100.91,,,,,,NA
-123.16,49.78,SQUAMISH AIRPORT,10476F0,6/12/2021 22:00,2021,6,12,22:00,21.7,,7.9,,41,,0,,22,,5,,,,100.83,,,,,,NA
-123.16,49.78,SQUAMISH AIRPORT,10476F0,6/12/2021 23:00,2021,6,12,23:00,21.8,,7.8,,40,,0,,33,,6,,,,100.74,,,,,,NA
-123.16,49.78,SQUAMISH AIRPORT,10476F0,6/13/2021 0:00,2021,6,13,0:00,21.2,,8.4,,44,,0,,32,,3,,,,100.69,,,,,,NA
-123.16,49.78,SQUAMISH AIRPORT,10476F0,6/13/2021 1:00,2021,6,13,1:00,19.9,,10.9,,56,,0,,32,,4,,,,100.64,,,,,,NA
-123.16,49.78,SQUAMISH AIRPORT,10476F0,6/13/2021 2:00,2021,6,13,2:00,18.7,,11,,61,,0,,35,,3,,,,100.55,,,,,,NA
-123.16,49.78,SQUAMISH AIRPORT,10476F0,6/13/2021 3:00,2021,6,13,3:00,17.8,,10.4,,62,,0,,36,,6,,,,100.46,,,,,,NA
-123.16,49.78,SQUAMISH AIRPORT,10476F0,6/13/2021 4:00,2021,6,13,4:00,16.3,,10.9,,70,,0,,26,,2,,,,100.43,,,,,,NA
-123.16,49.78,SQUAMISH AIRPORT,10476F0,6/13/2021 5:00,2021,6,13,5:00,15.2,,11.5,,78,,0,,36,,2,,,,100.48,,,,,,NA
-123.16,49.78,SQUAMISH AIRPORT,10476F0,6/13/2021 6:00,2021,6,13,6:00,13.8,,12.2,,90,,0,,35,,1,,,,100.45,,,,,,NA
-123.16,49.78,SQUAMISH AIRPORT,10476F0,6/13/2021 7:00,2021,6,13,7:00,13.2,,12.4,,95,,0.6,,0,,1,,,,100.54,,,,,,NA
-123.16,49.78,SQUAMISH AIRPORT,10476F0,6/13/2021 8:00,2021,6,13,8:00,12.8,,12.3,,97,,2,,35,,7,,,,100.54,,,,,,NA
-123.16,49.78,SQUAMISH AIRPORT,10476F0,6/13/2021 9:00,2021,6,13,9:00,12.5,,11.9,,96,,3.1,,35,,6,,,,100.5,,,,,,NA
-123.16,49.78,SQUAMISH AIRPORT,10476F0,6/13/2021 10:00,2021,6,13,10:00,12.5,,11.9,,97,,5.2,,3,,6,,,,100.45,,,,,,NA
-123.16,49.78,SQUAMISH AIRPORT,10476F0,6/13/2021 11:00,2021,6,13,11:00,12.1,,11.7,,97,,4.1,,33,,4,,,,100.39,,,,,,NA
-123.16,49.78,SQUAMISH AIRPORT,10476F0,6/13/2021 12:00,2021,6,13,12:00,12.1,,11.7,,97,,4,,35,,8,,,,100.36,,,,,,NA
-123.16,49.78,SQUAMISH AIRPORT,10476F0,6/13/2021 13:00,2021,6,13,13:00,12.1,,11.7,,98,,6,,34,,3,,,,100.44,,,,,,NA
-123.16,49.78,SQUAMISH AIRPORT,10476F0,6/13/2021 14:00,2021,6,13,14:00,12.2,,11.7,,97,,2.6,,0,,1,,,,100.46,,,,,,NA
-123.16,49.78,SQUAMISH AIRPORT,10476F0,6/13/2021 15:00,2021,6,13,15:00,12.2,,11.7,,96,,4,,32,,1,,,,100.53,,,,,,NA
-123.16,49.78,SQUAMISH AIRPORT,10476F0,6/13/2021 16:00,2021,6,13,16:00,12.4,,12,,97,,1.8,,33,,2,,,,100.6,,,,,,NA
-123.16,49.78,SQUAMISH AIRPORT,10476F0,6/13/2021 17:00,2021,6,13,17:00,12.9,,12.4,,96,,1.1,,32,,2,,,,100.65,,,,,,NA
-123.16,49.78,SQUAMISH AIRPORT,10476F0,6/13/2021 18:00,2021,6,13,18:00,12.9,,12.1,,95,,2.3,,34,,2,,,,100.69,,,,,,NA
-123.16,49.78,SQUAMISH AIRPORT,10476F0,6/13/2021 19:00,2021,6,13,19:00,14.1,,12.7,,91,,1.3,,33,,5,,,,100.67,,,,,,NA
-123.16,49.78,SQUAMISH AIRPORT,10476F0,6/13/2021 20:00,2021,6,13,20:00,15.7,,14.1,,90,,0.3,,32,,3,,,,100.66,,,,,,NA
-123.16,49.78,SQUAMISH AIRPORT,10476F0,6/13/2021 21:00,2021,6,13,21:00,17.1,,12.7,,76,,0,,33,,6,,,,100.64,,,,,,NA
-123.16,49.78,SQUAMISH AIRPORT,10476F0,6/13/2021 22:00,2021,6,13,22:00,17.5,,12.5,,72,,0,,31,,6,,,,100.57,,,,,,NA
-123.16,49.78,SQUAMISH AIRPORT,10476F0,6/13/2021 23:00,2021,6,13,23:00,17.8,,14.1,,79,,0,,15,,2,,,,100.56,,,,,,NA
-123.16,49.78,SQUAMISH AIRPORT,10476F0,6/14/2021 0:00,2021,6,14,0:00,16.6,,15.3,,92,,0.6,,,,0,,,,100.54,,,,,,NA
-123.16,49.78,SQUAMISH AIRPORT,10476F0,6/14/2021 1:00,2021,6,14,1:00,15.6,,14.8,,95,,2.5,,25,,2,,,,100.57,,,,,,NA
-123.16,49.78,SQUAMISH AIRPORT,10476F0,6/14/2021 2:00,2021,6,14,2:00,15.6,,15,,96,,1.3,,0,,1,,,,100.58,,,,,,NA
-123.16,49.78,SQUAMISH AIRPORT,10476F0,6/14/2021 3:00,2021,6,14,3:00,15.3,,14.8,,97,,0.9,,35,,2,,,,100.57,,,,,,NA
-123.16,49.78,SQUAMISH AIRPORT,10476F0,6/14/2021 4:00,2021,6,14,4:00,15,,14.5,,97,,0,,34,,3,,,,100.55,,,,,,NA
-123.16,49.78,SQUAMISH AIRPORT,10476F0,6/14/2021 5:00,2021,6,14,5:00,14.8,,14.4,,97,,0.8,,,,0,,,,100.57,,,,,,NA
-123.16,49.78,SQUAMISH AIRPORT,10476F0,6/14/2021 6:00,2021,6,14,6:00,14.8,,14.4,,97,,0.4,,13,,2,,,,100.6,,,,,,NA
-123.16,49.78,SQUAMISH AIRPORT,10476F0,6/14/2021 7:00,2021,6,14,7:00,14.7,,14.4,,98,,0.5,,34,,3,,,,100.61,,,,,,NA
-123.16,49.78,SQUAMISH AIRPORT,10476F0,6/14/2021 8:00,2021,6,14,8:00,14.7,,14.4,,98,,0.2,,24,,4,,,,100.53,,,,,,NA
-123.16,49.78,SQUAMISH AIRPORT,10476F0,6/14/2021 9:00,2021,6,14,9:00,14.7,,14.3,,98,,0,,19,,2,,,,100.52,,,,,,NA
-123.16,49.78,SQUAMISH AIRPORT,10476F0,6/14/2021 10:00,2021,6,14,10:00,14.4,,14.1,,98,,1.6,,21,,3,,,,100.54,,,,,,NA
-123.16,49.78,SQUAMISH AIRPORT,10476F0,6/14/2021 11:00,2021,6,14,11:00,15.1,,14.2,,94,,3,,19,,5,,,,100.55,,,,,,NA
-123.16,49.78,SQUAMISH AIRPORT,10476F0,6/14/2021 12:00,2021,6,14,12:00,14.8,,14.2,,96,,0.1,,24,,4,,,,100.6,,,,,,NA
-123.16,49.78,SQUAMISH AIRPORT,10476F0,6/14/2021 13:00,2021,6,14,13:00,14.8,,14.1,,96,,0,,19,,3,,,,100.65,,,,,,NA
-123.16,49.78,SQUAMISH AIRPORT,10476F0,6/14/2021 14:00,2021,6,14,14:00,14.4,,13.9,,97,,0.6,,32,,2,,,,100.72,,,,,,NA
-123.16,49.78,SQUAMISH AIRPORT,10476F0,6/14/2021 15:00,2021,6,14,15:00,14.8,,14.3,,97,,0.7,,0,,1,,,,100.78,,,,,,NA
-123.16,49.78,SQUAMISH AIRPORT,10476F0,6/14/2021 16:00,2021,6,14,16:00,15.1,,14,,93,,0.4,,30,,4,,,,100.8,,,,,,NA
-123.16,49.78,SQUAMISH AIRPORT,10476F0,6/14/2021 17:00,2021,6,14,17:00,15.8,,14.7,,93,,0,,30,,4,,,,100.81,,,,,,NA
-123.16,49.78,SQUAMISH AIRPORT,10476F0,6/14/2021 18:00,2021,6,14,18:00,16.5,,15,,91,,0,,19,,4,,,,100.84,,,,,,NA
-123.16,49.78,SQUAMISH AIRPORT,10476F0,6/14/2021 19:00,2021,6,14,19:00,17.1,,15.2,,89,,0,,20,,5,,,,100.84,,,,,,NA
-123.16,49.78,SQUAMISH AIRPORT,10476F0,6/14/2021 20:00,2021,6,14,20:00,18.1,,15.3,,83,,0,,20,,9,,,,100.89,,,,,,NA
-123.16,49.78,SQUAMISH AIRPORT,10476F0,6/14/2021 21:00,2021,6,14,21:00,18,,14.5,,80,,0,,17,,7,,,,100.89,,,,,,NA
-123.16,49.78,SQUAMISH AIRPORT,10476F0,6/14/2021 22:00,2021,6,14,22:00,18.4,,14.6,,78,,0,,18,,9,,,,100.88,,,,,,NA
-123.16,49.78,SQUAMISH AIRPORT,10476F0,6/14/2021 23:00,2021,6,14,23:00,18.6,,13.8,,74,,0,,14,,8,,,,100.91,,,,,,NA
-123.16,49.78,SQUAMISH AIRPORT,10476F0,6/15/2021 0:00,2021,6,15,0:00,19.2,,14.2,,73,,0,,16,,10,,,,100.92,,,,,,NA
-123.16,49.78,SQUAMISH AIRPORT,10476F0,6/15/2021 1:00,2021,6,15,1:00,17.3,,15.2,,88,,0.5,,14,,7,,,,100.94,,,,,,NA
-123.16,49.78,SQUAMISH AIRPORT,10476F0,6/15/2021 2:00,2021,6,15,2:00,17.7,,14.6,,82,,0,,17,,4,,,,100.92,,,,,,NA
-123.16,49.78,SQUAMISH AIRPORT,10476F0,6/15/2021 3:00,2021,6,15,3:00,16.9,,14.6,,86,,0,,14,,6,,,,100.96,,,,,,NA
-123.16,49.78,SQUAMISH AIRPORT,10476F0,6/15/2021 4:00,2021,6,15,4:00,16.4,,14.4,,88,,0,,13,,6,,,,100.97,,,,,,NA
-123.16,49.78,SQUAMISH AIRPORT,10476F0,6/15/2021 5:00,2021,6,15,5:00,15.2,,13.5,,90,,0,,15,,4,,,,101,,,,,,NA
-123.16,49.78,SQUAMISH AIRPORT,10476F0,6/15/2021 6:00,2021,6,15,6:00,13.8,,12.9,,94,,0,,28,,2,,,,101.04,,,,,,NA
-123.16,49.78,SQUAMISH AIRPORT,10476F0,6/15/2021 7:00,2021,6,15,7:00,12.9,,12.4,,97,,0,,2,,2,,,,101.01,,,,,,NA
-123.16,49.78,SQUAMISH AIRPORT,10476F0,6/15/2021 8:00,2021,6,15,8:00,12.2,,11.6,,96,,0,,,,0,,,,101.02,,,,,,NA
-123.16,49.78,SQUAMISH AIRPORT,10476F0,6/15/2021 9:00,2021,6,15,9:00,12.2,,11.9,,98,,0,,33,,2,,,,101.01,,,,,,NA
-123.16,49.78,SQUAMISH AIRPORT,10476F0,6/15/2021 10:00,2021,6,15,10:00,12.4,,12,,98,,2.3,,0,,1,,,,101.02,,,,,,NA
-123.16,49.78,SQUAMISH AIRPORT,10476F0,6/15/2021 11:00,2021,6,15,11:00,12.2,,11.9,,98,,0,,21,,2,,,,101.02,,,,,,NA
-123.16,49.78,SQUAMISH AIRPORT,10476F0,6/15/2021 12:00,2021,6,15,12:00,12.3,,12,,98,,0,,0,,1,,,,101.06,,,,,,NA
-123.16,49.78,SQUAMISH AIRPORT,10476F0,6/15/2021 13:00,2021,6,15,13:00,12.2,,11.8,,97,,0.4,,11,,5,,,,101.11,,,,,,NA
-123.16,49.78,SQUAMISH AIRPORT,10476F0,6/15/2021 14:00,2021,6,15,14:00,11.9,,11.4,,97,,3.4,,33,,3,,,,101.2,,,,,,NA
-123.16,49.78,SQUAMISH AIRPORT,10476F0,6/15/2021 15:00,2021,6,15,15:00,12.5,,11.8,,96,,0,,3,,4,,,,101.21,,,,,,NA
-123.16,49.78,SQUAMISH AIRPORT,10476F0,6/15/2021 16:00,2021,6,15,16:00,13.1,,12.1,,94,,0,,28,,2,,,,101.23,,,,,,NA
-123.16,49.78,SQUAMISH AIRPORT,10476F0,6/15/2021 17:00,2021,6,15,17:00,14.3,,11.8,,84,,0,,34,,1,,,,101.23,,,,,,NA
-123.16,49.78,SQUAMISH AIRPORT,10476F0,6/15/2021 18:00,2021,6,15,18:00,14.4,,12.1,,86,,0.3,,20,,3,,,,101.26,,,,,,NA
-123.16,49.78,SQUAMISH AIRPORT,10476F0,6/15/2021 19:00,2021,6,15,19:00,16.1,,12.3,,78,,1.8,,9,,4,,,,101.3,,,,,,NA
-123.16,49.78,SQUAMISH AIRPORT,10476F0,6/15/2021 20:00,2021,6,15,20:00,16.7,,11.3,,71,,0,,15,,10,,,,101.34,,,,,,NA
-123.16,49.78,SQUAMISH AIRPORT,10476F0,6/15/2021 21:00,2021,6,15,21:00,17.5,,9.8,,61,,0,,14,,13,,,,101.36,,,,,,NA
-123.16,49.78,SQUAMISH AIRPORT,10476F0,6/15/2021 22:00,2021,6,15,22:00,18.6,,9.5,,55,,0,,15,,12,,,,101.42,,,,,,NA
-123.16,49.78,SQUAMISH AIRPORT,10476F0,6/15/2021 23:00,2021,6,15,23:00,17,,12,,72,,0.1,,5,,2,,,,101.52,,,,,,NA
-123.16,49.78,SQUAMISH AIRPORT,10476F0,6/16/2021 0:00,2021,6,16,0:00,17.4,,12.3,,72,,0.1,,30,,4,,,,101.55,,,,,,NA
-123.16,49.78,SQUAMISH AIRPORT,10476F0,6/16/2021 1:00,2021,6,16,1:00,17,,12,,73,,0,,18,,3,,,,101.6,,,,,,NA
-123.16,49.78,SQUAMISH AIRPORT,10476F0,6/16/2021 2:00,2021,6,16,2:00,16.3,,11.2,,72,,0,,13,,3,,,,101.63,,,,,,NA
-123.16,49.78,SQUAMISH AIRPORT,10476F0,6/16/2021 3:00,2021,6,16,3:00,15,,12.7,,86,,0,,34,,1,,,,101.68,,,,,,NA
-123.16,49.78,SQUAMISH AIRPORT,10476F0,6/16/2021 4:00,2021,6,16,4:00,14.1,,12.4,,90,,0,,0,,1,,,,101.74,,,,,,NA
-123.16,49.78,SQUAMISH AIRPORT,10476F0,6/16/2021 5:00,2021,6,16,5:00,13.1,,12.4,,96,,0,,35,,3,,,,101.85,,,,,,NA
-123.16,49.78,SQUAMISH AIRPORT,10476F0,6/16/2021 6:00,2021,6,16,6:00,12.5,,12,,96,,0,,33,,2,,,,101.89,,,,,,NA
-123.16,49.78,SQUAMISH AIRPORT,10476F0,6/16/2021 7:00,2021,6,16,7:00,11.9,,11.5,,97,,0,,0,,1,,,,101.95,,,,,,NA
-123.16,49.78,SQUAMISH AIRPORT,10476F0,6/16/2021 8:00,2021,6,16,8:00,12.2,,11.8,,98,,1.4,,2,,2,,,,101.98,,,,,,NA
-123.16,49.78,SQUAMISH AIRPORT,10476F0,6/16/2021 9:00,2021,6,16,9:00,12,,11.7,,98,,1,,32,,3,,,,102.01,,,,,,NA
-123.16,49.78,SQUAMISH AIRPORT,10476F0,6/16/2021 10:00,2021,6,16,10:00,11.7,,11.3,,98,,0,,33,,3,,,,102.03,,,,,,NA
-123.16,49.78,SQUAMISH AIRPORT,10476F0,6/16/2021 11:00,2021,6,16,11:00,11.6,,11.3,,98,,0,,1,,1,,,,102.05,,,,,,NA
-123.16,49.78,SQUAMISH AIRPORT,10476F0,6/16/2021 12:00,2021,6,16,12:00,11.2,,10.9,,98,,0,,34,,2,,,,102.09,,,,,,NA
-123.16,49.78,SQUAMISH AIRPORT,10476F0,6/16/2021 13:00,2021,6,16,13:00,11.4,,11.1,,98,,0,,0,,1,,,,102.13,,,,,,NA
-123.16,49.78,SQUAMISH AIRPORT,10476F0,6/16/2021 14:00,2021,6,16,14:00,11.8,,11.4,,97,,0,,,,0,,,,102.16,,,,,,NA
-123.16,49.78,SQUAMISH AIRPORT,10476F0,6/16/2021 15:00,2021,6,16,15:00,12.5,,11.8,,96,,0,,22,,2,,,,102.19,,,,,,NA
-123.16,49.78,SQUAMISH AIRPORT,10476F0,6/16/2021 16:00,2021,6,16,16:00,14.4,,13.3,,93,,0,,4,,1,,,,102.17,,,,,,NA
-123.16,49.78,SQUAMISH AIRPORT,10476F0,6/16/2021 17:00,2021,6,16,17:00,15.3,,12.4,,83,,0,,20,,4,,,,102.16,,,,,,NA
-123.16,49.78,SQUAMISH AIRPORT,10476F0,6/16/2021 18:00,2021,6,16,18:00,16.3,,12.1,,76,,0,,18,,4,,,,102.16,,,,,,NA
-123.16,49.78,SQUAMISH AIRPORT,10476F0,6/16/2021 19:00,2021,6,16,19:00,17.4,,11.5,,68,,0,,19,,4,,,,102.11,,,,,,NA
-123.16,49.78,SQUAMISH AIRPORT,10476F0,6/16/2021 20:00,2021,6,16,20:00,20.4,,11.9,,58,,0,,18,,7,,,,102.03,,,,,,NA
-123.16,49.78,SQUAMISH AIRPORT,10476F0,6/16/2021 21:00,2021,6,16,21:00,21.7,,10.2,,48,,0,,23,,6,,,,101.94,,,,,,NA
-123.16,49.78,SQUAMISH AIRPORT,10476F0,6/16/2021 22:00,2021,6,16,22:00,21.6,,7.9,,41,,0,,18,,11,,,,101.87,,,,,,NA
-123.16,49.78,SQUAMISH AIRPORT,10476F0,6/16/2021 23:00,2021,6,16,23:00,21.8,,9.6,,46,,0,,17,,12,,,,101.81,,,,,,NA
-123.16,49.78,SQUAMISH AIRPORT,10476F0,6/17/2021 0:00,2021,6,17,0:00,21.6,,10.2,,48,,0,,17,,12,,,,101.77,,,,,,NA
-123.16,49.78,SQUAMISH AIRPORT,10476F0,6/17/2021 1:00,2021,6,17,1:00,21,,10.3,,50,,0,,15,,10,,,,101.71,,,,,,NA
-123.16,49.78,SQUAMISH AIRPORT,10476F0,6/17/2021 2:00,2021,6,17,2:00,20.4,,9.7,,50,,0,,16,,11,,,,101.67,,,,,,NA
-123.16,49.78,SQUAMISH AIRPORT,10476F0,6/17/2021 3:00,2021,6,17,3:00,18.7,,10,,57,,0,,20,,4,,,,101.64,,,,,,NA
-123.16,49.78,SQUAMISH AIRPORT,10476F0,6/17/2021 4:00,2021,6,17,4:00,15.2,,10.9,,75,,0,,1,,2,,,,101.64,,,,,,NA
-123.16,49.78,SQUAMISH AIRPORT,10476F0,6/17/2021 5:00,2021,6,17,5:00,13.3,,10.7,,84,,0,,5,,2,,,,101.69,,,,,,NA
-123.16,49.78,SQUAMISH AIRPORT,10476F0,6/17/2021 6:00,2021,6,17,6:00,11.5,,10.3,,92,,0,,4,,1,,,,101.68,,,,,,NA
-123.16,49.78,SQUAMISH AIRPORT,10476F0,6/17/2021 7:00,2021,6,17,7:00,11.1,,9.8,,92,,0,,2,,4,,,,101.68,,,,,,NA
-123.16,49.78,SQUAMISH AIRPORT,10476F0,6/17/2021 8:00,2021,6,17,8:00,10.5,,9.7,,95,,0,,0,,1,,,,101.65,,,,,,NA
-123.16,49.78,SQUAMISH AIRPORT,10476F0,6/17/2021 9:00,2021,6,17,9:00,10,,9.3,,95,,0,,0,,1,,,,101.65,,,,,,NA
-123.16,49.78,SQUAMISH AIRPORT,10476F0,6/17/2021 10:00,2021,6,17,10:00,9.3,,8.6,,96,,0,,2,,3,,,,101.63,,,,,,NA
-123.16,49.78,SQUAMISH AIRPORT,10476F0,6/17/2021 11:00,2021,6,17,11:00,9.4,,8.8,,96,,0,,0,,1,,,,101.63,,,,,,NA
-123.16,49.78,SQUAMISH AIRPORT,10476F0,6/17/2021 12:00,2021,6,17,12:00,9.2,,8.5,,96,,0,,3,,2,,,,101.62,,,,,,NA
-123.16,49.78,SQUAMISH AIRPORT,10476F0,6/17/2021 13:00,2021,6,17,13:00,8.9,,8.3,,96,,0,,0,,1,,,,101.62,,,,,,NA
-123.16,49.78,SQUAMISH AIRPORT,10476F0,6/17/2021 14:00,2021,6,17,14:00,10.8,,9.1,,89,,0,,34,,5,,,,101.65,,,,,,NA
-123.16,49.78,SQUAMISH AIRPORT,10476F0,6/17/2021 15:00,2021,6,17,15:00,13.2,,9,,76,,0,,28,,4,,,,101.63,,,,,,NA
-123.16,49.78,SQUAMISH AIRPORT,10476F0,6/17/2021 16:00,2021,6,17,16:00,15,,9.6,,70,,0,,34,,5,,,,101.6,,,,,,NA
-123.16,49.78,SQUAMISH AIRPORT,10476F0,6/17/2021 17:00,2021,6,17,17:00,17.6,,8,,53,,0,,35,,3,,,,101.57,,,,,,NA
-123.16,49.78,SQUAMISH AIRPORT,10476F0,6/17/2021 18:00,2021,6,17,18:00,20.2,,9,,48,,0,,21,,2,,,,101.49,,,,,,NA
-123.16,49.78,SQUAMISH AIRPORT,10476F0,6/17/2021 19:00,2021,6,17,19:00,21,,9.7,,48,,0,,17,,14,,,,101.48,,,,,,NA
-123.16,49.78,SQUAMISH AIRPORT,10476F0,6/17/2021 20:00,2021,6,17,20:00,21.8,,10.1,,48,,0,,16,,12,,,,101.42,,,,,,NA
-123.16,49.78,SQUAMISH AIRPORT,10476F0,6/17/2021 21:00,2021,6,17,21:00,22.1,,10,,46,,0,,14,,10,,,,101.37,,,,,,NA
-123.16,49.78,SQUAMISH AIRPORT,10476F0,6/17/2021 22:00,2021,6,17,22:00,23.3,,9.7,,42,,0,,14,,12,,,,101.32,,,,,,NA
-123.16,49.78,SQUAMISH AIRPORT,10476F0,6/17/2021 23:00,2021,6,17,23:00,23.9,,9.4,,40,,0,,14,,13,,,,101.31,,25,,,,NA
-123.16,49.78,SQUAMISH AIRPORT,10476F0,6/18/2021 0:00,2021,6,18,0:00,24.2,,10.2,,41,,0,,16,,9,,,,101.26,,26,,,,NA
-123.16,49.78,SQUAMISH AIRPORT,10476F0,6/18/2021 1:00,2021,6,18,1:00,24.1,,9.6,,40,,0,,17,,10,,,,101.22,,25,,,,NA
-123.16,49.78,SQUAMISH AIRPORT,10476F0,6/18/2021 2:00,2021,6,18,2:00,23.2,,8.8,,40,,0,,15,,6,,,,101.18,,,,,,NA
-123.16,49.78,SQUAMISH AIRPORT,10476F0,6/18/2021 3:00,2021,6,18,3:00,20.9,,8.8,,46,,0,,18,,4,,,,101.16,,,,,,NA
-123.16,49.78,SQUAMISH AIRPORT,10476F0,6/18/2021 4:00,2021,6,18,4:00,17.7,,10.7,,63,,0,,0,,1,,,,101.19,,,,,,NA
-123.16,49.78,SQUAMISH AIRPORT,10476F0,6/18/2021 5:00,2021,6,18,5:00,15.9,,10.8,,72,,0,,5,,1,,,,101.22,,,,,,NA
-123.16,49.78,SQUAMISH AIRPORT,10476F0,6/18/2021 6:00,2021,6,18,6:00,14.4,,11.2,,81,,0,,,,0,,,,101.26,,,,,,NA
-123.16,49.78,SQUAMISH AIRPORT,10476F0,6/18/2021 7:00,2021,6,18,7:00,13.1,,11.2,,88,,0,,,,0,,,,101.28,,,,,,NA
-123.16,49.78,SQUAMISH AIRPORT,10476F0,6/18/2021 8:00,2021,6,18,8:00,12.4,,11.1,,92,,0,,36,,1,,,,101.25,,,,,,NA
-123.16,49.78,SQUAMISH AIRPORT,10476F0,6/18/2021 9:00,2021,6,18,9:00,12.4,,10.5,,88,,0,,4,,2,,,,101.23,,,,,,NA
-123.16,49.78,SQUAMISH AIRPORT,10476F0,6/18/2021 10:00,2021,6,18,10:00,11.8,,10.6,,93,,0,,4,,2,,,,101.22,,,,,,NA
-123.16,49.78,SQUAMISH AIRPORT,10476F0,6/18/2021 11:00,2021,6,18,11:00,10.8,,10.1,,95,,0,,,,0,,,,101.21,,,,,,NA
-123.16,49.78,SQUAMISH AIRPORT,10476F0,6/18/2021 12:00,2021,6,18,12:00,10.6,,9.8,,95,,0,,0,,1,,,,101.23,,,,,,NA
-123.16,49.78,SQUAMISH AIRPORT,10476F0,6/18/2021 13:00,2021,6,18,13:00,10.4,,9.7,,95,,0,,0,,1,,,,101.23,,,,,,NA
-123.16,49.78,SQUAMISH AIRPORT,10476F0,6/18/2021 14:00,2021,6,18,14:00,11.6,,10.5,,93,,0,,2,,1,,,,101.26,,,,,,NA
-123.16,49.78,SQUAMISH AIRPORT,10476F0,6/18/2021 15:00,2021,6,18,15:00,15.2,,11.1,,76,,0,,0,,1,,,,101.25,,,,,,NA
-123.16,49.78,SQUAMISH AIRPORT,10476F0,6/18/2021 16:00,2021,6,18,16:00,17.8,,11.3,,66,,0,,19,,5,,,,101.23,,,,,,NA
-123.16,49.78,SQUAMISH AIRPORT,10476F0,6/18/2021 17:00,2021,6,18,17:00,19.7,,11.3,,58,,0,,17,,8,,,,101.18,,,,,,NA
-123.16,49.78,SQUAMISH AIRPORT,10476F0,6/18/2021 18:00,2021,6,18,18:00,19.9,,11.4,,58,,0,,15,,12,,,,101.14,,,,,,NA
-123.16,49.78,SQUAMISH AIRPORT,10476F0,6/18/2021 19:00,2021,6,18,19:00,21.2,,11.4,,53,,0,,15,,11,,,,101.11,,,,,,NA
-123.16,49.78,SQUAMISH AIRPORT,10476F0,6/18/2021 20:00,2021,6,18,20:00,22.4,,11.2,,49,,0,,16,,13,,,,101.08,,,,,,NA
-123.16,49.78,SQUAMISH AIRPORT,10476F0,6/18/2021 21:00,2021,6,18,21:00,22.6,,11.1,,48,,0,,15,,12,,,,101.04,,,,,,NA
-123.16,49.78,SQUAMISH AIRPORT,10476F0,6/18/2021 22:00,2021,6,18,22:00,22.5,,10.6,,47,,0,,15,,12,,,,101.01,,,,,,NA
-123.16,49.78,SQUAMISH AIRPORT,10476F0,6/18/2021 23:00,2021,6,18,23:00,22.4,,9.7,,44,,0,,15,,16,,,,101,,,,,,NA
-123.16,49.78,SQUAMISH AIRPORT,10476F0,6/19/2021 0:00,2021,6,19,0:00,22.6,,9.6,,44,,0,,15,,10,,,,100.99,,,,,,NA
-123.16,49.78,SQUAMISH AIRPORT,10476F0,6/19/2021 1:00,2021,6,19,1:00,22.6,,9.3,,43,,0,,16,,11,,,,100.96,,,,,,NA
-123.16,49.78,SQUAMISH AIRPORT,10476F0,6/19/2021 2:00,2021,6,19,2:00,21.6,,9.2,,45,,0,,14,,8,,,,100.94,,,,,,NA
-123.16,49.78,SQUAMISH AIRPORT,10476F0,6/19/2021 3:00,2021,6,19,3:00,20.2,,9.9,,51,,0,,16,,9,,,,100.96,,,,,,NA
-123.16,49.78,SQUAMISH AIRPORT,10476F0,6/19/2021 4:00,2021,6,19,4:00,18.3,,11.2,,63,,0,,17,,6,,,,100.99,,,,,,NA
-123.16,49.78,SQUAMISH AIRPORT,10476F0,6/19/2021 5:00,2021,6,19,5:00,16,,11.9,,77,,0,,,,0,,,,101.04,,,,,,NA
-123.16,49.78,SQUAMISH AIRPORT,10476F0,6/19/2021 6:00,2021,6,19,6:00,14.8,,11.9,,83,,0,,5,,1,,,,101.06,,,,,,NA
-123.16,49.78,SQUAMISH AIRPORT,10476F0,6/19/2021 7:00,2021,6,19,7:00,13.9,,11.5,,86,,0,,,,0,,,,101.07,,,,,,NA
-123.16,49.78,SQUAMISH AIRPORT,10476F0,6/19/2021 8:00,2021,6,19,8:00,12.6,,10.7,,88,,0,,10,,1,,,,101.07,,,,,,NA
-123.16,49.78,SQUAMISH AIRPORT,10476F0,6/19/2021 9:00,2021,6,19,9:00,11.8,,10.4,,91,,0,,0,,1,,,,101.09,,,,,,NA
-123.16,49.78,SQUAMISH AIRPORT,10476F0,6/19/2021 10:00,2021,6,19,10:00,10.9,,10,,94,,0,,,,0,,,,101.09,,,,,,NA
-123.16,49.78,SQUAMISH AIRPORT,10476F0,6/19/2021 11:00,2021,6,19,11:00,10.3,,9.5,,95,,0,,,,0,,,,101.11,,,,,,NA
-123.16,49.78,SQUAMISH AIRPORT,10476F0,6/19/2021 12:00,2021,6,19,12:00,10.8,,10.2,,96,,0,,,,0,,,,101.11,,,,,,NA
-123.16,49.78,SQUAMISH AIRPORT,10476F0,6/19/2021 13:00,2021,6,19,13:00,11.5,,10.7,,95,,0,,0,,1,,,,101.14,,,,,,NA
-123.16,49.78,SQUAMISH AIRPORT,10476F0,6/19/2021 14:00,2021,6,19,14:00,12.7,,11.7,,93,,0,,,,0,,,,101.16,,,,,,NA
-123.16,49.78,SQUAMISH AIRPORT,10476F0,6/19/2021 15:00,2021,6,19,15:00,13.7,,11.9,,89,,0,,19,,2,,,,101.16,,,,,,NA
-123.16,49.78,SQUAMISH AIRPORT,10476F0,6/19/2021 16:00,2021,6,19,16:00,14.6,,11,,79,,0,,0,,1,,,,101.15,,,,,,NA
-123.16,49.78,SQUAMISH AIRPORT,10476F0,6/19/2021 17:00,2021,6,19,17:00,16.8,,13,,78,,0,,19,,6,,,,101.13,,,,,,NA
-123.16,49.78,SQUAMISH AIRPORT,10476F0,6/19/2021 18:00,2021,6,19,18:00,18.2,,12.7,,70,,0,,18,,11,,,,101.12,,,,,,NA
-123.16,49.78,SQUAMISH AIRPORT,10476F0,6/19/2021 19:00,2021,6,19,19:00,19.3,,12.1,,63,,0,,18,,16,,,,101.1,,,,,,NA
-123.16,49.78,SQUAMISH AIRPORT,10476F0,6/19/2021 20:00,2021,6,19,20:00,20.1,,12.5,,62,,0,,16,,11,,,,101.1,,,,,,NA
-123.16,49.78,SQUAMISH AIRPORT,10476F0,6/19/2021 21:00,2021,6,19,21:00,19.9,,12.2,,61,,0,,15,,11,,,,101.07,,,,,,NA
-123.16,49.78,SQUAMISH AIRPORT,10476F0,6/19/2021 22:00,2021,6,19,22:00,20.8,,12.5,,59,,0,,18,,15,,,,101.04,,,,,,NA
-123.16,49.78,SQUAMISH AIRPORT,10476F0,6/19/2021 23:00,2021,6,19,23:00,20.2,,12.4,,61,,0,,15,,12,,,,101.04,,,,,,NA
-123.16,49.78,SQUAMISH AIRPORT,10476F0,6/20/2021 0:00,2021,6,20,0:00,20.1,,12.3,,61,,0.1,,16,,13,,,,101,,,,,,NA
-123.16,49.78,SQUAMISH AIRPORT,10476F0,6/20/2021 1:00,2021,6,20,1:00,20.6,,13.3,,63,,0,,15,,11,,,,100.97,,,,,,NA
-123.16,49.78,SQUAMISH AIRPORT,10476F0,6/20/2021 2:00,2021,6,20,2:00,21.2,,13.6,,62,,0,,17,,11,,,,100.92,,,,,,NA
-123.16,49.78,SQUAMISH AIRPORT,10476F0,6/20/2021 3:00,2021,6,20,3:00,19.1,,13,,68,,0,,15,,6,,,,100.95,,,,,,NA
-123.16,49.78,SQUAMISH AIRPORT,10476F0,6/20/2021 4:00,2021,6,20,4:00,18,,12.8,,72,,0,,16,,5,,,,100.98,,,,,,NA
-123.16,49.78,SQUAMISH AIRPORT,10476F0,6/20/2021 5:00,2021,6,20,5:00,15.8,,13,,84,,0,,6,,2,,,,101.05,,,,,,NA
-123.16,49.78,SQUAMISH AIRPORT,10476F0,6/20/2021 6:00,2021,6,20,6:00,14.7,,12.9,,89,,0,,,,0,,,,101.07,,,,,,NA
-123.16,49.78,SQUAMISH AIRPORT,10476F0,6/20/2021 7:00,2021,6,20,7:00,14,,13,,94,,0,,0,,1,,,,101.1,,,,,,NA
-123.16,49.78,SQUAMISH AIRPORT,10476F0,6/20/2021 8:00,2021,6,20,8:00,12.9,,12.1,,94,,0,,0,,1,,,,101.11,,,,,,NA
-123.16,49.78,SQUAMISH AIRPORT,10476F0,6/20/2021 9:00,2021,6,20,9:00,12.1,,11.4,,95,,0,,,,0,,,,101.16,,,,,,NA
-123.16,49.78,SQUAMISH AIRPORT,10476F0,6/20/2021 10:00,2021,6,20,10:00,11.3,,10.7,,96,,0,,33,,2,,,,101.19,,,,,,NA
-123.16,49.78,SQUAMISH AIRPORT,10476F0,6/20/2021 11:00,2021,6,20,11:00,11.4,,10.9,,97,,0,,5,,5,,,,101.22,,,,,,NA
-123.16,49.78,SQUAMISH AIRPORT,10476F0,6/20/2021 12:00,2021,6,20,12:00,10.1,,9.5,,96,,0,,0,,1,,,,101.24,,,,,,NA
-123.16,49.78,SQUAMISH AIRPORT,10476F0,6/20/2021 13:00,2021,6,20,13:00,10.5,,10,,97,,0,,0,,1,,,,101.24,,,,,,NA
-123.16,49.78,SQUAMISH AIRPORT,10476F0,6/20/2021 14:00,2021,6,20,14:00,13,,11.5,,90,,0,,2,,2,,,,101.26,,,,,,NA
-123.16,49.78,SQUAMISH AIRPORT,10476F0,6/20/2021 15:00,2021,6,20,15:00,15.7,,11.3,,75,,0,,2,,2,,,,101.23,,,,,,NA
-123.16,49.78,SQUAMISH AIRPORT,10476F0,6/20/2021 16:00,2021,6,20,16:00,18.2,,10,,59,,0,,33,,6,,,,101.2,,,,,,NA
-123.16,49.78,SQUAMISH AIRPORT,10476F0,6/20/2021 17:00,2021,6,20,17:00,20.9,,9.7,,49,,0,,32,,9,,,,101.12,,,,,,NA
-123.16,49.78,SQUAMISH AIRPORT,10476F0,6/20/2021 18:00,2021,6,20,18:00,24.5,,10,,40,,0,,30,,7,,,,101.02,,26,,,,NA
-123.16,49.78,SQUAMISH AIRPORT,10476F0,6/20/2021 19:00,2021,6,20,19:00,27.3,,9.5,,33,,0,,30,,8,,,,100.93,,28,,,,NA
-123.16,49.78,SQUAMISH AIRPORT,10476F0,6/20/2021 20:00,2021,6,20,20:00,29.4,,9.5,,29,,0,,30,,7,,,,100.88,,30,,,,NA
-123.16,49.78,SQUAMISH AIRPORT,10476F0,6/20/2021 21:00,2021,6,20,21:00,26.8,,11.2,,38,,0,,16,,17,,,,100.85,,29,,,,NA
-123.16,49.78,SQUAMISH AIRPORT,10476F0,6/20/2021 22:00,2021,6,20,22:00,26.4,,11.3,,39,,0,,15,,17,,,,100.85,,28,,,,NA
-123.16,49.78,SQUAMISH AIRPORT,10476F0,6/20/2021 23:00,2021,6,20,23:00,26.9,,11.5,,38,,0,,15,,13,,,,100.81,,29,,,,NA
-123.16,49.78,SQUAMISH AIRPORT,10476F0,6/21/2021 0:00,2021,6,21,0:00,27.7,,12.9,,40,,0,,18,,13,,,,100.76,,30,,,,NA
-123.16,49.78,SQUAMISH AIRPORT,10476F0,6/21/2021 1:00,2021,6,21,1:00,26.9,,11.8,,39,,0,,17,,11,,,,100.74,,29,,,,NA
-123.16,49.78,SQUAMISH AIRPORT,10476F0,6/21/2021 2:00,2021,6,21,2:00,25.7,,12.1,,43,,0,,20,,9,,,,100.71,,28,,,,NA
-123.16,49.78,SQUAMISH AIRPORT,10476F0,6/21/2021 3:00,2021,6,21,3:00,24.4,,12.9,,49,,0,,17,,3,,,,100.71,,27,,,,NA
-123.16,49.78,SQUAMISH AIRPORT,10476F0,6/21/2021 4:00,2021,6,21,4:00,21.3,,14.4,,65,,0,,6,,2,,,,100.71,,25,,,,NA
-123.16,49.78,SQUAMISH AIRPORT,10476F0,6/21/2021 5:00,2021,6,21,5:00,18.6,,14,,74,,0,,3,,4,,,,100.74,,,,,,NA
-123.16,49.78,SQUAMISH AIRPORT,10476F0,6/21/2021 6:00,2021,6,21,6:00,16.9,,14,,83,,0,,33,,2,,,,100.76,,,,,,NA
-123.16,49.78,SQUAMISH AIRPORT,10476F0,6/21/2021 7:00,2021,6,21,7:00,16.2,,13,,82,,0,,4,,2,,,,100.77,,,,,,NA
-123.16,49.78,SQUAMISH AIRPORT,10476F0,6/21/2021 8:00,2021,6,21,8:00,15.8,,12.4,,80,,0,,3,,2,,,,100.78,,,,,,NA
-123.16,49.78,SQUAMISH AIRPORT,10476F0,6/21/2021 9:00,2021,6,21,9:00,15.3,,12.5,,83,,0,,4,,3,,,,100.76,,,,,,NA
-123.16,49.78,SQUAMISH AIRPORT,10476F0,6/21/2021 10:00,2021,6,21,10:00,14.7,,11.7,,82,,0,,4,,2,,,,100.75,,,,,,NA
-123.16,49.78,SQUAMISH AIRPORT,10476F0,6/21/2021 11:00,2021,6,21,11:00,14,,11.3,,84,,0,,4,,3,,,,100.76,,,,,,NA
-123.16,49.78,SQUAMISH AIRPORT,10476F0,6/21/2021 12:00,2021,6,21,12:00,12.5,,10.8,,89,,0,,4,,2,,,,100.76,,,,,,NA
-123.16,49.78,SQUAMISH AIRPORT,10476F0,6/21/2021 13:00,2021,6,21,13:00,13.2,,11,,86,,0,,1,,2,,,,100.77,,,,,,NA
-123.16,49.78,SQUAMISH AIRPORT,10476F0,6/21/2021 14:00,2021,6,21,14:00,15.3,,11.7,,79,,0,,2,,3,,,,100.78,,,,,,NA
-123.16,49.78,SQUAMISH AIRPORT,10476F0,6/21/2021 15:00,2021,6,21,15:00,17.7,,11.2,,66,,0,,32,,5,,,,100.75,,,,,,NA
-123.16,49.78,SQUAMISH AIRPORT,10476F0,6/21/2021 16:00,2021,6,21,16:00,20.2,,11.1,,56,,0,,34,,5,,,,100.68,,,,,,NA
-123.16,49.78,SQUAMISH AIRPORT,10476F0,6/21/2021 17:00,2021,6,21,17:00,23.2,,11.9,,49,,0,,33,,5,,,,100.61,,25,,,,NA
-123.16,49.78,SQUAMISH AIRPORT,10476F0,6/21/2021 18:00,2021,6,21,18:00,26.7,,12.3,,41,,0,,1,,2,,,,100.54,,29,,,,NA
-123.16,49.78,SQUAMISH AIRPORT,10476F0,6/21/2021 19:00,2021,6,21,19:00,29.3,,11.8,,34,,0,,18,,6,,,,100.49,,31,,,,NA
-123.16,49.78,SQUAMISH AIRPORT,10476F0,6/21/2021 20:00,2021,6,21,20:00,28.5,,11,,34,,0,,17,,14,,,,100.45,,30,,,,NA
-123.16,49.78,SQUAMISH AIRPORT,10476F0,6/21/2021 21:00,2021,6,21,21:00,28.9,,12.4,,36,,0,,17,,15,,,,100.4,,31,,,,NA
-123.16,49.78,SQUAMISH AIRPORT,10476F0,6/21/2021 22:00,2021,6,21,22:00,28.9,,12.2,,36,,0,,18,,15,,,,100.35,,31,,,,NA
-123.16,49.78,SQUAMISH AIRPORT,10476F0,6/21/2021 23:00,2021,6,21,23:00,29.7,,12.7,,35,,0,,18,,13,,,,100.3,,32,,,,NA
-123.16,49.78,SQUAMISH AIRPORT,10476F0,6/22/2021 0:00,2021,6,22,0:00,30.2,,12.5,,34,,0,,18,,11,,,,100.24,,33,,,,NA
-123.16,49.78,SQUAMISH AIRPORT,10476F0,6/22/2021 1:00,2021,6,22,1:00,29.8,,11.7,,33,,0,,17,,12,,,,100.19,,32,,,,NA
-123.16,49.78,SQUAMISH AIRPORT,10476F0,6/22/2021 2:00,2021,6,22,2:00,27.9,,13.4,,41,,0,,20,,7,,,,100.15,,31,,,,NA
-123.16,49.78,SQUAMISH AIRPORT,10476F0,6/22/2021 3:00,2021,6,22,3:00,27.8,,12.9,,40,,0,,20,,3,,,,100.13,,31,,,,NA
-123.16,49.78,SQUAMISH AIRPORT,10476F0,6/22/2021 4:00,2021,6,22,4:00,23.1,,14.9,,60,,0,,6,,1,,,,100.15,,27,,,,NA
-123.16,49.78,SQUAMISH AIRPORT,10476F0,6/22/2021 5:00,2021,6,22,5:00,20.1,,14.4,,69,,0,,4,,2,,,,100.2,,,,,,NA
-123.16,49.78,SQUAMISH AIRPORT,10476F0,6/22/2021 6:00,2021,6,22,6:00,18.4,,14.7,,79,,0,,,,0,,,,100.23,,,,,,NA
-123.16,49.78,SQUAMISH AIRPORT,10476F0,6/22/2021 7:00,2021,6,22,7:00,17.7,,14.2,,80,,0,,,,0,,,,100.24,,,,,,NA
-123.16,49.78,SQUAMISH AIRPORT,10476F0,6/22/2021 8:00,2021,6,22,8:00,16.6,,13.6,,82,,0,,3,,2,,,,100.26,,,,,,NA
-123.16,49.78,SQUAMISH AIRPORT,10476F0,6/22/2021 9:00,2021,6,22,9:00,15.6,,13.2,,86,,0,,3,,2,,,,100.26,,,,,,NA
-123.16,49.78,SQUAMISH AIRPORT,10476F0,6/22/2021 10:00,2021,6,22,10:00,15.2,,13.2,,88,,0,,3,,1,,,,100.27,,,,,,NA
-123.16,49.78,SQUAMISH AIRPORT,10476F0,6/22/2021 11:00,2021,6,22,11:00,14,,12.4,,90,,0,,1,,1,,,,100.28,,,,,,NA
-123.16,49.78,SQUAMISH AIRPORT,10476F0,6/22/2021 12:00,2021,6,22,12:00,13.9,,12,,88,,0,,6,,1,,,,100.3,,,,,,NA
-123.16,49.78,SQUAMISH AIRPORT,10476F0,6/22/2021 13:00,2021,6,22,13:00,13.8,,11.9,,88,,0,,5,,2,,,,100.33,,,,,,NA
-123.16,49.78,SQUAMISH AIRPORT,10476F0,6/22/2021 14:00,2021,6,22,14:00,16.2,,12.6,,80,,0,,0,,1,,,,100.35,,,,,,NA
-123.16,49.78,SQUAMISH AIRPORT,10476F0,6/22/2021 15:00,2021,6,22,15:00,18.6,,12.3,,67,,0,,34,,4,,,,100.34,,,,,,NA
-123.16,49.78,SQUAMISH AIRPORT,10476F0,6/22/2021 16:00,2021,6,22,16:00,21.1,,12.7,,59,,0,,18,,4,,,,100.33,,,,,,NA
-123.16,49.78,SQUAMISH AIRPORT,10476F0,6/22/2021 17:00,2021,6,22,17:00,23.7,,14.2,,55,,0,,17,,7,,,,100.28,,27,,,,NA
-123.16,49.78,SQUAMISH AIRPORT,10476F0,6/22/2021 18:00,2021,6,22,18:00,24.6,,13.5,,50,,0,,18,,15,,,,100.26,,28,,,,NA
-123.16,49.78,SQUAMISH AIRPORT,10476F0,6/22/2021 19:00,2021,6,22,19:00,25.6,,14.1,,49,,0,,16,,11,,,,100.23,,29,,,,NA
-123.16,49.78,SQUAMISH AIRPORT,10476F0,6/22/2021 20:00,2021,6,22,20:00,27.6,,14.3,,44,,0,,14,,11,,,,100.19,,31,,,,NA
-123.16,49.78,SQUAMISH AIRPORT,10476F0,6/22/2021 21:00,2021,6,22,21:00,27,,13.3,,43,,0,,13,,15,,,,100.18,,30,,,,NA
-123.16,49.78,SQUAMISH AIRPORT,10476F0,6/22/2021 22:00,2021,6,22,22:00,27.5,,13.6,,43,,0.1,,15,,18,,,,100.14,,31,,,,NA
-123.16,49.78,SQUAMISH AIRPORT,10476F0,6/22/2021 23:00,2021,6,22,23:00,27.3,,12.6,,40,,0,,16,,12,,,,100.12,,30,,,,NA
-123.16,49.78,SQUAMISH AIRPORT,10476F0,6/23/2021 0:00,2021,6,23,0:00,26.6,,13.1,,43,,0,,15,,15,,,,100.1,,29,,,,NA
-123.16,49.78,SQUAMISH AIRPORT,10476F0,6/23/2021 1:00,2021,6,23,1:00,26.7,,13.5,,44,,0,,15,,10,,,,100.06,,30,,,,NA
-123.16,49.78,SQUAMISH AIRPORT,10476F0,6/23/2021 2:00,2021,6,23,2:00,25.8,,14.4,,49,,0,,16,,9,,,,100.04,,29,,,,NA
-123.16,49.78,SQUAMISH AIRPORT,10476F0,6/23/2021 3:00,2021,6,23,3:00,24.2,,14.2,,54,,0,,16,,9,,,,100.06,,28,,,,NA
-123.16,49.78,SQUAMISH AIRPORT,10476F0,6/23/2021 4:00,2021,6,23,4:00,21.4,,14.6,,65,,0,,18,,6,,,,100.11,,25,,,,NA
-123.16,49.78,SQUAMISH AIRPORT,10476F0,6/23/2021 5:00,2021,6,23,5:00,19.2,,14.7,,75,,0,,0,,1,,,,100.16,,,,,,NA
-123.16,49.78,SQUAMISH AIRPORT,10476F0,6/23/2021 6:00,2021,6,23,6:00,17.4,,14.7,,84,,0,,,,0,,,,100.2,,,,,,NA
-123.16,49.78,SQUAMISH AIRPORT,10476F0,6/23/2021 7:00,2021,6,23,7:00,16.9,,14.7,,87,,0,,4,,1,,,,100.22,,,,,,NA
-123.16,49.78,SQUAMISH AIRPORT,10476F0,6/23/2021 8:00,2021,6,23,8:00,15.9,,14.3,,90,,0,,,,0,,,,100.26,,,,,,NA
-123.16,49.78,SQUAMISH AIRPORT,10476F0,6/23/2021 9:00,2021,6,23,9:00,15.4,,14,,91,,0,,,,0,,,,100.29,,,,,,NA
-123.16,49.78,SQUAMISH AIRPORT,10476F0,6/23/2021 10:00,2021,6,23,10:00,14.7,,13.6,,94,,0,,0,,1,,,,100.33,,,,,,NA
-123.16,49.78,SQUAMISH AIRPORT,10476F0,6/23/2021 11:00,2021,6,23,11:00,14.2,,13.3,,94,,0,,,,0,,,,100.37,,,,,,NA
-123.16,49.78,SQUAMISH AIRPORT,10476F0,6/23/2021 12:00,2021,6,23,12:00,13.4,,12.8,,96,,0,,34,,2,,,,100.42,,,,,,NA
-123.16,49.78,SQUAMISH AIRPORT,10476F0,6/23/2021 13:00,2021,6,23,13:00,13.4,,12.6,,95,,0,,,,0,,,,100.46,,,,,,NA
-123.16,49.78,SQUAMISH AIRPORT,10476F0,6/23/2021 14:00,2021,6,23,14:00,15.7,,13.9,,89,,0,,18,,2,,,,100.51,,,,,,NA
-123.16,49.78,SQUAMISH AIRPORT,10476F0,6/23/2021 15:00,2021,6,23,15:00,18.3,,14.1,,76,,0,,19,,3,,,,100.56,,,,,,NA
-123.16,49.78,SQUAMISH AIRPORT,10476F0,6/23/2021 16:00,2021,6,23,16:00,20.2,,14.7,,71,,0,,17,,6,,,,100.54,,,,,,NA
-123.16,49.78,SQUAMISH AIRPORT,10476F0,6/23/2021 17:00,2021,6,23,17:00,21.1,,15.2,,69,,0,,16,,12,,,,100.54,,25,,,,NA
-123.16,49.78,SQUAMISH AIRPORT,10476F0,6/23/2021 18:00,2021,6,23,18:00,20.5,,15,,71,,0,,17,,15,,,,100.57,,,,,,NA
-123.16,49.78,SQUAMISH AIRPORT,10476F0,6/23/2021 19:00,2021,6,23,19:00,22.7,,14.8,,61,,0,,18,,16,,,,100.56,,27,,,,NA
-123.16,49.78,SQUAMISH AIRPORT,10476F0,6/23/2021 20:00,2021,6,23,20:00,23.9,,15.7,,60,,0,,15,,10,,,,100.57,,28,,,,NA
-123.16,49.78,SQUAMISH AIRPORT,10476F0,6/23/2021 21:00,2021,6,23,21:00,23.4,,14.4,,57,,0,,13,,11,,,,100.57,,27,,,,NA
-123.16,49.78,SQUAMISH AIRPORT,10476F0,6/23/2021 22:00,2021,6,23,22:00,23.4,,14.6,,57,,0,,16,,14,,,,100.55,,27,,,,NA
-123.16,49.78,SQUAMISH AIRPORT,10476F0,6/23/2021 23:00,2021,6,23,23:00,24.1,,14.7,,56,,0,,16,,14,,,,100.57,,28,,,,NA
-123.16,49.78,SQUAMISH AIRPORT,10476F0,6/24/2021 0:00,2021,6,24,0:00,23.2,,14.8,,59,,0,,15,,10,,,,100.58,,27,,,,NA
-123.16,49.78,SQUAMISH AIRPORT,10476F0,6/24/2021 1:00,2021,6,24,1:00,23.1,,14.4,,58,,0,,16,,16,,,,100.57,,27,,,,NA
-123.16,49.78,SQUAMISH AIRPORT,10476F0,6/24/2021 2:00,2021,6,24,2:00,22.6,,14.6,,60,,0,,16,,13,,,,100.59,,26,,,,NA
-123.16,49.78,SQUAMISH AIRPORT,10476F0,6/24/2021 3:00,2021,6,24,3:00,21.5,,14.4,,64,,0,,18,,10,,,,100.63,,25,,,,NA
-123.16,49.78,SQUAMISH AIRPORT,10476F0,6/24/2021 4:00,2021,6,24,4:00,19.4,,14.4,,73,,0,,16,,5,,,,100.67,,,,,,NA
-123.16,49.78,SQUAMISH AIRPORT,10476F0,6/24/2021 5:00,2021,6,24,5:00,17.7,,14.5,,82,,0,,26,,1,,,,100.76,,,,,,NA
-123.16,49.78,SQUAMISH AIRPORT,10476F0,6/24/2021 6:00,2021,6,24,6:00,16.4,,14.3,,87,,0,,0,,1,,,,100.8,,,,,,NA
-123.16,49.78,SQUAMISH AIRPORT,10476F0,6/24/2021 7:00,2021,6,24,7:00,15.7,,14.2,,91,,0,,,,0,,,,100.85,,,,,,NA
-123.16,49.78,SQUAMISH AIRPORT,10476F0,6/24/2021 8:00,2021,6,24,8:00,15.1,,13.7,,91,,0,,5,,2,,,,100.89,,,,,,NA
-123.16,49.78,SQUAMISH AIRPORT,10476F0,6/24/2021 9:00,2021,6,24,9:00,14.5,,13.5,,94,,0,,,,0,,,,100.94,,,,,,NA
-123.16,49.78,SQUAMISH AIRPORT,10476F0,6/24/2021 10:00,2021,6,24,10:00,13.9,,13,,95,,0,,0,,1,,,,101.01,,,,,,NA
-123.16,49.78,SQUAMISH AIRPORT,10476F0,6/24/2021 11:00,2021,6,24,11:00,13.5,,12.9,,96,,0,,1,,1,,,,101.02,,,,,,NA
-123.16,49.78,SQUAMISH AIRPORT,10476F0,6/24/2021 12:00,2021,6,24,12:00,13.3,,12.7,,96,,0,,35,,2,,,,101.07,,,,,,NA
-123.16,49.78,SQUAMISH AIRPORT,10476F0,6/24/2021 13:00,2021,6,24,13:00,13.3,,12.7,,96,,0,,35,,1,,,,101.09,,,,,,NA
-123.16,49.78,SQUAMISH AIRPORT,10476F0,6/24/2021 14:00,2021,6,24,14:00,15.3,,13.7,,90,,0,,,,0,,,,101.1,,,,,,NA
-123.16,49.78,SQUAMISH AIRPORT,10476F0,6/24/2021 15:00,2021,6,24,15:00,17.8,,14.5,,81,,0,,34,,5,,,,101.09,,,,,,NA
-123.16,49.78,SQUAMISH AIRPORT,10476F0,6/24/2021 16:00,2021,6,24,16:00,20.2,,14.7,,71,,0,,30,,4,,,,101.07,,,,,,NA
-123.16,49.78,SQUAMISH AIRPORT,10476F0,6/24/2021 17:00,2021,6,24,17:00,22.5,,14.4,,60,,0,,30,,3,,,,101.03,,26,,,,NA
-123.16,49.78,SQUAMISH AIRPORT,10476F0,6/24/2021 18:00,2021,6,24,18:00,22.9,,14.3,,58,,0,,16,,14,,,,101.03,,26,,,,NA
-123.16,49.78,SQUAMISH AIRPORT,10476F0,6/24/2021 19:00,2021,6,24,19:00,23.7,,14.4,,56,,0,,13,,11,,,,101.01,,27,,,,NA
-123.16,49.78,SQUAMISH AIRPORT,10476F0,6/24/2021 20:00,2021,6,24,20:00,25.4,,15.6,,55,,0,,15,,11,,,,100.99,,30,,,,NA
-123.16,49.78,SQUAMISH AIRPORT,10476F0,6/24/2021 21:00,2021,6,24,21:00,25.8,,15.2,,52,,0,,13,,11,,,,100.99,,30,,,,NA
-123.16,49.78,SQUAMISH AIRPORT,10476F0,6/24/2021 22:00,2021,6,24,22:00,26.7,,15.5,,50,,0,,16,,12,,,,100.94,,31,,,,NA
-123.16,49.78,SQUAMISH AIRPORT,10476F0,6/24/2021 23:00,2021,6,24,23:00,27.3,,15.4,,48,,0,,15,,10,,,,100.91,,32,,,,NA
-123.16,49.78,SQUAMISH AIRPORT,10476F0,6/25/2021 0:00,2021,6,25,0:00,26.8,,15.2,,49,,0,,17,,10,,,,100.9,,31,,,,NA
-123.16,49.78,SQUAMISH AIRPORT,10476F0,6/25/2021 1:00,2021,6,25,1:00,26.5,,16.3,,54,,0,,18,,6,,,,100.87,,31,,,,NA
-123.16,49.78,SQUAMISH AIRPORT,10476F0,6/25/2021 2:00,2021,6,25,2:00,25.9,,15.3,,52,,0,,17,,9,,,,100.88,,30,,,,NA
-123.16,49.78,SQUAMISH AIRPORT,10476F0,6/25/2021 3:00,2021,6,25,3:00,24.6,,15.6,,57,,0,,18,,6,,,,100.89,,29,,,,NA
-123.16,49.78,SQUAMISH AIRPORT,10476F0,6/25/2021 4:00,2021,6,25,4:00,22.1,,16.2,,69,,0,,,,0,,,,100.93,,27,,,,NA
-123.16,49.78,SQUAMISH AIRPORT,10476F0,6/25/2021 5:00,2021,6,25,5:00,20.5,,16.4,,77,,0,,4,,2,,,,100.99,,25,,,,NA
-123.16,49.78,SQUAMISH AIRPORT,10476F0,6/25/2021 6:00,2021,6,25,6:00,19.3,,16.9,,86,,0,,4,,3,,,,101.03,,,,,,NA
-123.16,49.78,SQUAMISH AIRPORT,10476F0,6/25/2021 7:00,2021,6,25,7:00,18.1,,16.3,,90,,0,,35,,3,,,,101.06,,,,,,NA
-123.16,49.78,SQUAMISH AIRPORT,10476F0,6/25/2021 8:00,2021,6,25,8:00,17.5,,15.5,,88,,0,,0,,1,,,,101.1,,,,,,NA
-123.16,49.78,SQUAMISH AIRPORT,10476F0,6/25/2021 9:00,2021,6,25,9:00,17.1,,15.5,,90,,0,,2,,3,,,,101.13,,,,,,NA
-123.16,49.78,SQUAMISH AIRPORT,10476F0,6/25/2021 10:00,2021,6,25,10:00,16.1,,14.8,,92,,0,,36,,2,,,,101.18,,,,,,NA
-123.16,49.78,SQUAMISH AIRPORT,10476F0,6/25/2021 11:00,2021,6,25,11:00,15.6,,14.3,,92,,0,,35,,2,,,,101.19,,,,,,NA
-123.16,49.78,SQUAMISH AIRPORT,10476F0,6/25/2021 12:00,2021,6,25,12:00,16.1,,14.3,,89,,0,,4,,4,,,,101.2,,,,,,NA
-123.16,49.78,SQUAMISH AIRPORT,10476F0,6/25/2021 13:00,2021,6,25,13:00,15.4,,14.1,,92,,0,,0,,1,,,,101.22,,,,,,NA
-123.16,49.78,SQUAMISH AIRPORT,10476F0,6/25/2021 14:00,2021,6,25,14:00,18.2,,14.9,,81,,0,,1,,2,,,,101.23,,,,,,NA
-123.16,49.78,SQUAMISH AIRPORT,10476F0,6/25/2021 15:00,2021,6,25,15:00,20.9,,13.3,,62,,0,,31,,4,,,,101.21,,,,,,NA
-123.16,49.78,SQUAMISH AIRPORT,10476F0,6/25/2021 16:00,2021,6,25,16:00,23.8,,13.6,,53,,0,,32,,5,,,,101.17,,27,,,,NA
-123.16,49.78,SQUAMISH AIRPORT,10476F0,6/25/2021 17:00,2021,6,25,17:00,26.2,,14.4,,48,,0,,35,,4,,,,101.14,,30,,,,NA
-123.16,49.78,SQUAMISH AIRPORT,10476F0,6/25/2021 18:00,2021,6,25,18:00,29.6,,14.1,,39,,0,,33,,2,,,,101.06,,33,,,,NA
-123.16,49.78,SQUAMISH AIRPORT,10476F0,6/25/2021 19:00,2021,6,25,19:00,30.9,,14.6,,37,,0,,17,,14,,,,101,,35,,,,NA
-123.16,49.78,SQUAMISH AIRPORT,10476F0,6/25/2021 20:00,2021,6,25,20:00,29.3,,14.2,,40,,0,,16,,17,,,,100.97,,33,,,,NA
-123.16,49.78,SQUAMISH AIRPORT,10476F0,6/25/2021 21:00,2021,6,25,21:00,30.9,,15.1,,38,,0,,15,,13,,,,100.92,,35,,,,NA
-123.16,49.78,SQUAMISH AIRPORT,10476F0,6/25/2021 22:00,2021,6,25,22:00,31,,15.3,,39,,0,,15,,11,,,,100.87,,35,,,,NA
-123.16,49.78,SQUAMISH AIRPORT,10476F0,6/25/2021 23:00,2021,6,25,23:00,31.5,,14.6,,36,,0,,15,,12,,,,100.84,,35,,,,NA
-123.16,49.78,SQUAMISH AIRPORT,10476F0,6/26/2021 0:00,2021,6,26,0:00,31.9,,14.5,,35,,0,,18,,15,,,,100.77,,36,,,,NA
-123.16,49.78,SQUAMISH AIRPORT,10476F0,6/26/2021 1:00,2021,6,26,1:00,30.8,,14.4,,37,,0,,20,,11,,,,100.74,,34,,,,NA
-123.16,49.78,SQUAMISH AIRPORT,10476F0,6/26/2021 2:00,2021,6,26,2:00,31.1,,15.6,,39,,0,,20,,4,,,,100.71,,35,,,,NA
-123.16,49.78,SQUAMISH AIRPORT,10476F0,6/26/2021 3:00,2021,6,26,3:00,29.3,,15.7,,44,,0,,17,,4,,,,100.7,,34,,,,NA
-123.16,49.78,SQUAMISH AIRPORT,10476F0,6/26/2021 4:00,2021,6,26,4:00,24.7,,17.4,,64,,0,,5,,2,,,,100.74,,30,,,,NA
-123.16,49.78,SQUAMISH AIRPORT,10476F0,6/26/2021 5:00,2021,6,26,5:00,22.5,,17,,71,,0,,5,,2,,,,100.8,,28,,,,NA
-123.16,49.78,SQUAMISH AIRPORT,10476F0,6/26/2021 6:00,2021,6,26,6:00,21,,16.5,,76,,0,,4,,2,,,,100.86,,26,,,,NA
-123.16,49.78,SQUAMISH AIRPORT,10476F0,6/26/2021 7:00,2021,6,26,7:00,19.9,,16.7,,82,,0,,34,,2,,,,100.9,,,,,,NA
-123.16,49.78,SQUAMISH AIRPORT,10476F0,6/26/2021 8:00,2021,6,26,8:00,19.7,,16,,79,,0,,4,,4,,,,100.92,,,,,,NA
-123.16,49.78,SQUAMISH AIRPORT,10476F0,6/26/2021 9:00,2021,6,26,9:00,18.9,,15.9,,83,,0,,4,,4,,,,100.94,,,,,,NA
-123.16,49.78,SQUAMISH AIRPORT,10476F0,6/26/2021 10:00,2021,6,26,10:00,18.3,,15.7,,85,,0,,3,,2,,,,100.99,,,,,,NA
-123.16,49.78,SQUAMISH AIRPORT,10476F0,6/26/2021 11:00,2021,6,26,11:00,17.8,,14.9,,83,,0,,2,,3,,,,101.02,,,,,,NA
-123.16,49.78,SQUAMISH AIRPORT,10476F0,6/26/2021 12:00,2021,6,26,12:00,17.3,,15,,86,,0,,2,,2,,,,101.06,,,,,,NA
-123.16,49.78,SQUAMISH AIRPORT,10476F0,6/26/2021 13:00,2021,6,26,13:00,17.2,,14.9,,86,,0,,3,,2,,,,101.12,,,,,,NA
-123.16,49.78,SQUAMISH AIRPORT,10476F0,6/26/2021 14:00,2021,6,26,14:00,19.8,,15.8,,78,,0,,4,,2,,,,101.13,,,,,,NA
-123.16,49.78,SQUAMISH AIRPORT,10476F0,6/26/2021 15:00,2021,6,26,15:00,22.9,,15.2,,62,,0,,35,,5,,,,101.13,,27,,,,NA
-123.16,49.78,SQUAMISH AIRPORT,10476F0,6/26/2021 16:00,2021,6,26,16:00,25.4,,14.9,,52,,0,,34,,9,,,,101.1,,29,,,,NA
-123.16,49.78,SQUAMISH AIRPORT,10476F0,6/26/2021 17:00,2021,6,26,17:00,28.4,,15.6,,46,,0,,34,,7,,,,101.04,,33,,,,NA
-123.16,49.78,SQUAMISH AIRPORT,10476F0,6/26/2021 18:00,2021,6,26,18:00,31.6,,15,,37,,0,,34,,5,,,,100.98,,36,,,,NA
-123.16,49.78,SQUAMISH AIRPORT,10476F0,6/26/2021 19:00,2021,6,26,19:00,34.7,,14.8,,30,,0,,36,,5,,,,100.93,,39,,,,NA
-123.16,49.78,SQUAMISH AIRPORT,10476F0,6/26/2021 20:00,2021,6,26,20:00,37.5,,14.1,,25,,0,,32,,3,,,,100.85,,41,,,,NA
-123.16,49.78,SQUAMISH AIRPORT,10476F0,6/26/2021 21:00,2021,6,26,21:00,34.6,,16.1,,33,,0,,17,,15,,,,100.84,,39,,,,NA
-123.16,49.78,SQUAMISH AIRPORT,10476F0,6/26/2021 22:00,2021,6,26,22:00,34.6,,15.9,,33,,0,,17,,15,,,,100.81,,39,,,,NA
-123.16,49.78,SQUAMISH AIRPORT,10476F0,6/26/2021 23:00,2021,6,26,23:00,34.7,,16.3,,34,,0,,19,,14,,,,100.76,,40,,,,NA
-123.16,49.78,SQUAMISH AIRPORT,10476F0,6/27/2021 0:00,2021,6,27,0:00,35,,16,,32,,0,,19,,13,,,,100.74,,40,,,,NA
-123.16,49.78,SQUAMISH AIRPORT,10476F0,6/27/2021 1:00,2021,6,27,1:00,35,,16.2,,33,,0,,20,,8,,,,100.69,,40,,,,NA
-123.16,49.78,SQUAMISH AIRPORT,10476F0,6/27/2021 2:00,2021,6,27,2:00,33.9,,16.8,,36,,0,,19,,6,,,,100.69,,39,,,,NA
-123.16,49.78,SQUAMISH AIRPORT,10476F0,6/27/2021 3:00,2021,6,27,3:00,31.7,,18.1,,44,,0,,20,,2,,,,100.71,,38,,,,NA
-123.16,49.78,SQUAMISH AIRPORT,10476F0,6/27/2021 4:00,2021,6,27,4:00,26.9,,19.1,,62,,0,,0,,1,,,,100.72,,34,,,,NA
-123.16,49.78,SQUAMISH AIRPORT,10476F0,6/27/2021 5:00,2021,6,27,5:00,24.3,,19.2,,73,,0,,36,,2,,,,100.78,,31,,,,NA
-123.16,49.78,SQUAMISH AIRPORT,10476F0,6/27/2021 6:00,2021,6,27,6:00,23.7,,17.9,,70,,0,,3,,3,,,,100.83,,30,,,,NA
-123.16,49.78,SQUAMISH AIRPORT,10476F0,6/27/2021 7:00,2021,6,27,7:00,22,,17.8,,77,,0,,4,,4,,,,100.83,,28,,,,NA
-123.16,49.78,SQUAMISH AIRPORT,10476F0,6/27/2021 8:00,2021,6,27,8:00,21.3,,17.3,,78,,0,,1,,3,,,,100.85,,27,,,,NA
-123.16,49.78,SQUAMISH AIRPORT,10476F0,6/27/2021 9:00,2021,6,27,9:00,21.6,,15.5,,68,,0,,1,,4,,,,100.85,,26,,,,NA
-123.16,49.78,SQUAMISH AIRPORT,10476F0,6/27/2021 10:00,2021,6,27,10:00,22.7,,14.2,,59,,0,,35,,6,,,,100.89,,26,,,,NA
-123.16,49.78,SQUAMISH AIRPORT,10476F0,6/27/2021 11:00,2021,6,27,11:00,21.3,,14.3,,65,,0,,35,,4,,,,100.9,,25,,,,NA
-123.16,49.78,SQUAMISH AIRPORT,10476F0,6/27/2021 12:00,2021,6,27,12:00,20.4,,14.7,,70,,0,,1,,4,,,,100.94,,,,,,NA
-123.16,49.78,SQUAMISH AIRPORT,10476F0,6/27/2021 13:00,2021,6,27,13:00,20,,14.5,,71,,0,,36,,3,,,,100.95,,,,,,NA
-123.16,49.78,SQUAMISH AIRPORT,10476F0,6/27/2021 14:00,2021,6,27,14:00,22.1,,15.5,,66,,0,,35,,5,,,,100.98,,26,,,,NA
-123.16,49.78,SQUAMISH AIRPORT,10476F0,6/27/2021 15:00,2021,6,27,15:00,24.3,,15.4,,58,,0,,33,,6,,,,100.95,,29,,,,NA
-123.16,49.78,SQUAMISH AIRPORT,10476F0,6/27/2021 16:00,2021,6,27,16:00,26.4,,14.5,,48,,0,,35,,8,,,,100.91,,30,,,,NA
-123.16,49.78,SQUAMISH AIRPORT,10476F0,6/27/2021 17:00,2021,6,27,17:00,29.6,,15.5,,42,,0,,34,,6,,,,100.84,,34,,,,NA
-123.16,49.78,SQUAMISH AIRPORT,10476F0,6/27/2021 18:00,2021,6,27,18:00,32.4,,15.7,,37,,0,,34,,5,,,,100.75,,37,,,,NA
-123.16,49.78,SQUAMISH AIRPORT,10476F0,6/27/2021 19:00,2021,6,27,19:00,35.3,,15.1,,30,,0,,34,,3,,,,100.67,,39,,,,NA
-123.16,49.78,SQUAMISH AIRPORT,10476F0,6/27/2021 20:00,2021,6,27,20:00,37.3,,14.7,,26,,0,,34,,3,,,,100.57,,41,,,,NA
-123.16,49.78,SQUAMISH AIRPORT,10476F0,6/27/2021 21:00,2021,6,27,21:00,39.7,,16.2,,25,,0,,30,,4,,,,100.46,,44,,,,NA
-123.16,49.78,SQUAMISH AIRPORT,10476F0,6/27/2021 22:00,2021,6,27,22:00,37.7,,15.4,,27,,0,,15,,14,,,,100.42,,42,,,,NA
-123.16,49.78,SQUAMISH AIRPORT,10476F0,6/27/2021 23:00,2021,6,27,23:00,38.3,,15.9,,27,,0,,17,,14,,,,100.38,,43,,,,NA
-123.16,49.78,SQUAMISH AIRPORT,10476F0,6/28/2021 0:00,2021,6,28,0:00,37.3,,16.7,,30,,0,,20,,9,,,,100.34,,42,,,,NA
-123.16,49.78,SQUAMISH AIRPORT,10476F0,6/28/2021 1:00,2021,6,28,1:00,37.5,,16.4,,29,,0,,17,,6,,,,100.29,,42,,,,NA
-123.16,49.78,SQUAMISH AIRPORT,10476F0,6/28/2021 2:00,2021,6,28,2:00,37.3,,19.1,,35,,0,,21,,5,,,,100.27,,44,,,,NA
-123.16,49.78,SQUAMISH AIRPORT,10476F0,6/28/2021 3:00,2021,6,28,3:00,32.9,,19.9,,46,,0,,3,,2,,,,100.23,,40,,,,NA
-123.16,49.78,SQUAMISH AIRPORT,10476F0,6/28/2021 4:00,2021,6,28,4:00,28.5,,21,,64,,0,,3,,3,,,,100.25,,37,,,,NA
-123.16,49.78,SQUAMISH AIRPORT,10476F0,6/28/2021 5:00,2021,6,28,5:00,26.3,,19.5,,66,,0,,5,,4,,,,100.32,,33,,,,NA
-123.16,49.78,SQUAMISH AIRPORT,10476F0,6/28/2021 6:00,2021,6,28,6:00,24.5,,19.2,,72,,0,,3,,4,,,,100.38,,31,,,,NA
-123.16,49.78,SQUAMISH AIRPORT,10476F0,6/28/2021 7:00,2021,6,28,7:00,24.1,,17.8,,68,,0,,3,,5,,,,100.42,,30,,,,NA
-123.16,49.78,SQUAMISH AIRPORT,10476F0,6/28/2021 8:00,2021,6,28,8:00,23.5,,17.3,,68,,0,,3,,4,,,,100.45,,29,,,,NA
-123.16,49.78,SQUAMISH AIRPORT,10476F0,6/28/2021 9:00,2021,6,28,9:00,23.7,,16.2,,63,,0,,1,,4,,,,100.47,,28,,,,NA
-123.16,49.78,SQUAMISH AIRPORT,10476F0,6/28/2021 10:00,2021,6,28,10:00,23.6,,15.4,,60,,0,,36,,6,,,,100.5,,28,,,,NA
-123.16,49.78,SQUAMISH AIRPORT,10476F0,6/28/2021 11:00,2021,6,28,11:00,21.9,,15.5,,67,,0,,3,,4,,,,100.51,,26,,,,NA
-123.16,49.78,SQUAMISH AIRPORT,10476F0,6/28/2021 12:00,2021,6,28,12:00,22.8,,14.2,,59,,0,,34,,7,,,,100.53,,26,,,,NA
-123.16,49.78,SQUAMISH AIRPORT,10476F0,6/28/2021 13:00,2021,6,28,13:00,21.8,,15.2,,66,,0,,36,,4,,,,100.55,,26,,,,NA
-123.16,49.78,SQUAMISH AIRPORT,10476F0,6/28/2021 14:00,2021,6,28,14:00,24.6,,13.8,,51,,0,,34,,9,,,,100.54,,28,,,,NA
-123.16,49.78,SQUAMISH AIRPORT,10476F0,6/28/2021 15:00,2021,6,28,15:00,25.5,,13.9,,49,,0,,33,,12,,,,100.51,,29,,,,NA
-123.16,49.78,SQUAMISH AIRPORT,10476F0,6/28/2021 16:00,2021,6,28,16:00,27.6,,15.1,,46,,0,,33,,8,,,,100.48,,32,,,,NA
-123.16,49.78,SQUAMISH AIRPORT,10476F0,6/28/2021 17:00,2021,6,28,17:00,30.2,,15.2,,40,,0,,34,,6,,,,100.4,,34,,,,NA
-123.16,49.78,SQUAMISH AIRPORT,10476F0,6/28/2021 18:00,2021,6,28,18:00,33.1,,15.4,,35,,0,,34,,5,,,,100.32,,37,,,,NA
-123.16,49.78,SQUAMISH AIRPORT,10476F0,6/28/2021 19:00,2021,6,28,19:00,35.7,,14.4,,28,,0,,33,,5,,,,100.25,,39,,,,NA
-123.16,49.78,SQUAMISH AIRPORT,10476F0,6/28/2021 20:00,2021,6,28,20:00,38.5,,16.7,,28,,0,,34,,6,,,,100.14,,44,,,,NA
-123.16,49.78,SQUAMISH AIRPORT,10476F0,6/28/2021 21:00,2021,6,28,21:00,40,,14.9,,23,,0,,32,,6,,,,100.06,,44,,,,NA
-123.16,49.78,SQUAMISH AIRPORT,10476F0,6/28/2021 22:00,2021,6,28,22:00,41.3,,16.2,,23,,0,,32,,5,,,,100,,46,,,,NA
-123.16,49.78,SQUAMISH AIRPORT,10476F0,6/28/2021 23:00,2021,6,28,23:00,42.6,,17.2,,23,,0,,31,,4,,,,99.94,,48,,,,NA
-123.16,49.78,SQUAMISH AIRPORT,10476F0,6/29/2021 0:00,2021,6,29,0:00,40.8,,16.8,,25,,0,,19,,10,,,,99.88,,46,,,,NA
-123.16,49.78,SQUAMISH AIRPORT,10476F0,6/29/2021 1:00,2021,6,29,1:00,40,,18.4,,29,,0,,19,,9,,,,99.84,,46,,,,NA
-123.16,49.78,SQUAMISH AIRPORT,10476F0,6/29/2021 2:00,2021,6,29,2:00,37.9,,22,,40,,0,,22,,3,,,,99.8,,47,,,,NA
-123.16,49.78,SQUAMISH AIRPORT,10476F0,6/29/2021 3:00,2021,6,29,3:00,34.5,,19.1,,41,,0,,33,,3,,,,99.82,,41,,,,NA
-123.16,49.78,SQUAMISH AIRPORT,10476F0,6/29/2021 4:00,2021,6,29,4:00,29.5,,19.8,,56,,0,,3,,3,,,,99.88,,37,,,,NA
-123.16,49.78,SQUAMISH AIRPORT,10476F0,6/29/2021 5:00,2021,6,29,5:00,27.8,,19.2,,59,,0,,2,,5,,,,99.97,,35,,,,NA
-123.16,49.78,SQUAMISH AIRPORT,10476F0,6/29/2021 6:00,2021,6,29,6:00,27.3,,17.5,,55,,0,,4,,8,,,,100.02,,33,,,,NA
-123.16,49.78,SQUAMISH AIRPORT,10476F0,6/29/2021 7:00,2021,6,29,7:00,25.6,,16.8,,58,,0,,2,,7,,,,100.06,,31,,,,NA
-123.16,49.78,SQUAMISH AIRPORT,10476F0,6/29/2021 8:00,2021,6,29,8:00,24.2,,16.7,,63,,0,,4,,5,,,,100.1,,29,,,,NA
-123.16,49.78,SQUAMISH AIRPORT,10476F0,6/29/2021 9:00,2021,6,29,9:00,25.7,,14.8,,51,,0,,35,,7,,,,100.13,,30,,,,NA
-123.16,49.78,SQUAMISH AIRPORT,10476F0,6/29/2021 10:00,2021,6,29,10:00,24.2,,14.9,,56,,0,,36,,5,,,,100.14,,28,,,,NA
-123.16,49.78,SQUAMISH AIRPORT,10476F0,6/29/2021 11:00,2021,6,29,11:00,23.1,,14.4,,58,,0,,35,,5,,,,100.15,,27,,,,NA
-123.16,49.78,SQUAMISH AIRPORT,10476F0,6/29/2021 12:00,2021,6,29,12:00,22.9,,14.1,,58,,0,,1,,5,,,,100.19,,26,,,,NA
-123.16,49.78,SQUAMISH AIRPORT,10476F0,6/29/2021 13:00,2021,6,29,13:00,22.3,,14.2,,60,,0,,36,,6,,,,100.22,,26,,,,NA
-123.16,49.78,SQUAMISH AIRPORT,10476F0,6/29/2021 14:00,2021,6,29,14:00,24.4,,13.8,,52,,0,,35,,6,,,,100.22,,28,,,,NA
-123.16,49.78,SQUAMISH AIRPORT,10476F0,6/29/2021 15:00,2021,6,29,15:00,25.5,,14.3,,50,,0,,34,,8,,,,100.2,,29,,,,NA
-123.16,49.78,SQUAMISH AIRPORT,10476F0,6/29/2021 16:00,2021,6,29,16:00,28.1,,15.2,,45,,0,,34,,8,,,,100.15,,32,,,,NA
-123.16,49.78,SQUAMISH AIRPORT,10476F0,6/29/2021 17:00,2021,6,29,17:00,31.4,,16.2,,40,,0,,31,,5,,,,100.08,,36,,,,NA
-123.16,49.78,SQUAMISH AIRPORT,10476F0,6/29/2021 18:00,2021,6,29,18:00,33.7,,15.9,,35,,0,,34,,6,,,,99.99,,38,,,,NA
-123.16,49.78,SQUAMISH AIRPORT,10476F0,6/29/2021 19:00,2021,6,29,19:00,36.3,,15.8,,30,,0,,35,,2,,,,99.92,,41,,,,NA
-123.16,49.78,SQUAMISH AIRPORT,10476F0,6/29/2021 20:00,2021,6,29,20:00,35,,16.6,,34,,0,,18,,16,,,,99.88,,40,,,,NA
-123.16,49.78,SQUAMISH AIRPORT,10476F0,6/29/2021 21:00,2021,6,29,21:00,33.3,,17,,38,,0,,16,,16,,,,99.83,,39,,,,NA
-123.16,49.78,SQUAMISH AIRPORT,10476F0,6/29/2021 22:00,2021,6,29,22:00,34.4,,17.6,,37,,0,,17,,16,,,,99.8,,40,,,,NA
-123.16,49.78,SQUAMISH AIRPORT,10476F0,6/29/2021 23:00,2021,6,29,23:00,34.2,,17.4,,37,,0,,18,,16,,,,99.73,,40,,,,NA
-123.16,49.78,SQUAMISH AIRPORT,10476F0,6/30/2021 0:00,2021,6,30,0:00,33.1,,17.9,,40,,0,,19,,15,,,,99.7,,39,,,,NA
-123.16,49.78,SQUAMISH AIRPORT,10476F0,6/30/2021 1:00,2021,6,30,1:00,31.1,,17.6,,44,,0,,18,,15,,,,99.69,,37,,,,NA
-123.16,49.78,SQUAMISH AIRPORT,10476F0,6/30/2021 2:00,2021,6,30,2:00,29.3,,17.5,,49,,0,,19,,10,,,,99.7,,35,,,,NA
-123.16,49.78,SQUAMISH AIRPORT,10476F0,6/30/2021 3:00,2021,6,30,3:00,27.3,,17.7,,56,,0,,17,,7,,,,99.72,,33,,,,NA
-123.16,49.78,SQUAMISH AIRPORT,10476F0,6/30/2021 4:00,2021,6,30,4:00,25.5,,18.5,,65,,0,,7,,2,,,,99.77,,32,,,,NA
-123.16,49.78,SQUAMISH AIRPORT,10476F0,6/30/2021 5:00,2021,6,30,5:00,23.5,,18.2,,72,,0,,,,0,,,,99.86,,30,,,,NA
-123.16,49.78,SQUAMISH AIRPORT,10476F0,6/30/2021 6:00,2021,6,30,6:00,22.3,,18.1,,77,,0,,5,,1,,,,99.91,,28,,,,NA
-123.16,49.78,SQUAMISH AIRPORT,10476F0,6/30/2021 7:00,2021,6,30,7:00,21.5,,17.9,,80,,0,,,,0,,,,99.97,,27,,,,NA
-123.16,49.78,SQUAMISH AIRPORT,10476F0,6/30/2021 8:00,2021,6,30,8:00,20.8,,17.8,,83,,0,,0,,1,,,,100.04,,27,,,,NA
-123.16,49.78,SQUAMISH AIRPORT,10476F0,6/30/2021 9:00,2021,6,30,9:00,20.5,,17.7,,84,,0,,3,,1,,,,100.07,,26,,,,NA
-123.16,49.78,SQUAMISH AIRPORT,10476F0,6/30/2021 10:00,2021,6,30,10:00,20,,17.5,,86,,0,,11,,4,,,,100.11,,26,,,,NA
-123.16,49.78,SQUAMISH AIRPORT,10476F0,6/30/2021 11:00,2021,6,30,11:00,19.5,,17.4,,88,,0,,6,,2,,,,100.17,,,,,,NA
-123.16,49.78,SQUAMISH AIRPORT,10476F0,6/30/2021 12:00,2021,6,30,12:00,19,,17.2,,89,,0,,5,,3,,,,100.21,,,,,,NA
-123.16,49.78,SQUAMISH AIRPORT,10476F0,6/30/2021 13:00,2021,6,30,13:00,18.4,,17,,91,,0,,6,,1,,,,100.24,,,,,,NA
-123.16,49.78,SQUAMISH AIRPORT,10476F0,6/30/2021 14:00,2021,6,30,14:00,20.6,,17.7,,83,,0,,,,0,,,,100.28,,26,,,,NA
-123.16,49.78,SQUAMISH AIRPORT,10476F0,6/30/2021 15:00,2021,6,30,15:00,23,,17.4,,71,,0,,18,,4,,,,100.26,,29,,,,NA
-123.16,49.78,SQUAMISH AIRPORT,10476F0,6/30/2021 16:00,2021,6,30,16:00,23.7,,16,,62,,0,,17,,9,,,,100.29,,28,,,,NA
-123.16,49.78,SQUAMISH AIRPORT,10476F0,6/30/2021 17:00,2021,6,30,17:00,24.4,,16.2,,60,,0,,16,,12,,,,100.27,,29,,,,NA
-123.16,49.78,SQUAMISH AIRPORT,10476F0,6/30/2021 18:00,2021,6,30,18:00,25.4,,16.8,,59,,0,,15,,11,,,,100.25,,31,,,,NA
-123.16,49.78,SQUAMISH AIRPORT,10476F0,6/30/2021 19:00,2021,6,30,19:00,26.1,,16.2,,54,,0,,16,,14,,,,100.24,,31,,,,NA
-123.16,49.78,SQUAMISH AIRPORT,10476F0,6/30/2021 20:00,2021,6,30,20:00,26.2,,15.9,,53,,0,,16,,16,,,,100.23,,31,,,,NA
-123.16,49.78,SQUAMISH AIRPORT,10476F0,6/30/2021 21:00,2021,6,30,21:00,26.7,,16,,52,,0,,16,,17,,,,100.21,,31,,,,NA
-123.16,49.78,SQUAMISH AIRPORT,10476F0,6/30/2021 22:00,2021,6,30,22:00,26.4,,15.9,,53,,0,,15,,14,,,,100.19,,31,,,,NA
-123.16,49.78,SQUAMISH AIRPORT,10476F0,6/30/2021 23:00,2021,6,30,23:00,26.2,,15.9,,53,,0,,15,,15,,,,100.22,,31,,,,NA
-123.16,49.78,SQUAMISH AIRPORT,10476F0,7/1/2021 0:00,2021,7,1,0:00,25.8,,15.8,,54,,0,,16,,15,,,,100.24,,30,,,,NA
-123.16,49.78,SQUAMISH AIRPORT,10476F0,7/1/2021 1:00,2021,7,1,1:00,24.8,,15.8,,57,,0,,15,,15,,,,100.24,,29,,,,NA
-123.16,49.78,SQUAMISH AIRPORT,10476F0,7/1/2021 2:00,2021,7,1,2:00,23.9,,15.6,,60,,0,,16,,14,,,,100.26,,28,,,,NA
-123.16,49.78,SQUAMISH AIRPORT,10476F0,7/1/2021 3:00,2021,7,1,3:00,22.7,,15.5,,64,,0,,15,,11,,,,100.3,,27,,,,NA
-123.16,49.78,SQUAMISH AIRPORT,10476F0,7/1/2021 4:00,2021,7,1,4:00,21.2,,15.4,,69,,0,,15,,9,,,,100.35,,25,,,,NA
-123.16,49.78,SQUAMISH AIRPORT,10476F0,7/1/2021 5:00,2021,7,1,5:00,20.6,,15.2,,71,,0,,16,,7,,,,100.45,,25,,,,NA
-123.16,49.78,SQUAMISH AIRPORT,10476F0,7/1/2021 6:00,2021,7,1,6:00,18.6,,15.3,,81,,0,,,,0,,,,100.49,,,,,,NA
-123.16,49.78,SQUAMISH AIRPORT,10476F0,7/1/2021 7:00,2021,7,1,7:00,17.9,,15.4,,86,,0,,0,,1,,,,100.56,,,,,,NA
-123.16,49.78,SQUAMISH AIRPORT,10476F0,7/1/2021 8:00,2021,7,1,8:00,17.7,,15.5,,87,,0,,5,,3,,,,100.59,,,,,,NA
-123.16,49.78,SQUAMISH AIRPORT,10476F0,7/1/2021 9:00,2021,7,1,9:00,17.1,,15.5,,90,,0,,3,,1,,,,100.62,,,,,,NA
-123.16,49.78,SQUAMISH AIRPORT,10476F0,7/1/2021 10:00,2021,7,1,10:00,17.8,,15.7,,87,,0,,0,,1,,,,100.65,,,,,,NA
-123.16,49.78,SQUAMISH AIRPORT,10476F0,7/1/2021 11:00,2021,7,1,11:00,18.2,,15.9,,86,,0,,22,,1,,,,100.64,,,,,,NA
-123.16,49.78,SQUAMISH AIRPORT,10476F0,7/1/2021 12:00,2021,7,1,12:00,18.4,,16.1,,87,,0,,,,0,,,,100.64,,,,,,NA
-123.16,49.78,SQUAMISH AIRPORT,10476F0,7/1/2021 13:00,2021,7,1,13:00,18.6,,16.4,,87,,0,,15,,1,,,,100.65,,,,,,NA
-123.16,49.78,SQUAMISH AIRPORT,10476F0,7/1/2021 14:00,2021,7,1,14:00,18.4,,16.1,,87,,0,,27,,2,,,,100.69,,,,,,NA
-123.16,49.78,SQUAMISH AIRPORT,10476F0,7/1/2021 15:00,2021,7,1,15:00,19.3,,15.9,,81,,0,,18,,3,,,,100.71,,,,,,NA
-123.16,49.78,SQUAMISH AIRPORT,10476F0,7/1/2021 16:00,2021,7,1,16:00,19.2,,15.3,,78,,0,,15,,10,,,,100.76,,,,,,NA
-123.16,49.78,SQUAMISH AIRPORT,10476F0,7/1/2021 17:00,2021,7,1,17:00,19.2,,15.7,,80,,0,,16,,8,,,,100.76,,,,,,NA
-123.16,49.78,SQUAMISH AIRPORT,10476F0,7/1/2021 18:00,2021,7,1,18:00,20.6,,15.9,,75,,0,,16,,9,,,,100.78,,25,,,,NA
-123.16,49.78,SQUAMISH AIRPORT,10476F0,7/1/2021 19:00,2021,7,1,19:00,20.4,,15.8,,75,,0,,16,,13,,,,100.83,,25,,,,NA
-123.16,49.78,SQUAMISH AIRPORT,10476F0,7/1/2021 20:00,2021,7,1,20:00,20.8,,15.3,,71,,0,,15,,12,,,,100.83,,25,,,,NA
-123.16,49.78,SQUAMISH AIRPORT,10476F0,7/1/2021 21:00,2021,7,1,21:00,22.4,,15.8,,66,,0,,15,,17,,,,100.81,,27,,,,NA
-123.16,49.78,SQUAMISH AIRPORT,10476F0,7/1/2021 22:00,2021,7,1,22:00,23.9,,15.9,,61,,0.1,,16,,16,,,,100.8,,28,,,,NA
-123.16,49.78,SQUAMISH AIRPORT,10476F0,7/1/2021 23:00,2021,7,1,23:00,23.5,,15.3,,60,,0,,15,,14,,,,100.74,,28,,,,NA
-123.16,49.78,SQUAMISH AIRPORT,10476F0,7/2/2021 0:00,2021,7,2,0:00,23.7,,15.3,,59,,0,,16,,15,,,,100.71,,28,,,,NA
-123.16,49.78,SQUAMISH AIRPORT,10476F0,7/2/2021 1:00,2021,7,2,1:00,23.6,,15.1,,59,,0,,14,,11,,,,100.66,,28,,,,NA
-123.16,49.78,SQUAMISH AIRPORT,10476F0,7/2/2021 2:00,2021,7,2,2:00,22.9,,15.4,,62,,0,,15,,12,,,,100.65,,27,,,,NA
-123.16,49.78,SQUAMISH AIRPORT,10476F0,7/2/2021 3:00,2021,7,2,3:00,21.9,,15.1,,65,,0,,16,,11,,,,100.67,,26,,,,NA
-123.16,49.78,SQUAMISH AIRPORT,10476F0,7/2/2021 4:00,2021,7,2,4:00,20.9,,14.9,,69,,0,,15,,10,,,,100.7,,25,,,,NA
-123.16,49.78,SQUAMISH AIRPORT,10476F0,7/2/2021 5:00,2021,7,2,5:00,19.8,,14.8,,73,,0,,14,,6,,,,100.75,,,,,,NA
-123.16,49.78,SQUAMISH AIRPORT,10476F0,7/2/2021 6:00,2021,7,2,6:00,18.6,,15.1,,80,,0,,0,,1,,,,100.77,,,,,,NA
-123.16,49.78,SQUAMISH AIRPORT,10476F0,7/2/2021 7:00,2021,7,2,7:00,17.9,,15.3,,84,,0,,33,,3,,,,100.78,,,,,,NA
-123.16,49.78,SQUAMISH AIRPORT,10476F0,7/2/2021 8:00,2021,7,2,8:00,18.4,,15.4,,83,,0,,,,0,,,,100.79,,,,,,NA
-123.16,49.78,SQUAMISH AIRPORT,10476F0,7/2/2021 9:00,2021,7,2,9:00,18.2,,15.7,,85,,0,,,,0,,,,100.8,,,,,,NA
-123.16,49.78,SQUAMISH AIRPORT,10476F0,7/2/2021 10:00,2021,7,2,10:00,18,,15.8,,87,,0,,,,0,,,,100.83,,,,,,NA
-123.16,49.78,SQUAMISH AIRPORT,10476F0,7/2/2021 11:00,2021,7,2,11:00,17.9,,15.8,,87,,0,,,,0,,,,100.85,,,,,,NA
-123.16,49.78,SQUAMISH AIRPORT,10476F0,7/2/2021 12:00,2021,7,2,12:00,17.9,,15.7,,87,,0,,0,,1,,,,100.86,,,,,,NA
-123.16,49.78,SQUAMISH AIRPORT,10476F0,7/2/2021 13:00,2021,7,2,13:00,17.8,,15.8,,88,,0,,,,0,,,,100.91,,,,,,NA
-123.16,49.78,SQUAMISH AIRPORT,10476F0,7/2/2021 14:00,2021,7,2,14:00,18.2,,16.2,,88,,0,,,,0,,,,100.93,,,,,,NA
-123.16,49.78,SQUAMISH AIRPORT,10476F0,7/2/2021 15:00,2021,7,2,15:00,18.9,,16.2,,84,,0,,18,,4,,,,100.93,,,,,,NA
-123.16,49.78,SQUAMISH AIRPORT,10476F0,7/2/2021 16:00,2021,7,2,16:00,19.5,,15.8,,79,,0,,16,,7,,,,100.92,,,,,,NA
-123.16,49.78,SQUAMISH AIRPORT,10476F0,7/2/2021 17:00,2021,7,2,17:00,20.4,,15.7,,74,,0,,17,,10,,,,100.94,,25,,,,NA
-123.16,49.78,SQUAMISH AIRPORT,10476F0,7/2/2021 18:00,2021,7,2,18:00,21.2,,15.5,,70,,0,,18,,11,,,,100.94,,25,,,,NA
-123.16,49.78,SQUAMISH AIRPORT,10476F0,7/2/2021 19:00,2021,7,2,19:00,23,,15.4,,62,,0,,17,,12,,,,100.93,,27,,,,NA
-123.16,49.78,SQUAMISH AIRPORT,10476F0,7/2/2021 20:00,2021,7,2,20:00,24,,15.2,,58,,0,,18,,13,,,,100.89,,28,,,,NA
-123.16,49.78,SQUAMISH AIRPORT,10476F0,7/2/2021 21:00,2021,7,2,21:00,23.9,,13.4,,52,,0,,15,,10,,,,100.86,,27,,,,NA
-123.16,49.78,SQUAMISH AIRPORT,10476F0,7/2/2021 22:00,2021,7,2,22:00,25.9,,14,,48,,0,,15,,10,,,,100.82,,29,,,,NA
-123.16,49.78,SQUAMISH AIRPORT,10476F0,7/2/2021 23:00,2021,7,2,23:00,26.2,,13.1,,44,,0,,16,,13,,,,100.76,,29,,,,NA
-123.16,49.78,SQUAMISH AIRPORT,10476F0,7/3/2021 0:00,2021,7,3,0:00,25.6,,13.4,,47,,0,,15,,13,,,,100.71,,29,,,,NA
-123.16,49.78,SQUAMISH AIRPORT,10476F0,7/3/2021 1:00,2021,7,3,1:00,25.9,,14.4,,49,,0,,17,,13,,,,100.68,,30,,,,NA
-123.16,49.78,SQUAMISH AIRPORT,10476F0,7/3/2021 2:00,2021,7,3,2:00,24.8,,14.2,,52,,0,,15,,10,,,,100.66,,28,,,,NA
-123.16,49.78,SQUAMISH AIRPORT,10476F0,7/3/2021 3:00,2021,7,3,3:00,23.8,,14.1,,55,,0,,16,,11,,,,100.67,,27,,,,NA
-123.16,49.78,SQUAMISH AIRPORT,10476F0,7/3/2021 4:00,2021,7,3,4:00,21.3,,14.3,,64,,0,,16,,8,,,,100.72,,25,,,,NA
-123.16,49.78,SQUAMISH AIRPORT,10476F0,7/3/2021 5:00,2021,7,3,5:00,20.3,,14.3,,69,,0,,14,,5,,,,100.79,,,,,,NA
-123.16,49.78,SQUAMISH AIRPORT,10476F0,7/3/2021 6:00,2021,7,3,6:00,18.5,,14.6,,78,,0,,16,,3,,,,100.8,,,,,,NA
-123.16,49.78,SQUAMISH AIRPORT,10476F0,7/3/2021 7:00,2021,7,3,7:00,16.6,,14.5,,87,,0,,,,0,,,,100.83,,,,,,NA
-123.16,49.78,SQUAMISH AIRPORT,10476F0,7/3/2021 8:00,2021,7,3,8:00,16.3,,14.6,,90,,0,,9,,1,,,,100.86,,,,,,NA
-123.16,49.78,SQUAMISH AIRPORT,10476F0,7/3/2021 9:00,2021,7,3,9:00,15.6,,14.2,,91,,0,,0,,1,,,,100.86,,,,,,NA
-123.16,49.78,SQUAMISH AIRPORT,10476F0,7/3/2021 10:00,2021,7,3,10:00,15.6,,14.4,,92,,0,,33,,2,,,,100.86,,,,,,NA
-123.16,49.78,SQUAMISH AIRPORT,10476F0,7/3/2021 11:00,2021,7,3,11:00,16.3,,14.7,,90,,0,,,,0,,,,100.84,,,,,,NA
-123.16,49.78,SQUAMISH AIRPORT,10476F0,7/3/2021 12:00,2021,7,3,12:00,15.9,,14.5,,92,,0,,0,,1,,,,100.84,,,,,,NA
-123.16,49.78,SQUAMISH AIRPORT,10476F0,7/3/2021 13:00,2021,7,3,13:00,16.2,,14.5,,90,,0,,15,,1,,,,100.88,,,,,,NA
-123.16,49.78,SQUAMISH AIRPORT,10476F0,7/3/2021 14:00,2021,7,3,14:00,16.9,,15,,89,,0,,0,,1,,,,100.88,,,,,,NA
-123.16,49.78,SQUAMISH AIRPORT,10476F0,7/3/2021 15:00,2021,7,3,15:00,17.9,,15,,83,,0,,31,,3,,,,100.84,,,,,,NA
-123.16,49.78,SQUAMISH AIRPORT,10476F0,7/3/2021 16:00,2021,7,3,16:00,20.1,,14.8,,72,,0,,31,,3,,,,100.82,,,,,,NA
-123.16,49.78,SQUAMISH AIRPORT,10476F0,7/3/2021 17:00,2021,7,3,17:00,22.5,,15.8,,66,,0,,18,,12,,,,100.8,,27,,,,NA
-123.16,49.78,SQUAMISH AIRPORT,10476F0,7/3/2021 18:00,2021,7,3,18:00,23.8,,14.6,,56,,0,,17,,13,,,,100.79,,28,,,,NA
-123.16,49.78,SQUAMISH AIRPORT,10476F0,7/3/2021 19:00,2021,7,3,19:00,24.5,,15.4,,57,,0,,16,,12,,,,100.77,,29,,,,NA
-123.16,49.78,SQUAMISH AIRPORT,10476F0,7/3/2021 20:00,2021,7,3,20:00,25,,14.7,,53,,0,,14,,13,,,,100.7,,29,,,,NA
-123.16,49.78,SQUAMISH AIRPORT,10476F0,7/3/2021 21:00,2021,7,3,21:00,26.6,,15.3,,50,,0,,13,,12,,,,100.65,,31,,,,NA
-123.16,49.78,SQUAMISH AIRPORT,10476F0,7/3/2021 22:00,2021,7,3,22:00,26.9,,14,,45,,0,,16,,17,,,,100.61,,30,,,,NA
-123.16,49.78,SQUAMISH AIRPORT,10476F0,7/3/2021 23:00,2021,7,3,23:00,27.7,,14.3,,44,,0,,14,,13,,,,100.55,,31,,,,NA
-123.16,49.78,SQUAMISH AIRPORT,10476F0,7/4/2021 0:00,2021,7,4,0:00,27.5,,13.8,,43,,0,,15,,12,,,,100.51,,31,,,,NA
-123.16,49.78,SQUAMISH AIRPORT,10476F0,7/4/2021 1:00,2021,7,4,1:00,26.5,,12.9,,43,,0,,15,,13,,,,100.5,,29,,,,NA
-123.16,49.78,SQUAMISH AIRPORT,10476F0,7/4/2021 2:00,2021,7,4,2:00,25.5,,12.5,,44,,0,,15,,10,,,,100.49,,28,,,,NA
-123.16,49.78,SQUAMISH AIRPORT,10476F0,7/4/2021 3:00,2021,7,4,3:00,23.7,,12.6,,50,,0,,16,,12,,,,100.51,,26,,,,NA
-123.16,49.78,SQUAMISH AIRPORT,10476F0,7/4/2021 4:00,2021,7,4,4:00,21.9,,12.6,,56,,0,,16,,9,,,,100.57,,,,,,NA
-123.16,49.78,SQUAMISH AIRPORT,10476F0,7/4/2021 5:00,2021,7,4,5:00,19,,13.2,,69,,0,,16,,2,,,,100.63,,,,,,NA
-123.16,49.78,SQUAMISH AIRPORT,10476F0,7/4/2021 6:00,2021,7,4,6:00,17.8,,13.3,,75,,0,,8,,1,,,,100.65,,,,,,NA
-123.16,49.78,SQUAMISH AIRPORT,10476F0,7/4/2021 7:00,2021,7,4,7:00,17,,13.7,,81,,0,,0,,1,,,,100.68,,,,,,NA
-123.16,49.78,SQUAMISH AIRPORT,10476F0,7/4/2021 8:00,2021,7,4,8:00,16.1,,13.6,,85,,0,,0,,1,,,,100.69,,,,,,NA
-123.16,49.78,SQUAMISH AIRPORT,10476F0,7/4/2021 9:00,2021,7,4,9:00,15.3,,13.2,,87,,0,,,,0,,,,100.71,,,,,,NA
-123.16,49.78,SQUAMISH AIRPORT,10476F0,7/4/2021 10:00,2021,7,4,10:00,15.1,,13.4,,89,,0,,5,,2,,,,100.72,,,,,,NA
-123.16,49.78,SQUAMISH AIRPORT,10476F0,7/4/2021 11:00,2021,7,4,11:00,14.1,,12.7,,91,,0,,5,,1,,,,100.74,,,,,,NA
-123.16,49.78,SQUAMISH AIRPORT,10476F0,7/4/2021 12:00,2021,7,4,12:00,13.4,,12.4,,93,,0,,,,0,,,,100.75,,,,,,NA
-123.16,49.78,SQUAMISH AIRPORT,10476F0,7/4/2021 13:00,2021,7,4,13:00,13.5,,12.6,,94,,0,,36,,1,,,,100.78,,,,,,NA
-123.16,49.78,SQUAMISH AIRPORT,10476F0,7/4/2021 14:00,2021,7,4,14:00,15.7,,13.6,,87,,0,,33,,1,,,,100.8,,,,,,NA
-123.16,49.78,SQUAMISH AIRPORT,10476F0,7/4/2021 15:00,2021,7,4,15:00,18.5,,13.8,,74,,0,,28,,1,,,,100.81,,,,,,NA
-123.16,49.78,SQUAMISH AIRPORT,10476F0,7/4/2021 16:00,2021,7,4,16:00,21.1,,14.1,,65,,0,,21,,3,,,,100.79,,25,,,,NA
-123.16,49.78,SQUAMISH AIRPORT,10476F0,7/4/2021 17:00,2021,7,4,17:00,23,,14.6,,59,,0,,17,,9,,,,100.76,,27,,,,NA
-123.16,49.78,SQUAMISH AIRPORT,10476F0,7/4/2021 18:00,2021,7,4,18:00,23.7,,14.3,,56,,0,,17,,15,,,,100.76,,27,,,,NA
-123.16,49.78,SQUAMISH AIRPORT,10476F0,7/4/2021 19:00,2021,7,4,19:00,25.2,,14.7,,52,,0,,18,,17,,,,100.73,,29,,,,NA
-123.16,49.78,SQUAMISH AIRPORT,10476F0,7/4/2021 20:00,2021,7,4,20:00,26.5,,14.8,,49,,0,,16,,11,,,,100.69,,30,,,,NA
-123.16,49.78,SQUAMISH AIRPORT,10476F0,7/4/2021 21:00,2021,7,4,21:00,26.6,,13.7,,45,,0,,15,,13,,,,100.65,,30,,,,NA
-123.16,49.78,SQUAMISH AIRPORT,10476F0,7/4/2021 22:00,2021,7,4,22:00,27.3,,13.2,,42,,0,,14,,13,,,,100.63,,30,,,,NA
-123.16,49.78,SQUAMISH AIRPORT,10476F0,7/4/2021 23:00,2021,7,4,23:00,27.8,,13.2,,41,,0,,15,,14,,,,100.59,,31,,,,NA
-123.16,49.78,SQUAMISH AIRPORT,10476F0,7/5/2021 0:00,2021,7,5,0:00,27.1,,12.3,,40,,0,,15,,13,,,,100.58,,30,,,,NA
-123.16,49.78,SQUAMISH AIRPORT,10476F0,7/5/2021 1:00,2021,7,5,1:00,26.9,,12.4,,41,,0,,16,,13,,,,100.59,,29,,,,NA
-123.16,49.78,SQUAMISH AIRPORT,10476F0,7/5/2021 2:00,2021,7,5,2:00,25.5,,12.1,,43,,0,,16,,10,,,,100.62,,28,,,,NA
-123.16,49.78,SQUAMISH AIRPORT,10476F0,7/5/2021 3:00,2021,7,5,3:00,24.1,,12.2,,47,,0,,18,,7,,,,100.67,,26,,,,NA
-123.16,49.78,SQUAMISH AIRPORT,10476F0,7/5/2021 4:00,2021,7,5,4:00,22,,12.2,,54,,0,,17,,8,,,,100.7,,,,,,NA
-123.16,49.78,SQUAMISH AIRPORT,10476F0,7/5/2021 5:00,2021,7,5,5:00,19.2,,13,,67,,0,,3,,2,,,,100.77,,,,,,NA
-123.16,49.78,SQUAMISH AIRPORT,10476F0,7/5/2021 6:00,2021,7,5,6:00,18.2,,13,,72,,0,,5,,2,,,,100.78,,,,,,NA
-123.16,49.78,SQUAMISH AIRPORT,10476F0,7/5/2021 7:00,2021,7,5,7:00,17.1,,12.8,,76,,0,,4,,2,,,,100.8,,,,,,NA
-123.16,49.78,SQUAMISH AIRPORT,10476F0,7/5/2021 8:00,2021,7,5,8:00,15.9,,13,,83,,0,,,,0,,,,100.82,,,,,,NA
-123.16,49.78,SQUAMISH AIRPORT,10476F0,7/5/2021 9:00,2021,7,5,9:00,16.1,,13.1,,83,,0,,,,0,,,,100.82,,,,,,NA
-123.16,49.78,SQUAMISH AIRPORT,10476F0,7/5/2021 10:00,2021,7,5,10:00,16,,12.7,,81,,0,,,,0,,,,100.83,,,,,,NA
-123.16,49.78,SQUAMISH AIRPORT,10476F0,7/5/2021 11:00,2021,7,5,11:00,15.2,,12.8,,85,,0,,32,,1,,,,100.85,,,,,,NA
-123.16,49.78,SQUAMISH AIRPORT,10476F0,7/5/2021 12:00,2021,7,5,12:00,15.2,,13.4,,89,,0,,2,,3,,,,100.88,,,,,,NA
-123.16,49.78,SQUAMISH AIRPORT,10476F0,7/5/2021 13:00,2021,7,5,13:00,15.3,,13.3,,88,,0,,2,,2,,,,100.92,,,,,,NA
-123.16,49.78,SQUAMISH AIRPORT,10476F0,7/5/2021 14:00,2021,7,5,14:00,16.3,,13.7,,84,,0,,2,,1,,,,100.98,,,,,,NA
-123.16,49.78,SQUAMISH AIRPORT,10476F0,7/5/2021 15:00,2021,7,5,15:00,19.5,,14.1,,71,,0,,21,,2,,,,100.99,,,,,,NA
-123.16,49.78,SQUAMISH AIRPORT,10476F0,7/5/2021 16:00,2021,7,5,16:00,21.9,,13.2,,58,,0,,20,,2,,,,100.96,,25,,,,NA
-123.16,49.78,SQUAMISH AIRPORT,10476F0,7/5/2021 17:00,2021,7,5,17:00,22,,13.5,,59,,0,,17,,15,,,,100.94,,25,,,,NA
-123.16,49.78,SQUAMISH AIRPORT,10476F0,7/5/2021 18:00,2021,7,5,18:00,23.2,,14.3,,57,,0,,13,,10,,,,100.93,,27,,,,NA
-123.16,49.78,SQUAMISH AIRPORT,10476F0,7/5/2021 19:00,2021,7,5,19:00,24,,14.3,,55,,0,,14,,13,,,,100.93,,28,,,,NA
-123.16,49.78,SQUAMISH AIRPORT,10476F0,7/5/2021 20:00,2021,7,5,20:00,24.9,,14.6,,53,,0,,14,,13,,,,100.91,,29,,,,NA
-123.16,49.78,SQUAMISH AIRPORT,10476F0,7/5/2021 21:00,2021,7,5,21:00,25.7,,14.1,,49,,0,,15,,13,,,,100.89,,29,,,,NA
-123.16,49.78,SQUAMISH AIRPORT,10476F0,7/5/2021 22:00,2021,7,5,22:00,26.7,,14.9,,48,,0.1,,16,,13,,,,100.88,,31,,,,NA
-123.16,49.78,SQUAMISH AIRPORT,10476F0,7/5/2021 23:00,2021,7,5,23:00,26.4,,13.9,,46,,0,,14,,12,,,,100.88,,30,,,,NA
-123.16,49.78,SQUAMISH AIRPORT,10476F0,7/6/2021 0:00,2021,7,6,0:00,26.2,,14,,47,,0,,16,,12,,,,100.85,,30,,,,NA
-123.16,49.78,SQUAMISH AIRPORT,10476F0,7/6/2021 1:00,2021,7,6,1:00,26,,14.3,,48,,0,,16,,14,,,,100.84,,30,,,,NA
-123.16,49.78,SQUAMISH AIRPORT,10476F0,7/6/2021 2:00,2021,7,6,2:00,24.6,,14.3,,53,,0,,17,,13,,,,100.86,,28,,,,NA
-123.16,49.78,SQUAMISH AIRPORT,10476F0,7/6/2021 3:00,2021,7,6,3:00,22.8,,14.7,,60,,0,,16,,11,,,,100.9,,27,,,,NA
-123.16,49.78,SQUAMISH AIRPORT,10476F0,7/6/2021 4:00,2021,7,6,4:00,21,,14.9,,68,,0,,18,,10,,,,100.94,,25,,,,NA
-123.16,49.78,SQUAMISH AIRPORT,10476F0,7/6/2021 5:00,2021,7,6,5:00,18.8,,15,,79,,0,,,,0,,,,101,,,,,,NA
-123.16,49.78,SQUAMISH AIRPORT,10476F0,7/6/2021 6:00,2021,7,6,6:00,17.2,,14.8,,86,,0,,0,,1,,,,101.02,,,,,,NA
-123.16,49.78,SQUAMISH AIRPORT,10476F0,7/6/2021 7:00,2021,7,6,7:00,16.7,,14.7,,87,,0,,7,,2,,,,101.06,,,,,,NA
-123.16,49.78,SQUAMISH AIRPORT,10476F0,7/6/2021 8:00,2021,7,6,8:00,16.2,,14.3,,89,,0,,4,,1,,,,101.07,,,,,,NA
-123.16,49.78,SQUAMISH AIRPORT,10476F0,7/6/2021 9:00,2021,7,6,9:00,15.4,,14.3,,93,,0,,0,,1,,,,101.07,,,,,,NA
-123.16,49.78,SQUAMISH AIRPORT,10476F0,7/6/2021 10:00,2021,7,6,10:00,14.7,,13.6,,93,,0,,,,0,,,,101.09,,,,,,NA
-123.16,49.78,SQUAMISH AIRPORT,10476F0,7/6/2021 11:00,2021,7,6,11:00,14.8,,13.8,,94,,0,,3,,3,,,,101.08,,,,,,NA
-123.16,49.78,SQUAMISH AIRPORT,10476F0,7/6/2021 12:00,2021,7,6,12:00,14.4,,13.3,,93,,0,,0,,1,,,,101.1,,,,,,NA
-123.16,49.78,SQUAMISH AIRPORT,10476F0,7/6/2021 13:00,2021,7,6,13:00,14.1,,13,,93,,0,,4,,1,,,,101.12,,,,,,NA
-123.16,49.78,SQUAMISH AIRPORT,10476F0,7/6/2021 14:00,2021,7,6,14:00,15.8,,14.1,,90,,0,,,,0,,,,101.13,,,,,,NA
-123.16,49.78,SQUAMISH AIRPORT,10476F0,7/6/2021 15:00,2021,7,6,15:00,18.2,,14.5,,79,,0,,34,,4,,,,101.1,,,,,,NA
-123.16,49.78,SQUAMISH AIRPORT,10476F0,7/6/2021 16:00,2021,7,6,16:00,20.8,,15,,70,,0,,35,,2,,,,101.06,,25,,,,NA
-123.16,49.78,SQUAMISH AIRPORT,10476F0,7/6/2021 17:00,2021,7,6,17:00,22.2,,14.7,,63,,0,,16,,12,,,,101.04,,26,,,,NA
-123.16,49.78,SQUAMISH AIRPORT,10476F0,7/6/2021 18:00,2021,7,6,18:00,23.6,,14.7,,57,,0,,16,,10,,,,100.94,,27,,,,NA
-123.16,49.78,SQUAMISH AIRPORT,10476F0,7/6/2021 19:00,2021,7,6,19:00,24.4,,14.9,,56,,0,,15,,15,,,,100.88,,28,,,,NA
-123.16,49.78,SQUAMISH AIRPORT,10476F0,7/6/2021 20:00,2021,7,6,20:00,25.7,,15.9,,54,,0,,15,,14,,,,100.82,,30,,,,NA
-123.16,49.78,SQUAMISH AIRPORT,10476F0,7/6/2021 21:00,2021,7,6,21:00,26.5,,15.8,,52,,0,,16,,15,,,,100.78,,31,,,,NA
-123.16,49.78,SQUAMISH AIRPORT,10476F0,7/6/2021 22:00,2021,7,6,22:00,27.9,,16.2,,49,,0,,16,,10,,,,100.7,,33,,,,NA
-123.16,49.78,SQUAMISH AIRPORT,10476F0,7/6/2021 23:00,2021,7,6,23:00,28,,14.9,,45,,0,,15,,11,,,,100.65,,32,,,,NA
-123.16,49.78,SQUAMISH AIRPORT,10476F0,7/7/2021 0:00,2021,7,7,0:00,27.4,,15.2,,47,,0,,18,,14,,,,100.57,,31,,,,NA
-123.16,49.78,SQUAMISH AIRPORT,10476F0,7/7/2021 1:00,2021,7,7,1:00,27.7,,15.2,,47,,0,,17,,12,,,,100.53,,32,,,,NA
-123.16,49.78,SQUAMISH AIRPORT,10476F0,7/7/2021 2:00,2021,7,7,2:00,26,,14.8,,50,,0,,17,,12,,,,100.51,,30,,,,NA
-123.16,49.78,SQUAMISH AIRPORT,10476F0,7/7/2021 3:00,2021,7,7,3:00,24.5,,15,,56,,0,,18,,10,,,,100.48,,28,,,,NA
-123.16,49.78,SQUAMISH AIRPORT,10476F0,7/7/2021 4:00,2021,7,7,4:00,21.8,,15.7,,69,,0,,,,0,,,,100.48,,26,,,,NA
-123.16,49.78,SQUAMISH AIRPORT,10476F0,7/7/2021 5:00,2021,7,7,5:00,20.5,,15.6,,73,,0,,15,,4,,,,100.53,,25,,,,NA
-123.16,49.78,SQUAMISH AIRPORT,10476F0,7/7/2021 6:00,2021,7,7,6:00,19,,15.8,,82,,0,,9,,1,,,,100.53,,,,,,NA
-123.16,49.78,SQUAMISH AIRPORT,10476F0,7/7/2021 7:00,2021,7,7,7:00,17.9,,15.9,,88,,0,,6,,1,,,,100.52,,,,,,NA
-123.16,49.78,SQUAMISH AIRPORT,10476F0,7/7/2021 8:00,2021,7,7,8:00,17.2,,15.3,,89,,0,,,,0,,,,100.56,,,,,,NA
-123.16,49.78,SQUAMISH AIRPORT,10476F0,7/7/2021 9:00,2021,7,7,9:00,17,,15.5,,91,,0,,0,,1,,,,100.56,,,,,,NA
-123.16,49.78,SQUAMISH AIRPORT,10476F0,7/7/2021 10:00,2021,7,7,10:00,15.8,,14.8,,93,,0,,34,,1,,,,100.58,,,,,,NA
-123.16,49.78,SQUAMISH AIRPORT,10476F0,7/7/2021 11:00,2021,7,7,11:00,16.2,,14.9,,92,,0,,3,,2,,,,100.58,,,,,,NA
-123.16,49.78,SQUAMISH AIRPORT,10476F0,7/7/2021 12:00,2021,7,7,12:00,14.9,,14.1,,95,,0,,34,,2,,,,100.58,,,,,,NA
-123.16,49.78,SQUAMISH AIRPORT,10476F0,7/7/2021 13:00,2021,7,7,13:00,14.8,,14,,95,,0,,,,0,,,,100.6,,,,,,NA
-123.16,49.78,SQUAMISH AIRPORT,10476F0,7/7/2021 14:00,2021,7,7,14:00,16,,14.8,,93,,0,,,,0,,,,100.65,,,,,,NA
-123.16,49.78,SQUAMISH AIRPORT,10476F0,7/7/2021 15:00,2021,7,7,15:00,18.8,,15.4,,81,,0,,17,,2,,,,100.65,,,,,,NA
-123.16,49.78,SQUAMISH AIRPORT,10476F0,7/7/2021 16:00,2021,7,7,16:00,20.9,,16,,74,,0,,21,,3,,,,100.63,,26,,,,NA
-123.16,49.78,SQUAMISH AIRPORT,10476F0,7/7/2021 17:00,2021,7,7,17:00,20.9,,16.2,,75,,0,,16,,11,,,,100.63,,26,,,,NA
-123.16,49.78,SQUAMISH AIRPORT,10476F0,7/7/2021 18:00,2021,7,7,18:00,20.6,,15.5,,73,,0,,14,,10,,,,100.66,,25,,,,NA
-123.16,49.78,SQUAMISH AIRPORT,10476F0,7/7/2021 19:00,2021,7,7,19:00,21.8,,15.2,,66,,0,,14,,11,,,,100.68,,26,,,,NA
-123.16,49.78,SQUAMISH AIRPORT,10476F0,7/7/2021 20:00,2021,7,7,20:00,22.9,,14.5,,59,,0,,15,,12,,,,100.66,,27,,,,NA
-123.16,49.78,SQUAMISH AIRPORT,10476F0,7/7/2021 21:00,2021,7,7,21:00,21.8,,14.2,,62,,0,,13,,14,,,,100.65,,25,,,,NA
-123.16,49.78,SQUAMISH AIRPORT,10476F0,7/7/2021 22:00,2021,7,7,22:00,21.6,,14.1,,62,,0,,15,,17,,,,100.68,,25,,,,NA
-123.16,49.78,SQUAMISH AIRPORT,10476F0,7/7/2021 23:00,2021,7,7,23:00,21.9,,14,,61,,0,,15,,15,,,,100.69,,25,,,,NA
-123.16,49.78,SQUAMISH AIRPORT,10476F0,7/8/2021 0:00,2021,7,8,0:00,22.1,,14.3,,61,,0,,16,,21,,,,100.68,,26,,,,NA
-123.16,49.78,SQUAMISH AIRPORT,10476F0,7/8/2021 1:00,2021,7,8,1:00,21.4,,14.1,,63,,0,,15,,13,,,,100.68,,25,,,,NA
-123.16,49.78,SQUAMISH AIRPORT,10476F0,7/8/2021 2:00,2021,7,8,2:00,20.9,,14,,65,,0,,16,,15,,,,100.68,,,,,,NA
-123.16,49.78,SQUAMISH AIRPORT,10476F0,7/8/2021 3:00,2021,7,8,3:00,19.9,,13.7,,68,,0,,13,,11,,,,100.71,,,,,,NA
-123.16,49.78,SQUAMISH AIRPORT,10476F0,7/8/2021 4:00,2021,7,8,4:00,18.9,,13.5,,71,,0,,10,,7,,,,100.75,,,,,,NA
-123.16,49.78,SQUAMISH AIRPORT,10476F0,7/8/2021 5:00,2021,7,8,5:00,18.2,,13.5,,74,,0,,12,,6,,,,100.81,,,,,,NA
-123.16,49.78,SQUAMISH AIRPORT,10476F0,7/8/2021 6:00,2021,7,8,6:00,16.5,,13.5,,82,,0,,0,,1,,,,100.84,,,,,,NA
-123.16,49.78,SQUAMISH AIRPORT,10476F0,7/8/2021 7:00,2021,7,8,7:00,16.1,,13.9,,87,,0,,,,0,,,,100.86,,,,,,NA
-123.16,49.78,SQUAMISH AIRPORT,10476F0,7/8/2021 8:00,2021,7,8,8:00,16.3,,13.9,,86,,0,,,,0,,,,100.89,,,,,,NA
-123.16,49.78,SQUAMISH AIRPORT,10476F0,7/8/2021 9:00,2021,7,8,9:00,16.3,,14.2,,87,,0,,31,,1,,,,100.89,,,,,,NA
-123.16,49.78,SQUAMISH AIRPORT,10476F0,7/8/2021 10:00,2021,7,8,10:00,16.7,,13.9,,84,,0,,,,0,,,,100.9,,,,,,NA
-123.16,49.78,SQUAMISH AIRPORT,10476F0,7/8/2021 11:00,2021,7,8,11:00,16.6,,14.2,,86,,0,,0,,1,,,,100.91,,,,,,NA
-123.16,49.78,SQUAMISH AIRPORT,10476F0,7/8/2021 12:00,2021,7,8,12:00,16.6,,14.2,,85,,0,,0,,1,,,,100.9,,,,,,NA
-123.16,49.78,SQUAMISH AIRPORT,10476F0,7/8/2021 13:00,2021,7,8,13:00,16.8,,14.1,,84,,0,,13,,1,,,,100.91,,,,,,NA
-123.16,49.78,SQUAMISH AIRPORT,10476F0,7/8/2021 14:00,2021,7,8,14:00,16.8,,14.8,,88,,0,,,,0,,,,100.91,,,,,,NA
-123.16,49.78,SQUAMISH AIRPORT,10476F0,7/8/2021 15:00,2021,7,8,15:00,17.1,,14.2,,83,,0,,19,,2,,,,100.92,,,,,,NA
-123.16,49.78,SQUAMISH AIRPORT,10476F0,7/8/2021 16:00,2021,7,8,16:00,17.6,,13.5,,77,,0,,17,,5,,,,100.94,,,,,,NA
-123.16,49.78,SQUAMISH AIRPORT,10476F0,7/8/2021 17:00,2021,7,8,17:00,18.2,,13.6,,74,,0,,15,,8,,,,100.95,,,,,,NA
-123.16,49.78,SQUAMISH AIRPORT,10476F0,7/8/2021 18:00,2021,7,8,18:00,18.7,,13,,69,,0,,14,,6,,,,100.96,,,,,,NA
-123.16,49.78,SQUAMISH AIRPORT,10476F0,7/8/2021 19:00,2021,7,8,19:00,19.3,,13.3,,68,,0,,17,,8,,,,100.96,,,,,,NA
-123.16,49.78,SQUAMISH AIRPORT,10476F0,7/8/2021 20:00,2021,7,8,20:00,20.3,,13.2,,64,,0,,15,,9,,,,100.96,,,,,,NA
-123.16,49.78,SQUAMISH AIRPORT,10476F0,7/8/2021 21:00,2021,7,8,21:00,18.8,,14.5,,76,,0,,15,,8,,,,100.96,,,,,,NA
-123.16,49.78,SQUAMISH AIRPORT,10476F0,7/8/2021 22:00,2021,7,8,22:00,19.8,,14.6,,72,,0,,17,,9,,,,100.93,,,,,,NA
-123.16,49.78,SQUAMISH AIRPORT,10476F0,7/8/2021 23:00,2021,7,8,23:00,19.8,,14.3,,70,,0,,17,,9,,,,100.89,,,,,,NA
-123.16,49.78,SQUAMISH AIRPORT,10476F0,7/9/2021 0:00,2021,7,9,0:00,20.2,,14.5,,70,,0,,19,,8,,,,100.9,,,,,,NA
-123.16,49.78,SQUAMISH AIRPORT,10476F0,7/9/2021 1:00,2021,7,9,1:00,20.6,,14.2,,67,,0,,20,,8,,,,100.87,,,,,,NA
-123.16,49.78,SQUAMISH AIRPORT,10476F0,7/9/2021 2:00,2021,7,9,2:00,20.6,,14.1,,66,,0,,13,,4,,,,100.86,,,,,,NA
-123.16,49.78,SQUAMISH AIRPORT,10476F0,7/9/2021 3:00,2021,7,9,3:00,20,,14.2,,70,,0,,19,,5,,,,100.86,,,,,,NA
-123.16,49.78,SQUAMISH AIRPORT,10476F0,7/9/2021 4:00,2021,7,9,4:00,19.3,,14.2,,72,,0,,19,,4,,,,100.95,,,,,,NA
-123.16,49.78,SQUAMISH AIRPORT,10476F0,7/9/2021 5:00,2021,7,9,5:00,17.3,,14.3,,82,,0,,,,0,,,,101.01,,,,,,NA
-123.16,49.78,SQUAMISH AIRPORT,10476F0,7/9/2021 6:00,2021,7,9,6:00,16.3,,14.6,,89,,0,,0,,1,,,,101.07,,,,,,NA
-123.16,49.78,SQUAMISH AIRPORT,10476F0,7/9/2021 7:00,2021,7,9,7:00,16.5,,14.5,,88,,0,,,,0,,,,101.11,,,,,,NA
-123.16,49.78,SQUAMISH AIRPORT,10476F0,7/9/2021 8:00,2021,7,9,8:00,16.8,,14.8,,88,,0,,,,0,,,,101.1,,,,,,NA
-123.16,49.78,SQUAMISH AIRPORT,10476F0,7/9/2021 9:00,2021,7,9,9:00,16.8,,14.9,,89,,0,,35,,1,,,,101.13,,,,,,NA
-123.16,49.78,SQUAMISH AIRPORT,10476F0,7/9/2021 10:00,2021,7,9,10:00,16.5,,14.8,,90,,0,,30,,2,,,,101.18,,,,,,NA
-123.16,49.78,SQUAMISH AIRPORT,10476F0,7/9/2021 11:00,2021,7,9,11:00,16.5,,14.6,,88,,0,,36,,2,,,,101.18,,,,,,NA
-123.16,49.78,SQUAMISH AIRPORT,10476F0,7/9/2021 12:00,2021,7,9,12:00,16.5,,14.7,,90,,0,,0,,1,,,,101.23,,,,,,NA
-123.16,49.78,SQUAMISH AIRPORT,10476F0,7/9/2021 13:00,2021,7,9,13:00,16.5,,14.8,,90,,0,,,,0,,,,101.28,,,,,,NA
-123.16,49.78,SQUAMISH AIRPORT,10476F0,7/9/2021 14:00,2021,7,9,14:00,17,,15.3,,90,,0,,2,,2,,,,101.32,,,,,,NA
-123.16,49.78,SQUAMISH AIRPORT,10476F0,7/9/2021 15:00,2021,7,9,15:00,17.9,,15.6,,86,,0,,30,,3,,,,101.34,,,,,,NA
-123.16,49.78,SQUAMISH AIRPORT,10476F0,7/9/2021 16:00,2021,7,9,16:00,18.9,,15.3,,80,,0,,29,,2,,,,101.37,,,,,,NA
-123.16,49.78,SQUAMISH AIRPORT,10476F0,7/9/2021 17:00,2021,7,9,17:00,20.4,,15.3,,72,,0,,18,,7,,,,101.37,,25,,,,NA
-123.16,49.78,SQUAMISH AIRPORT,10476F0,7/9/2021 18:00,2021,7,9,18:00,22.9,,14.8,,60,,0,,18,,7,,,,101.32,,27,,,,NA
