Date (PST),Parameter ,Value (m3/s)
3/14/2021 0:00,47,34.2
3/14/2021 0:05,47,34.1
3/14/2021 0:10,47,34.1
3/14/2021 0:15,47,34.2
3/14/2021 0:20,47,34.1
3/14/2021 0:25,47,34.2
3/14/2021 0:30,47,34.2
3/14/2021 0:35,47,34.2
3/14/2021 0:40,47,34.2
3/14/2021 0:45,47,34.2
3/14/2021 0:50,47,34.1
3/14/2021 0:55,47,34
3/14/2021 1:00,47,34.3
3/14/2021 1:05,47,34.1
3/14/2021 1:10,47,34.1
3/14/2021 1:15,47,34
3/14/2021 1:20,47,34.1
3/14/2021 1:25,47,34.1
3/14/2021 1:30,47,34.1
3/14/2021 1:35,47,34
3/14/2021 1:40,47,34
3/14/2021 1:45,47,33.9
3/14/2021 1:50,47,34.1
3/14/2021 1:55,47,34.1
3/14/2021 2:00,47,34.1
3/14/2021 2:05,47,34
3/14/2021 2:10,47,34
3/14/2021 2:15,47,34.1
3/14/2021 2:20,47,34
3/14/2021 2:25,47,34.1
3/14/2021 2:30,47,34
3/14/2021 2:35,47,34.1
3/14/2021 2:40,47,34
3/14/2021 2:45,47,34.1
3/14/2021 2:50,47,34
3/14/2021 2:55,47,34
3/14/2021 3:00,47,34
3/14/2021 3:05,47,34
3/14/2021 3:10,47,34.1
3/14/2021 3:15,47,34
3/14/2021 3:20,47,34.1
3/14/2021 3:25,47,34
3/14/2021 3:30,47,34.1
3/14/2021 3:35,47,34
3/14/2021 3:40,47,34.1
3/14/2021 3:45,47,34.1
3/14/2021 3:50,47,34.1
3/14/2021 3:55,47,34.1
3/14/2021 4:00,47,34.1
3/14/2021 4:05,47,34.1
3/14/2021 4:10,47,34
3/14/2021 4:15,47,34.1
3/14/2021 4:20,47,34.2
3/14/2021 4:25,47,34
3/14/2021 4:30,47,34.1
3/14/2021 4:35,47,34.1
3/14/2021 4:40,47,34.2
3/14/2021 4:45,47,34.1
3/14/2021 4:50,47,34.1
3/14/2021 4:55,47,34.1
3/14/2021 5:00,47,34.1
3/14/2021 5:05,47,34.2
3/14/2021 5:10,47,34.1
3/14/2021 5:15,47,34
3/14/2021 5:20,47,34.2
3/14/2021 5:25,47,34.1
3/14/2021 5:30,47,34.2
3/14/2021 5:35,47,34.2
3/14/2021 5:40,47,34.1
3/14/2021 5:45,47,34.1
3/14/2021 5:50,47,34.1
3/14/2021 5:55,47,34.1
3/14/2021 6:00,47,34.2
3/14/2021 6:05,47,34.1
3/14/2021 6:10,47,34.1
3/14/2021 6:15,47,34.1
3/14/2021 6:20,47,34.1
3/14/2021 6:25,47,34.2
3/14/2021 6:30,47,34.2
3/14/2021 6:35,47,34.2
3/14/2021 6:40,47,34.2
3/14/2021 6:45,47,34.2
3/14/2021 6:50,47,34.3
3/14/2021 6:55,47,34
3/14/2021 7:00,47,34.1
3/14/2021 7:05,47,34.3
3/14/2021 7:10,47,34.3
3/14/2021 7:15,47,34.2
3/14/2021 7:20,47,34.2
3/14/2021 7:25,47,34.3
3/14/2021 7:30,47,34.4
3/14/2021 7:35,47,34.1
3/14/2021 7:40,47,34.2
3/14/2021 7:45,47,34.2
3/14/2021 7:50,47,34.1
3/14/2021 7:55,47,34.2
3/14/2021 8:00,47,34.4
3/14/2021 8:05,47,34.2
3/14/2021 8:10,47,34.3
3/14/2021 8:15,47,34.3
3/14/2021 8:20,47,34.4
3/14/2021 8:25,47,34.3
3/14/2021 8:30,47,34.4
3/14/2021 8:35,47,34.4
3/14/2021 8:40,47,34.6
3/14/2021 8:45,47,34.5
3/14/2021 8:50,47,34.4
3/14/2021 8:55,47,34.5
3/14/2021 9:00,47,34.5
3/14/2021 9:05,47,34.5
3/14/2021 9:10,47,34.5
3/14/2021 9:15,47,34.5
3/14/2021 9:20,47,34.5
3/14/2021 9:25,47,34.6
3/14/2021 9:30,47,34.6
3/14/2021 9:35,47,34.6
3/14/2021 9:40,47,34.7
3/14/2021 9:45,47,34.6
3/14/2021 9:50,47,34.7
3/14/2021 9:55,47,34.7
3/14/2021 10:00,47,34.8
3/14/2021 10:05,47,34.8
3/14/2021 10:10,47,34.8
3/14/2021 10:15,47,34.9
3/14/2021 10:20,47,34.9
3/14/2021 10:25,47,34.9
3/14/2021 10:30,47,34.9
3/14/2021 10:35,47,34.9
3/14/2021 10:40,47,35.1
3/14/2021 10:45,47,35.1
3/14/2021 10:50,47,35.1
3/14/2021 10:55,47,35.1
3/14/2021 11:00,47,35.1
3/14/2021 11:05,47,35.2
3/14/2021 11:10,47,35.2
3/14/2021 11:15,47,35.2
3/14/2021 11:20,47,35.2
3/14/2021 11:25,47,35.3
3/14/2021 11:30,47,35.4
3/14/2021 11:35,47,35.4
3/14/2021 11:40,47,35.4
3/14/2021 11:45,47,35.4
3/14/2021 11:50,47,35.4
3/14/2021 11:55,47,35.5
3/14/2021 12:00,47,35.5
3/14/2021 12:05,47,35.5
3/14/2021 12:10,47,35.6
3/14/2021 12:15,47,35.7
3/14/2021 12:20,47,35.7
3/14/2021 12:25,47,35.7
3/14/2021 12:30,47,35.8
3/14/2021 12:35,47,35.9
3/14/2021 12:40,47,36
3/14/2021 12:45,47,36
3/14/2021 12:50,47,36
3/14/2021 12:55,47,36.1
3/14/2021 13:00,47,36.2
3/14/2021 13:05,47,36.2
3/14/2021 13:10,47,36.4
3/14/2021 13:15,47,36.4
3/14/2021 13:20,47,36.4
3/14/2021 13:25,47,36.5
3/14/2021 13:30,47,36.6
3/14/2021 13:35,47,36.6
3/14/2021 13:40,47,36.6
3/14/2021 13:45,47,36.6
3/14/2021 13:50,47,36.7
3/14/2021 13:55,47,36.7
3/14/2021 14:00,47,36.8
3/14/2021 14:05,47,36.9
3/14/2021 14:10,47,37
3/14/2021 14:15,47,37.1
3/14/2021 14:20,47,37.1
3/14/2021 14:25,47,37.2
3/14/2021 14:30,47,37.2
3/14/2021 14:35,47,37.3
3/14/2021 14:40,47,37.2
3/14/2021 14:45,47,37.4
3/14/2021 14:50,47,37.3
3/14/2021 14:55,47,37.4
3/14/2021 15:00,47,37.5
3/14/2021 15:05,47,37.7
3/14/2021 15:10,47,37.6
3/14/2021 15:15,47,37.6
3/14/2021 15:20,47,37.8
3/14/2021 15:25,47,37.8
3/14/2021 15:30,47,37.9
3/14/2021 15:35,47,37.9
3/14/2021 15:40,47,38
3/14/2021 15:45,47,38
3/14/2021 15:50,47,38
3/14/2021 15:55,47,38
3/14/2021 16:00,47,38.1
3/14/2021 16:05,47,38
3/14/2021 16:10,47,38.3
3/14/2021 16:15,47,38.1
3/14/2021 16:20,47,38.3
3/14/2021 16:25,47,38.4
3/14/2021 16:30,47,38.3
3/14/2021 16:35,47,38.4
3/14/2021 16:40,47,38.5
3/14/2021 16:45,47,38.6
3/14/2021 16:50,47,38.6
3/14/2021 16:55,47,38.7
3/14/2021 17:00,47,38.7
3/14/2021 17:05,47,38.8
3/14/2021 17:10,47,39
3/14/2021 17:15,47,38.9
3/14/2021 17:20,47,38.9
3/14/2021 17:25,47,39
3/14/2021 17:30,47,39.2
3/14/2021 17:35,47,39.1
3/14/2021 17:40,47,39.4
3/14/2021 17:45,47,39.3
3/14/2021 17:50,47,39.4
3/14/2021 17:55,47,39.5
3/14/2021 18:00,47,39.5
3/14/2021 18:05,47,39.6
3/14/2021 18:10,47,39.4
3/14/2021 18:15,47,39.8
3/14/2021 18:20,47,39.7
3/14/2021 18:25,47,39.9
3/14/2021 18:30,47,39.9
3/14/2021 18:35,47,40
3/14/2021 18:40,47,40
3/14/2021 18:45,47,40.2
3/14/2021 18:50,47,40.2
3/14/2021 18:55,47,40.2
3/14/2021 19:00,47,40.3
3/14/2021 19:05,47,40.5
3/14/2021 19:10,47,40.6
3/14/2021 19:15,47,40.6
3/14/2021 19:20,47,40.7
3/14/2021 19:25,47,40.8
3/14/2021 19:30,47,40.8
3/14/2021 19:35,47,40.9
3/14/2021 19:40,47,41.2
3/14/2021 19:45,47,41.1
3/14/2021 19:50,47,41.2
3/14/2021 19:55,47,41.2
3/14/2021 20:00,47,41.3
3/14/2021 20:05,47,41.3
3/14/2021 20:10,47,41.5
3/14/2021 20:15,47,41.7
3/14/2021 20:20,47,41.9
3/14/2021 20:25,47,41.8
3/14/2021 20:30,47,41.9
3/14/2021 20:35,47,42.1
3/14/2021 20:40,47,42.1
3/14/2021 20:45,47,42.2
3/14/2021 20:50,47,42.2
3/14/2021 20:55,47,42.3
3/14/2021 21:00,47,42.4
3/14/2021 21:05,47,42.5
3/14/2021 21:10,47,42.5
3/14/2021 21:15,47,42.8
3/14/2021 21:20,47,42.6
3/14/2021 21:25,47,42.8
3/14/2021 21:30,47,42.8
3/14/2021 21:35,47,42.9
3/14/2021 21:40,47,42.9
3/14/2021 21:45,47,43.1
3/14/2021 21:50,47,43.1
3/14/2021 21:55,47,43.3
3/14/2021 22:00,47,43.3
3/14/2021 22:05,47,43.3
3/14/2021 22:10,47,43.5
3/14/2021 22:15,47,43.5
3/14/2021 22:20,47,43.6
3/14/2021 22:25,47,43.6
3/14/2021 22:30,47,43.6
3/14/2021 22:35,47,43.9
3/14/2021 22:40,47,43.7
3/14/2021 22:45,47,44
3/14/2021 22:50,47,44
3/14/2021 22:55,47,44
3/14/2021 23:00,47,44.2
3/14/2021 23:05,47,44.1
3/14/2021 23:10,47,44.2
3/14/2021 23:15,47,44.2
3/14/2021 23:20,47,44.3
3/14/2021 23:25,47,44.5
3/14/2021 23:30,47,44.5
3/14/2021 23:35,47,44.5
3/14/2021 23:40,47,44.6
3/14/2021 23:45,47,44.6
3/14/2021 23:50,47,44.8
3/14/2021 23:55,47,44.7
3/15/2021 0:00,47,44.9
3/15/2021 0:05,47,45
3/15/2021 0:10,47,45.1
3/15/2021 0:15,47,45
3/15/2021 0:20,47,45
3/15/2021 0:25,47,45.2
3/15/2021 0:30,47,45.1
3/15/2021 0:35,47,45.2
3/15/2021 0:40,47,45.4
3/15/2021 0:45,47,45.4
3/15/2021 0:50,47,45.5
3/15/2021 0:55,47,45.6
3/15/2021 1:00,47,45.6
3/15/2021 1:05,47,45.7
3/15/2021 1:10,47,45.8
3/15/2021 1:15,47,45.8
3/15/2021 1:20,47,45.8
3/15/2021 1:25,47,45.8
3/15/2021 1:30,47,45.9
3/15/2021 1:35,47,46
3/15/2021 1:40,47,46
3/15/2021 1:45,47,46
3/15/2021 1:50,47,46.1
3/15/2021 1:55,47,46.1
3/15/2021 2:00,47,46.3
3/15/2021 2:05,47,46.2
3/15/2021 2:10,47,46.4
3/15/2021 2:15,47,46.4
3/15/2021 2:20,47,46.5
3/15/2021 2:25,47,46.5
3/15/2021 2:30,47,46.6
3/15/2021 2:35,47,46.6
3/15/2021 2:40,47,46.7
3/15/2021 2:45,47,46.6
3/15/2021 2:50,47,46.7
3/15/2021 2:55,47,46.7
3/15/2021 3:00,47,46.8
3/15/2021 3:05,47,46.9
3/15/2021 3:10,47,46.9
3/15/2021 3:15,47,46.9
3/15/2021 3:20,47,47
3/15/2021 3:25,47,47
3/15/2021 3:30,47,46.9
3/15/2021 3:35,47,47.1
3/15/2021 3:40,47,47.1
3/15/2021 3:45,47,47.1
3/15/2021 3:50,47,47.1
3/15/2021 3:55,47,47.1
3/15/2021 4:00,47,47.1
3/15/2021 4:05,47,47.1
3/15/2021 4:10,47,47.2
3/15/2021 4:15,47,47.2
3/15/2021 4:20,47,47.2
3/15/2021 4:25,47,47.2
3/15/2021 4:30,47,47.2
3/15/2021 4:35,47,47.3
3/15/2021 4:40,47,47.4
3/15/2021 4:45,47,47.3
3/15/2021 4:50,47,47.4
3/15/2021 4:55,47,47.5
3/15/2021 5:00,47,47.5
3/15/2021 5:05,47,47.4
3/15/2021 5:10,47,47.5
3/15/2021 5:15,47,47.6
3/15/2021 5:20,47,47.6
3/15/2021 5:25,47,47.6
3/15/2021 5:30,47,47.6
3/15/2021 5:35,47,47.6
3/15/2021 5:40,47,47.7
3/15/2021 5:45,47,47.7
3/15/2021 5:50,47,47.7
3/15/2021 5:55,47,47.8
3/15/2021 6:00,47,47.8
3/15/2021 6:05,47,47.9
3/15/2021 6:10,47,47.7
3/15/2021 6:15,47,47.9
3/15/2021 6:20,47,47.9
3/15/2021 6:25,47,48
3/15/2021 6:30,47,47.9
3/15/2021 6:35,47,47.9
3/15/2021 6:40,47,48.1
3/15/2021 6:45,47,48
3/15/2021 6:50,47,48.1
3/15/2021 6:55,47,48.2
3/15/2021 7:00,47,48.1
3/15/2021 7:05,47,48.1
3/15/2021 7:10,47,48.2
3/15/2021 7:15,47,48.2
3/15/2021 7:20,47,48.4
3/15/2021 7:25,47,48.5
3/15/2021 7:30,47,48.6
3/15/2021 7:35,47,48.7
3/15/2021 7:40,47,49
3/15/2021 7:45,47,49.3
3/15/2021 7:50,47,49.6
3/15/2021 7:55,47,50
3/15/2021 8:00,47,50.4
3/15/2021 8:05,47,50.9
3/15/2021 8:10,47,51.6
3/15/2021 8:15,47,52.2
3/15/2021 8:20,47,53
3/15/2021 8:25,47,53.7
3/15/2021 8:30,47,54.5
3/15/2021 8:35,47,55.4
3/15/2021 8:40,47,56.3
3/15/2021 8:45,47,57.3
3/15/2021 8:50,47,58.2
3/15/2021 8:55,47,59
3/15/2021 9:00,47,59.9
3/15/2021 9:05,47,60.8
3/15/2021 9:10,47,61.6
3/15/2021 9:15,47,62.4
3/15/2021 9:20,47,63.2
3/15/2021 9:25,47,63.9
3/15/2021 9:30,47,64.7
3/15/2021 9:35,47,65.4
3/15/2021 9:40,47,66
3/15/2021 9:45,47,66.7
3/15/2021 9:50,47,67.4
3/15/2021 9:55,47,67.9
3/15/2021 10:00,47,68.4
3/15/2021 10:05,47,68.9
3/15/2021 10:10,47,69.3
3/15/2021 10:15,47,69.8
3/15/2021 10:20,47,70.1
3/15/2021 10:25,47,70.6
3/15/2021 10:30,47,70.9
3/15/2021 10:35,47,71.2
3/15/2021 10:40,47,71.4
3/15/2021 10:45,47,71.6
3/15/2021 10:50,47,72
3/15/2021 10:55,47,72.1
3/15/2021 11:00,47,72.3
3/15/2021 11:05,47,72.6
3/15/2021 11:10,47,72.7
3/15/2021 11:15,47,72.9
3/15/2021 11:20,47,73.2
3/15/2021 11:25,47,73.4
3/15/2021 11:30,47,73.6
3/15/2021 11:35,47,73.8
3/15/2021 11:40,47,73.9
3/15/2021 11:45,47,74.1
3/15/2021 11:50,47,74.1
3/15/2021 11:55,47,74.2
3/15/2021 12:00,47,74.2
3/15/2021 12:05,47,74.4
3/15/2021 12:10,47,74.5
3/15/2021 12:15,47,74.6
3/15/2021 12:20,47,74.7
3/15/2021 12:25,47,74.7
3/15/2021 12:30,47,74.8
3/15/2021 12:35,47,74.8
3/15/2021 12:40,47,74.7
3/15/2021 12:45,47,74.8
3/15/2021 12:50,47,75
3/15/2021 12:55,47,75
3/15/2021 13:00,47,75.1
3/15/2021 13:05,47,75.1
3/15/2021 13:10,47,75.1
3/15/2021 13:15,47,75.1
3/15/2021 13:20,47,75.1
3/15/2021 13:25,47,75.2
3/15/2021 13:30,47,75.1
3/15/2021 13:35,47,75.2
3/15/2021 13:40,47,75.1
3/15/2021 13:45,47,74.9
3/15/2021 13:50,47,74.9
3/15/2021 13:55,47,74.8
3/15/2021 14:00,47,74.5
3/15/2021 14:05,47,74.2
3/15/2021 14:10,47,73.9
3/15/2021 14:15,47,73.5
3/15/2021 14:20,47,73.2
3/15/2021 14:25,47,72.7
3/15/2021 14:30,47,72.3
3/15/2021 14:35,47,71.8
3/15/2021 14:40,47,71.2
3/15/2021 14:45,47,70.6
3/15/2021 14:50,47,70
3/15/2021 14:55,47,69.3
3/15/2021 15:00,47,68.7
3/15/2021 15:05,47,68
3/15/2021 15:10,47,67.4
3/15/2021 15:15,47,66.6
3/15/2021 15:20,47,65.9
3/15/2021 15:25,47,65.2
3/15/2021 15:30,47,64.5
3/15/2021 15:35,47,63.9
3/15/2021 15:40,47,63
3/15/2021 15:45,47,62.3
3/15/2021 15:50,47,61.7
3/15/2021 15:55,47,61
3/15/2021 16:00,47,60.4
3/15/2021 16:05,47,59.7
3/15/2021 16:10,47,59.1
3/15/2021 16:15,47,58.6
3/15/2021 16:20,47,58
3/15/2021 16:25,47,57.4
3/15/2021 16:30,47,56.9
3/15/2021 16:35,47,56.4
3/15/2021 16:40,47,55.9
3/15/2021 16:45,47,55.5
3/15/2021 16:50,47,54.9
3/15/2021 16:55,47,54.6
3/15/2021 17:00,47,54.3
3/15/2021 17:05,47,53.9
3/15/2021 17:10,47,53.5
3/15/2021 17:15,47,53.3
3/15/2021 17:20,47,52.9
3/15/2021 17:25,47,52.7
3/15/2021 17:30,47,52.5
3/15/2021 17:35,47,52.2
3/15/2021 17:40,47,51.9
3/15/2021 17:45,47,51.8
3/15/2021 17:50,47,51.5
3/15/2021 17:55,47,51.3
3/15/2021 18:00,47,51.1
3/15/2021 18:05,47,50.9
3/15/2021 18:10,47,50.7
3/15/2021 18:15,47,50.5
3/15/2021 18:20,47,50.5
3/15/2021 18:25,47,50.3
3/15/2021 18:30,47,50.2
3/15/2021 18:35,47,50.1
3/15/2021 18:40,47,50
3/15/2021 18:45,47,49.8
3/15/2021 18:50,47,49.7
3/15/2021 18:55,47,49.6
3/15/2021 19:00,47,49.5
3/15/2021 19:05,47,49.4
3/15/2021 19:10,47,49.2
3/15/2021 19:15,47,49.2
3/15/2021 19:20,47,49
3/15/2021 19:25,47,48.9
3/15/2021 19:30,47,48.9
3/15/2021 19:35,47,48.8
3/15/2021 19:40,47,48.8
3/15/2021 19:45,47,48.7
3/15/2021 19:50,47,48.7
3/15/2021 19:55,47,48.5
3/15/2021 20:00,47,48.5
3/15/2021 20:05,47,48.3
3/15/2021 20:10,47,48.4
3/15/2021 20:15,47,48.2
3/15/2021 20:20,47,48.2
3/15/2021 20:25,47,48.2
3/15/2021 20:30,47,48.1
3/15/2021 20:35,47,47.9
3/15/2021 20:40,47,47.9
3/15/2021 20:45,47,47.9
3/15/2021 20:50,47,48
3/15/2021 20:55,47,47.8
3/15/2021 21:00,47,47.8
3/15/2021 21:05,47,47.7
3/15/2021 21:10,47,47.7
3/15/2021 21:15,47,47.6
3/15/2021 21:20,47,47.6
3/15/2021 21:25,47,47.6
3/15/2021 21:30,47,47.6
3/15/2021 21:35,47,47.6
3/15/2021 21:40,47,47.6
3/15/2021 21:45,47,47.4
3/15/2021 21:50,47,47.4
3/15/2021 21:55,47,47.4
3/15/2021 22:00,47,47.3
3/15/2021 22:05,47,47.3
3/15/2021 22:10,47,47.3
3/15/2021 22:15,47,47.3
3/15/2021 22:20,47,47.2
3/15/2021 22:25,47,47.2
3/15/2021 22:30,47,47.2
3/15/2021 22:35,47,47.1
3/15/2021 22:40,47,47.1
3/15/2021 22:45,47,47.1
3/15/2021 22:50,47,47.1
3/15/2021 22:55,47,47.1
3/15/2021 23:00,47,47
3/15/2021 23:05,47,47
3/15/2021 23:10,47,47
3/15/2021 23:15,47,47
3/15/2021 23:20,47,46.9
3/15/2021 23:25,47,46.9
3/15/2021 23:30,47,46.9
3/15/2021 23:35,47,46.8
3/15/2021 23:40,47,46.8
3/15/2021 23:45,47,46.8
3/15/2021 23:50,47,46.8
3/15/2021 23:55,47,46.7
3/16/2021 0:00,47,46.7
3/16/2021 0:05,47,46.7
3/16/2021 0:10,47,46.6
3/16/2021 0:15,47,46.5
3/16/2021 0:20,47,46.5
3/16/2021 0:25,47,46.5
3/16/2021 0:30,47,46.4
3/16/2021 0:35,47,46.4
3/16/2021 0:40,47,46.5
3/16/2021 0:45,47,46.4
3/16/2021 0:50,47,46.4
3/16/2021 0:55,47,46.2
3/16/2021 1:00,47,46.3
3/16/2021 1:05,47,46.2
3/16/2021 1:10,47,46.2
3/16/2021 1:15,47,46.2
3/16/2021 1:20,47,46.2
3/16/2021 1:25,47,46.1
3/16/2021 1:30,47,46.1
3/16/2021 1:35,47,46.1
3/16/2021 1:40,47,46.1
3/16/2021 1:45,47,46
3/16/2021 1:50,47,46
3/16/2021 1:55,47,45.9
3/16/2021 2:00,47,45.9
3/16/2021 2:05,47,45.8
3/16/2021 2:10,47,45.8
3/16/2021 2:15,47,45.9
3/16/2021 2:20,47,45.7
3/16/2021 2:25,47,45.8
3/16/2021 2:30,47,45.8
3/16/2021 2:35,47,45.7
3/16/2021 2:40,47,45.8
3/16/2021 2:45,47,45.6
3/16/2021 2:50,47,45.7
3/16/2021 2:55,47,45.6
3/16/2021 3:00,47,45.6
3/16/2021 3:05,47,45.5
3/16/2021 3:10,47,45.5
3/16/2021 3:15,47,45.5
3/16/2021 3:20,47,45.5
3/16/2021 3:25,47,45.5
3/16/2021 3:30,47,45.4
3/16/2021 3:35,47,45.4
3/16/2021 3:40,47,45.4
3/16/2021 3:45,47,45.3
3/16/2021 3:50,47,45.3
3/16/2021 3:55,47,45.3
3/16/2021 4:00,47,45.3
3/16/2021 4:05,47,45.2
3/16/2021 4:10,47,45.2
3/16/2021 4:15,47,45.2
3/16/2021 4:20,47,45.2
3/16/2021 4:25,47,45.1
3/16/2021 4:30,47,45.1
3/16/2021 4:35,47,45.1
3/16/2021 4:40,47,45.1
3/16/2021 4:45,47,45.1
3/16/2021 4:50,47,45
3/16/2021 4:55,47,45
3/16/2021 5:00,47,45
3/16/2021 5:05,47,44.8
3/16/2021 5:10,47,44.9
3/16/2021 5:15,47,44.9
3/16/2021 5:20,47,44.9
3/16/2021 5:25,47,44.9
3/16/2021 5:30,47,44.8
3/16/2021 5:35,47,44.8
3/16/2021 5:40,47,44.6
3/16/2021 5:45,47,44.7
3/16/2021 5:50,47,44.7
3/16/2021 5:55,47,44.7
3/16/2021 6:00,47,44.6
3/16/2021 6:05,47,44.6
3/16/2021 6:10,47,44.6
3/16/2021 6:15,47,44.5
3/16/2021 6:20,47,44.6
3/16/2021 6:25,47,44.6
3/16/2021 6:30,47,44.5
3/16/2021 6:35,47,44.5
3/16/2021 6:40,47,44.5
3/16/2021 6:45,47,44.4
3/16/2021 6:50,47,44.5
3/16/2021 6:55,47,44.3
3/16/2021 7:00,47,44.4
3/16/2021 7:05,47,44.3
3/16/2021 7:10,47,44.3
3/16/2021 7:15,47,44.3
3/16/2021 7:20,47,44.2
3/16/2021 7:25,47,44.3
3/16/2021 7:30,47,44.2
3/16/2021 7:35,47,44.2
3/16/2021 7:40,47,44.2
3/16/2021 7:45,47,44.2
3/16/2021 7:50,47,44.2
3/16/2021 7:55,47,44.2
3/16/2021 8:00,47,44.1
3/16/2021 8:05,47,44.1
3/16/2021 8:10,47,44.1
3/16/2021 8:15,47,44.1
3/16/2021 8:20,47,44.1
3/16/2021 8:25,47,44
3/16/2021 8:30,47,44.1
3/16/2021 8:35,47,44
3/16/2021 8:40,47,44
3/16/2021 8:45,47,44
3/16/2021 8:50,47,44.1
3/16/2021 8:55,47,43.9
3/16/2021 9:00,47,44
3/16/2021 9:05,47,43.9
3/16/2021 9:10,47,43.9
3/16/2021 9:15,47,43.9
3/16/2021 9:20,47,43.9
3/16/2021 9:25,47,43.9
3/16/2021 9:30,47,43.8
3/16/2021 9:35,47,43.9
3/16/2021 9:40,47,43.8
3/16/2021 9:45,47,43.7
3/16/2021 9:50,47,43.8
3/16/2021 9:55,47,43.7
3/16/2021 10:00,47,43.8
3/16/2021 10:05,47,43.6
3/16/2021 10:10,47,43.7
3/16/2021 10:15,47,43.8
3/16/2021 10:20,47,43.5
3/16/2021 10:25,47,43.7
3/16/2021 10:30,47,43.7
3/16/2021 10:35,47,43.6
3/16/2021 10:40,47,43.7
3/16/2021 10:45,47,43.5
3/16/2021 10:50,47,43.6
3/16/2021 10:55,47,43.7
3/16/2021 11:00,47,43.5
3/16/2021 11:05,47,43.4
3/16/2021 11:10,47,43.4
3/16/2021 11:15,47,43.4
3/16/2021 11:20,47,43.2
3/16/2021 11:25,47,43.4
3/16/2021 11:30,47,43.2
3/16/2021 11:35,47,43.2
3/16/2021 11:40,47,43.2
3/16/2021 11:45,47,43.2
3/16/2021 11:50,47,43.3
3/16/2021 11:55,47,43.2
3/16/2021 12:00,47,43.2
3/16/2021 12:05,47,43.2
3/16/2021 12:10,47,43.1
3/16/2021 12:15,47,43.2
3/16/2021 12:20,47,43.3
3/16/2021 12:25,47,43.2
3/16/2021 12:30,47,43.3
3/16/2021 12:35,47,43.3
3/16/2021 12:40,47,43.5
3/16/2021 12:45,47,43.6
3/16/2021 12:50,47,43.8
3/16/2021 12:55,47,44
3/16/2021 13:00,47,44.1
3/16/2021 13:05,47,44.7
3/16/2021 13:10,47,44.9
3/16/2021 13:15,47,45.4
3/16/2021 13:20,47,45.8
3/16/2021 13:25,47,46.2
3/16/2021 13:30,47,46.6
3/16/2021 13:35,47,47.3
3/16/2021 13:40,47,47.8
3/16/2021 13:45,47,48.4
3/16/2021 13:50,47,48.9
3/16/2021 13:55,47,49.5
3/16/2021 14:00,47,50.1
3/16/2021 14:05,47,50.7
3/16/2021 14:10,47,51.4
3/16/2021 14:15,47,51.9
3/16/2021 14:20,47,52.6
3/16/2021 14:25,47,53.2
3/16/2021 14:30,47,53.6
3/16/2021 14:35,47,54.2
3/16/2021 14:40,47,54.7
3/16/2021 14:45,47,55.1
3/16/2021 14:50,47,55.7
3/16/2021 14:55,47,56.3
3/16/2021 15:00,47,56.8
3/16/2021 15:05,47,57.3
3/16/2021 15:10,47,57.7
3/16/2021 15:15,47,58.3
3/16/2021 15:20,47,58.7
3/16/2021 15:25,47,59.2
3/16/2021 15:30,47,59.7
3/16/2021 15:35,47,60.3
3/16/2021 15:40,47,60.6
3/16/2021 15:45,47,61.2
3/16/2021 15:50,47,61.7
3/16/2021 15:55,47,62.2
3/16/2021 16:00,47,62.5
3/16/2021 16:05,47,63.1
3/16/2021 16:10,47,63.4
3/16/2021 16:15,47,63.7
3/16/2021 16:20,47,64
3/16/2021 16:25,47,64.5
3/16/2021 16:30,47,64.9
3/16/2021 16:35,47,65.2
3/16/2021 16:40,47,65.3
3/16/2021 16:45,47,65.6
3/16/2021 16:50,47,65.8
3/16/2021 16:55,47,66.2
3/16/2021 17:00,47,66.3
3/16/2021 17:05,47,66.5
3/16/2021 17:10,47,66.6
3/16/2021 17:15,47,66.6
3/16/2021 17:20,47,66.6
3/16/2021 17:25,47,66.6
3/16/2021 17:30,47,66.6
3/16/2021 17:35,47,66.4
3/16/2021 17:40,47,66.3
3/16/2021 17:45,47,66
3/16/2021 17:50,47,65.7
3/16/2021 17:55,47,65.4
3/16/2021 18:00,47,65.1
3/16/2021 18:05,47,64.7
3/16/2021 18:10,47,64.2
3/16/2021 18:15,47,63.6
3/16/2021 18:20,47,63.2
3/16/2021 18:25,47,62.5
3/16/2021 18:30,47,61.9
3/16/2021 18:35,47,61.3
3/16/2021 18:40,47,60.7
3/16/2021 18:45,47,60.1
3/16/2021 18:50,47,59.4
3/16/2021 18:55,47,58.7
3/16/2021 19:00,47,58
3/16/2021 19:05,47,57.4
3/16/2021 19:10,47,56.8
3/16/2021 19:15,47,56.1
3/16/2021 19:20,47,55.4
3/16/2021 19:25,47,54.7
3/16/2021 19:30,47,54.1
3/16/2021 19:35,47,53.5
3/16/2021 19:40,47,52.9
3/16/2021 19:45,47,52.3
3/16/2021 19:50,47,51.8
3/16/2021 19:55,47,51.3
3/16/2021 20:00,47,50.9
3/16/2021 20:05,47,50.4
3/16/2021 20:10,47,50
3/16/2021 20:15,47,49.8
3/16/2021 20:20,47,49.5
3/16/2021 20:25,47,49.4
3/16/2021 20:30,47,49.4
3/16/2021 20:35,47,49.5
3/16/2021 20:40,47,49.7
3/16/2021 20:45,47,49.9
3/16/2021 20:50,47,50.2
3/16/2021 20:55,47,50.5
3/16/2021 21:00,47,51.2
3/16/2021 21:05,47,51.6
3/16/2021 21:10,47,52.3
3/16/2021 21:15,47,52.9
3/16/2021 21:20,47,53.8
3/16/2021 21:25,47,54.4
3/16/2021 21:30,47,55.2
3/16/2021 21:35,47,56
3/16/2021 21:40,47,57
3/16/2021 21:45,47,57.6
3/16/2021 21:50,47,58.4
3/16/2021 21:55,47,59.1
3/16/2021 22:00,47,59.9
3/16/2021 22:05,47,60.6
3/16/2021 22:10,47,61.2
3/16/2021 22:15,47,61.8
3/16/2021 22:20,47,62.5
3/16/2021 22:25,47,63
3/16/2021 22:30,47,63.6
3/16/2021 22:35,47,64.1
3/16/2021 22:40,47,64.7
3/16/2021 22:45,47,65
3/16/2021 22:50,47,65.5
3/16/2021 22:55,47,65.8
3/16/2021 23:00,47,66.3
3/16/2021 23:05,47,66.6
3/16/2021 23:10,47,67
3/16/2021 23:15,47,67.3
3/16/2021 23:20,47,67.6
3/16/2021 23:25,47,67.8
3/16/2021 23:30,47,68
3/16/2021 23:35,47,68.2
3/16/2021 23:40,47,68.4
3/16/2021 23:45,47,68.6
3/16/2021 23:50,47,68.7
3/16/2021 23:55,47,68.9
3/17/2021 0:00,47,69
3/17/2021 0:05,47,69.1
3/17/2021 0:10,47,69.2
3/17/2021 0:15,47,69.4
3/17/2021 0:20,47,69.6
3/17/2021 0:25,47,69.6
3/17/2021 0:30,47,69.6
3/17/2021 0:35,47,69.7
3/17/2021 0:40,47,69.8
3/17/2021 0:45,47,69.8
3/17/2021 0:50,47,69.9
3/17/2021 0:55,47,69.9
3/17/2021 1:00,47,70.1
3/17/2021 1:05,47,70.1
3/17/2021 1:10,47,70.2
3/17/2021 1:15,47,70.2
3/17/2021 1:20,47,70.1
3/17/2021 1:25,47,70.2
3/17/2021 1:30,47,70.3
3/17/2021 1:35,47,70.3
3/17/2021 1:40,47,70.3
3/17/2021 1:45,47,70.3
3/17/2021 1:50,47,70.3
3/17/2021 1:55,47,70.2
3/17/2021 2:00,47,70.2
3/17/2021 2:05,47,70.2
3/17/2021 2:10,47,70.3
3/17/2021 2:15,47,70.2
3/17/2021 2:20,47,70.1
3/17/2021 2:25,47,69.8
3/17/2021 2:30,47,69.8
3/17/2021 2:35,47,69.6
3/17/2021 2:40,47,69.4
3/17/2021 2:45,47,69
3/17/2021 2:50,47,68.8
3/17/2021 2:55,47,68.3
3/17/2021 3:00,47,68
3/17/2021 3:05,47,67.5
3/17/2021 3:10,47,67
3/17/2021 3:15,47,66.4
3/17/2021 3:20,47,65.7
3/17/2021 3:25,47,65.1
3/17/2021 3:30,47,64.5
3/17/2021 3:35,47,63.7
3/17/2021 3:40,47,63.1
3/17/2021 3:45,47,62.2
3/17/2021 3:50,47,61.5
3/17/2021 3:55,47,60.7
3/17/2021 4:00,47,60
3/17/2021 4:05,47,59.2
3/17/2021 4:10,47,58.5
3/17/2021 4:15,47,57.7
3/17/2021 4:20,47,56.9
3/17/2021 4:25,47,56.2
3/17/2021 4:30,47,55.4
3/17/2021 4:35,47,54.8
3/17/2021 4:40,47,54
3/17/2021 4:45,47,53.3
3/17/2021 4:50,47,52.6
3/17/2021 4:55,47,52.1
3/17/2021 5:00,47,51.5
3/17/2021 5:05,47,50.9
3/17/2021 5:10,47,50.3
3/17/2021 5:15,47,49.8
3/17/2021 5:20,47,49.3
3/17/2021 5:25,47,48.8
3/17/2021 5:30,47,48.3
3/17/2021 5:35,47,47.9
3/17/2021 5:40,47,47.6
3/17/2021 5:45,47,47.1
3/17/2021 5:50,47,46.8
3/17/2021 5:55,47,46.3
3/17/2021 6:00,47,45.9
3/17/2021 6:05,47,45.7
3/17/2021 6:10,47,45.3
3/17/2021 6:15,47,45.2
3/17/2021 6:20,47,44.9
3/17/2021 6:25,47,44.5
3/17/2021 6:30,47,44.3
3/17/2021 6:35,47,44
3/17/2021 6:40,47,43.9
3/17/2021 6:45,47,43.6
3/17/2021 6:50,47,43.5
3/17/2021 6:55,47,43.3
3/17/2021 7:00,47,43.2
3/17/2021 7:05,47,43
3/17/2021 7:10,47,42.7
3/17/2021 7:15,47,42.6
3/17/2021 7:20,47,42.5
3/17/2021 7:25,47,42.3
3/17/2021 7:30,47,42.3
3/17/2021 7:35,47,42.2
3/17/2021 7:40,47,42.1
3/17/2021 7:45,47,42
3/17/2021 7:50,47,41.9
3/17/2021 7:55,47,41.8
3/17/2021 8:00,47,41.7
3/17/2021 8:05,47,41.7
3/17/2021 8:10,47,41.4
3/17/2021 8:15,47,41.6
3/17/2021 8:20,47,41.4
3/17/2021 8:25,47,41.2
3/17/2021 8:30,47,41.2
3/17/2021 8:35,47,41.2
3/17/2021 8:40,47,41.1
3/17/2021 8:45,47,41
3/17/2021 8:50,47,41
3/17/2021 8:55,47,41.1
3/17/2021 9:00,47,40.8
3/17/2021 9:05,47,40.8
3/17/2021 9:10,47,40.8
3/17/2021 9:15,47,40.7
3/17/2021 9:20,47,40.7
3/17/2021 9:25,47,40.6
3/17/2021 9:30,47,40.5
3/17/2021 9:35,47,40.6
3/17/2021 9:40,47,40.5
3/17/2021 9:45,47,40.5
3/17/2021 9:50,47,40.3
3/17/2021 9:55,47,40.4
3/17/2021 10:00,47,40.3
3/17/2021 10:05,47,40.4
3/17/2021 10:10,47,40.3
3/17/2021 10:15,47,40.4
3/17/2021 10:20,47,40.2
3/17/2021 10:25,47,40.2
3/17/2021 10:30,47,40.1
3/17/2021 10:35,47,40.2
3/17/2021 10:40,47,40.1
3/17/2021 10:45,47,40.1
3/17/2021 10:50,47,40
3/17/2021 10:55,47,40
3/17/2021 11:00,47,39.9
3/17/2021 11:05,47,39.9
3/17/2021 11:10,47,40
3/17/2021 11:15,47,40
3/17/2021 11:20,47,39.9
3/17/2021 11:25,47,39.8
3/17/2021 11:30,47,40
3/17/2021 11:35,47,39.8
3/17/2021 11:40,47,40
3/17/2021 11:45,47,39.8
3/17/2021 11:50,47,39.8
3/17/2021 11:55,47,39.7
3/17/2021 12:00,47,39.7
3/17/2021 12:05,47,39.9
3/17/2021 12:10,47,39.8
3/17/2021 12:15,47,39.8
3/17/2021 12:20,47,39.9
3/17/2021 12:25,47,39.9
3/17/2021 12:30,47,40
3/17/2021 12:35,47,40.1
3/17/2021 12:40,47,40.2
3/17/2021 12:45,47,40.3
3/17/2021 12:50,47,40.5
3/17/2021 12:55,47,40.8
3/17/2021 13:00,47,41.1
3/17/2021 13:05,47,41.3
3/17/2021 13:10,47,41.5
3/17/2021 13:15,47,42
3/17/2021 13:20,47,42.2
3/17/2021 13:25,47,42.5
3/17/2021 13:30,47,43.1
3/17/2021 13:35,47,43.3
3/17/2021 13:40,47,43.7
3/17/2021 13:45,47,44.2
3/17/2021 13:50,47,44.6
3/17/2021 13:55,47,45
3/17/2021 14:00,47,45.3
3/17/2021 14:05,47,45.8
3/17/2021 14:10,47,46.2
3/17/2021 14:15,47,46.5
3/17/2021 14:20,47,46.9
3/17/2021 14:25,47,47.4
3/17/2021 14:30,47,47.6
3/17/2021 14:35,47,47.9
3/17/2021 14:40,47,48.2
3/17/2021 14:45,47,48.6
3/17/2021 14:50,47,48.8
3/17/2021 14:55,47,49.2
3/17/2021 15:00,47,49.5
3/17/2021 15:05,47,49.6
3/17/2021 15:10,47,49.8
3/17/2021 15:15,47,50
3/17/2021 15:20,47,50.2
3/17/2021 15:25,47,50.4
3/17/2021 15:30,47,50.6
3/17/2021 15:35,47,50.8
3/17/2021 15:40,47,50.9
3/17/2021 15:45,47,51.1
3/17/2021 15:50,47,51.3
3/17/2021 15:55,47,51.3
3/17/2021 16:00,47,51.4
3/17/2021 16:05,47,51.4
3/17/2021 16:10,47,51.6
3/17/2021 16:15,47,51.7
3/17/2021 16:20,47,51.7
3/17/2021 16:25,47,51.8
3/17/2021 16:30,47,51.8
3/17/2021 16:35,47,51.8
3/17/2021 16:40,47,52
3/17/2021 16:45,47,52
3/17/2021 16:50,47,52.1
3/17/2021 16:55,47,52.1
3/17/2021 17:00,47,52.1
3/17/2021 17:05,47,52.2
3/17/2021 17:10,47,52.3
3/17/2021 17:15,47,52.3
3/17/2021 17:20,47,52.3
3/17/2021 17:25,47,52.4
3/17/2021 17:30,47,52.3
3/17/2021 17:35,47,52.5
3/17/2021 17:40,47,52.4
3/17/2021 17:45,47,52.4
3/17/2021 17:50,47,52.4
3/17/2021 17:55,47,52.3
3/17/2021 18:00,47,52.3
3/17/2021 18:05,47,52.3
3/17/2021 18:10,47,52.2
3/17/2021 18:15,47,52.1
3/17/2021 18:20,47,52.1
3/17/2021 18:25,47,52
3/17/2021 18:30,47,51.9
3/17/2021 18:35,47,51.7
3/17/2021 18:40,47,51.5
3/17/2021 18:45,47,51.3
3/17/2021 18:50,47,51.1
3/17/2021 18:55,47,50.9
3/17/2021 19:00,47,50.6
3/17/2021 19:05,47,50.3
3/17/2021 19:10,47,50
3/17/2021 19:15,47,49.7
3/17/2021 19:20,47,49.3
3/17/2021 19:25,47,49
3/17/2021 19:30,47,48.6
3/17/2021 19:35,47,48.2
3/17/2021 19:40,47,47.9
3/17/2021 19:45,47,47.6
3/17/2021 19:50,47,47.2
3/17/2021 19:55,47,46.8
3/17/2021 20:00,47,46.5
3/17/2021 20:05,47,46
3/17/2021 20:10,47,45.6
3/17/2021 20:15,47,45.4
3/17/2021 20:20,47,45
3/17/2021 20:25,47,44.8
3/17/2021 20:30,47,44.5
3/17/2021 20:35,47,44
3/17/2021 20:40,47,43.8
3/17/2021 20:45,47,43.5
3/17/2021 20:50,47,43.2
3/17/2021 20:55,47,42.9
3/17/2021 21:00,47,42.7
3/17/2021 21:05,47,42.3
3/17/2021 21:10,47,42.2
3/17/2021 21:15,47,42
3/17/2021 21:20,47,41.9
3/17/2021 21:25,47,41.6
3/17/2021 21:30,47,41.5
3/17/2021 21:35,47,41.2
3/17/2021 21:40,47,41.1
3/17/2021 21:45,47,41
3/17/2021 21:50,47,41
3/17/2021 21:55,47,40.8
3/17/2021 22:00,47,40.5
3/17/2021 22:05,47,40.5
3/17/2021 22:10,47,40.4
3/17/2021 22:15,47,40.2
3/17/2021 22:20,47,40.1
3/17/2021 22:25,47,40.1
3/17/2021 22:30,47,39.9
3/17/2021 22:35,47,39.9
3/17/2021 22:40,47,39.8
3/17/2021 22:45,47,39.7
3/17/2021 22:50,47,39.6
3/17/2021 22:55,47,39.6
3/17/2021 23:00,47,39.5
3/17/2021 23:05,47,39.3
3/17/2021 23:10,47,39.2
3/17/2021 23:15,47,39.2
3/17/2021 23:20,47,39.2
3/17/2021 23:25,47,39.2
3/17/2021 23:30,47,39.2
3/17/2021 23:35,47,39
3/17/2021 23:40,47,39
3/17/2021 23:45,47,39
3/17/2021 23:50,47,39
3/17/2021 23:55,47,38.9
3/18/2021 0:00,47,38.8
3/18/2021 0:05,47,38.8
3/18/2021 0:10,47,38.9
3/18/2021 0:15,47,38.8
3/18/2021 0:20,47,38.7
3/18/2021 0:25,47,38.6
3/18/2021 0:30,47,38.7
3/18/2021 0:35,47,38.6
3/18/2021 0:40,47,38.5
3/18/2021 0:45,47,38.5
3/18/2021 0:50,47,38.6
3/18/2021 0:55,47,38.5
3/18/2021 1:00,47,38.5
3/18/2021 1:05,47,38.4
3/18/2021 1:10,47,38.5
3/18/2021 1:15,47,38.4
3/18/2021 1:20,47,38.4
3/18/2021 1:25,47,38.4
3/18/2021 1:30,47,38.4
3/18/2021 1:35,47,38.3
3/18/2021 1:40,47,38.4
3/18/2021 1:45,47,38.4
3/18/2021 1:50,47,38.4
3/18/2021 1:55,47,38.3
3/18/2021 2:00,47,38.3
3/18/2021 2:05,47,38.3
3/18/2021 2:10,47,38.3
3/18/2021 2:15,47,38.2
3/18/2021 2:20,47,38.2
3/18/2021 2:25,47,38.2
3/18/2021 2:30,47,38.2
3/18/2021 2:35,47,38.2
3/18/2021 2:40,47,38.3
3/18/2021 2:45,47,38.1
3/18/2021 2:50,47,38.1
3/18/2021 2:55,47,38.2
3/18/2021 3:00,47,38.2
3/18/2021 3:05,47,38.1
3/18/2021 3:10,47,38.2
3/18/2021 3:15,47,38.1
3/18/2021 3:20,47,38.1
3/18/2021 3:25,47,38.1
3/18/2021 3:30,47,38.1
3/18/2021 3:35,47,38
3/18/2021 3:40,47,38.1
3/18/2021 3:45,47,38.1
3/18/2021 3:50,47,38
3/18/2021 3:55,47,38
3/18/2021 4:00,47,38
3/18/2021 4:05,47,38
3/18/2021 4:10,47,38
3/18/2021 4:15,47,38
3/18/2021 4:20,47,37.8
3/18/2021 4:25,47,37.9
3/18/2021 4:30,47,38
3/18/2021 4:35,47,37.9
3/18/2021 4:40,47,37.9
3/18/2021 4:45,47,37.9
3/18/2021 4:50,47,38.1
3/18/2021 4:55,47,37.9
3/18/2021 5:00,47,37.9
3/18/2021 5:05,47,37.9
3/18/2021 5:10,47,37.9
3/18/2021 5:15,47,37.9
3/18/2021 5:20,47,37.9
3/18/2021 5:25,47,37.9
3/18/2021 5:30,47,38
3/18/2021 5:35,47,37.9
3/18/2021 5:40,47,37.9
3/18/2021 5:45,47,37.8
3/18/2021 5:50,47,37.9
3/18/2021 5:55,47,37.9
3/18/2021 6:00,47,37.9
3/18/2021 6:05,47,38
3/18/2021 6:10,47,37.9
3/18/2021 6:15,47,38
3/18/2021 6:20,47,38
3/18/2021 6:25,47,38
3/18/2021 6:30,47,38
3/18/2021 6:35,47,37.9
3/18/2021 6:40,47,38
3/18/2021 6:45,47,37.9
3/18/2021 6:50,47,37.9
3/18/2021 6:55,47,37.9
3/18/2021 7:00,47,37.8
3/18/2021 7:05,47,37.8
3/18/2021 7:10,47,37.8
3/18/2021 7:15,47,37.9
3/18/2021 7:20,47,37.9
3/18/2021 7:25,47,37.9
3/18/2021 7:30,47,37.8
3/18/2021 7:35,47,37.8
3/18/2021 7:40,47,37.8
3/18/2021 7:45,47,37.6
3/18/2021 7:50,47,37.6
3/18/2021 7:55,47,37.6
3/18/2021 8:00,47,37.7
3/18/2021 8:05,47,37.6
3/18/2021 8:10,47,37.7
3/18/2021 8:15,47,37.6
3/18/2021 8:20,47,37.6
3/18/2021 8:25,47,37.6
3/18/2021 8:30,47,37.7
3/18/2021 8:35,47,37.6
3/18/2021 8:40,47,37.6
3/18/2021 8:45,47,37.6
3/18/2021 8:50,47,37.5
3/18/2021 8:55,47,37.6
3/18/2021 9:00,47,37.6
3/18/2021 9:05,47,37.6
3/18/2021 9:10,47,37.6
3/18/2021 9:15,47,37.6
3/18/2021 9:20,47,37.6
3/18/2021 9:25,47,37.6
3/18/2021 9:30,47,37.6
3/18/2021 9:35,47,37.5
3/18/2021 9:40,47,37.6
3/18/2021 9:45,47,37.6
3/18/2021 9:50,47,37.5
3/18/2021 9:55,47,37.6
3/18/2021 10:00,47,37.6
3/18/2021 10:05,47,37.6
3/18/2021 10:10,47,37.7
3/18/2021 10:15,47,37.8
3/18/2021 10:20,47,38
3/18/2021 10:25,47,38.3
3/18/2021 10:30,47,38.5
3/18/2021 10:35,47,39
3/18/2021 10:40,47,39.4
3/18/2021 10:45,47,39.8
3/18/2021 10:50,47,40.3
3/18/2021 10:55,47,41
3/18/2021 11:00,47,41.8
3/18/2021 11:05,47,42.5
3/18/2021 11:10,47,43.1
3/18/2021 11:15,47,44
3/18/2021 11:20,47,44.8
3/18/2021 11:25,47,45.8
3/18/2021 11:30,47,46.7
3/18/2021 11:35,47,47.7
3/18/2021 11:40,47,48.7
3/18/2021 11:45,47,49.6
3/18/2021 11:50,47,50.4
3/18/2021 11:55,47,51.3
3/18/2021 12:00,47,52.3
3/18/2021 12:05,47,53.2
3/18/2021 12:10,47,53.8
3/18/2021 12:15,47,54.6
3/18/2021 12:20,47,55.4
3/18/2021 12:25,47,56.1
3/18/2021 12:30,47,56.6
3/18/2021 12:35,47,57.4
3/18/2021 12:40,47,57.9
3/18/2021 12:45,47,58.4
3/18/2021 12:50,47,58.8
3/18/2021 12:55,47,59.4
3/18/2021 13:00,47,59.8
3/18/2021 13:05,47,60.1
3/18/2021 13:10,47,60.5
3/18/2021 13:15,47,60.9
3/18/2021 13:20,47,61.2
3/18/2021 13:25,47,61.5
3/18/2021 13:30,47,61.8
3/18/2021 13:35,47,62.1
3/18/2021 13:40,47,62.3
3/18/2021 13:45,47,62.5
3/18/2021 13:50,47,62.8
3/18/2021 13:55,47,62.9
3/18/2021 14:00,47,63.2
3/18/2021 14:05,47,63.3
3/18/2021 14:10,47,63.6
3/18/2021 14:15,47,63.7
3/18/2021 14:20,47,64
3/18/2021 14:25,47,64.1
3/18/2021 14:30,47,64.3
3/18/2021 14:35,47,64.3
3/18/2021 14:40,47,64.5
3/18/2021 14:45,47,64.7
3/18/2021 14:50,47,64.6
3/18/2021 14:55,47,64.9
3/18/2021 15:00,47,64.9
3/18/2021 15:05,47,65.1
3/18/2021 15:10,47,65.3
3/18/2021 15:15,47,65.3
3/18/2021 15:20,47,65.5
3/18/2021 15:25,47,65.6
3/18/2021 15:30,47,65.8
3/18/2021 15:35,47,66
3/18/2021 15:40,47,66.1
3/18/2021 15:45,47,66.1
3/18/2021 15:50,47,66.3
3/18/2021 15:55,47,66.2
3/18/2021 16:00,47,66.3
3/18/2021 16:05,47,66.5
3/18/2021 16:10,47,66.5
3/18/2021 16:15,47,66.5
3/18/2021 16:20,47,66.5
3/18/2021 16:25,47,66.8
3/18/2021 16:30,47,66.9
3/18/2021 16:35,47,66.9
3/18/2021 16:40,47,67
3/18/2021 16:45,47,67
3/18/2021 16:50,47,67
3/18/2021 16:55,47,67.2
3/18/2021 17:00,47,67.2
3/18/2021 17:05,47,67.3
3/18/2021 17:10,47,67.3
3/18/2021 17:15,47,67.5
3/18/2021 17:20,47,67.6
3/18/2021 17:25,47,67.6
3/18/2021 17:30,47,67.7
3/18/2021 17:35,47,67.6
3/18/2021 17:40,47,67.8
3/18/2021 17:45,47,67.8
3/18/2021 17:50,47,67.8
3/18/2021 17:55,47,67.9
3/18/2021 18:00,47,68.1
3/18/2021 18:05,47,68.1
3/18/2021 18:10,47,68.1
3/18/2021 18:15,47,68.3
3/18/2021 18:20,47,68.4
3/18/2021 18:25,47,68.4
3/18/2021 18:30,47,68.5
3/18/2021 18:35,47,68.6
3/18/2021 18:40,47,68.6
3/18/2021 18:45,47,68.8
3/18/2021 18:50,47,68.7
3/18/2021 18:55,47,68.8
3/18/2021 19:00,47,68.9
3/18/2021 19:05,47,69.1
3/18/2021 19:10,47,69.2
3/18/2021 19:15,47,69.3
3/18/2021 19:20,47,69.4
3/18/2021 19:25,47,69.4
3/18/2021 19:30,47,69.5
3/18/2021 19:35,47,69.5
3/18/2021 19:40,47,69.6
3/18/2021 19:45,47,69.7
3/18/2021 19:50,47,69.7
3/18/2021 19:55,47,69.9
3/18/2021 20:00,47,69.7
3/18/2021 20:05,47,70.1
3/18/2021 20:10,47,70
3/18/2021 20:15,47,70.2
3/18/2021 20:20,47,70.3
3/18/2021 20:25,47,70.3
3/18/2021 20:30,47,70.4
3/18/2021 20:35,47,70.4
3/18/2021 20:40,47,70.6
3/18/2021 20:45,47,70.6
3/18/2021 20:50,47,70.7
3/18/2021 20:55,47,70.8
3/18/2021 21:00,47,70.8
3/18/2021 21:05,47,71
3/18/2021 21:10,47,70.9
3/18/2021 21:15,47,71.1
3/18/2021 21:20,47,71.1
3/18/2021 21:25,47,71.4
3/18/2021 21:30,47,71.4
3/18/2021 21:35,47,71.4
3/18/2021 21:40,47,71.5
3/18/2021 21:45,47,71.6
3/18/2021 21:50,47,71.7
3/18/2021 21:55,47,71.8
3/18/2021 22:00,47,71.8
3/18/2021 22:05,47,72
3/18/2021 22:10,47,71.8
3/18/2021 22:15,47,72
3/18/2021 22:20,47,72
3/18/2021 22:25,47,72
3/18/2021 22:30,47,72.2
3/18/2021 22:35,47,72.1
3/18/2021 22:40,47,72.1
3/18/2021 22:45,47,72.1
3/18/2021 22:50,47,72
3/18/2021 22:55,47,72
3/18/2021 23:00,47,72
3/18/2021 23:05,47,71.7
3/18/2021 23:10,47,71.6
3/18/2021 23:15,47,71.4
3/18/2021 23:20,47,71.1
3/18/2021 23:25,47,70.7
3/18/2021 23:30,47,70.4
3/18/2021 23:35,47,70
3/18/2021 23:40,47,69.7
3/18/2021 23:45,47,69.2
3/18/2021 23:50,47,68.6
3/18/2021 23:55,47,68.1
3/19/2021 0:00,47,67.6
3/19/2021 0:05,47,67
3/19/2021 0:10,47,66.3
3/19/2021 0:15,47,65.6
3/19/2021 0:20,47,65.1
3/19/2021 0:25,47,64.5
3/19/2021 0:30,47,63.7
3/19/2021 0:35,47,63.1
3/19/2021 0:40,47,62.4
3/19/2021 0:45,47,61.7
3/19/2021 0:50,47,61.1
3/19/2021 0:55,47,60.5
3/19/2021 1:00,47,59.9
3/19/2021 1:05,47,59.2
3/19/2021 1:10,47,58.7
3/19/2021 1:15,47,58.1
3/19/2021 1:20,47,57.5
3/19/2021 1:25,47,57
3/19/2021 1:30,47,56.6
3/19/2021 1:35,47,56
3/19/2021 1:40,47,55.5
3/19/2021 1:45,47,55.1
3/19/2021 1:50,47,54.7
3/19/2021 1:55,47,54.3
3/19/2021 2:00,47,54
3/19/2021 2:05,47,53.6
3/19/2021 2:10,47,53.3
3/19/2021 2:15,47,53.1
3/19/2021 2:20,47,52.8
3/19/2021 2:25,47,52.6
3/19/2021 2:30,47,52.3
3/19/2021 2:35,47,52.1
3/19/2021 2:40,47,51.8
3/19/2021 2:45,47,51.6
3/19/2021 2:50,47,51.4
3/19/2021 2:55,47,51.4
3/19/2021 3:00,47,51.2
3/19/2021 3:05,47,51.1
3/19/2021 3:10,47,50.9
3/19/2021 3:15,47,50.8
3/19/2021 3:20,47,50.8
3/19/2021 3:25,47,50.7
3/19/2021 3:30,47,50.6
3/19/2021 3:35,47,50.7
3/19/2021 3:40,47,50.6
3/19/2021 3:45,47,50.5
3/19/2021 3:50,47,50.5
3/19/2021 3:55,47,50.5
3/19/2021 4:00,47,50.5
3/19/2021 4:05,47,50.4
3/19/2021 4:10,47,50.5
3/19/2021 4:15,47,50.4
3/19/2021 4:20,47,50.5
3/19/2021 4:25,47,50.5
3/19/2021 4:30,47,50.5
3/19/2021 4:35,47,50.5
3/19/2021 4:40,47,50.5
3/19/2021 4:45,47,50.5
3/19/2021 4:50,47,50.5
3/19/2021 4:55,47,50.5
3/19/2021 5:00,47,50.5
3/19/2021 5:05,47,50.5
3/19/2021 5:10,47,50.5
3/19/2021 5:15,47,50.5
3/19/2021 5:20,47,50.7
3/19/2021 5:25,47,50.6
3/19/2021 5:30,47,50.6
3/19/2021 5:35,47,50.7
3/19/2021 5:40,47,50.7
3/19/2021 5:45,47,50.9
3/19/2021 5:50,47,50.8
3/19/2021 5:55,47,50.9
3/19/2021 6:00,47,51
3/19/2021 6:05,47,51.1
3/19/2021 6:10,47,51.1
3/19/2021 6:15,47,51.2
3/19/2021 6:20,47,51.1
3/19/2021 6:25,47,51.2
3/19/2021 6:30,47,51.2
3/19/2021 6:35,47,51.3
3/19/2021 6:40,47,51.3
3/19/2021 6:45,47,51.3
3/19/2021 6:50,47,51.5
3/19/2021 6:55,47,51.5
3/19/2021 7:00,47,51.5
3/19/2021 7:05,47,51.7
3/19/2021 7:10,47,51.7
3/19/2021 7:15,47,51.8
3/19/2021 7:20,47,51.8
3/19/2021 7:25,47,51.8
3/19/2021 7:30,47,52
3/19/2021 7:35,47,52
3/19/2021 7:40,47,51.9
3/19/2021 7:45,47,52.1
3/19/2021 7:50,47,52.2
3/19/2021 7:55,47,52.3
3/19/2021 8:00,47,52.3
3/19/2021 8:05,47,52.4
3/19/2021 8:10,47,52.3
3/19/2021 8:15,47,52.6
3/19/2021 8:20,47,52.5
3/19/2021 8:25,47,52.6
3/19/2021 8:30,47,52.6
3/19/2021 8:35,47,52.9
3/19/2021 8:40,47,52.9
3/19/2021 8:45,47,52.9
3/19/2021 8:50,47,53.1
3/19/2021 8:55,47,53.1
3/19/2021 9:00,47,53.2
3/19/2021 9:05,47,53.2
3/19/2021 9:10,47,53.4
3/19/2021 9:15,47,53.4
3/19/2021 9:20,47,53.5
3/19/2021 9:25,47,53.5
3/19/2021 9:30,47,53.6
3/19/2021 9:35,47,53.6
3/19/2021 9:40,47,53.7
3/19/2021 9:45,47,53.8
3/19/2021 9:50,47,53.8
3/19/2021 9:55,47,53.9
3/19/2021 10:00,47,54
3/19/2021 10:05,47,54.1
3/19/2021 10:10,47,54.1
3/19/2021 10:15,47,54.2
3/19/2021 10:20,47,54.3
3/19/2021 10:25,47,54.4
3/19/2021 10:30,47,54.5
3/19/2021 10:35,47,54.5
3/19/2021 10:40,47,54.6
3/19/2021 10:45,47,54.7
3/19/2021 10:50,47,54.9
3/19/2021 10:55,47,54.9
3/19/2021 11:00,47,55
3/19/2021 11:05,47,55.1
3/19/2021 11:10,47,55.2
3/19/2021 11:15,47,55.2
3/19/2021 11:20,47,55.2
3/19/2021 11:25,47,55.5
3/19/2021 11:30,47,55.5
3/19/2021 11:35,47,55.7
3/19/2021 11:40,47,55.7
3/19/2021 11:45,47,55.9
3/19/2021 11:50,47,55.9
3/19/2021 11:55,47,56
3/19/2021 12:00,47,56
3/19/2021 12:05,47,56.2
3/19/2021 12:10,47,56.2
3/19/2021 12:15,47,56.4
3/19/2021 12:20,47,56.5
3/19/2021 12:25,47,56.5
3/19/2021 12:30,47,56.7
3/19/2021 12:35,47,56.8
3/19/2021 12:40,47,56.9
3/19/2021 12:45,47,56.9
3/19/2021 12:50,47,57
3/19/2021 12:55,47,57.2
3/19/2021 13:00,47,57.2
3/19/2021 13:05,47,57.2
3/19/2021 13:10,47,57.3
3/19/2021 13:15,47,57.5
3/19/2021 13:20,47,57.6
3/19/2021 13:25,47,57.6
3/19/2021 13:30,47,57.7
3/19/2021 13:35,47,57.8
3/19/2021 13:40,47,57.8
3/19/2021 13:45,47,57.9
3/19/2021 13:50,47,58.1
3/19/2021 13:55,47,58.3
3/19/2021 14:00,47,58.3
3/19/2021 14:05,47,58.4
3/19/2021 14:10,47,58.5
3/19/2021 14:15,47,58.6
3/19/2021 14:20,47,58.7
3/19/2021 14:25,47,58.7
3/19/2021 14:30,47,58.9
3/19/2021 14:35,47,58.9
3/19/2021 14:40,47,59.1
3/19/2021 14:45,47,59.2
3/19/2021 14:50,47,59.3
3/19/2021 14:55,47,59.3
3/19/2021 15:00,47,59.4
3/19/2021 15:05,47,59.5
3/19/2021 15:10,47,59.8
3/19/2021 15:15,47,59.8
3/19/2021 15:20,47,59.8
3/19/2021 15:25,47,60
3/19/2021 15:30,47,60.1
3/19/2021 15:35,47,60
3/19/2021 15:40,47,60.2
3/19/2021 15:45,47,60.2
3/19/2021 15:50,47,60.4
3/19/2021 15:55,47,60.5
3/19/2021 16:00,47,60.5
3/19/2021 16:05,47,60.6
3/19/2021 16:10,47,60.7
3/19/2021 16:15,47,60.8
3/19/2021 16:20,47,60.8
3/19/2021 16:25,47,61
3/19/2021 16:30,47,61.1
3/19/2021 16:35,47,61.2
3/19/2021 16:40,47,61.2
3/19/2021 16:45,47,61.3
3/19/2021 16:50,47,61.4
3/19/2021 16:55,47,61.4
3/19/2021 17:00,47,61.6
3/19/2021 17:05,47,61.6
3/19/2021 17:10,47,61.7
3/19/2021 17:15,47,61.7
3/19/2021 17:20,47,61.9
3/19/2021 17:25,47,61.9
3/19/2021 17:30,47,62
3/19/2021 17:35,47,62
3/19/2021 17:40,47,62.2
3/19/2021 17:45,47,62.4
3/19/2021 17:50,47,62.4
3/19/2021 17:55,47,62.4
3/19/2021 18:00,47,62.6
3/19/2021 18:05,47,62.6
3/19/2021 18:10,47,62.7
3/19/2021 18:15,47,62.8
3/19/2021 18:20,47,62.8
3/19/2021 18:25,47,63
3/19/2021 18:30,47,62.9
3/19/2021 18:35,47,63.1
3/19/2021 18:40,47,63.1
3/19/2021 18:45,47,63.1
3/19/2021 18:50,47,63.3
3/19/2021 18:55,47,63.4
3/19/2021 19:00,47,63.5
3/19/2021 19:05,47,63.6
3/19/2021 19:10,47,63.7
3/19/2021 19:15,47,63.6
3/19/2021 19:20,47,63.8
3/19/2021 19:25,47,63.8
3/19/2021 19:30,47,63.8
3/19/2021 19:35,47,63.9
3/19/2021 19:40,47,64
3/19/2021 19:45,47,64.1
3/19/2021 19:50,47,64.4
3/19/2021 19:55,47,64.2
3/19/2021 20:00,47,64.4
3/19/2021 20:05,47,64.5
3/19/2021 20:10,47,64.5
3/19/2021 20:15,47,64.6
3/19/2021 20:20,47,64.7
3/19/2021 20:25,47,64.7
3/19/2021 20:30,47,64.7
3/19/2021 20:35,47,64.8
3/19/2021 20:40,47,64.9
3/19/2021 20:45,47,64.9
3/19/2021 20:50,47,65
3/19/2021 20:55,47,65.1
3/19/2021 21:00,47,65.3
3/19/2021 21:05,47,65.3
3/19/2021 21:10,47,65.4
3/19/2021 21:15,47,65.5
3/19/2021 21:20,47,65.6
3/19/2021 21:25,47,65.6
3/19/2021 21:30,47,65.6
3/19/2021 21:35,47,65.8
3/19/2021 21:40,47,65.9
3/19/2021 21:45,47,65.8
3/19/2021 21:50,47,66
3/19/2021 21:55,47,66
3/19/2021 22:00,47,66.2
3/19/2021 22:05,47,66.3
3/19/2021 22:10,47,66.3
3/19/2021 22:15,47,66.4
3/19/2021 22:20,47,66.5
3/19/2021 22:25,47,66.6
3/19/2021 22:30,47,66.6
3/19/2021 22:35,47,66.7
3/19/2021 22:40,47,66.8
3/19/2021 22:45,47,66.8
3/19/2021 22:50,47,66.9
3/19/2021 22:55,47,67.1
3/19/2021 23:00,47,67.1
3/19/2021 23:05,47,67.2
3/19/2021 23:10,47,67.3
3/19/2021 23:15,47,67.4
3/19/2021 23:20,47,67.4
3/19/2021 23:25,47,67.5
3/19/2021 23:30,47,67.6
3/19/2021 23:35,47,67.6
3/19/2021 23:40,47,67.9
3/19/2021 23:45,47,67.9
3/19/2021 23:50,47,67.9
3/19/2021 23:55,47,68
3/20/2021 0:00,47,68.1
3/20/2021 0:05,47,68
3/20/2021 0:10,47,68.3
3/20/2021 0:15,47,68.3
3/20/2021 0:20,47,68.3
3/20/2021 0:25,47,68.4
3/20/2021 0:30,47,68.5
3/20/2021 0:35,47,68.7
3/20/2021 0:40,47,68.7
3/20/2021 0:45,47,68.8
3/20/2021 0:50,47,68.9
3/20/2021 0:55,47,68.9
3/20/2021 1:00,47,68.9
3/20/2021 1:05,47,69.1
3/20/2021 1:10,47,69.1
3/20/2021 1:15,47,69
3/20/2021 1:20,47,69.2
3/20/2021 1:25,47,69.3
3/20/2021 1:30,47,69.5
3/20/2021 1:35,47,69.5
3/20/2021 1:40,47,69.5
3/20/2021 1:45,47,69.6
3/20/2021 1:50,47,69.7
3/20/2021 1:55,47,69.7
3/20/2021 2:00,47,69.7
3/20/2021 2:05,47,69.7
3/20/2021 2:10,47,69.8
3/20/2021 2:15,47,69.8
3/20/2021 2:20,47,69.8
3/20/2021 2:25,47,69.9
3/20/2021 2:30,47,69.9
3/20/2021 2:35,47,70
3/20/2021 2:40,47,70
3/20/2021 2:45,47,69.9
3/20/2021 2:50,47,70
3/20/2021 2:55,47,70.3
3/20/2021 3:00,47,70.3
3/20/2021 3:05,47,70.2
3/20/2021 3:10,47,70.3
3/20/2021 3:15,47,70.3
3/20/2021 3:20,47,70.3
3/20/2021 3:25,47,70.5
3/20/2021 3:30,47,70.4
3/20/2021 3:35,47,70.4
3/20/2021 3:40,47,70.3
3/20/2021 3:45,47,70.4
3/20/2021 3:50,47,70.4
3/20/2021 3:55,47,70.5
3/20/2021 4:00,47,70.5
3/20/2021 4:05,47,70.6
3/20/2021 4:10,47,70.5
3/20/2021 4:15,47,70.6
3/20/2021 4:20,47,70.5
3/20/2021 4:25,47,70.5
3/20/2021 4:30,47,70.6
3/20/2021 4:35,47,70.7
3/20/2021 4:40,47,70.6
3/20/2021 4:45,47,70.6
3/20/2021 4:50,47,70.6
3/20/2021 4:55,47,70.5
3/20/2021 5:00,47,70.6
3/20/2021 5:05,47,70.6
3/20/2021 5:10,47,70.7
3/20/2021 5:15,47,70.6
3/20/2021 5:20,47,70.6
3/20/2021 5:25,47,70.7
3/20/2021 5:30,47,70.7
3/20/2021 5:35,47,70.6
3/20/2021 5:40,47,70.7
3/20/2021 5:45,47,70.6
3/20/2021 5:50,47,70.7
3/20/2021 5:55,47,70.6
3/20/2021 6:00,47,70.7
3/20/2021 6:05,47,70.7
3/20/2021 6:10,47,70.7
3/20/2021 6:15,47,70.7
3/20/2021 6:20,47,70.7
3/20/2021 6:25,47,70.7
3/20/2021 6:30,47,70.6
3/20/2021 6:35,47,70.7
3/20/2021 6:40,47,70.7
3/20/2021 6:45,47,70.6
3/20/2021 6:50,47,70.6
3/20/2021 6:55,47,70.7
3/20/2021 7:00,47,70.7
3/20/2021 7:05,47,70.7
3/20/2021 7:10,47,70.5
3/20/2021 7:15,47,70.7
3/20/2021 7:20,47,70.6
3/20/2021 7:25,47,70.6
3/20/2021 7:30,47,70.6
3/20/2021 7:35,47,70.5
3/20/2021 7:40,47,70.5
3/20/2021 7:45,47,70.6
3/20/2021 7:50,47,70.6
3/20/2021 7:55,47,70.5
3/20/2021 8:00,47,70.5
3/20/2021 8:05,47,70.5
3/20/2021 8:10,47,70.6
3/20/2021 8:15,47,70.4
3/20/2021 8:20,47,70.4
3/20/2021 8:25,47,70.4
3/20/2021 8:30,47,70.4
3/20/2021 8:35,47,70.5
3/20/2021 8:40,47,70.4
3/20/2021 8:45,47,70.4
3/20/2021 8:50,47,70.4
3/20/2021 8:55,47,70.4
3/20/2021 9:00,47,70.3
3/20/2021 9:05,47,70.3
3/20/2021 9:10,47,70.3
3/20/2021 9:15,47,70.3
3/20/2021 9:20,47,70.3
3/20/2021 9:25,47,70.1
3/20/2021 9:30,47,70.1
3/20/2021 9:35,47,70.1
3/20/2021 9:40,47,70
3/20/2021 9:45,47,70.1
3/20/2021 9:50,47,70
3/20/2021 9:55,47,70
3/20/2021 10:00,47,69.9
3/20/2021 10:05,47,70
3/20/2021 10:10,47,70
3/20/2021 10:15,47,70
3/20/2021 10:20,47,69.9
3/20/2021 10:25,47,69.8
3/20/2021 10:30,47,69.9
3/20/2021 10:35,47,69.8
3/20/2021 10:40,47,69.9
3/20/2021 10:45,47,69.8
3/20/2021 10:50,47,69.7
3/20/2021 10:55,47,69.7
3/20/2021 11:00,47,69.7
3/20/2021 11:05,47,69.6
3/20/2021 11:10,47,69.6
3/20/2021 11:15,47,69.6
3/20/2021 11:20,47,69.4
3/20/2021 11:25,47,69.4
3/20/2021 11:30,47,69.4
3/20/2021 11:35,47,69.3
3/20/2021 11:40,47,69.4
3/20/2021 11:45,47,69.4
3/20/2021 11:50,47,69.2
3/20/2021 11:55,47,69.2
3/20/2021 12:00,47,69.1
3/20/2021 12:05,47,69.1
3/20/2021 12:10,47,69
3/20/2021 12:15,47,68.9
3/20/2021 12:20,47,69
3/20/2021 12:25,47,68.9
3/20/2021 12:30,47,68.7
3/20/2021 12:35,47,68.6
3/20/2021 12:40,47,68.9
3/20/2021 12:45,47,68.7
3/20/2021 12:50,47,68.6
3/20/2021 12:55,47,68.6
3/20/2021 13:00,47,68.6
3/20/2021 13:05,47,68.4
3/20/2021 13:10,47,68.5
3/20/2021 13:15,47,68.4
3/20/2021 13:20,47,68.3
3/20/2021 13:25,47,68.4
3/20/2021 13:30,47,68.3
3/20/2021 13:35,47,68.3
3/20/2021 13:40,47,68.1
3/20/2021 13:45,47,68.2
3/20/2021 13:50,47,67.9
3/20/2021 13:55,47,68.1
3/20/2021 14:00,47,67.9
3/20/2021 14:05,47,68.1
3/20/2021 14:10,47,67.9
3/20/2021 14:15,47,67.9
3/20/2021 14:20,47,67.8
3/20/2021 14:25,47,67.8
3/20/2021 14:30,47,67.8
3/20/2021 14:35,47,67.7
3/20/2021 14:40,47,67.7
3/20/2021 14:45,47,67.6
3/20/2021 14:50,47,67.6
3/20/2021 14:55,47,67.5
3/20/2021 15:00,47,67.5
3/20/2021 15:05,47,67.5
3/20/2021 15:10,47,67.5
3/20/2021 15:15,47,67.4
3/20/2021 15:20,47,67.4
3/20/2021 15:25,47,67.3
3/20/2021 15:30,47,67.3
3/20/2021 15:35,47,67.3
3/20/2021 15:40,47,67.3
3/20/2021 15:45,47,67.1
3/20/2021 15:50,47,67.1
3/20/2021 15:55,47,67
3/20/2021 16:00,47,67
3/20/2021 16:05,47,66.9
3/20/2021 16:10,47,66.8
3/20/2021 16:15,47,66.8
3/20/2021 16:20,47,66.8
3/20/2021 16:25,47,66.7
3/20/2021 16:30,47,66.7
3/20/2021 16:35,47,66.6
3/20/2021 16:40,47,66.6
3/20/2021 16:45,47,66.6
3/20/2021 16:50,47,66.5
3/20/2021 16:55,47,66.5
3/20/2021 17:00,47,66.3
3/20/2021 17:05,47,66.3
3/20/2021 17:10,47,66.3
3/20/2021 17:15,47,66.2
3/20/2021 17:20,47,66.1
3/20/2021 17:25,47,66.1
3/20/2021 17:30,47,66.1
3/20/2021 17:35,47,65.9
3/20/2021 17:40,47,66
3/20/2021 17:45,47,65.9
3/20/2021 17:50,47,65.9
3/20/2021 17:55,47,65.9
3/20/2021 18:00,47,65.9
3/20/2021 18:05,47,65.8
3/20/2021 18:10,47,65.8
3/20/2021 18:15,47,65.7
3/20/2021 18:20,47,65.7
3/20/2021 18:25,47,65.6
3/20/2021 18:30,47,65.6
3/20/2021 18:35,47,65.4
3/20/2021 18:40,47,65.3
3/20/2021 18:45,47,65.3
3/20/2021 18:50,47,65.3
3/20/2021 18:55,47,65.3
3/20/2021 19:00,47,65.2
3/20/2021 19:05,47,65.1
3/20/2021 19:10,47,65.1
3/20/2021 19:15,47,65
3/20/2021 19:20,47,65
3/20/2021 19:25,47,65
3/20/2021 19:30,47,64.9
3/20/2021 19:35,47,64.9
3/20/2021 19:40,47,64.8
3/20/2021 19:45,47,64.7
3/20/2021 19:50,47,64.8
3/20/2021 19:55,47,64.5
3/20/2021 20:00,47,64.5
3/20/2021 20:05,47,64.4
3/20/2021 20:10,47,64.4
3/20/2021 20:15,47,64.3
3/20/2021 20:20,47,64.4
3/20/2021 20:25,47,64.2
3/20/2021 20:30,47,64.1
3/20/2021 20:35,47,64.2
3/20/2021 20:40,47,64.1
3/20/2021 20:45,47,64
3/20/2021 20:50,47,64.1
3/20/2021 20:55,47,64
3/20/2021 21:00,47,63.9
3/20/2021 21:05,47,63.9
3/20/2021 21:10,47,63.8
3/20/2021 21:15,47,63.8
3/20/2021 21:20,47,63.8
3/20/2021 21:25,47,63.5
3/20/2021 21:30,47,63.6
3/20/2021 21:35,47,63.5
3/20/2021 21:40,47,63.4
3/20/2021 21:45,47,63.5
3/20/2021 21:50,47,63.4
3/20/2021 21:55,47,63.3
3/20/2021 22:00,47,63.3
3/20/2021 22:05,47,63.4
3/20/2021 22:10,47,63.2
3/20/2021 22:15,47,63.1
3/20/2021 22:20,47,63.2
3/20/2021 22:25,47,63.2
3/20/2021 22:30,47,63.2
3/20/2021 22:35,47,63.1
3/20/2021 22:40,47,63.1
3/20/2021 22:45,47,62.9
3/20/2021 22:50,47,63
3/20/2021 22:55,47,62.9
3/20/2021 23:00,47,62.9
3/20/2021 23:05,47,62.9
3/20/2021 23:10,47,62.8
3/20/2021 23:15,47,62.8
3/20/2021 23:20,47,62.7
3/20/2021 23:25,47,62.6
3/20/2021 23:30,47,62.6
3/20/2021 23:35,47,62.6
3/20/2021 23:40,47,62.5
3/20/2021 23:45,47,62.6
3/20/2021 23:50,47,62.5
3/20/2021 23:55,47,62.5
3/21/2021 0:00,47,62.5
3/21/2021 0:05,47,62.4
3/21/2021 0:10,47,62.3
3/21/2021 0:15,47,62.4
3/21/2021 0:20,47,62.3
3/21/2021 0:25,47,62.3
3/21/2021 0:30,47,62.2
3/21/2021 0:35,47,62.3
3/21/2021 0:40,47,62.2
3/21/2021 0:45,47,62.2
3/21/2021 0:50,47,62.2
3/21/2021 0:55,47,62.1
3/21/2021 1:00,47,62.1
3/21/2021 1:05,47,62
3/21/2021 1:10,47,62
3/21/2021 1:15,47,62.1
3/21/2021 1:20,47,62
3/21/2021 1:25,47,61.9
3/21/2021 1:30,47,61.8
3/21/2021 1:35,47,61.8
3/21/2021 1:40,47,61.9
3/21/2021 1:45,47,61.9
3/21/2021 1:50,47,61.8
3/21/2021 1:55,47,61.7
3/21/2021 2:00,47,61.7
3/21/2021 2:05,47,61.8
3/21/2021 2:10,47,61.5
3/21/2021 2:15,47,61.5
3/21/2021 2:20,47,61.7
3/21/2021 2:25,47,61.4
3/21/2021 2:30,47,61.5
3/21/2021 2:35,47,61.4
3/21/2021 2:40,47,61.4
3/21/2021 2:45,47,61.3
3/21/2021 2:50,47,61.4
3/21/2021 2:55,47,61.3
3/21/2021 3:00,47,61.3
3/21/2021 3:05,47,61.2
3/21/2021 3:10,47,61.2
3/21/2021 3:15,47,61.1
3/21/2021 3:20,47,61.1
3/21/2021 3:25,47,61
3/21/2021 3:30,47,61
3/21/2021 3:35,47,60.9
3/21/2021 3:40,47,61
3/21/2021 3:45,47,60.9
3/21/2021 3:50,47,61
3/21/2021 3:55,47,60.8
3/21/2021 4:00,47,60.9
3/21/2021 4:05,47,60.8
3/21/2021 4:10,47,60.8
3/21/2021 4:15,47,60.7
3/21/2021 4:20,47,60.7
3/21/2021 4:25,47,60.7
3/21/2021 4:30,47,60.7
3/21/2021 4:35,47,60.6
3/21/2021 4:40,47,60.6
3/21/2021 4:45,47,60.5
3/21/2021 4:50,47,60.5
3/21/2021 4:55,47,60.5
3/21/2021 5:00,47,60.5
3/21/2021 5:05,47,60.5
3/21/2021 5:10,47,60.5
3/21/2021 5:15,47,60.3
3/21/2021 5:20,47,60.2
3/21/2021 5:25,47,60.2
3/21/2021 5:30,47,60.2
3/21/2021 5:35,47,60.2
3/21/2021 5:40,47,60.2
3/21/2021 5:45,47,60.1
3/21/2021 5:50,47,60
3/21/2021 5:55,47,60
3/21/2021 6:00,47,59.9
3/21/2021 6:05,47,59.9
3/21/2021 6:10,47,59.9
3/21/2021 6:15,47,60
3/21/2021 6:20,47,59.9
3/21/2021 6:25,47,59.9
3/21/2021 6:30,47,59.8
3/21/2021 6:35,47,59.9
3/21/2021 6:40,47,59.7
3/21/2021 6:45,47,59.9
3/21/2021 6:50,47,59.7
3/21/2021 6:55,47,59.8
3/21/2021 7:00,47,59.8
3/21/2021 7:05,47,59.7
3/21/2021 7:10,47,59.6
3/21/2021 7:15,47,59.6
3/21/2021 7:20,47,59.6
3/21/2021 7:25,47,59.5
3/21/2021 7:30,47,59.5
3/21/2021 7:35,47,59.5
3/21/2021 7:40,47,59.6
3/21/2021 7:45,47,59.5
3/21/2021 7:50,47,59.4
3/21/2021 7:55,47,59.4
3/21/2021 8:00,47,59.5
3/21/2021 8:05,47,59.4
3/21/2021 8:10,47,59.4
3/21/2021 8:15,47,59.5
3/21/2021 8:20,47,59.5
3/21/2021 8:25,47,59.5
3/21/2021 8:30,47,59.5
3/21/2021 8:35,47,59.4
3/21/2021 8:40,47,59.4
3/21/2021 8:45,47,59.4
3/21/2021 8:50,47,59.4
3/21/2021 8:55,47,59.4
3/21/2021 9:00,47,59.4
3/21/2021 9:05,47,59.4
3/21/2021 9:10,47,59.4
3/21/2021 9:15,47,59.4
3/21/2021 9:20,47,59.4
3/21/2021 9:25,47,59.3
3/21/2021 9:30,47,59.3
3/21/2021 9:35,47,59.3
3/21/2021 9:40,47,59.4
3/21/2021 9:45,47,59.4
3/21/2021 9:50,47,59.4
3/21/2021 9:55,47,59.3
3/21/2021 10:00,47,59.3
3/21/2021 10:05,47,59.4
3/21/2021 10:10,47,59.3
3/21/2021 10:15,47,59.4
3/21/2021 10:20,47,59.3
3/21/2021 10:25,47,59.3
3/21/2021 10:30,47,59.2
3/21/2021 10:35,47,59.3
3/21/2021 10:40,47,59.3
3/21/2021 10:45,47,59.3
3/21/2021 10:50,47,59.3
3/21/2021 10:55,47,59.2
3/21/2021 11:00,47,59.1
3/21/2021 11:05,47,59
3/21/2021 11:10,47,59.1
3/21/2021 11:15,47,59.1
3/21/2021 11:20,47,59.1
3/21/2021 11:25,47,59
3/21/2021 11:30,47,59
3/21/2021 11:35,47,59
3/21/2021 11:40,47,58.9
3/21/2021 11:45,47,58.9
3/21/2021 11:50,47,58.9
3/21/2021 11:55,47,59
3/21/2021 12:00,47,58.9
3/21/2021 12:05,47,59.1
3/21/2021 12:10,47,59
3/21/2021 12:15,47,58.9
3/21/2021 12:20,47,58.9
3/21/2021 12:25,47,58.9
3/21/2021 12:30,47,58.9
3/21/2021 12:35,47,59
3/21/2021 12:40,47,58.8
3/21/2021 12:45,47,58.8
3/21/2021 12:50,47,58.8
3/21/2021 12:55,47,58.9
3/21/2021 13:00,47,58.9
3/21/2021 13:05,47,58.9
3/21/2021 13:10,47,58.9
3/21/2021 13:15,47,58.9
3/21/2021 13:20,47,58.8
3/21/2021 13:25,47,58.9
3/21/2021 13:30,47,58.8
3/21/2021 13:35,47,58.8
3/21/2021 13:40,47,58.6
3/21/2021 13:45,47,58.7
3/21/2021 13:50,47,58.9
3/21/2021 13:55,47,58.7
3/21/2021 14:00,47,58.8
3/21/2021 14:05,47,58.8
3/21/2021 14:10,47,58.8
3/21/2021 14:15,47,58.9
3/21/2021 14:20,47,58.8
3/21/2021 14:25,47,58.8
3/21/2021 14:30,47,58.8
3/21/2021 14:35,47,58.8
3/21/2021 14:40,47,58.7
3/21/2021 14:45,47,58.8
3/21/2021 14:50,47,58.7
3/21/2021 14:55,47,58.8
3/21/2021 15:00,47,58.8
3/21/2021 15:05,47,58.8
3/21/2021 15:10,47,58.8
3/21/2021 15:15,47,58.8
3/21/2021 15:20,47,58.8
3/21/2021 15:25,47,58.7
3/21/2021 15:30,47,58.8
3/21/2021 15:35,47,58.8
3/21/2021 15:40,47,58.7
3/21/2021 15:45,47,58.8
3/21/2021 15:50,47,58.7
3/21/2021 15:55,47,58.7
3/21/2021 16:00,47,58.6
3/21/2021 16:05,47,58.8
3/21/2021 16:10,47,58.7
3/21/2021 16:15,47,58.6
3/21/2021 16:20,47,58.7
3/21/2021 16:25,47,58.7
3/21/2021 16:30,47,58.7
3/21/2021 16:35,47,58.9
3/21/2021 16:40,47,58.6
3/21/2021 16:45,47,58.8
3/21/2021 16:50,47,58.8
3/21/2021 16:55,47,58.7
3/21/2021 17:00,47,58.8
3/21/2021 17:05,47,58.7
3/21/2021 17:10,47,58.9
3/21/2021 17:15,47,58.9
3/21/2021 17:20,47,58.9
3/21/2021 17:25,47,58.9
3/21/2021 17:30,47,58.9
3/21/2021 17:35,47,58.9
3/21/2021 17:40,47,58.9
3/21/2021 17:45,47,58.9
3/21/2021 17:50,47,58.9
3/21/2021 17:55,47,59
3/21/2021 18:00,47,59
3/21/2021 18:05,47,59.1
3/21/2021 18:10,47,59
3/21/2021 18:15,47,58.9
3/21/2021 18:20,47,59.1
3/21/2021 18:25,47,59
3/21/2021 18:30,47,59
3/21/2021 18:35,47,59
3/21/2021 18:40,47,59
3/21/2021 18:45,47,59.1
3/21/2021 18:50,47,59.1
3/21/2021 18:55,47,59.1
3/21/2021 19:00,47,59.1
3/21/2021 19:05,47,59.1
3/21/2021 19:10,47,59.1
3/21/2021 19:15,47,59.2
3/21/2021 19:20,47,59.2
3/21/2021 19:25,47,59.1
3/21/2021 19:30,47,59.2
3/21/2021 19:35,47,59.2
3/21/2021 19:40,47,59.1
3/21/2021 19:45,47,59.1
3/21/2021 19:50,47,59.1
3/21/2021 19:55,47,59.1
3/21/2021 20:00,47,59
3/21/2021 20:05,47,59.1
3/21/2021 20:10,47,59.1
3/21/2021 20:15,47,59.1
3/21/2021 20:20,47,59.2
3/21/2021 20:25,47,59.2
3/21/2021 20:30,47,59.1
3/21/2021 20:35,47,59.1
3/21/2021 20:40,47,59.1
3/21/2021 20:45,47,59
3/21/2021 20:50,47,59.1
3/21/2021 20:55,47,59
3/21/2021 21:00,47,59
3/21/2021 21:05,47,59.2
3/21/2021 21:10,47,58.9
3/21/2021 21:15,47,59.1
3/21/2021 21:20,47,59
3/21/2021 21:25,47,59
3/21/2021 21:30,47,59
3/21/2021 21:35,47,59
3/21/2021 21:40,47,59
3/21/2021 21:45,47,59
3/21/2021 21:50,47,59
3/21/2021 21:55,47,59
3/21/2021 22:00,47,59.1
3/21/2021 22:05,47,59.1
3/21/2021 22:10,47,59
3/21/2021 22:15,47,59.1
3/21/2021 22:20,47,59
3/21/2021 22:25,47,59
3/21/2021 22:30,47,59.1
3/21/2021 22:35,47,59.1
3/21/2021 22:40,47,59
3/21/2021 22:45,47,59.1
3/21/2021 22:50,47,59
3/21/2021 22:55,47,59.1
3/21/2021 23:00,47,59.1
3/21/2021 23:05,47,59.1
3/21/2021 23:10,47,59
3/21/2021 23:15,47,59.1
3/21/2021 23:20,47,59
3/21/2021 23:25,47,59.1
3/21/2021 23:30,47,59
3/21/2021 23:35,47,59.1
3/21/2021 23:40,47,59.1
3/21/2021 23:45,47,59.1
3/21/2021 23:50,47,59.1
3/21/2021 23:55,47,59.2
3/22/2021 0:00,47,59.1
3/22/2021 0:05,47,59.2
3/22/2021 0:10,47,59.1
3/22/2021 0:15,47,59.1
3/22/2021 0:20,47,59.2
3/22/2021 0:25,47,59.1
3/22/2021 0:30,47,59.1
3/22/2021 0:35,47,59.2
3/22/2021 0:40,47,59.2
3/22/2021 0:45,47,59.1
3/22/2021 0:50,47,59.2
3/22/2021 0:55,47,59.2
3/22/2021 1:00,47,59.1
3/22/2021 1:05,47,59.1
3/22/2021 1:10,47,59.1
3/22/2021 1:15,47,59.2
3/22/2021 1:20,47,59.1
3/22/2021 1:25,47,59.1
3/22/2021 1:30,47,59.1
3/22/2021 1:35,47,59.1
3/22/2021 1:40,47,59.1
3/22/2021 1:45,47,59.2
3/22/2021 1:50,47,59.1
3/22/2021 1:55,47,59.1
3/22/2021 2:00,47,59.1
3/22/2021 2:05,47,59.1
3/22/2021 2:10,47,59
3/22/2021 2:15,47,59.1
3/22/2021 2:20,47,59
3/22/2021 2:25,47,59.1
3/22/2021 2:30,47,59
3/22/2021 2:35,47,59
3/22/2021 2:40,47,59
3/22/2021 2:45,47,59
3/22/2021 2:50,47,59.1
3/22/2021 2:55,47,59
3/22/2021 3:00,47,59.1
3/22/2021 3:05,47,59
3/22/2021 3:10,47,59
3/22/2021 3:15,47,59
3/22/2021 3:20,47,59
3/22/2021 3:25,47,59
3/22/2021 3:30,47,59
3/22/2021 3:35,47,59
3/22/2021 3:40,47,59
3/22/2021 3:45,47,59
3/22/2021 3:50,47,59
3/22/2021 3:55,47,58.9
3/22/2021 4:00,47,58.8
3/22/2021 4:05,47,58.9
3/22/2021 4:10,47,58.9
3/22/2021 4:15,47,58.9
3/22/2021 4:20,47,58.9
3/22/2021 4:25,47,58.9
3/22/2021 4:30,47,58.8
3/22/2021 4:35,47,58.9
3/22/2021 4:40,47,58.8
3/22/2021 4:45,47,58.8
3/22/2021 4:50,47,58.8
3/22/2021 4:55,47,58.7
3/22/2021 5:00,47,58.7
3/22/2021 5:05,47,58.7
3/22/2021 5:10,47,58.7
3/22/2021 5:15,47,58.7
3/22/2021 5:20,47,58.8
3/22/2021 5:25,47,58.7
3/22/2021 5:30,47,58.7
3/22/2021 5:35,47,58.6
3/22/2021 5:40,47,58.6
3/22/2021 5:45,47,58.5
3/22/2021 5:50,47,58.6
3/22/2021 5:55,47,58.6
3/22/2021 6:00,47,58.6
3/22/2021 6:05,47,58.5
3/22/2021 6:10,47,58.6
3/22/2021 6:15,47,58.6
3/22/2021 6:20,47,58.7
3/22/2021 6:25,47,58.5
3/22/2021 6:30,47,58.5
3/22/2021 6:35,47,58.5
3/22/2021 6:40,47,58.5
3/22/2021 6:45,47,58.5
3/22/2021 6:50,47,58.5
3/22/2021 6:55,47,58.4
3/22/2021 7:00,47,58.4
3/22/2021 7:05,47,58.4
3/22/2021 7:10,47,58.3
3/22/2021 7:15,47,58.5
3/22/2021 7:20,47,58.4
3/22/2021 7:25,47,58.3
3/22/2021 7:30,47,58.3
3/22/2021 7:35,47,58.4
3/22/2021 7:40,47,58.3
3/22/2021 7:45,47,58.4
3/22/2021 7:50,47,58.4
3/22/2021 7:55,47,58.4
3/22/2021 8:00,47,58.3
3/22/2021 8:05,47,58.4
3/22/2021 8:10,47,58.4
3/22/2021 8:15,47,58.2
3/22/2021 8:20,47,58.3
3/22/2021 8:25,47,58.3
3/22/2021 8:30,47,58.3
3/22/2021 8:35,47,58.2
3/22/2021 8:40,47,58.3
3/22/2021 8:45,47,58.3
3/22/2021 8:50,47,58.3
3/22/2021 8:55,47,58.2
3/22/2021 9:00,47,58.2
3/22/2021 9:05,47,58.2
3/22/2021 9:10,47,58
3/22/2021 9:15,47,58.3
3/22/2021 9:20,47,58.1
3/22/2021 9:25,47,58
3/22/2021 9:30,47,58.1
3/22/2021 9:35,47,58.1
3/22/2021 9:40,47,58.1
3/22/2021 9:45,47,58.1
3/22/2021 9:50,47,58.1
3/22/2021 9:55,47,58.1
3/22/2021 10:00,47,57.9
3/22/2021 10:05,47,58
3/22/2021 10:10,47,58
3/22/2021 10:15,47,58
3/22/2021 10:20,47,58
3/22/2021 10:25,47,58
3/22/2021 10:30,47,57.9
3/22/2021 10:35,47,58
3/22/2021 10:40,47,57.9
3/22/2021 10:45,47,57.9
3/22/2021 10:50,47,57.9
3/22/2021 10:55,47,57.9
3/22/2021 11:00,47,57.9
3/22/2021 11:05,47,57.8
3/22/2021 11:10,47,57.8
3/22/2021 11:15,47,57.8
3/22/2021 11:20,47,57.8
3/22/2021 11:25,47,57.9
3/22/2021 11:30,47,57.8
3/22/2021 11:35,47,57.8
3/22/2021 11:40,47,57.8
3/22/2021 11:45,47,57.7
3/22/2021 11:50,47,57.8
3/22/2021 11:55,47,57.7
3/22/2021 12:00,47,57.8
3/22/2021 12:05,47,57.8
3/22/2021 12:10,47,57.8
3/22/2021 12:15,47,57.8
3/22/2021 12:20,47,57.6
3/22/2021 12:25,47,57.7
3/22/2021 12:30,47,57.6
3/22/2021 12:35,47,57.6
3/22/2021 12:40,47,57.7
3/22/2021 12:45,47,57.6
3/22/2021 12:50,47,57.6
3/22/2021 12:55,47,57.6
3/22/2021 13:00,47,57.7
3/22/2021 13:05,47,57.5
3/22/2021 13:10,47,57.5
3/22/2021 13:15,47,57.5
3/22/2021 13:20,47,57.5
3/22/2021 13:25,47,57.4
3/22/2021 13:30,47,57.3
3/22/2021 13:35,47,57.4
3/22/2021 13:40,47,57.3
3/22/2021 13:45,47,57.3
3/22/2021 13:50,47,57.3
3/22/2021 13:55,47,57.2
3/22/2021 14:00,47,57.3
3/22/2021 14:05,47,57.2
3/22/2021 14:10,47,57.1
3/22/2021 14:15,47,57.4
3/22/2021 14:20,47,57.1
3/22/2021 14:25,47,57.2
3/22/2021 14:30,47,57.2
3/22/2021 14:35,47,57.1
3/22/2021 14:40,47,57.1
3/22/2021 14:45,47,57
3/22/2021 14:50,47,57
3/22/2021 14:55,47,57
3/22/2021 15:00,47,57
3/22/2021 15:05,47,57
3/22/2021 15:10,47,56.9
3/22/2021 15:15,47,56.9
3/22/2021 15:20,47,56.8
3/22/2021 15:25,47,56.9
3/22/2021 15:30,47,56.8
3/22/2021 15:35,47,56.8
3/22/2021 15:40,47,56.8
3/22/2021 15:45,47,56.8
3/22/2021 15:50,47,56.7
3/22/2021 15:55,47,56.8
3/22/2021 16:00,47,56.7
3/22/2021 16:05,47,56.7
3/22/2021 16:10,47,56.6
3/22/2021 16:15,47,56.6
3/22/2021 16:20,47,56.7
3/22/2021 16:25,47,56.6
3/22/2021 16:30,47,56.6
3/22/2021 16:35,47,56.6
3/22/2021 16:40,47,56.4
3/22/2021 16:45,47,56.4
3/22/2021 16:50,47,56.4
3/22/2021 16:55,47,56.4
3/22/2021 17:00,47,56.5
3/22/2021 17:05,47,56.3
3/22/2021 17:10,47,56.3
3/22/2021 17:15,47,56.3
3/22/2021 17:20,47,56.2
3/22/2021 17:25,47,56.1
3/22/2021 17:30,47,56.1
3/22/2021 17:35,47,56.1
3/22/2021 17:40,47,56
3/22/2021 17:45,47,56
3/22/2021 17:50,47,56
3/22/2021 17:55,47,55.9
3/22/2021 18:00,47,55.9
3/22/2021 18:05,47,55.9
3/22/2021 18:10,47,55.8
3/22/2021 18:15,47,55.8
3/22/2021 18:20,47,55.7
3/22/2021 18:25,47,55.8
3/22/2021 18:30,47,55.7
3/22/2021 18:35,47,55.7
3/22/2021 18:40,47,55.7
3/22/2021 18:45,47,55.6
3/22/2021 18:50,47,55.5
3/22/2021 18:55,47,55.5
3/22/2021 19:00,47,55.5
3/22/2021 19:05,47,55.4
3/22/2021 19:10,47,55.4
3/22/2021 19:15,47,55.4
3/22/2021 19:20,47,55.3
3/22/2021 19:25,47,55.4
3/22/2021 19:30,47,55.4
3/22/2021 19:35,47,55.3
3/22/2021 19:40,47,55.2
3/22/2021 19:45,47,55.3
3/22/2021 19:50,47,55.3
3/22/2021 19:55,47,55.2
3/22/2021 20:00,47,55.2
3/22/2021 20:05,47,55.2
3/22/2021 20:10,47,55.1
3/22/2021 20:15,47,55.1
3/22/2021 20:20,47,55
3/22/2021 20:25,47,54.9
3/22/2021 20:30,47,55
3/22/2021 20:35,47,54.8
3/22/2021 20:40,47,54.8
3/22/2021 20:45,47,54.7
3/22/2021 20:50,47,54.7
3/22/2021 20:55,47,54.7
3/22/2021 21:00,47,54.7
3/22/2021 21:05,47,54.7
3/22/2021 21:10,47,54.7
3/22/2021 21:15,47,54.6
3/22/2021 21:20,47,54.5
3/22/2021 21:25,47,54.6
3/22/2021 21:30,47,54.5
3/22/2021 21:35,47,54.5
3/22/2021 21:40,47,54.5
3/22/2021 21:45,47,54.3
3/22/2021 21:50,47,54.3
3/22/2021 21:55,47,54.3
3/22/2021 22:00,47,54.3
3/22/2021 22:05,47,54.3
3/22/2021 22:10,47,54.2
3/22/2021 22:15,47,54.2
3/22/2021 22:20,47,54.1
3/22/2021 22:25,47,54.1
3/22/2021 22:30,47,54.1
3/22/2021 22:35,47,54
3/22/2021 22:40,47,54
3/22/2021 22:45,47,53.9
3/22/2021 22:50,47,54
3/22/2021 22:55,47,54.1
3/22/2021 23:00,47,54
3/22/2021 23:05,47,54
3/22/2021 23:10,47,53.9
3/22/2021 23:15,47,53.9
3/22/2021 23:20,47,53.9
3/22/2021 23:25,47,53.8
3/22/2021 23:30,47,53.8
3/22/2021 23:35,47,53.8
3/22/2021 23:40,47,53.8
3/22/2021 23:45,47,53.9
3/22/2021 23:50,47,53.8
3/22/2021 23:55,47,53.7
3/23/2021 0:00,47,53.7
3/23/2021 0:05,47,53.8
3/23/2021 0:10,47,53.7
3/23/2021 0:15,47,53.7
3/23/2021 0:20,47,53.7
3/23/2021 0:25,47,53.7
3/23/2021 0:30,47,53.7
3/23/2021 0:35,47,53.7
3/23/2021 0:40,47,53.6
3/23/2021 0:45,47,53.5
3/23/2021 0:50,47,53.6
3/23/2021 0:55,47,53.6
3/23/2021 1:00,47,53.5
3/23/2021 1:05,47,53.5
3/23/2021 1:10,47,53.6
3/23/2021 1:15,47,53.4
3/23/2021 1:20,47,53.4
3/23/2021 1:25,47,53.4
3/23/2021 1:30,47,53.4
3/23/2021 1:35,47,53.3
3/23/2021 1:40,47,53.4
3/23/2021 1:45,47,53.3
3/23/2021 1:50,47,53.4
3/23/2021 1:55,47,53.3
3/23/2021 2:00,47,53.3
3/23/2021 2:05,47,53.2
3/23/2021 2:10,47,53.2
3/23/2021 2:15,47,53.1
3/23/2021 2:20,47,53.1
3/23/2021 2:25,47,53.1
3/23/2021 2:30,47,53.1
3/23/2021 2:35,47,53.1
3/23/2021 2:40,47,53
3/23/2021 2:45,47,53
3/23/2021 2:50,47,52.9
3/23/2021 2:55,47,53
3/23/2021 3:00,47,53
3/23/2021 3:05,47,52.9
3/23/2021 3:10,47,52.9
3/23/2021 3:15,47,52.9
3/23/2021 3:20,47,52.8
3/23/2021 3:25,47,52.8
3/23/2021 3:30,47,52.8
3/23/2021 3:35,47,52.7
3/23/2021 3:40,47,52.7
3/23/2021 3:45,47,52.7
3/23/2021 3:50,47,52.7
3/23/2021 3:55,47,52.6
3/23/2021 4:00,47,52.6
3/23/2021 4:05,47,52.6
3/23/2021 4:10,47,52.6
3/23/2021 4:15,47,52.6
3/23/2021 4:20,47,52.5
3/23/2021 4:25,47,52.4
3/23/2021 4:30,47,52.5
3/23/2021 4:35,47,52.5
3/23/2021 4:40,47,52.4
3/23/2021 4:45,47,52.5
3/23/2021 4:50,47,52.4
3/23/2021 4:55,47,52.4
3/23/2021 5:00,47,52.4
3/23/2021 5:05,47,52.3
3/23/2021 5:10,47,52.3
3/23/2021 5:15,47,52.2
3/23/2021 5:20,47,52.3
3/23/2021 5:25,47,52.2
3/23/2021 5:30,47,52.2
3/23/2021 5:35,47,52.2
3/23/2021 5:40,47,52.2
3/23/2021 5:45,47,52.1
3/23/2021 5:50,47,52.1
3/23/2021 5:55,47,52.1
3/23/2021 6:00,47,52.1
3/23/2021 6:05,47,52.1
3/23/2021 6:10,47,52.1
3/23/2021 6:15,47,52.1
3/23/2021 6:20,47,52.1
3/23/2021 6:25,47,52.1
3/23/2021 6:30,47,52
3/23/2021 6:35,47,52
3/23/2021 6:40,47,52
3/23/2021 6:45,47,52
3/23/2021 6:50,47,52
3/23/2021 6:55,47,52
3/23/2021 7:00,47,52
3/23/2021 7:05,47,51.9
3/23/2021 7:10,47,52
3/23/2021 7:15,47,51.9
3/23/2021 7:20,47,51.9
3/23/2021 7:25,47,51.8
3/23/2021 7:30,47,51.9
3/23/2021 7:35,47,51.8
3/23/2021 7:40,47,51.8
3/23/2021 7:45,47,51.8
3/23/2021 7:50,47,51.8
3/23/2021 7:55,47,51.8
3/23/2021 8:00,47,51.8
3/23/2021 8:05,47,51.8
3/23/2021 8:10,47,51.8
3/23/2021 8:15,47,51.7
3/23/2021 8:20,47,51.8
3/23/2021 8:25,47,51.7
3/23/2021 8:30,47,51.6
3/23/2021 8:35,47,51.6
3/23/2021 8:40,47,51.7
3/23/2021 8:45,47,51.6
3/23/2021 8:50,47,51.7
3/23/2021 8:55,47,51.6
3/23/2021 9:00,47,51.6
3/23/2021 9:05,47,51.7
3/23/2021 9:10,47,51.6
3/23/2021 9:15,47,51.7
3/23/2021 9:20,47,51.6
3/23/2021 9:25,47,51.6
3/23/2021 9:30,47,51.6
3/23/2021 9:35,47,51.6
3/23/2021 9:40,47,51.5
3/23/2021 9:45,47,51.6
3/23/2021 9:50,47,51.5
3/23/2021 9:55,47,51.5
3/23/2021 10:00,47,51.5
3/23/2021 10:05,47,51.4
3/23/2021 10:10,47,51.4
3/23/2021 10:15,47,51.3
3/23/2021 10:20,47,51.3
3/23/2021 10:25,47,51.4
3/23/2021 10:30,47,51.3
3/23/2021 10:35,47,51.2
3/23/2021 10:40,47,51.2
3/23/2021 10:45,47,51.2
3/23/2021 10:50,47,51.1
3/23/2021 10:55,47,51.1
3/23/2021 11:00,47,51.1
3/23/2021 11:05,47,51.1
3/23/2021 11:10,47,51.1
3/23/2021 11:15,47,51.1
3/23/2021 11:20,47,51.1
3/23/2021 11:25,47,51.1
3/23/2021 11:30,47,51
3/23/2021 11:35,47,51.1
3/23/2021 11:40,47,51.2
3/23/2021 11:45,47,51
3/23/2021 11:50,47,51.2
3/23/2021 11:55,47,51.1
3/23/2021 12:00,47,51.2
3/23/2021 12:05,47,51.1
3/23/2021 12:10,47,51
3/23/2021 12:15,47,51
3/23/2021 12:20,47,51
3/23/2021 12:25,47,50.9
3/23/2021 12:30,47,51
3/23/2021 12:35,47,51
3/23/2021 12:40,47,51
3/23/2021 12:45,47,51
3/23/2021 12:50,47,51
3/23/2021 12:55,47,51.1
3/23/2021 13:00,47,51.1
3/23/2021 13:05,47,51
3/23/2021 13:10,47,50.9
3/23/2021 13:15,47,50.9
3/23/2021 13:20,47,50.8
3/23/2021 13:25,47,50.9
3/23/2021 13:30,47,50.8
3/23/2021 13:35,47,50.8
3/23/2021 13:40,47,50.8
3/23/2021 13:45,47,50.8
3/23/2021 13:50,47,50.8
3/23/2021 13:55,47,50.7
3/23/2021 14:00,47,50.7
3/23/2021 14:05,47,50.8
3/23/2021 14:10,47,50.7
3/23/2021 14:15,47,50.7
3/23/2021 14:20,47,50.7
3/23/2021 14:25,47,50.7
3/23/2021 14:30,47,50.6
3/23/2021 14:35,47,50.6
3/23/2021 14:40,47,50.6
3/23/2021 14:45,47,50.6
3/23/2021 14:50,47,50.5
3/23/2021 14:55,47,50.5
3/23/2021 15:00,47,50.5
3/23/2021 15:05,47,50.4
3/23/2021 15:10,47,50.4
3/23/2021 15:15,47,50.4
3/23/2021 15:20,47,50.4
3/23/2021 15:25,47,50.3
3/23/2021 15:30,47,50.4
3/23/2021 15:35,47,50.4
3/23/2021 15:40,47,50.4
3/23/2021 15:45,47,50.3
3/23/2021 15:50,47,50.3
3/23/2021 15:55,47,50.2
3/23/2021 16:00,47,50.2
3/23/2021 16:05,47,50.2
3/23/2021 16:10,47,50.1
3/23/2021 16:15,47,50.1
3/23/2021 16:20,47,50.1
3/23/2021 16:25,47,50.1
3/23/2021 16:30,47,50.1
3/23/2021 16:35,47,50.1
3/23/2021 16:40,47,50
3/23/2021 16:45,47,50
3/23/2021 16:50,47,49.9
3/23/2021 16:55,47,49.9
3/23/2021 17:00,47,49.9
3/23/2021 17:05,47,49.9
3/23/2021 17:10,47,49.9
3/23/2021 17:15,47,49.9
3/23/2021 17:20,47,49.9
3/23/2021 17:25,47,49.8
3/23/2021 17:30,47,49.8
3/23/2021 17:35,47,49.8
3/23/2021 17:40,47,49.7
3/23/2021 17:45,47,49.8
3/23/2021 17:50,47,49.8
3/23/2021 17:55,47,49.7
3/23/2021 18:00,47,49.7
3/23/2021 18:05,47,49.7
3/23/2021 18:10,47,49.7
3/23/2021 18:15,47,49.6
3/23/2021 18:20,47,49.6
3/23/2021 18:25,47,49.6
3/23/2021 18:30,47,49.5
3/23/2021 18:35,47,49.5
3/23/2021 18:40,47,49.5
3/23/2021 18:45,47,49.5
3/23/2021 18:50,47,49.5
3/23/2021 18:55,47,49.5
3/23/2021 19:00,47,49.4
3/23/2021 19:05,47,49.4
3/23/2021 19:10,47,49.4
3/23/2021 19:15,47,49.3
3/23/2021 19:20,47,49.2
3/23/2021 19:25,47,49.2
3/23/2021 19:30,47,49.2
3/23/2021 19:35,47,49.1
3/23/2021 19:40,47,49.1
3/23/2021 19:45,47,49
3/23/2021 19:50,47,49.1
3/23/2021 19:55,47,49.1
3/23/2021 20:00,47,49.1
3/23/2021 20:05,47,48.9
3/23/2021 20:10,47,49
3/23/2021 20:15,47,48.9
3/23/2021 20:20,47,48.9
3/23/2021 20:25,47,48.9
3/23/2021 20:30,47,48.8
3/23/2021 20:35,47,48.8
3/23/2021 20:40,47,48.8
3/23/2021 20:45,47,48.7
3/23/2021 20:50,47,48.8
3/23/2021 20:55,47,48.7
3/23/2021 21:00,47,48.6
3/23/2021 21:05,47,48.7
3/23/2021 21:10,47,48.6
3/23/2021 21:15,47,48.6
3/23/2021 21:20,47,48.5
3/23/2021 21:25,47,48.5
3/23/2021 21:30,47,48.6
3/23/2021 21:35,47,48.5
3/23/2021 21:40,47,48.4
3/23/2021 21:45,47,48.4
3/23/2021 21:50,47,48.4
3/23/2021 21:55,47,48.4
3/23/2021 22:00,47,48.3
3/23/2021 22:05,47,48.4
3/23/2021 22:10,47,48.3
3/23/2021 22:15,47,48.3
3/23/2021 22:20,47,48.4
3/23/2021 22:25,47,48.3
3/23/2021 22:30,47,48.2
3/23/2021 22:35,47,48.1
3/23/2021 22:40,47,48.2
3/23/2021 22:45,47,48.2
3/23/2021 22:50,47,48.2
3/23/2021 22:55,47,48.2
3/23/2021 23:00,47,48.2
3/23/2021 23:05,47,48.2
3/23/2021 23:10,47,48.1
3/23/2021 23:15,47,48.1
3/23/2021 23:20,47,48.1
3/23/2021 23:25,47,48.1
3/23/2021 23:30,47,48.2
3/23/2021 23:35,47,48.1
3/23/2021 23:40,47,48.1
3/23/2021 23:45,47,48.1
3/23/2021 23:50,47,48
3/23/2021 23:55,47,48.1
3/24/2021 0:00,47,48.1
3/24/2021 0:05,47,48.1
3/24/2021 0:10,47,48
3/24/2021 0:15,47,48
3/24/2021 0:20,47,48.1
3/24/2021 0:25,47,48
3/24/2021 0:30,47,48.1
3/24/2021 0:35,47,48
3/24/2021 0:40,47,48
3/24/2021 0:45,47,48
3/24/2021 0:50,47,47.7
3/24/2021 0:55,47,47.9
3/24/2021 1:00,47,47.8
3/24/2021 1:05,47,47.8
3/24/2021 1:10,47,47.9
3/24/2021 1:15,47,47.8
3/24/2021 1:20,47,47.9
3/24/2021 1:25,47,47.9
3/24/2021 1:30,47,47.9
3/24/2021 1:35,47,47.8
3/24/2021 1:40,47,47.9
3/24/2021 1:45,47,47.8
3/24/2021 1:50,47,47.8
3/24/2021 1:55,47,48
3/24/2021 2:00,47,48.1
3/24/2021 2:05,47,48
3/24/2021 2:10,47,47.9
3/24/2021 2:15,47,47.9
3/24/2021 2:20,47,47.9
3/24/2021 2:25,47,47.9
3/24/2021 2:30,47,47.8
3/24/2021 2:35,47,47.8
3/24/2021 2:40,47,47.9
3/24/2021 2:45,47,47.8
3/24/2021 2:50,47,47.8
3/24/2021 2:55,47,47.8
3/24/2021 3:00,47,47.8
3/24/2021 3:05,47,48
3/24/2021 3:10,47,47.9
3/24/2021 3:15,47,47.8
3/24/2021 3:20,47,47.7
3/24/2021 3:25,47,47.9
3/24/2021 3:30,47,47.8
3/24/2021 3:35,47,47.6
3/24/2021 3:40,47,47.7
3/24/2021 3:45,47,47.8
3/24/2021 3:50,47,47.8
3/24/2021 3:55,47,47.7
3/24/2021 4:00,47,47.8
3/24/2021 4:05,47,47.7
3/24/2021 4:10,47,47.7
3/24/2021 4:15,47,47.6
3/24/2021 4:20,47,47.6
3/24/2021 4:25,47,47.6
3/24/2021 4:30,47,47.7
3/24/2021 4:35,47,47.7
3/24/2021 4:40,47,47.7
3/24/2021 4:45,47,47.6
3/24/2021 4:50,47,47.7
3/24/2021 4:55,47,47.7
3/24/2021 5:00,47,47.8
3/24/2021 5:05,47,47.7
3/24/2021 5:10,47,47.8
3/24/2021 5:15,47,47.8
3/24/2021 5:20,47,47.9
3/24/2021 5:25,47,47.8
3/24/2021 5:30,47,48
3/24/2021 5:35,47,47.9
3/24/2021 5:40,47,47.9
3/24/2021 5:45,47,48.1
3/24/2021 5:50,47,48.1
3/24/2021 5:55,47,48.2
3/24/2021 6:00,47,48.2
3/24/2021 6:05,47,48.2
3/24/2021 6:10,47,48.2
3/24/2021 6:15,47,48.2
3/24/2021 6:20,47,48.2
3/24/2021 6:25,47,48.1
3/24/2021 6:30,47,48.2
3/24/2021 6:35,47,48.1
3/24/2021 6:40,47,48.1
3/24/2021 6:45,47,48.2
3/24/2021 6:50,47,48.3
3/24/2021 6:55,47,48.2
3/24/2021 7:00,47,48.2
3/24/2021 7:05,47,48.2
3/24/2021 7:10,47,48.2
3/24/2021 7:15,47,48.3
3/24/2021 7:20,47,48.3
3/24/2021 7:25,47,48.4
3/24/2021 7:30,47,48.4
3/24/2021 7:35,47,48.4
3/24/2021 7:40,47,48.4
3/24/2021 7:45,47,48.4
3/24/2021 7:50,47,48.4
3/24/2021 7:55,47,48.5
3/24/2021 8:00,47,48.5
3/24/2021 8:05,47,48.5
3/24/2021 8:10,47,48.6
3/24/2021 8:15,47,48.6
3/24/2021 8:20,47,48.5
3/24/2021 8:25,47,48.7
3/24/2021 8:30,47,48.6
3/24/2021 8:35,47,48.6
3/24/2021 8:40,47,48.6
3/24/2021 8:45,47,48.6
3/24/2021 8:50,47,48.7
3/24/2021 8:55,47,48.6
3/24/2021 9:00,47,48.7
3/24/2021 9:05,47,48.7
3/24/2021 9:10,47,48.7
3/24/2021 9:15,47,48.8
3/24/2021 9:20,47,48.7
3/24/2021 9:25,47,48.7
3/24/2021 9:30,47,48.8
3/24/2021 9:35,47,48.7
3/24/2021 9:40,47,48.7
3/24/2021 9:45,47,48.8
3/24/2021 9:50,47,48.8
3/24/2021 9:55,47,48.8
3/24/2021 10:00,47,48.8
3/24/2021 10:05,47,48.9
3/24/2021 10:10,47,48.8
3/24/2021 10:15,47,48.8
3/24/2021 10:20,47,48.8
3/24/2021 10:25,47,48.8
3/24/2021 10:30,47,48.8
3/24/2021 10:35,47,48.8
3/24/2021 10:40,47,48.8
3/24/2021 10:45,47,48.9
3/24/2021 10:50,47,48.8
3/24/2021 10:55,47,48.9
3/24/2021 11:00,47,48.8
3/24/2021 11:05,47,48.8
3/24/2021 11:10,47,48.9
3/24/2021 11:15,47,48.8
3/24/2021 11:20,47,48.9
3/24/2021 11:25,47,48.9
3/24/2021 11:30,47,48.9
3/24/2021 11:35,47,48.9
3/24/2021 11:40,47,48.9
3/24/2021 11:45,47,48.8
3/24/2021 11:50,47,48.9
3/24/2021 11:55,47,48.8
3/24/2021 12:00,47,48.9
3/24/2021 12:05,47,48.8
3/24/2021 12:10,47,48.8
3/24/2021 12:15,47,48.8
3/24/2021 12:20,47,48.9
3/24/2021 12:25,47,49
3/24/2021 12:30,47,49
3/24/2021 12:35,47,49.1
3/24/2021 12:40,47,49
3/24/2021 12:45,47,48.9
3/24/2021 12:50,47,49
3/24/2021 12:55,47,49
3/24/2021 13:00,47,49
3/24/2021 13:05,47,48.9
3/24/2021 13:10,47,49
3/24/2021 13:15,47,49
3/24/2021 13:20,47,49
3/24/2021 13:25,47,49.1
3/24/2021 13:30,47,49
3/24/2021 13:35,47,49
3/24/2021 13:40,47,49
3/24/2021 13:45,47,49
3/24/2021 13:50,47,49
3/24/2021 13:55,47,49
3/24/2021 14:00,47,49
3/24/2021 14:05,47,49.1
3/24/2021 14:10,47,49.1
3/24/2021 14:15,47,49
3/24/2021 14:20,47,49
3/24/2021 14:25,47,49
3/24/2021 14:30,47,49
3/24/2021 14:35,47,49
3/24/2021 14:40,47,49
3/24/2021 14:45,47,48.9
3/24/2021 14:50,47,49
3/24/2021 14:55,47,48.9
3/24/2021 15:00,47,49
3/24/2021 15:05,47,48.9
3/24/2021 15:10,47,48.9
3/24/2021 15:15,47,48.9
3/24/2021 15:20,47,48.9
3/24/2021 15:25,47,48.9
3/24/2021 15:30,47,48.9
3/24/2021 15:35,47,48.9
3/24/2021 15:40,47,48.8
3/24/2021 15:45,47,48.9
3/24/2021 15:50,47,48.9
3/24/2021 15:55,47,48.8
3/24/2021 16:00,47,48.8
3/24/2021 16:05,47,48.9
3/24/2021 16:10,47,48.8
3/24/2021 16:15,47,48.8
3/24/2021 16:20,47,48.8
3/24/2021 16:25,47,48.9
3/24/2021 16:30,47,48.8
3/24/2021 16:35,47,48.8
3/24/2021 16:40,47,48.8
3/24/2021 16:45,47,48.8
3/24/2021 16:50,47,48.8
3/24/2021 16:55,47,48.7
3/24/2021 17:00,47,48.8
3/24/2021 17:05,47,48.9
3/24/2021 17:10,47,48.7
3/24/2021 17:15,47,48.7
3/24/2021 17:20,47,48.8
3/24/2021 17:25,47,48.7
3/24/2021 17:30,47,48.8
3/24/2021 17:35,47,48.8
3/24/2021 17:40,47,48.8
3/24/2021 17:45,47,48.8
3/24/2021 17:50,47,48.8
3/24/2021 17:55,47,48.8
3/24/2021 18:00,47,48.8
3/24/2021 18:05,47,48.8
3/24/2021 18:10,47,48.9
3/24/2021 18:15,47,48.8
3/24/2021 18:20,47,48.8
3/24/2021 18:25,47,48.8
3/24/2021 18:30,47,48.8
3/24/2021 18:35,47,48.7
3/24/2021 18:40,47,48.8
3/24/2021 18:45,47,48.9
3/24/2021 18:50,47,49
3/24/2021 18:55,47,48.8
3/24/2021 19:00,47,48.8
3/24/2021 19:05,47,48.8
3/24/2021 19:10,47,48.8
3/24/2021 19:15,47,48.8
3/24/2021 19:20,47,48.8
3/24/2021 19:25,47,48.7
3/24/2021 19:30,47,48.7
3/24/2021 19:35,47,48.7
3/24/2021 19:40,47,48.7
3/24/2021 19:45,47,48.8
3/24/2021 19:50,47,48.8
3/24/2021 19:55,47,48.8
3/24/2021 20:00,47,48.7
3/24/2021 20:05,47,48.8
3/24/2021 20:10,47,48.8
3/24/2021 20:15,47,48.7
3/24/2021 20:20,47,48.7
3/24/2021 20:25,47,48.8
3/24/2021 20:30,47,48.7
3/24/2021 20:35,47,48.8
3/24/2021 20:40,47,48.8
3/24/2021 20:45,47,48.8
3/24/2021 20:50,47,48.8
3/24/2021 20:55,47,48.8
3/24/2021 21:00,47,48.7
3/24/2021 21:05,47,48.8
3/24/2021 21:10,47,48.8
3/24/2021 21:15,47,48.9
3/24/2021 21:20,47,48.8
3/24/2021 21:25,47,48.8
3/24/2021 21:30,47,48.8
3/24/2021 21:35,47,48.9
3/24/2021 21:40,47,48.9
3/24/2021 21:45,47,48.9
3/24/2021 21:50,47,48.9
3/24/2021 21:55,47,48.9
3/24/2021 22:00,47,48.8
3/24/2021 22:05,47,48.9
3/24/2021 22:10,47,48.8
3/24/2021 22:15,47,48.9
3/24/2021 22:20,47,48.8
3/24/2021 22:25,47,48.8
3/24/2021 22:30,47,48.8
3/24/2021 22:35,47,48.9
3/24/2021 22:40,47,48.8
3/24/2021 22:45,47,48.8
3/24/2021 22:50,47,48.9
3/24/2021 22:55,47,48.9
3/24/2021 23:00,47,48.9
3/24/2021 23:05,47,48.8
3/24/2021 23:10,47,48.9
3/24/2021 23:15,47,48.9
3/24/2021 23:20,47,48.9
3/24/2021 23:25,47,48.9
3/24/2021 23:30,47,48.9
3/24/2021 23:35,47,49
3/24/2021 23:40,47,48.9
3/24/2021 23:45,47,49
3/24/2021 23:50,47,48.9
3/24/2021 23:55,47,48.9
3/25/2021 0:00,47,48.9
3/25/2021 0:05,47,48.9
3/25/2021 0:10,47,48.9
3/25/2021 0:15,47,48.9
3/25/2021 0:20,47,48.9
3/25/2021 0:25,47,48.9
3/25/2021 0:30,47,48.9
3/25/2021 0:35,47,49
3/25/2021 0:40,47,49
3/25/2021 0:45,47,49
3/25/2021 0:50,47,49
3/25/2021 0:55,47,49
3/25/2021 1:00,47,49
3/25/2021 1:05,47,48.9
3/25/2021 1:10,47,48.9
3/25/2021 1:15,47,49
3/25/2021 1:20,47,48.9
3/25/2021 1:25,47,48.9
3/25/2021 1:30,47,49
3/25/2021 1:35,47,48.9
3/25/2021 1:40,47,49
3/25/2021 1:45,47,48.9
3/25/2021 1:50,47,49
3/25/2021 1:55,47,48.9
3/25/2021 2:00,47,49
3/25/2021 2:05,47,48.9
3/25/2021 2:10,47,49
3/25/2021 2:15,47,48.9
3/25/2021 2:20,47,49
3/25/2021 2:25,47,49
3/25/2021 2:30,47,48.9
3/25/2021 2:35,47,48.9
3/25/2021 2:40,47,48.9
3/25/2021 2:45,47,49
3/25/2021 2:50,47,48.9
3/25/2021 2:55,47,48.9
3/25/2021 3:00,47,48.9
3/25/2021 3:05,47,49
3/25/2021 3:10,47,49
3/25/2021 3:15,47,48.9
3/25/2021 3:20,47,48.9
3/25/2021 3:25,47,48.9
3/25/2021 3:30,47,48.8
3/25/2021 3:35,47,48.9
3/25/2021 3:40,47,48.9
3/25/2021 3:45,47,48.8
3/25/2021 3:50,47,48.8
3/25/2021 3:55,47,48.9
3/25/2021 4:00,47,48.7
3/25/2021 4:05,47,48.9
3/25/2021 4:10,47,48.8
3/25/2021 4:15,47,48.8
3/25/2021 4:20,47,48.8
3/25/2021 4:25,47,48.8
3/25/2021 4:30,47,48.8
3/25/2021 4:35,47,48.8
3/25/2021 4:40,47,48.9
3/25/2021 4:45,47,48.9
3/25/2021 4:50,47,48.8
3/25/2021 4:55,47,48.8
3/25/2021 5:00,47,48.8
3/25/2021 5:05,47,48.8
3/25/2021 5:10,47,48.8
3/25/2021 5:15,47,48.8
3/25/2021 5:20,47,48.8
3/25/2021 5:25,47,48.9
3/25/2021 5:30,47,48.8
3/25/2021 5:35,47,48.9
3/25/2021 5:40,47,48.9
3/25/2021 5:45,47,48.9
3/25/2021 5:50,47,48.8
3/25/2021 5:55,47,48.8
3/25/2021 6:00,47,48.8
3/25/2021 6:05,47,48.8
3/25/2021 6:10,47,48.8
3/25/2021 6:15,47,48.8
3/25/2021 6:20,47,48.8
3/25/2021 6:25,47,48.8
3/25/2021 6:30,47,48.9
3/25/2021 6:35,47,48.9
3/25/2021 6:40,47,48.9
3/25/2021 6:45,47,48.8
3/25/2021 6:50,47,48.8
3/25/2021 6:55,47,48.8
3/25/2021 7:00,47,48.9
3/25/2021 7:05,47,48.9
3/25/2021 7:10,47,48.9
3/25/2021 7:15,47,48.9
3/25/2021 7:20,47,48.9
3/25/2021 7:25,47,48.9
3/25/2021 7:30,47,48.9
3/25/2021 7:35,47,48.9
3/25/2021 7:40,47,48.9
3/25/2021 7:45,47,49
3/25/2021 7:50,47,48.9
3/25/2021 7:55,47,48.9
3/25/2021 8:00,47,49
3/25/2021 8:05,47,49
3/25/2021 8:10,47,48.9
3/25/2021 8:15,47,48.9
3/25/2021 8:20,47,49
3/25/2021 8:25,47,48.9
3/25/2021 8:30,47,48.9
3/25/2021 8:35,47,49
3/25/2021 8:40,47,49
3/25/2021 8:45,47,49
3/25/2021 8:50,47,49
3/25/2021 8:55,47,49
3/25/2021 9:00,47,48.9
3/25/2021 9:05,47,49
3/25/2021 9:10,47,49
3/25/2021 9:15,47,49
3/25/2021 9:20,47,49.1
3/25/2021 9:25,47,49.1
3/25/2021 9:30,47,49
3/25/2021 9:35,47,49.1
3/25/2021 9:40,47,49
3/25/2021 9:45,47,49
3/25/2021 9:50,47,49
3/25/2021 9:55,47,49.1
3/25/2021 10:00,47,49.1
3/25/2021 10:05,47,49.1
3/25/2021 10:10,47,49.1
3/25/2021 10:15,47,49.2
3/25/2021 10:20,47,49.2
3/25/2021 10:25,47,49.1
3/25/2021 10:30,47,49.2
3/25/2021 10:35,47,49.2
3/25/2021 10:40,47,49.2
3/25/2021 10:45,47,49.3
3/25/2021 10:50,47,49.5
3/25/2021 10:55,47,49.5
3/25/2021 11:00,47,49.5
3/25/2021 11:05,47,49.5
3/25/2021 11:10,47,49.5
3/25/2021 11:15,47,49.5
3/25/2021 11:20,47,49.5
3/25/2021 11:25,47,49.6
3/25/2021 11:30,47,49.6
3/25/2021 11:35,47,49.6
3/25/2021 11:40,47,49.6
3/25/2021 11:45,47,49.6
3/25/2021 11:50,47,49.7
3/25/2021 11:55,47,49.7
3/25/2021 12:00,47,49.8
3/25/2021 12:05,47,49.7
3/25/2021 12:10,47,49.6
3/25/2021 12:15,47,49.7
3/25/2021 12:20,47,49.8
3/25/2021 12:25,47,49.8
3/25/2021 12:30,47,49.6
3/25/2021 12:35,47,49.7
3/25/2021 12:40,47,49.6
3/25/2021 12:45,47,49.6
3/25/2021 12:50,47,49.6
3/25/2021 12:55,47,49.5
3/25/2021 13:00,47,49.7
3/25/2021 13:05,47,49.7
3/25/2021 13:10,47,49.6
3/25/2021 13:15,47,49.6
3/25/2021 13:20,47,49.6
3/25/2021 13:25,47,49.5
3/25/2021 13:30,47,49.7
3/25/2021 13:35,47,49.7
3/25/2021 13:40,47,49.6
3/25/2021 13:45,47,49.5
3/25/2021 13:50,47,49.6
3/25/2021 13:55,47,49.6
3/25/2021 14:00,47,49.6
3/25/2021 14:05,47,49.5
3/25/2021 14:10,47,49.4
3/25/2021 14:15,47,49.4
3/25/2021 14:20,47,49.5
3/25/2021 14:25,47,49.5
3/25/2021 14:30,47,49.6
3/25/2021 14:35,47,49.4
3/25/2021 14:40,47,49.5
3/25/2021 14:45,47,49.4
3/25/2021 14:50,47,49.4
3/25/2021 14:55,47,49.4
3/25/2021 15:00,47,49.4
3/25/2021 15:05,47,49.4
3/25/2021 15:10,47,49.3
3/25/2021 15:15,47,49.3
3/25/2021 15:20,47,49.3
3/25/2021 15:25,47,49.3
3/25/2021 15:30,47,49.3
3/25/2021 15:35,47,49.3
3/25/2021 15:40,47,49.3
3/25/2021 15:45,47,49.3
3/25/2021 15:50,47,49.3
3/25/2021 15:55,47,49.3
3/25/2021 16:00,47,49.3
3/25/2021 16:05,47,49.3
3/25/2021 16:10,47,49.3
3/25/2021 16:15,47,49.2
3/25/2021 16:20,47,49.3
3/25/2021 16:25,47,49.2
3/25/2021 16:30,47,49.4
3/25/2021 16:35,47,49.2
3/25/2021 16:40,47,49.3
3/25/2021 16:45,47,49.2
3/25/2021 16:50,47,49.3
3/25/2021 16:55,47,49.3
3/25/2021 17:00,47,49.3
3/25/2021 17:05,47,49.3
3/25/2021 17:10,47,49.2
3/25/2021 17:15,47,49.3
3/25/2021 17:20,47,49.3
3/25/2021 17:25,47,49.3
3/25/2021 17:30,47,49.2
3/25/2021 17:35,47,49.1
3/25/2021 17:40,47,49.1
3/25/2021 17:45,47,49.2
3/25/2021 17:50,47,49.1
3/25/2021 17:55,47,49.1
3/25/2021 18:00,47,49.1
3/25/2021 18:05,47,49.1
3/25/2021 18:10,47,49.1
3/25/2021 18:15,47,49
3/25/2021 18:20,47,49.1
3/25/2021 18:25,47,49
3/25/2021 18:30,47,49
3/25/2021 18:35,47,49
3/25/2021 18:40,47,49
3/25/2021 18:45,47,49
3/25/2021 18:50,47,49
3/25/2021 18:55,47,48.9
3/25/2021 19:00,47,48.9
3/25/2021 19:05,47,48.9
3/25/2021 19:10,47,48.8
3/25/2021 19:15,47,48.9
3/25/2021 19:20,47,48.7
3/25/2021 19:25,47,48.8
3/25/2021 19:30,47,48.7
3/25/2021 19:35,47,48.7
3/25/2021 19:40,47,48.7
3/25/2021 19:45,47,48.6
3/25/2021 19:50,47,48.7
3/25/2021 19:55,47,48.6
3/25/2021 20:00,47,48.5
3/25/2021 20:05,47,48.6
3/25/2021 20:10,47,48.6
3/25/2021 20:15,47,48.5
3/25/2021 20:20,47,48.6
3/25/2021 20:25,47,48.5
3/25/2021 20:30,47,48.5
3/25/2021 20:35,47,48.4
3/25/2021 20:40,47,48.5
3/25/2021 20:45,47,48.4
3/25/2021 20:50,47,48.5
3/25/2021 20:55,47,48.5
3/25/2021 21:00,47,48.4
3/25/2021 21:05,47,48.4
3/25/2021 21:10,47,48.4
3/25/2021 21:15,47,48.4
3/25/2021 21:20,47,48.4
3/25/2021 21:25,47,48.3
3/25/2021 21:30,47,48.4
3/25/2021 21:35,47,48.4
3/25/2021 21:40,47,48.3
3/25/2021 21:45,47,48.3
3/25/2021 21:50,47,48.3
3/25/2021 21:55,47,48.3
3/25/2021 22:00,47,48.3
3/25/2021 22:05,47,48.3
3/25/2021 22:10,47,48.3
3/25/2021 22:15,47,48.3
3/25/2021 22:20,47,48.2
3/25/2021 22:25,47,48.2
3/25/2021 22:30,47,48.1
3/25/2021 22:35,47,48.2
3/25/2021 22:40,47,48.1
3/25/2021 22:45,47,48.2
3/25/2021 22:50,47,48.1
3/25/2021 22:55,47,48.1
3/25/2021 23:00,47,48.1
3/25/2021 23:05,47,48.1
3/25/2021 23:10,47,48
3/25/2021 23:15,47,48
3/25/2021 23:20,47,48
3/25/2021 23:25,47,48
3/25/2021 23:30,47,48
3/25/2021 23:35,47,48
3/25/2021 23:40,47,48
3/25/2021 23:45,47,48
3/25/2021 23:50,47,48
3/25/2021 23:55,47,48
3/26/2021 0:00,47,47.9
3/26/2021 0:05,47,48
3/26/2021 0:10,47,47.9
3/26/2021 0:15,47,48
3/26/2021 0:20,47,47.9
3/26/2021 0:25,47,47.9
3/26/2021 0:30,47,47.9
3/26/2021 0:35,47,47.9
3/26/2021 0:40,47,47.9
3/26/2021 0:45,47,47.8
3/26/2021 0:50,47,47.9
3/26/2021 0:55,47,47.8
3/26/2021 1:00,47,47.9
3/26/2021 1:05,47,47.9
3/26/2021 1:10,47,47.8
3/26/2021 1:15,47,47.8
3/26/2021 1:20,47,47.9
3/26/2021 1:25,47,47.9
3/26/2021 1:30,47,47.9
3/26/2021 1:35,47,47.8
3/26/2021 1:40,47,48
3/26/2021 1:45,47,47.9
3/26/2021 1:50,47,47.9
3/26/2021 1:55,47,47.9
3/26/2021 2:00,47,47.9
3/26/2021 2:05,47,47.8
3/26/2021 2:10,47,47.9
3/26/2021 2:15,47,47.9
3/26/2021 2:20,47,47.8
3/26/2021 2:25,47,48
3/26/2021 2:30,47,47.9
3/26/2021 2:35,47,47.9
3/26/2021 2:40,47,47.8
3/26/2021 2:45,47,47.9
3/26/2021 2:50,47,47.9
3/26/2021 2:55,47,47.8
3/26/2021 3:00,47,48
3/26/2021 3:05,47,47.9
3/26/2021 3:10,47,48
3/26/2021 3:15,47,48
3/26/2021 3:20,47,47.9
3/26/2021 3:25,47,48
3/26/2021 3:30,47,48
3/26/2021 3:35,47,47.9
3/26/2021 3:40,47,48
3/26/2021 3:45,47,47.9
3/26/2021 3:50,47,48
3/26/2021 3:55,47,48
3/26/2021 4:00,47,48
3/26/2021 4:05,47,47.9
3/26/2021 4:10,47,48
3/26/2021 4:15,47,47.9
3/26/2021 4:20,47,48
3/26/2021 4:25,47,47.9
3/26/2021 4:30,47,47.9
3/26/2021 4:35,47,48
3/26/2021 4:40,47,48
3/26/2021 4:45,47,48
3/26/2021 4:50,47,47.9
3/26/2021 4:55,47,48
3/26/2021 5:00,47,48
3/26/2021 5:05,47,48
3/26/2021 5:10,47,48.1
3/26/2021 5:15,47,48
3/26/2021 5:20,47,48
3/26/2021 5:25,47,48
3/26/2021 5:30,47,48
3/26/2021 5:35,47,48.1
3/26/2021 5:40,47,48
3/26/2021 5:45,47,48.1
3/26/2021 5:50,47,48.1
3/26/2021 5:55,47,48.1
3/26/2021 6:00,47,48
3/26/2021 6:05,47,48.1
3/26/2021 6:10,47,48.1
3/26/2021 6:15,47,48.1
3/26/2021 6:20,47,48.2
3/26/2021 6:25,47,48.1
3/26/2021 6:30,47,48.2
3/26/2021 6:35,47,48.1
3/26/2021 6:40,47,48.2
3/26/2021 6:45,47,48.1
3/26/2021 6:50,47,48.2
3/26/2021 6:55,47,48.2
3/26/2021 7:00,47,48.2
3/26/2021 7:05,47,48.3
3/26/2021 7:10,47,48.3
3/26/2021 7:15,47,48.3
3/26/2021 7:20,47,48.3
3/26/2021 7:25,47,48.4
3/26/2021 7:30,47,48.4
3/26/2021 7:35,47,48.3
3/26/2021 7:40,47,48.4
3/26/2021 7:45,47,48.4
3/26/2021 7:50,47,48.4
3/26/2021 7:55,47,48.5
3/26/2021 8:00,47,48.4
3/26/2021 8:05,47,48.5
3/26/2021 8:10,47,48.6
3/26/2021 8:15,47,48.5
3/26/2021 8:20,47,48.5
3/26/2021 8:25,47,48.5
3/26/2021 8:30,47,48.6
3/26/2021 8:35,47,48.6
3/26/2021 8:40,47,48.6
3/26/2021 8:45,47,48.7
3/26/2021 8:50,47,48.6
3/26/2021 8:55,47,48.7
3/26/2021 9:00,47,48.6
3/26/2021 9:05,47,48.8
3/26/2021 9:10,47,48.7
3/26/2021 9:15,47,48.7
3/26/2021 9:20,47,48.8
3/26/2021 9:25,47,48.7
3/26/2021 9:30,47,48.8
3/26/2021 9:35,47,48.8
3/26/2021 9:40,47,48.8
3/26/2021 9:45,47,48.9
3/26/2021 9:50,47,48.9
3/26/2021 9:55,47,48.9
3/26/2021 10:00,47,49.1
3/26/2021 10:05,47,49
3/26/2021 10:10,47,49
3/26/2021 10:15,47,49.1
3/26/2021 10:20,47,49
3/26/2021 10:25,47,49.1
3/26/2021 10:30,47,49.1
3/26/2021 10:35,47,49.1
3/26/2021 10:40,47,49.2
3/26/2021 10:45,47,49.1
3/26/2021 10:50,47,49.2
3/26/2021 10:55,47,49.2
3/26/2021 11:00,47,49.2
3/26/2021 11:05,47,49.2
3/26/2021 11:10,47,49.2
3/26/2021 11:15,47,49.3
3/26/2021 11:20,47,49.3
3/26/2021 11:25,47,49.3
3/26/2021 11:30,47,49.3
3/26/2021 11:35,47,49.4
3/26/2021 11:40,47,49.4
3/26/2021 11:45,47,49.3
3/26/2021 11:50,47,49.4
3/26/2021 11:55,47,49.4
3/26/2021 12:00,47,49.5
3/26/2021 12:05,47,49.4
3/26/2021 12:10,47,49.6
3/26/2021 12:15,47,49.5
3/26/2021 12:20,47,49.7
3/26/2021 12:25,47,49.6
3/26/2021 12:30,47,49.7
3/26/2021 12:35,47,49.7
3/26/2021 12:40,47,49.7
3/26/2021 12:45,47,49.7
3/26/2021 12:50,47,49.6
3/26/2021 12:55,47,49.7
3/26/2021 13:00,47,49.8
3/26/2021 13:05,47,49.8
3/26/2021 13:10,47,49.7
3/26/2021 13:15,47,49.8
3/26/2021 13:20,47,49.8
3/26/2021 13:25,47,49.7
3/26/2021 13:30,47,49.8
3/26/2021 13:35,47,49.8
3/26/2021 13:40,47,49.9
3/26/2021 13:45,47,49.8
3/26/2021 13:50,47,49.9
3/26/2021 13:55,47,49.7
3/26/2021 14:00,47,49.9
3/26/2021 14:05,47,49.9
3/26/2021 14:10,47,49.8
3/26/2021 14:15,47,49.9
3/26/2021 14:20,47,49.8
3/26/2021 14:25,47,49.9
3/26/2021 14:30,47,49.8
3/26/2021 14:35,47,49.9
3/26/2021 14:40,47,49.9
3/26/2021 14:45,47,49.9
3/26/2021 14:50,47,49.8
3/26/2021 14:55,47,49.9
3/26/2021 15:00,47,50
3/26/2021 15:05,47,49.8
3/26/2021 15:10,47,50
3/26/2021 15:15,47,50
3/26/2021 15:20,47,49.8
3/26/2021 15:25,47,49.9
3/26/2021 15:30,47,49.9
3/26/2021 15:35,47,49.8
3/26/2021 15:40,47,49.9
3/26/2021 15:45,47,49.9
3/26/2021 15:50,47,49.9
3/26/2021 15:55,47,49.8
3/26/2021 16:00,47,49.7
3/26/2021 16:05,47,49.8
3/26/2021 16:10,47,49.7
3/26/2021 16:15,47,49.8
3/26/2021 16:20,47,49.7
3/26/2021 16:25,47,49.7
3/26/2021 16:30,47,49.6
3/26/2021 16:35,47,49.7
3/26/2021 16:40,47,49.6
3/26/2021 16:45,47,49.7
3/26/2021 16:50,47,49.7
3/26/2021 16:55,47,49.6
3/26/2021 17:00,47,49.7
3/26/2021 17:05,47,49.7
3/26/2021 17:10,47,49.6
3/26/2021 17:15,47,49.7
3/26/2021 17:20,47,49.5
3/26/2021 17:25,47,49.6
3/26/2021 17:30,47,49.6
3/26/2021 17:35,47,49.6
3/26/2021 17:40,47,49.6
3/26/2021 17:45,47,49.5
3/26/2021 17:50,47,49.6
3/26/2021 17:55,47,49.5
3/26/2021 18:00,47,49.5
3/26/2021 18:05,47,49.5
3/26/2021 18:10,47,49.5
3/26/2021 18:15,47,49.4
3/26/2021 18:20,47,49.4
3/26/2021 18:25,47,49.4
3/26/2021 18:30,47,49.3
3/26/2021 18:35,47,49.4
3/26/2021 18:40,47,49.4
3/26/2021 18:45,47,49.4
3/26/2021 18:50,47,49.3
3/26/2021 18:55,47,49.3
3/26/2021 19:00,47,49.3
3/26/2021 19:05,47,49.4
3/26/2021 19:10,47,49.4
3/26/2021 19:15,47,49.3
3/26/2021 19:20,47,49.3
3/26/2021 19:25,47,49.3
3/26/2021 19:30,47,49.3
3/26/2021 19:35,47,49.3
3/26/2021 19:40,47,49.2
3/26/2021 19:45,47,49.2
3/26/2021 19:50,47,49.3
3/26/2021 19:55,47,49.2
3/26/2021 20:00,47,49.2
3/26/2021 20:05,47,49.1
3/26/2021 20:10,47,49.2
3/26/2021 20:15,47,49.1
3/26/2021 20:20,47,49
3/26/2021 20:25,47,49
3/26/2021 20:30,47,49
3/26/2021 20:35,47,49.1
3/26/2021 20:40,47,49
3/26/2021 20:45,47,49
3/26/2021 20:50,47,49
3/26/2021 20:55,47,48.9
3/26/2021 21:00,47,49
3/26/2021 21:05,47,48.9
3/26/2021 21:10,47,49
3/26/2021 21:15,47,48.8
3/26/2021 21:20,47,48.8
3/26/2021 21:25,47,48.8
3/26/2021 21:30,47,48.8
3/26/2021 21:35,47,48.9
3/26/2021 21:40,47,48.7
3/26/2021 21:45,47,48.8
3/26/2021 21:50,47,48.8
3/26/2021 21:55,47,48.8
3/26/2021 22:00,47,48.7
3/26/2021 22:05,47,48.6
3/26/2021 22:10,47,48.7
3/26/2021 22:15,47,48.7
3/26/2021 22:20,47,48.6
3/26/2021 22:25,47,48.6
3/26/2021 22:30,47,48.7
3/26/2021 22:35,47,48.5
3/26/2021 22:40,47,48.6
3/26/2021 22:45,47,48.5
3/26/2021 22:50,47,48.5
3/26/2021 22:55,47,48.6
3/26/2021 23:00,47,48.5
3/26/2021 23:05,47,48.5
3/26/2021 23:10,47,48.5
3/26/2021 23:15,47,48.5
3/26/2021 23:20,47,48.4
3/26/2021 23:25,47,48.5
3/26/2021 23:30,47,48.4
3/26/2021 23:35,47,48.5
3/26/2021 23:40,47,48.5
3/26/2021 23:45,47,48.5
3/26/2021 23:50,47,48.5
3/26/2021 23:55,47,48.5
3/27/2021 0:00,47,48.5
3/27/2021 0:05,47,48.5
3/27/2021 0:10,47,48.5
3/27/2021 0:15,47,48.5
3/27/2021 0:20,47,48.5
3/27/2021 0:25,47,48.5
3/27/2021 0:30,47,48.4
3/27/2021 0:35,47,48.4
3/27/2021 0:40,47,48.5
3/27/2021 0:45,47,48.4
3/27/2021 0:50,47,48.5
3/27/2021 0:55,47,48.5
3/27/2021 1:00,47,48.5
3/27/2021 1:05,47,48.4
3/27/2021 1:10,47,48.4
3/27/2021 1:15,47,48.4
3/27/2021 1:20,47,48.3
3/27/2021 1:25,47,48.3
3/27/2021 1:30,47,48.3
3/27/2021 1:35,47,48.4
3/27/2021 1:40,47,48.3
3/27/2021 1:45,47,48.4
3/27/2021 1:50,47,48.3
3/27/2021 1:55,47,48.3
3/27/2021 2:00,47,48.3
3/27/2021 2:05,47,48.3
3/27/2021 2:10,47,48.3
3/27/2021 2:15,47,48.3
3/27/2021 2:20,47,48.3
3/27/2021 2:25,47,48.3
3/27/2021 2:30,47,48.2
3/27/2021 2:35,47,48.2
3/27/2021 2:40,47,48.2
3/27/2021 2:45,47,48.2
3/27/2021 2:50,47,48.1
3/27/2021 2:55,47,48.2
3/27/2021 3:00,47,48.2
3/27/2021 3:05,47,48.1
3/27/2021 3:10,47,48.2
3/27/2021 3:15,47,48.2
3/27/2021 3:20,47,48.2
3/27/2021 3:25,47,48.1
3/27/2021 3:30,47,48.1
3/27/2021 3:35,47,48.1
3/27/2021 3:40,47,48
3/27/2021 3:45,47,48.1
3/27/2021 3:50,47,48.1
3/27/2021 3:55,47,48
3/27/2021 4:00,47,48
3/27/2021 4:05,47,48
3/27/2021 4:10,47,48
3/27/2021 4:15,47,48
3/27/2021 4:20,47,48.1
3/27/2021 4:25,47,48
3/27/2021 4:30,47,48
3/27/2021 4:35,47,48
3/27/2021 4:40,47,48
3/27/2021 4:45,47,48
3/27/2021 4:50,47,48
3/27/2021 4:55,47,48
3/27/2021 5:00,47,48.1
3/27/2021 5:05,47,48
3/27/2021 5:10,47,48
3/27/2021 5:15,47,48
3/27/2021 5:20,47,48.1
3/27/2021 5:25,47,48
3/27/2021 5:30,47,48
3/27/2021 5:35,47,48.1
3/27/2021 5:40,47,48
3/27/2021 5:45,47,48
3/27/2021 5:50,47,48.1
3/27/2021 5:55,47,48
3/27/2021 6:00,47,48.1
3/27/2021 6:05,47,48.1
3/27/2021 6:10,47,48.1
3/27/2021 6:15,47,48.1
3/27/2021 6:20,47,48.1
3/27/2021 6:25,47,48
3/27/2021 6:30,47,48.1
3/27/2021 6:35,47,48
3/27/2021 6:40,47,48
3/27/2021 6:45,47,48.1
3/27/2021 6:50,47,48
3/27/2021 6:55,47,48.1
3/27/2021 7:00,47,48.1
3/27/2021 7:05,47,48.1
3/27/2021 7:10,47,48.1
3/27/2021 7:15,47,48.1
3/27/2021 7:20,47,48.1
3/27/2021 7:25,47,48.1
3/27/2021 7:30,47,48.2
3/27/2021 7:35,47,48.2
3/27/2021 7:40,47,48.2
3/27/2021 7:45,47,48.1
3/27/2021 7:50,47,48.2
3/27/2021 7:55,47,48.2
3/27/2021 8:00,47,48.2
3/27/2021 8:05,47,48.3
3/27/2021 8:10,47,48.2
3/27/2021 8:15,47,48.3
3/27/2021 8:20,47,48.3
3/27/2021 8:25,47,48.3
3/27/2021 8:30,47,48.3
3/27/2021 8:35,47,48.3
3/27/2021 8:40,47,48.3
3/27/2021 8:45,47,48.3
3/27/2021 8:50,47,48.3
3/27/2021 8:55,47,48.3
3/27/2021 9:00,47,48.3
3/27/2021 9:05,47,48.4
3/27/2021 9:10,47,48.3
3/27/2021 9:15,47,48.5
3/27/2021 9:20,47,48.4
3/27/2021 9:25,47,48.5
3/27/2021 9:30,47,48.6
3/27/2021 9:35,47,48.6
3/27/2021 9:40,47,48.6
3/27/2021 9:45,47,48.7
3/27/2021 9:50,47,48.7
3/27/2021 9:55,47,48.7
3/27/2021 10:00,47,48.7
3/27/2021 10:05,47,48.6
3/27/2021 10:10,47,48.8
3/27/2021 10:15,47,48.7
3/27/2021 10:20,47,48.8
3/27/2021 10:25,47,48.8
3/27/2021 10:30,47,48.9
3/27/2021 10:35,47,48.9
3/27/2021 10:40,47,48.8
3/27/2021 10:45,47,48.9
3/27/2021 10:50,47,48.8
3/27/2021 10:55,47,48.9
3/27/2021 11:00,47,48.9
3/27/2021 11:05,47,49
3/27/2021 11:10,47,49
3/27/2021 11:15,47,49.1
3/27/2021 11:20,47,49.1
3/27/2021 11:25,47,49.1
3/27/2021 11:30,47,49.1
3/27/2021 11:35,47,49.2
3/27/2021 11:40,47,49.3
3/27/2021 11:45,47,49.3
3/27/2021 11:50,47,49.4
3/27/2021 11:55,47,49.4
3/27/2021 12:00,47,49.4
3/27/2021 12:05,47,49.4
3/27/2021 12:10,47,49.5
3/27/2021 12:15,47,49.4
3/27/2021 12:20,47,49.4
3/27/2021 12:25,47,49.5
3/27/2021 12:30,47,49.5
3/27/2021 12:35,47,49.5
3/27/2021 12:40,47,49.5
3/27/2021 12:45,47,49.5
3/27/2021 12:50,47,49.5
3/27/2021 12:55,47,49.4
3/27/2021 13:00,47,49.6
3/27/2021 13:05,47,49.6
3/27/2021 13:10,47,49.6
3/27/2021 13:15,47,49.7
3/27/2021 13:20,47,50
3/27/2021 13:25,47,49.8
3/27/2021 13:30,47,49.9
3/27/2021 13:35,47,49.8
3/27/2021 13:40,47,50.1
3/27/2021 13:45,47,50.2
3/27/2021 13:50,47,50.1
3/27/2021 13:55,47,50
3/27/2021 14:00,47,50.3
3/27/2021 14:05,47,50.4
3/27/2021 14:10,47,50.2
3/27/2021 14:15,47,50.3
3/27/2021 14:20,47,50.4
3/27/2021 14:25,47,50.4
3/27/2021 14:30,47,50.5
3/27/2021 14:35,47,50.5
3/27/2021 14:40,47,50.4
3/27/2021 14:45,47,50.5
3/27/2021 14:50,47,50.4
3/27/2021 14:55,47,50.4
3/27/2021 15:00,47,50.4
3/27/2021 15:05,47,50.5
3/27/2021 15:10,47,50.4
3/27/2021 15:15,47,50.4
3/27/2021 15:20,47,50.4
3/27/2021 15:25,47,50.3
3/27/2021 15:30,47,50.4
3/27/2021 15:35,47,50.3
3/27/2021 15:40,47,50.4
3/27/2021 15:45,47,50.2
3/27/2021 15:50,47,50.3
3/27/2021 15:55,47,50.2
3/27/2021 16:00,47,50.2
3/27/2021 16:05,47,50.3
3/27/2021 16:10,47,50.1
3/27/2021 16:15,47,50.2
3/27/2021 16:20,47,50.2
3/27/2021 16:25,47,50
3/27/2021 16:30,47,50
3/27/2021 16:35,47,50.1
3/27/2021 16:40,47,50.1
3/27/2021 16:45,47,50.1
3/27/2021 16:50,47,50.2
3/27/2021 16:55,47,50.2
3/27/2021 17:00,47,50.1
3/27/2021 17:05,47,50.1
3/27/2021 17:10,47,50.2
3/27/2021 17:15,47,50.2
3/27/2021 17:20,47,50.1
3/27/2021 17:25,47,50.2
3/27/2021 17:30,47,50.1
3/27/2021 17:35,47,50.2
3/27/2021 17:40,47,50.1
3/27/2021 17:45,47,50.1
3/27/2021 17:50,47,50.2
3/27/2021 17:55,47,50.1
3/27/2021 18:00,47,50.1
3/27/2021 18:05,47,50.1
3/27/2021 18:10,47,50.1
3/27/2021 18:15,47,50.1
3/27/2021 18:20,47,50.1
3/27/2021 18:25,47,50.1
3/27/2021 18:30,47,50.1
3/27/2021 18:35,47,50.1
3/27/2021 18:40,47,50.2
3/27/2021 18:45,47,50.2
3/27/2021 18:50,47,50.2
3/27/2021 18:55,47,50.2
3/27/2021 19:00,47,50.2
3/27/2021 19:05,47,50.2
3/27/2021 19:10,47,50.2
3/27/2021 19:15,47,50.2
3/27/2021 19:20,47,50.2
3/27/2021 19:25,47,50.3
3/27/2021 19:30,47,50.3
3/27/2021 19:35,47,50.3
3/27/2021 19:40,47,50.5
3/27/2021 19:45,47,50.4
3/27/2021 19:50,47,50.5
3/27/2021 19:55,47,50.6
3/27/2021 20:00,47,50.5
3/27/2021 20:05,47,50.6
3/27/2021 20:10,47,50.5
3/27/2021 20:15,47,50.5
3/27/2021 20:20,47,50.6
3/27/2021 20:25,47,50.7
3/27/2021 20:30,47,50.7
3/27/2021 20:35,47,50.8
3/27/2021 20:40,47,50.8
3/27/2021 20:45,47,50.9
3/27/2021 20:50,47,50.8
3/27/2021 20:55,47,50.8
3/27/2021 21:00,47,50.8
3/27/2021 21:05,47,51
3/27/2021 21:10,47,51.1
3/27/2021 21:15,47,51.1
3/27/2021 21:20,47,51.1
3/27/2021 21:25,47,51.2
3/27/2021 21:30,47,51.3
3/27/2021 21:35,47,51.2
3/27/2021 21:40,47,51.3
3/27/2021 21:45,47,51.2
3/27/2021 21:50,47,51.3
3/27/2021 21:55,47,51.4
3/27/2021 22:00,47,51.4
3/27/2021 22:05,47,51.6
3/27/2021 22:10,47,51.6
3/27/2021 22:15,47,51.4
3/27/2021 22:20,47,51.5
3/27/2021 22:25,47,51.6
3/27/2021 22:30,47,51.5
3/27/2021 22:35,47,51.6
3/27/2021 22:40,47,51.4
3/27/2021 22:45,47,51.6
3/27/2021 22:50,47,51.6
3/27/2021 22:55,47,51.7
3/27/2021 23:00,47,51.7
3/27/2021 23:05,47,51.9
3/27/2021 23:10,47,51.8
3/27/2021 23:15,47,51.9
3/27/2021 23:20,47,51.9
3/27/2021 23:25,47,51.9
3/27/2021 23:30,47,52
3/27/2021 23:35,47,52.1
3/27/2021 23:40,47,52.1
3/27/2021 23:45,47,52.1
3/27/2021 23:50,47,52
3/27/2021 23:55,47,52.2
3/28/2021 0:00,47,52.2
3/28/2021 0:05,47,52.3
3/28/2021 0:10,47,52.4
3/28/2021 0:15,47,52.5
3/28/2021 0:20,47,52.5
3/28/2021 0:25,47,52.5
3/28/2021 0:30,47,52.5
3/28/2021 0:35,47,52.6
3/28/2021 0:40,47,52.5
3/28/2021 0:45,47,52.7
3/28/2021 0:50,47,52.6
3/28/2021 0:55,47,52.7
3/28/2021 1:00,47,52.8
3/28/2021 1:05,47,52.9
3/28/2021 1:10,47,52.9
3/28/2021 1:15,47,53
3/28/2021 1:20,47,53
3/28/2021 1:25,47,53.1
3/28/2021 1:30,47,53.2
3/28/2021 1:35,47,53.2
3/28/2021 1:40,47,53.3
3/28/2021 1:45,47,53.3
3/28/2021 1:50,47,53.4
3/28/2021 1:55,47,53.4
3/28/2021 2:00,47,53.5
3/28/2021 2:05,47,53.5
3/28/2021 2:10,47,53.7
3/28/2021 2:15,47,53.7
3/28/2021 2:20,47,53.8
3/28/2021 2:25,47,53.9
3/28/2021 2:30,47,54
3/28/2021 2:35,47,54.1
3/28/2021 2:40,47,54.3
3/28/2021 2:45,47,54.4
3/28/2021 2:50,47,54.7
3/28/2021 2:55,47,54.7
3/28/2021 3:00,47,54.7
3/28/2021 3:05,47,54.7
3/28/2021 3:10,47,55
3/28/2021 3:15,47,55
3/28/2021 3:20,47,55.2
3/28/2021 3:25,47,55.2
3/28/2021 3:30,47,55.6
3/28/2021 3:35,47,55.5
3/28/2021 3:40,47,55.6
3/28/2021 3:45,47,55.7
3/28/2021 3:50,47,55.8
3/28/2021 3:55,47,55.9
3/28/2021 4:00,47,56.1
3/28/2021 4:05,47,56.3
3/28/2021 4:10,47,56.4
3/28/2021 4:15,47,56.6
3/28/2021 4:20,47,56.6
3/28/2021 4:25,47,56.9
3/28/2021 4:30,47,57.1
3/28/2021 4:35,47,57.2
3/28/2021 4:40,47,57.3
3/28/2021 4:45,47,57.5
3/28/2021 4:50,47,57.6
3/28/2021 4:55,47,57.8
3/28/2021 5:00,47,57.9
3/28/2021 5:05,47,58.1
3/28/2021 5:10,47,58.2
3/28/2021 5:15,47,58.4
3/28/2021 5:20,47,58.7
3/28/2021 5:25,47,58.8
3/28/2021 5:30,47,59.1
3/28/2021 5:35,47,59.2
3/28/2021 5:40,47,59.4
3/28/2021 5:45,47,59.5
3/28/2021 5:50,47,59.8
3/28/2021 5:55,47,59.9
3/28/2021 6:00,47,60.2
3/28/2021 6:05,47,60.3
3/28/2021 6:10,47,60.5
3/28/2021 6:15,47,60.6
3/28/2021 6:20,47,60.9
3/28/2021 6:25,47,60.9
3/28/2021 6:30,47,61.2
3/28/2021 6:35,47,61.5
3/28/2021 6:40,47,61.7
3/28/2021 6:45,47,62.1
3/28/2021 6:50,47,62.3
3/28/2021 6:55,47,62.5
3/28/2021 7:00,47,62.8
3/28/2021 7:05,47,63.1
3/28/2021 7:10,47,63.3
3/28/2021 7:15,47,63.7
3/28/2021 7:20,47,64
3/28/2021 7:25,47,64.2
3/28/2021 7:30,47,64.6
3/28/2021 7:35,47,64.7
3/28/2021 7:40,47,65.3
3/28/2021 7:45,47,65.5
3/28/2021 7:50,47,65.9
3/28/2021 7:55,47,66.4
3/28/2021 8:00,47,66.5
3/28/2021 8:05,47,66.8
3/28/2021 8:10,47,67.4
3/28/2021 8:15,47,67.5
3/28/2021 8:20,47,67.7
3/28/2021 8:25,47,68.3
3/28/2021 8:30,47,69
3/28/2021 8:35,47,69.2
3/28/2021 8:40,47,69.6
3/28/2021 8:45,47,69.8
3/28/2021 8:50,47,70.3
3/28/2021 8:55,47,70.5
3/28/2021 9:00,47,70.9
3/28/2021 9:05,47,71.2
3/28/2021 9:10,47,71.6
3/28/2021 9:15,47,72.1
3/28/2021 9:20,47,72.5
3/28/2021 9:25,47,72.9
3/28/2021 9:30,47,73.1
3/28/2021 9:35,47,73.7
3/28/2021 9:40,47,74
3/28/2021 9:45,47,74.4
3/28/2021 9:50,47,74.8
3/28/2021 9:55,47,75.3
3/28/2021 10:00,47,75.9
3/28/2021 10:05,47,76
3/28/2021 10:10,47,76.6
3/28/2021 10:15,47,76.8
3/28/2021 10:20,47,77.4
3/28/2021 10:25,47,78
3/28/2021 10:30,47,78.1
3/28/2021 10:35,47,78.5
3/28/2021 10:40,47,79.1
3/28/2021 10:45,47,79.2
3/28/2021 10:50,47,79.7
3/28/2021 10:55,47,79.9
3/28/2021 11:00,47,80.4
3/28/2021 11:05,47,80.8
3/28/2021 11:10,47,81.2
3/28/2021 11:15,47,81.7
3/28/2021 11:20,47,81.9
3/28/2021 11:25,47,82.4
3/28/2021 11:30,47,82.8
3/28/2021 11:35,47,83.4
3/28/2021 11:40,47,83.9
3/28/2021 11:45,47,84.3
3/28/2021 11:50,47,84.9
3/28/2021 11:55,47,85.3
3/28/2021 12:00,47,85.9
3/28/2021 12:05,47,86.5
3/28/2021 12:10,47,87.1
3/28/2021 12:15,47,87.6
3/28/2021 12:20,47,88.1
3/28/2021 12:25,47,88.5
3/28/2021 12:30,47,89
3/28/2021 12:35,47,89.5
3/28/2021 12:40,47,90.3
3/28/2021 12:45,47,90.6
3/28/2021 12:50,47,91.4
3/28/2021 12:55,47,91.6
3/28/2021 13:00,47,92.1
3/28/2021 13:05,47,92.5
3/28/2021 13:10,47,93.2
3/28/2021 13:15,47,94
3/28/2021 13:20,47,94.7
3/28/2021 13:25,47,95.3
3/28/2021 13:30,47,96.1
3/28/2021 13:35,47,96.5
3/28/2021 13:40,47,97.2
3/28/2021 13:45,47,97.7
3/28/2021 13:50,47,98.4
3/28/2021 13:55,47,99
3/28/2021 14:00,47,99.6
3/28/2021 14:05,47,100
3/28/2021 14:10,47,101
3/28/2021 14:15,47,102
3/28/2021 14:20,47,102
3/28/2021 14:25,47,103
3/28/2021 14:30,47,103
3/28/2021 14:35,47,104
3/28/2021 14:40,47,105
3/28/2021 14:45,47,106
3/28/2021 14:50,47,106
3/28/2021 14:55,47,107
3/28/2021 15:00,47,108
3/28/2021 15:05,47,109
3/28/2021 15:10,47,109
3/28/2021 15:15,47,110
3/28/2021 15:20,47,110
3/28/2021 15:25,47,111
3/28/2021 15:30,47,111
3/28/2021 15:35,47,112
3/28/2021 15:40,47,112
3/28/2021 15:45,47,113
3/28/2021 15:50,47,113
3/28/2021 15:55,47,113
3/28/2021 16:00,47,114
3/28/2021 16:05,47,115
3/28/2021 16:10,47,115
3/28/2021 16:15,47,116
3/28/2021 16:20,47,116
3/28/2021 16:25,47,116
3/28/2021 16:30,47,117
3/28/2021 16:35,47,117
3/28/2021 16:40,47,118
3/28/2021 16:45,47,118
3/28/2021 16:50,47,118
3/28/2021 16:55,47,119
3/28/2021 17:00,47,119
3/28/2021 17:05,47,120
3/28/2021 17:10,47,120
3/28/2021 17:15,47,121
3/28/2021 17:20,47,121
3/28/2021 17:25,47,121
3/28/2021 17:30,47,122
3/28/2021 17:35,47,122
3/28/2021 17:40,47,122
3/28/2021 17:45,47,122
3/28/2021 17:50,47,123
3/28/2021 17:55,47,123
3/28/2021 18:00,47,124
3/28/2021 18:05,47,124
3/28/2021 18:10,47,124
3/28/2021 18:15,47,125
3/28/2021 18:20,47,125
3/28/2021 18:25,47,125
3/28/2021 18:30,47,126
3/28/2021 18:35,47,126
3/28/2021 18:40,47,126
3/28/2021 18:45,47,126
3/28/2021 18:50,47,126
3/28/2021 18:55,47,126
3/28/2021 19:00,47,127
3/28/2021 19:05,47,126
3/28/2021 19:10,47,127
3/28/2021 19:15,47,128
3/28/2021 19:20,47,127
3/28/2021 19:25,47,128
3/28/2021 19:30,47,128
3/28/2021 19:35,47,128
3/28/2021 19:40,47,128
3/28/2021 19:45,47,129
3/28/2021 19:50,47,129
3/28/2021 19:55,47,129
3/28/2021 20:00,47,129
3/28/2021 20:05,47,129
3/28/2021 20:10,47,129
3/28/2021 20:15,47,130
3/28/2021 20:20,47,129
3/28/2021 20:25,47,130
3/28/2021 20:30,47,130
3/28/2021 20:35,47,130
3/28/2021 20:40,47,130
3/28/2021 20:45,47,130
3/28/2021 20:50,47,131
3/28/2021 20:55,47,131
3/28/2021 21:00,47,130
3/28/2021 21:05,47,131
3/28/2021 21:10,47,131
3/28/2021 21:15,47,131
3/28/2021 21:20,47,131
3/28/2021 21:25,47,131
3/28/2021 21:30,47,131
3/28/2021 21:35,47,131
3/28/2021 21:40,47,131
3/28/2021 21:45,47,131
3/28/2021 21:50,47,132
3/28/2021 21:55,47,132
3/28/2021 22:00,47,132
3/28/2021 22:05,47,132
3/28/2021 22:10,47,131
3/28/2021 22:15,47,131
3/28/2021 22:20,47,132
3/28/2021 22:25,47,132
3/28/2021 22:30,47,132
3/28/2021 22:35,47,132
3/28/2021 22:40,47,131
3/28/2021 22:45,47,132
3/28/2021 22:50,47,132
3/28/2021 22:55,47,132
3/28/2021 23:00,47,131
3/28/2021 23:05,47,132
3/28/2021 23:10,47,131
3/28/2021 23:15,47,132
3/28/2021 23:20,47,131
3/28/2021 23:25,47,131
3/28/2021 23:30,47,132
3/28/2021 23:35,47,131
3/28/2021 23:40,47,131
3/28/2021 23:45,47,131
3/28/2021 23:50,47,131
3/28/2021 23:55,47,131
3/29/2021 0:00,47,131
3/29/2021 0:05,47,131
3/29/2021 0:10,47,131
3/29/2021 0:15,47,131
3/29/2021 0:20,47,130
3/29/2021 0:25,47,131
3/29/2021 0:30,47,131
3/29/2021 0:35,47,131
3/29/2021 0:40,47,130
3/29/2021 0:45,47,130
3/29/2021 0:50,47,130
3/29/2021 0:55,47,130
3/29/2021 1:00,47,130
3/29/2021 1:05,47,130
3/29/2021 1:10,47,130
3/29/2021 1:15,47,130
3/29/2021 1:20,47,129
3/29/2021 1:25,47,129
3/29/2021 1:30,47,129
3/29/2021 1:35,47,129
3/29/2021 1:40,47,129
3/29/2021 1:45,47,129
3/29/2021 1:50,47,128
3/29/2021 1:55,47,128
3/29/2021 2:00,47,128
3/29/2021 2:05,47,128
3/29/2021 2:10,47,127
3/29/2021 2:15,47,127
3/29/2021 2:20,47,127
3/29/2021 2:25,47,127
3/29/2021 2:30,47,127
3/29/2021 2:35,47,127
3/29/2021 2:40,47,126
3/29/2021 2:45,47,126
3/29/2021 2:50,47,126
3/29/2021 2:55,47,126
3/29/2021 3:00,47,126
3/29/2021 3:05,47,126
3/29/2021 3:10,47,125
3/29/2021 3:15,47,125
3/29/2021 3:20,47,125
3/29/2021 3:25,47,125
3/29/2021 3:30,47,124
3/29/2021 3:35,47,124
3/29/2021 3:40,47,124
3/29/2021 3:45,47,124
3/29/2021 3:50,47,124
3/29/2021 3:55,47,123
3/29/2021 4:00,47,123
3/29/2021 4:05,47,123
3/29/2021 4:10,47,122
3/29/2021 4:15,47,122
3/29/2021 4:20,47,122
3/29/2021 4:25,47,122
3/29/2021 4:30,47,121
3/29/2021 4:35,47,121
3/29/2021 4:40,47,121
3/29/2021 4:45,47,121
3/29/2021 4:50,47,120
3/29/2021 4:55,47,120
3/29/2021 5:00,47,120
3/29/2021 5:05,47,120
3/29/2021 5:10,47,119
3/29/2021 5:15,47,119
3/29/2021 5:20,47,119
3/29/2021 5:25,47,118
3/29/2021 5:30,47,118
3/29/2021 5:35,47,118
3/29/2021 5:40,47,118
3/29/2021 5:45,47,118
3/29/2021 5:50,47,117
3/29/2021 5:55,47,117
3/29/2021 6:00,47,117
3/29/2021 6:05,47,117
3/29/2021 6:10,47,116
3/29/2021 6:15,47,116
3/29/2021 6:20,47,116
3/29/2021 6:25,47,116
3/29/2021 6:30,47,115
3/29/2021 6:35,47,115
3/29/2021 6:40,47,115
3/29/2021 6:45,47,115
3/29/2021 6:50,47,114
3/29/2021 6:55,47,114
3/29/2021 7:00,47,114
3/29/2021 7:05,47,113
3/29/2021 7:10,47,113
3/29/2021 7:15,47,113
3/29/2021 7:20,47,113
3/29/2021 7:25,47,112
3/29/2021 7:30,47,112
3/29/2021 7:35,47,112
3/29/2021 7:40,47,112
3/29/2021 7:45,47,111
3/29/2021 7:50,47,111
3/29/2021 7:55,47,111
3/29/2021 8:00,47,111
3/29/2021 8:05,47,111
3/29/2021 8:10,47,110
3/29/2021 8:15,47,110
3/29/2021 8:20,47,110
3/29/2021 8:25,47,109
3/29/2021 8:30,47,109
3/29/2021 8:35,47,109
3/29/2021 8:40,47,109
3/29/2021 8:45,47,108
3/29/2021 8:50,47,108
3/29/2021 8:55,47,108
3/29/2021 9:00,47,108
3/29/2021 9:05,47,108
3/29/2021 9:10,47,107
3/29/2021 9:15,47,107
3/29/2021 9:20,47,107
3/29/2021 9:25,47,107
3/29/2021 9:30,47,107
3/29/2021 9:35,47,106
3/29/2021 9:40,47,106
3/29/2021 9:45,47,106
3/29/2021 9:50,47,106
3/29/2021 9:55,47,105
3/29/2021 10:00,47,105
3/29/2021 10:05,47,105
3/29/2021 10:10,47,105
3/29/2021 10:15,47,105
3/29/2021 10:20,47,104
3/29/2021 10:25,47,104
3/29/2021 10:30,47,104
3/29/2021 10:35,47,103
3/29/2021 10:40,47,103
3/29/2021 10:45,47,103
3/29/2021 10:50,47,102
3/29/2021 10:55,47,102
3/29/2021 11:00,47,102
3/29/2021 11:05,47,102
3/29/2021 11:10,47,102
3/29/2021 11:15,47,102
3/29/2021 11:20,47,101
3/29/2021 11:25,47,101
3/29/2021 11:30,47,101
3/29/2021 11:35,47,101
3/29/2021 11:40,47,101
3/29/2021 11:45,47,100
3/29/2021 11:50,47,100
3/29/2021 11:55,47,99.9
3/29/2021 12:00,47,99.5
3/29/2021 12:05,47,99.5
3/29/2021 12:10,47,99.5
3/29/2021 12:15,47,99.2
3/29/2021 12:20,47,99.2
3/29/2021 12:25,47,98.8
3/29/2021 12:30,47,98.8
3/29/2021 12:35,47,98.6
3/29/2021 12:40,47,98.5
3/29/2021 12:45,47,98.1
3/29/2021 12:50,47,98
3/29/2021 12:55,47,97.8
3/29/2021 13:00,47,97.6
3/29/2021 13:05,47,97.3
3/29/2021 13:10,47,97.2
3/29/2021 13:15,47,96.9
3/29/2021 13:20,47,96.7
3/29/2021 13:25,47,96.6
3/29/2021 13:30,47,96.2
3/29/2021 13:35,47,96.1
3/29/2021 13:40,47,95.9
3/29/2021 13:45,47,95.7
3/29/2021 13:50,47,95.5
3/29/2021 13:55,47,95.3
3/29/2021 14:00,47,95.1
3/29/2021 14:05,47,95
3/29/2021 14:10,47,94.7
3/29/2021 14:15,47,94.7
3/29/2021 14:20,47,94.6
3/29/2021 14:25,47,94.3
3/29/2021 14:30,47,94.2
3/29/2021 14:35,47,93.9
3/29/2021 14:40,47,93.8
3/29/2021 14:45,47,93.8
3/29/2021 14:50,47,93.5
3/29/2021 14:55,47,93.4
3/29/2021 15:00,47,93.3
3/29/2021 15:05,47,93
3/29/2021 15:10,47,92.8
3/29/2021 15:15,47,92.6
3/29/2021 15:20,47,92.5
3/29/2021 15:25,47,92.2
3/29/2021 15:30,47,92.1
3/29/2021 15:35,47,92
3/29/2021 15:40,47,91.7
3/29/2021 15:45,47,91.7
3/29/2021 15:50,47,91.4
3/29/2021 15:55,47,91.3
3/29/2021 16:00,47,91
3/29/2021 16:05,47,91.2
3/29/2021 16:10,47,90.8
3/29/2021 16:15,47,90.5
3/29/2021 16:20,47,90.4
3/29/2021 16:25,47,90.1
3/29/2021 16:30,47,90
3/29/2021 16:35,47,89.9
3/29/2021 16:40,47,89.5
3/29/2021 16:45,47,89.5
3/29/2021 16:50,47,89.2
3/29/2021 16:55,47,89.1
3/29/2021 17:00,47,88.8
3/29/2021 17:05,47,88.6
3/29/2021 17:10,47,88.6
3/29/2021 17:15,47,88.4
3/29/2021 17:20,47,88.1
3/29/2021 17:25,47,88.1
3/29/2021 17:30,47,87.8
3/29/2021 17:35,47,87.8
3/29/2021 17:40,47,87.7
3/29/2021 17:45,47,87.4
3/29/2021 17:50,47,87.4
3/29/2021 17:55,47,87.3
3/29/2021 18:00,47,87.2
3/29/2021 18:05,47,87
3/29/2021 18:10,47,86.9
3/29/2021 18:15,47,86.6
3/29/2021 18:20,47,86.5
3/29/2021 18:25,47,86.4
3/29/2021 18:30,47,86.3
3/29/2021 18:35,47,86
3/29/2021 18:40,47,86
3/29/2021 18:45,47,85.8
3/29/2021 18:50,47,85.8
3/29/2021 18:55,47,85.5
3/29/2021 19:00,47,85.2
3/29/2021 19:05,47,85.1
3/29/2021 19:10,47,85
3/29/2021 19:15,47,84.9
3/29/2021 19:20,47,84.6
3/29/2021 19:25,47,84.5
3/29/2021 19:30,47,84.4
3/29/2021 19:35,47,84.2
3/29/2021 19:40,47,84.1
3/29/2021 19:45,47,83.9
3/29/2021 19:50,47,83.9
3/29/2021 19:55,47,83.7
3/29/2021 20:00,47,83.6
3/29/2021 20:05,47,83.5
3/29/2021 20:10,47,83.4
3/29/2021 20:15,47,83.2
3/29/2021 20:20,47,83
3/29/2021 20:25,47,82.8
3/29/2021 20:30,47,82.8
3/29/2021 20:35,47,82.6
3/29/2021 20:40,47,82.5
3/29/2021 20:45,47,82.5
3/29/2021 20:50,47,82.3
3/29/2021 20:55,47,82.2
3/29/2021 21:00,47,82.1
3/29/2021 21:05,47,81.8
3/29/2021 21:10,47,81.8
3/29/2021 21:15,47,81.6
3/29/2021 21:20,47,81.6
3/29/2021 21:25,47,81.5
3/29/2021 21:30,47,81.4
3/29/2021 21:35,47,81.2
3/29/2021 21:40,47,81.1
3/29/2021 21:45,47,81
3/29/2021 21:50,47,81
3/29/2021 21:55,47,80.7
3/29/2021 22:00,47,80.6
3/29/2021 22:05,47,80.5
3/29/2021 22:10,47,80.5
3/29/2021 22:15,47,80.4
3/29/2021 22:20,47,80.2
3/29/2021 22:25,47,80.2
3/29/2021 22:30,47,80.1
3/29/2021 22:35,47,80
3/29/2021 22:40,47,79.7
3/29/2021 22:45,47,79.7
3/29/2021 22:50,47,79.7
3/29/2021 22:55,47,79.6
3/29/2021 23:00,47,79.5
3/29/2021 23:05,47,79.5
3/29/2021 23:10,47,79.4
3/29/2021 23:15,47,79.1
3/29/2021 23:20,47,79.1
3/29/2021 23:25,47,79
3/29/2021 23:30,47,79
3/29/2021 23:35,47,78.9
3/29/2021 23:40,47,78.8
3/29/2021 23:45,47,78.5
3/29/2021 23:50,47,78.4
3/29/2021 23:55,47,78.4
3/30/2021 0:00,47,78.4
3/30/2021 0:05,47,78.3
3/30/2021 0:10,47,78
3/30/2021 0:15,47,77.9
3/30/2021 0:20,47,77.9
3/30/2021 0:25,47,77.8
3/30/2021 0:30,47,77.7
3/30/2021 0:35,47,77.7
3/30/2021 0:40,47,77.5
3/30/2021 0:45,47,77.3
3/30/2021 0:50,47,77.3
3/30/2021 0:55,47,77.2
3/30/2021 1:00,47,77.1
3/30/2021 1:05,47,76.9
3/30/2021 1:10,47,76.8
3/30/2021 1:15,47,76.7
3/30/2021 1:20,47,76.7
3/30/2021 1:25,47,76.6
3/30/2021 1:30,47,76.3
3/30/2021 1:35,47,76.3
3/30/2021 1:40,47,76.2
3/30/2021 1:45,47,76.2
3/30/2021 1:50,47,76
3/30/2021 1:55,47,76
3/30/2021 2:00,47,75.8
3/30/2021 2:05,47,75.7
3/30/2021 2:10,47,75.7
3/30/2021 2:15,47,75.7
3/30/2021 2:20,47,75.6
3/30/2021 2:25,47,75.5
3/30/2021 2:30,47,75.4
3/30/2021 2:35,47,75.2
3/30/2021 2:40,47,75.1
3/30/2021 2:45,47,75.1
3/30/2021 2:50,47,75
3/30/2021 2:55,47,74.9
3/30/2021 3:00,47,74.9
3/30/2021 3:05,47,74.8
3/30/2021 3:10,47,74.6
3/30/2021 3:15,47,74.5
3/30/2021 3:20,47,74.4
3/30/2021 3:25,47,74.4
3/30/2021 3:30,47,74.3
3/30/2021 3:35,47,74.3
3/30/2021 3:40,47,74.2
3/30/2021 3:45,47,74
3/30/2021 3:50,47,74
3/30/2021 3:55,47,73.9
3/30/2021 4:00,47,73.8
3/30/2021 4:05,47,73.7
3/30/2021 4:10,47,73.7
3/30/2021 4:15,47,73.6
3/30/2021 4:20,47,73.6
3/30/2021 4:25,47,73.5
3/30/2021 4:30,47,73.3
3/30/2021 4:35,47,73.2
3/30/2021 4:40,47,73.2
3/30/2021 4:45,47,73.1
3/30/2021 4:50,47,73
3/30/2021 4:55,47,73.1
3/30/2021 5:00,47,72.9
3/30/2021 5:05,47,72.9
3/30/2021 5:10,47,72.7
3/30/2021 5:15,47,72.7
3/30/2021 5:20,47,72.6
3/30/2021 5:25,47,72.6
3/30/2021 5:30,47,72.4
3/30/2021 5:35,47,72.5
3/30/2021 5:40,47,72.3
3/30/2021 5:45,47,72.2
3/30/2021 5:50,47,72.2
3/30/2021 5:55,47,72
3/30/2021 6:00,47,72
3/30/2021 6:05,47,71.9
3/30/2021 6:10,47,71.9
3/30/2021 6:15,47,71.7
3/30/2021 6:20,47,71.7
3/30/2021 6:25,47,71.7
3/30/2021 6:30,47,71.6
3/30/2021 6:35,47,71.4
3/30/2021 6:40,47,71.4
3/30/2021 6:45,47,71.4
3/30/2021 6:50,47,71.3
3/30/2021 6:55,47,71.3
3/30/2021 7:00,47,71.2
3/30/2021 7:05,47,71.1
3/30/2021 7:10,47,71
3/30/2021 7:15,47,71
3/30/2021 7:20,47,70.9
3/30/2021 7:25,47,70.9
3/30/2021 7:30,47,70.6
3/30/2021 7:35,47,70.6
3/30/2021 7:40,47,70.5
3/30/2021 7:45,47,70.5
3/30/2021 7:50,47,70.5
3/30/2021 7:55,47,70.4
3/30/2021 8:00,47,70.3
3/30/2021 8:05,47,70.2
3/30/2021 8:10,47,70
3/30/2021 8:15,47,70.2
3/30/2021 8:20,47,69.9
3/30/2021 8:25,47,69.9
3/30/2021 8:30,47,69.8
3/30/2021 8:35,47,69.7
3/30/2021 8:40,47,69.7
3/30/2021 8:45,47,69.6
3/30/2021 8:50,47,69.5
3/30/2021 8:55,47,69.5
3/30/2021 9:00,47,69.4
3/30/2021 9:05,47,69.2
3/30/2021 9:10,47,69.2
3/30/2021 9:15,47,69.1
3/30/2021 9:20,47,69.1
3/30/2021 9:25,47,69
3/30/2021 9:30,47,69
3/30/2021 9:35,47,69
3/30/2021 9:40,47,68.9
3/30/2021 9:45,47,68.8
3/30/2021 9:50,47,68.9
3/30/2021 9:55,47,68.7
3/30/2021 10:00,47,68.7
3/30/2021 10:05,47,68.5
3/30/2021 10:10,47,68.4
3/30/2021 10:15,47,68.3
3/30/2021 10:20,47,68.3
3/30/2021 10:25,47,68.2
3/30/2021 10:30,47,68.2
3/30/2021 10:35,47,68.1
3/30/2021 10:40,47,67.9
3/30/2021 10:45,47,67.7
3/30/2021 10:50,47,67.9
3/30/2021 10:55,47,67.7
3/30/2021 11:00,47,67.6
3/30/2021 11:05,47,67.7
3/30/2021 11:10,47,67.7
3/30/2021 11:15,47,67.7
3/30/2021 11:20,47,67.6
3/30/2021 11:25,47,67.5
3/30/2021 11:30,47,67.5
3/30/2021 11:35,47,67.5
3/30/2021 11:40,47,67.4
3/30/2021 11:45,47,67.3
3/30/2021 11:50,47,67.3
3/30/2021 11:55,47,67.2
3/30/2021 12:00,47,67.2
3/30/2021 12:05,47,67.2
3/30/2021 12:10,47,67.1
3/30/2021 12:15,47,67.2
3/30/2021 12:20,47,67.2
3/30/2021 12:25,47,67.3
3/30/2021 12:30,47,67.2
3/30/2021 12:35,47,67.1
3/30/2021 12:40,47,66.9
3/30/2021 12:45,47,67.1
3/30/2021 12:50,47,66.9
3/30/2021 12:55,47,66.8
3/30/2021 13:00,47,66.8
3/30/2021 13:05,47,66.7
3/30/2021 13:10,47,66.7
3/30/2021 13:15,47,66.8
3/30/2021 13:20,47,66.7
3/30/2021 13:25,47,66.6
3/30/2021 13:30,47,66.6
3/30/2021 13:35,47,66.5
3/30/2021 13:40,47,66.6
3/30/2021 13:45,47,66.4
3/30/2021 13:50,47,66.4
3/30/2021 13:55,47,66.4
3/30/2021 14:00,47,66.1
3/30/2021 14:05,47,66.1
3/30/2021 14:10,47,66.1
3/30/2021 14:15,47,66
3/30/2021 14:20,47,65.9
3/30/2021 14:25,47,65.9
3/30/2021 14:30,47,65.8
3/30/2021 14:35,47,65.8
3/30/2021 14:40,47,65.7
3/30/2021 14:45,47,65.7
3/30/2021 14:50,47,65.6
3/30/2021 14:55,47,65.5
3/30/2021 15:00,47,65.4
3/30/2021 15:05,47,65.4
3/30/2021 15:10,47,65.4
3/30/2021 15:15,47,65.2
3/30/2021 15:20,47,65.1
3/30/2021 15:25,47,65.1
3/30/2021 15:30,47,65
3/30/2021 15:35,47,64.9
3/30/2021 15:40,47,64.9
3/30/2021 15:45,47,64.8
3/30/2021 15:50,47,64.8
3/30/2021 15:55,47,64.7
3/30/2021 16:00,47,64.7
3/30/2021 16:05,47,64.6
3/30/2021 16:10,47,64.7
3/30/2021 16:15,47,64.5
3/30/2021 16:20,47,64.5
3/30/2021 16:25,47,64.5
3/30/2021 16:30,47,64.3
3/30/2021 16:35,47,64.3
3/30/2021 16:40,47,64.2
3/30/2021 16:45,47,64.1
3/30/2021 16:50,47,64.1
3/30/2021 16:55,47,63.9
3/30/2021 17:00,47,63.9
3/30/2021 17:05,47,63.9
3/30/2021 17:10,47,63.9
3/30/2021 17:15,47,63.8
3/30/2021 17:20,47,63.7
3/30/2021 17:25,47,63.6
3/30/2021 17:30,47,63.7
3/30/2021 17:35,47,63.6
3/30/2021 17:40,47,63.5
3/30/2021 17:45,47,63.5
3/30/2021 17:50,47,63.3
3/30/2021 17:55,47,63.2
3/30/2021 18:00,47,63.2
3/30/2021 18:05,47,63.2
3/30/2021 18:10,47,63.1
3/30/2021 18:15,47,63
3/30/2021 18:20,47,63
3/30/2021 18:25,47,62.9
3/30/2021 18:30,47,63
3/30/2021 18:35,47,62.8
3/30/2021 18:40,47,62.8
3/30/2021 18:45,47,62.7
3/30/2021 18:50,47,62.5
3/30/2021 18:55,47,62.6
3/30/2021 19:00,47,62.5
3/30/2021 19:05,47,62.6
3/30/2021 19:10,47,62.3
3/30/2021 19:15,47,62.5
3/30/2021 19:20,47,62.3
3/30/2021 19:25,47,62.2
3/30/2021 19:30,47,62.2
3/30/2021 19:35,47,62.1
3/30/2021 19:40,47,62
3/30/2021 19:45,47,62.1
3/30/2021 19:50,47,62
3/30/2021 19:55,47,62
3/30/2021 20:00,47,61.9
3/30/2021 20:05,47,61.9
3/30/2021 20:10,47,61.9
3/30/2021 20:15,47,61.8
3/30/2021 20:20,47,61.8
3/30/2021 20:25,47,61.7
3/30/2021 20:30,47,61.8
3/30/2021 20:35,47,61.7
3/30/2021 20:40,47,61.7
3/30/2021 20:45,47,61.5
3/30/2021 20:50,47,61.5
3/30/2021 20:55,47,61.5
3/30/2021 21:00,47,61.4
3/30/2021 21:05,47,61.2
3/30/2021 21:10,47,61.4
3/30/2021 21:15,47,61.2
3/30/2021 21:20,47,61.2
3/30/2021 21:25,47,61.1
3/30/2021 21:30,47,61
3/30/2021 21:35,47,61
3/30/2021 21:40,47,60.9
3/30/2021 21:45,47,60.9
3/30/2021 21:50,47,60.8
3/30/2021 21:55,47,60.9
3/30/2021 22:00,47,60.7
3/30/2021 22:05,47,60.7
3/30/2021 22:10,47,60.6
3/30/2021 22:15,47,60.6
3/30/2021 22:20,47,60.6
3/30/2021 22:25,47,60.5
3/30/2021 22:30,47,60.4
3/30/2021 22:35,47,60.4
3/30/2021 22:40,47,60.4
3/30/2021 22:45,47,60.3
3/30/2021 22:50,47,60.3
3/30/2021 22:55,47,60.2
3/30/2021 23:00,47,60.2
3/30/2021 23:05,47,60.2
3/30/2021 23:10,47,60.1
3/30/2021 23:15,47,60.2
3/30/2021 23:20,47,60.1
3/30/2021 23:25,47,59.9
3/30/2021 23:30,47,60.1
3/30/2021 23:35,47,60.2
3/30/2021 23:40,47,59.9
3/30/2021 23:45,47,59.9
3/30/2021 23:50,47,59.8
3/30/2021 23:55,47,59.8
3/31/2021 0:00,47,59.7
3/31/2021 0:05,47,59.8
3/31/2021 0:10,47,59.6
3/31/2021 0:15,47,59.7
3/31/2021 0:20,47,59.6
3/31/2021 0:25,47,59.6
3/31/2021 0:30,47,59.5
3/31/2021 0:35,47,59.6
3/31/2021 0:40,47,59.5
3/31/2021 0:45,47,59.5
3/31/2021 0:50,47,59.4
3/31/2021 0:55,47,59.4
3/31/2021 1:00,47,59.4
3/31/2021 1:05,47,59.3
3/31/2021 1:10,47,59.4
3/31/2021 1:15,47,59.3
3/31/2021 1:20,47,59.3
3/31/2021 1:25,47,59.3
3/31/2021 1:30,47,59.3
3/31/2021 1:35,47,59.3
3/31/2021 1:40,47,59.2
3/31/2021 1:45,47,59.2
3/31/2021 1:50,47,59.2
3/31/2021 1:55,47,59.2
3/31/2021 2:00,47,59.1
3/31/2021 2:05,47,59
3/31/2021 2:10,47,59
3/31/2021 2:15,47,59
3/31/2021 2:20,47,59
3/31/2021 2:25,47,59
3/31/2021 2:30,47,59
3/31/2021 2:35,47,58.9
3/31/2021 2:40,47,58.8
3/31/2021 2:45,47,58.8
3/31/2021 2:50,47,58.8
3/31/2021 2:55,47,58.6
3/31/2021 3:00,47,58.6
3/31/2021 3:05,47,58.6
3/31/2021 3:10,47,58.5
3/31/2021 3:15,47,58.5
3/31/2021 3:20,47,58.5
3/31/2021 3:25,47,58.5
3/31/2021 3:30,47,58.4
3/31/2021 3:35,47,58.4
3/31/2021 3:40,47,58.3
3/31/2021 3:45,47,58.3
3/31/2021 3:50,47,58.2
3/31/2021 3:55,47,58.2
3/31/2021 4:00,47,58.2
3/31/2021 4:05,47,58.2
3/31/2021 4:10,47,58.1
3/31/2021 4:15,47,58.1
3/31/2021 4:20,47,58.1
3/31/2021 4:25,47,58.1
3/31/2021 4:30,47,58
3/31/2021 4:35,47,58
3/31/2021 4:40,47,57.9
3/31/2021 4:45,47,57.9
3/31/2021 4:50,47,57.9
3/31/2021 4:55,47,57.9
3/31/2021 5:00,47,57.9
3/31/2021 5:05,47,57.8
3/31/2021 5:10,47,57.7
3/31/2021 5:15,47,57.7
3/31/2021 5:20,47,57.7
3/31/2021 5:25,47,57.7
3/31/2021 5:30,47,57.7
3/31/2021 5:35,47,57.6
3/31/2021 5:40,47,57.6
3/31/2021 5:45,47,57.6
3/31/2021 5:50,47,57.4
3/31/2021 5:55,47,57.5
3/31/2021 6:00,47,57.5
3/31/2021 6:05,47,57.5
3/31/2021 6:10,47,57.4
3/31/2021 6:15,47,57.4
3/31/2021 6:20,47,57.4
3/31/2021 6:25,47,57.3
3/31/2021 6:30,47,57.3
3/31/2021 6:35,47,57.3
3/31/2021 6:40,47,57.3
3/31/2021 6:45,47,57.3
3/31/2021 6:50,47,57.2
3/31/2021 6:55,47,57.3
3/31/2021 7:00,47,57.2
3/31/2021 7:05,47,57.2
3/31/2021 7:10,47,57.2
3/31/2021 7:15,47,57
3/31/2021 7:20,47,57
3/31/2021 7:25,47,56.9
3/31/2021 7:30,47,56.9
3/31/2021 7:35,47,56.9
3/31/2021 7:40,47,56.9
3/31/2021 7:45,47,56.9
3/31/2021 7:50,47,56.7
3/31/2021 7:55,47,56.7
3/31/2021 8:00,47,56.7
3/31/2021 8:05,47,56.7
3/31/2021 8:10,47,56.7
3/31/2021 8:15,47,56.7
3/31/2021 8:20,47,56.6
3/31/2021 8:25,47,56.6
3/31/2021 8:30,47,56.6
3/31/2021 8:35,47,56.6
3/31/2021 8:40,47,56.7
3/31/2021 8:45,47,56.8
3/31/2021 8:50,47,56.9
3/31/2021 8:55,47,57.2
3/31/2021 9:00,47,57.5
3/31/2021 9:05,47,57.8
3/31/2021 9:10,47,58.2
3/31/2021 9:15,47,58.6
3/31/2021 9:20,47,59.3
3/31/2021 9:25,47,59.8
3/31/2021 9:30,47,60.5
3/31/2021 9:35,47,61.1
3/31/2021 9:40,47,61.8
3/31/2021 9:45,47,62.5
3/31/2021 9:50,47,63.3
3/31/2021 9:55,47,64.1
3/31/2021 10:00,47,65
3/31/2021 10:05,47,65.8
3/31/2021 10:10,47,66.7
3/31/2021 10:15,47,67.4
3/31/2021 10:20,47,68
3/31/2021 10:25,47,68.8
3/31/2021 10:30,47,69.5
3/31/2021 10:35,47,70.3
3/31/2021 10:40,47,71
3/31/2021 10:45,47,71.9
3/31/2021 10:50,47,72.5
3/31/2021 10:55,47,73.2
3/31/2021 11:00,47,73.6
3/31/2021 11:05,47,74.1
3/31/2021 11:10,47,74.7
3/31/2021 11:15,47,75.1
3/31/2021 11:20,47,75.5
3/31/2021 11:25,47,76
3/31/2021 11:30,47,76.4
3/31/2021 11:35,47,76.7
3/31/2021 11:40,47,77.1
3/31/2021 11:45,47,77.3
3/31/2021 11:50,47,77.6
3/31/2021 11:55,47,78
3/31/2021 12:00,47,78.2
3/31/2021 12:05,47,78.3
3/31/2021 12:10,47,78.6
3/31/2021 12:15,47,78.8
3/31/2021 12:20,47,78.9
3/31/2021 12:25,47,79.2
3/31/2021 12:30,47,79.2
3/31/2021 12:35,47,79.3
3/31/2021 12:40,47,79.3
3/31/2021 12:45,47,79.4
3/31/2021 12:50,47,79.5
3/31/2021 12:55,47,79.7
3/31/2021 13:00,47,79.7
3/31/2021 13:05,47,79.8
3/31/2021 13:10,47,79.8
3/31/2021 13:15,47,79.9
3/31/2021 13:20,47,80
3/31/2021 13:25,47,80
3/31/2021 13:30,47,80.2
3/31/2021 13:35,47,80.2
3/31/2021 13:40,47,80.2
3/31/2021 13:45,47,80.2
3/31/2021 13:50,47,80.3
3/31/2021 13:55,47,80.3
3/31/2021 14:00,47,80.4
3/31/2021 14:05,47,80.3
3/31/2021 14:10,47,80.3
3/31/2021 14:15,47,80.4
3/31/2021 14:20,47,80.4
3/31/2021 14:25,47,80.5
3/31/2021 14:30,47,80.5
3/31/2021 14:35,47,80.4
3/31/2021 14:40,47,80.5
3/31/2021 14:45,47,80.5
3/31/2021 14:50,47,80.5
3/31/2021 14:55,47,80.4
3/31/2021 15:00,47,80.5
3/31/2021 15:05,47,80.6
3/31/2021 15:10,47,80.5
3/31/2021 15:15,47,80.5
3/31/2021 15:20,47,80.5
3/31/2021 15:25,47,80.5
3/31/2021 15:30,47,80.4
3/31/2021 15:35,47,80.4
3/31/2021 15:40,47,80.4
3/31/2021 15:45,47,80.4
3/31/2021 15:50,47,80.3
3/31/2021 15:55,47,80.2
3/31/2021 16:00,47,80
3/31/2021 16:05,47,79.8
3/31/2021 16:10,47,79.5
3/31/2021 16:15,47,79.4
3/31/2021 16:20,47,79
3/31/2021 16:25,47,78.6
3/31/2021 16:30,47,78.2
3/31/2021 16:35,47,77.8
3/31/2021 16:40,47,77.2
3/31/2021 16:45,47,76.6
3/31/2021 16:50,47,76
3/31/2021 16:55,47,75.4
3/31/2021 17:00,47,74.8
3/31/2021 17:05,47,74
3/31/2021 17:10,47,73.4
3/31/2021 17:15,47,72.7
3/31/2021 17:20,47,72.1
3/31/2021 17:25,47,71.4
3/31/2021 17:30,47,70.7
3/31/2021 17:35,47,69.9
3/31/2021 17:40,47,69.2
3/31/2021 17:45,47,68.6
3/31/2021 17:50,47,67.8
3/31/2021 17:55,47,67.2
3/31/2021 18:00,47,66.5
3/31/2021 18:05,47,65.9
3/31/2021 18:10,47,65.3
3/31/2021 18:15,47,64.7
3/31/2021 18:20,47,64.2
3/31/2021 18:25,47,63.6
3/31/2021 18:30,47,63.1
3/31/2021 18:35,47,62.6
3/31/2021 18:40,47,62.1
3/31/2021 18:45,47,61.6
3/31/2021 18:50,47,61.3
3/31/2021 18:55,47,60.9
3/31/2021 19:00,47,60.6
3/31/2021 19:05,47,60
3/31/2021 19:10,47,59.7
3/31/2021 19:15,47,59.4
3/31/2021 19:20,47,59
3/31/2021 19:25,47,58.7
3/31/2021 19:30,47,58.4
3/31/2021 19:35,47,58.2
3/31/2021 19:40,47,58
3/31/2021 19:45,47,57.7
3/31/2021 19:50,47,57.6
3/31/2021 19:55,47,57.3
3/31/2021 20:00,47,57
3/31/2021 20:05,47,56.8
3/31/2021 20:10,47,56.7
3/31/2021 20:15,47,56.7
3/31/2021 20:20,47,56.6
3/31/2021 20:25,47,56.6
3/31/2021 20:30,47,56.6
3/31/2021 20:35,47,56.6
3/31/2021 20:40,47,56.8
3/31/2021 20:45,47,57
3/31/2021 20:50,47,57.2
3/31/2021 20:55,47,57.7
3/31/2021 21:00,47,58
3/31/2021 21:05,47,58.5
3/31/2021 21:10,47,59
3/31/2021 21:15,47,59.6
3/31/2021 21:20,47,60.1
3/31/2021 21:25,47,61
3/31/2021 21:30,47,61.6
3/31/2021 21:35,47,62.3
3/31/2021 21:40,47,63.1
3/31/2021 21:45,47,63.8
3/31/2021 21:50,47,64.5
3/31/2021 21:55,47,65.3
3/31/2021 22:00,47,66
3/31/2021 22:05,47,66.7
3/31/2021 22:10,47,67.4
3/31/2021 22:15,47,68.1
3/31/2021 22:20,47,68.7
3/31/2021 22:25,47,69.3
3/31/2021 22:30,47,70
3/31/2021 22:35,47,70.4
3/31/2021 22:40,47,71.1
3/31/2021 22:45,47,71.5
3/31/2021 22:50,47,72
3/31/2021 22:55,47,72.3
3/31/2021 23:00,47,72.7
3/31/2021 23:05,47,73
3/31/2021 23:10,47,73.5
3/31/2021 23:15,47,73.8
3/31/2021 23:20,47,74.1
3/31/2021 23:25,47,74.4
3/31/2021 23:30,47,74.7
3/31/2021 23:35,47,74.8
3/31/2021 23:40,47,75
3/31/2021 23:45,47,75.3
3/31/2021 23:50,47,75.4
3/31/2021 23:55,47,75.6
4/1/2021 0:00,47,75.8
4/1/2021 0:05,47,76
4/1/2021 0:10,47,76.1
4/1/2021 0:15,47,76.1
4/1/2021 0:20,47,76.4
4/1/2021 0:25,47,76.5
4/1/2021 0:30,47,76.6
4/1/2021 0:35,47,76.7
4/1/2021 0:40,47,76.6
4/1/2021 0:45,47,76.8
4/1/2021 0:50,47,76.8
4/1/2021 0:55,47,77
4/1/2021 1:00,47,76.8
4/1/2021 1:05,47,77
4/1/2021 1:10,47,77
4/1/2021 1:15,47,77.1
4/1/2021 1:20,47,77.1
4/1/2021 1:25,47,77.1
4/1/2021 1:30,47,77.3
4/1/2021 1:35,47,77.1
4/1/2021 1:40,47,77.1
4/1/2021 1:45,47,77.2
4/1/2021 1:50,47,77.2
4/1/2021 1:55,47,77.2
4/1/2021 2:00,47,77.1
4/1/2021 2:05,47,77.2
4/1/2021 2:10,47,77.3
4/1/2021 2:15,47,77.3
4/1/2021 2:20,47,77.2
4/1/2021 2:25,47,77.2
4/1/2021 2:30,47,77.2
4/1/2021 2:35,47,77.1
4/1/2021 2:40,47,77
4/1/2021 2:45,47,76.8
4/1/2021 2:50,47,76.7
4/1/2021 2:55,47,76.6
4/1/2021 3:00,47,76.4
4/1/2021 3:05,47,76
4/1/2021 3:10,47,75.8
4/1/2021 3:15,47,75.4
4/1/2021 3:20,47,75
4/1/2021 3:25,47,74.6
4/1/2021 3:30,47,74.1
4/1/2021 3:35,47,73.5
4/1/2021 3:40,47,73.1
4/1/2021 3:45,47,72.5
4/1/2021 3:50,47,71.8
4/1/2021 3:55,47,71.2
4/1/2021 4:00,47,70.5
4/1/2021 4:05,47,70
4/1/2021 4:10,47,69.4
4/1/2021 4:15,47,68.7
4/1/2021 4:20,47,68
4/1/2021 4:25,47,67.3
4/1/2021 4:30,47,66.8
4/1/2021 4:35,47,66.1
4/1/2021 4:40,47,65.4
4/1/2021 4:45,47,64.8
4/1/2021 4:50,47,64.3
4/1/2021 4:55,47,63.7
4/1/2021 5:00,47,63.2
4/1/2021 5:05,47,62.5
4/1/2021 5:10,47,62.1
4/1/2021 5:15,47,61.4
4/1/2021 5:20,47,61
4/1/2021 5:25,47,60.5
4/1/2021 5:30,47,60.2
4/1/2021 5:35,47,59.7
4/1/2021 5:40,47,59.4
4/1/2021 5:45,47,58.9
4/1/2021 5:50,47,58.6
4/1/2021 5:55,47,58.4
4/1/2021 6:00,47,57.9
4/1/2021 6:05,47,57.5
4/1/2021 6:10,47,57.2
4/1/2021 6:15,47,57
4/1/2021 6:20,47,56.8
4/1/2021 6:25,47,56.6
4/1/2021 6:30,47,56.4
4/1/2021 6:35,47,56.2
4/1/2021 6:40,47,56
4/1/2021 6:45,47,55.9
4/1/2021 6:50,47,55.6
4/1/2021 6:55,47,55.4
4/1/2021 7:00,47,55.3
4/1/2021 7:05,47,55.1
4/1/2021 7:10,47,55
4/1/2021 7:15,47,54.9
4/1/2021 7:20,47,54.8
4/1/2021 7:25,47,54.7
4/1/2021 7:30,47,54.6
4/1/2021 7:35,47,54.6
4/1/2021 7:40,47,54.4
4/1/2021 7:45,47,54.5
4/1/2021 7:50,47,54.4
4/1/2021 7:55,47,54.4
4/1/2021 8:00,47,54.5
4/1/2021 8:05,47,54.6
4/1/2021 8:10,47,54.7
4/1/2021 8:15,47,54.9
4/1/2021 8:20,47,55.2
4/1/2021 8:25,47,55.6
4/1/2021 8:30,47,56.1
4/1/2021 8:35,47,56.6
4/1/2021 8:40,47,57
4/1/2021 8:45,47,57.7
4/1/2021 8:50,47,58.5
4/1/2021 8:55,47,59.2
4/1/2021 9:00,47,59.9
4/1/2021 9:05,47,60.8
4/1/2021 9:10,47,61.6
4/1/2021 9:15,47,62.3
4/1/2021 9:20,47,63.2
4/1/2021 9:25,47,64.1
4/1/2021 9:30,47,64.8
4/1/2021 9:35,47,65.6
4/1/2021 9:40,47,66.3
4/1/2021 9:45,47,67.1
4/1/2021 9:50,47,67.9
4/1/2021 9:55,47,68.6
4/1/2021 10:00,47,69.3
4/1/2021 10:05,47,69.8
4/1/2021 10:10,47,70.4
4/1/2021 10:15,47,71
4/1/2021 10:20,47,71.6
4/1/2021 10:25,47,72.1
4/1/2021 10:30,47,72.4
4/1/2021 10:35,47,72.9
4/1/2021 10:40,47,73.2
4/1/2021 10:45,47,73.7
4/1/2021 10:50,47,74.2
4/1/2021 10:55,47,74.4
4/1/2021 11:00,47,74.7
4/1/2021 11:05,47,75
4/1/2021 11:10,47,75.3
4/1/2021 11:15,47,75.5
4/1/2021 11:20,47,75.7
4/1/2021 11:25,47,76
4/1/2021 11:30,47,76.2
4/1/2021 11:35,47,76.2
4/1/2021 11:40,47,76.5
4/1/2021 11:45,47,76.6
4/1/2021 11:50,47,76.9
4/1/2021 11:55,47,76.9
4/1/2021 12:00,47,77.2
4/1/2021 12:05,47,77.3
4/1/2021 12:10,47,77.5
4/1/2021 12:15,47,77.7
4/1/2021 12:20,47,77.8
4/1/2021 12:25,47,78
4/1/2021 12:30,47,78
4/1/2021 12:35,47,78.2
4/1/2021 12:40,47,78.2
4/1/2021 12:45,47,78.3
4/1/2021 12:50,47,78.2
4/1/2021 12:55,47,78.4
4/1/2021 13:00,47,78.4
4/1/2021 13:05,47,78.5
4/1/2021 13:10,47,78.3
4/1/2021 13:15,47,78.5
4/1/2021 13:20,47,78.5
4/1/2021 13:25,47,78.8
4/1/2021 13:30,47,78.8
4/1/2021 13:35,47,78.9
4/1/2021 13:40,47,79
4/1/2021 13:45,47,78.9
4/1/2021 13:50,47,79.1
4/1/2021 13:55,47,79
4/1/2021 14:00,47,79
4/1/2021 14:05,47,79.2
4/1/2021 14:10,47,79.1
4/1/2021 14:15,47,79.2
4/1/2021 14:20,47,79.2
4/1/2021 14:25,47,79.4
4/1/2021 14:30,47,79.2
4/1/2021 14:35,47,79.2
4/1/2021 14:40,47,79.1
4/1/2021 14:45,47,79.2
4/1/2021 14:50,47,79.5
4/1/2021 14:55,47,79.4
4/1/2021 15:00,47,79.4
4/1/2021 15:05,47,79.4
4/1/2021 15:10,47,79.5
4/1/2021 15:15,47,79.5
4/1/2021 15:20,47,79.2
4/1/2021 15:25,47,79.4
4/1/2021 15:30,47,79.5
4/1/2021 15:35,47,79.4
4/1/2021 15:40,47,79.4
4/1/2021 15:45,47,79.4
4/1/2021 15:50,47,79.4
4/1/2021 15:55,47,79.2
4/1/2021 16:00,47,79.2
4/1/2021 16:05,47,79.2
4/1/2021 16:10,47,79.2
4/1/2021 16:15,47,79.2
4/1/2021 16:20,47,79.2
4/1/2021 16:25,47,79.2
4/1/2021 16:30,47,79.4
4/1/2021 16:35,47,79.4
4/1/2021 16:40,47,79.2
4/1/2021 16:45,47,79.5
4/1/2021 16:50,47,79.2
4/1/2021 16:55,47,79.4
4/1/2021 17:00,47,79.2
4/1/2021 17:05,47,79.4
4/1/2021 17:10,47,79.4
4/1/2021 17:15,47,79.2
4/1/2021 17:20,47,79.4
4/1/2021 17:25,47,79.4
4/1/2021 17:30,47,79.2
4/1/2021 17:35,47,79.4
4/1/2021 17:40,47,79.2
4/1/2021 17:45,47,79.4
4/1/2021 17:50,47,79.2
4/1/2021 17:55,47,79.2
4/1/2021 18:00,47,79.2
4/1/2021 18:05,47,79.1
4/1/2021 18:10,47,79.1
4/1/2021 18:15,47,79.1
4/1/2021 18:20,47,79
4/1/2021 18:25,47,79.1
4/1/2021 18:30,47,79.1
4/1/2021 18:35,47,79.1
4/1/2021 18:40,47,79.1
4/1/2021 18:45,47,79.2
4/1/2021 18:50,47,79
4/1/2021 18:55,47,79.1
4/1/2021 19:00,47,79
4/1/2021 19:05,47,79
4/1/2021 19:10,47,79.1
4/1/2021 19:15,47,79.1
4/1/2021 19:20,47,79.2
4/1/2021 19:25,47,79
4/1/2021 19:30,47,79.1
4/1/2021 19:35,47,79.1
4/1/2021 19:40,47,79.1
4/1/2021 19:45,47,79.1
4/1/2021 19:50,47,79.1
4/1/2021 19:55,47,79.2
4/1/2021 20:00,47,79.2
4/1/2021 20:05,47,79.1
4/1/2021 20:10,47,79.1
4/1/2021 20:15,47,79.2
4/1/2021 20:20,47,79.2
4/1/2021 20:25,47,79.4
4/1/2021 20:30,47,79.4
4/1/2021 20:35,47,79.4
4/1/2021 20:40,47,79.4
4/1/2021 20:45,47,79.4
4/1/2021 20:50,47,79.2
4/1/2021 20:55,47,79.4
4/1/2021 21:00,47,79.2
4/1/2021 21:05,47,79.2
4/1/2021 21:10,47,79.2
4/1/2021 21:15,47,79.4
4/1/2021 21:20,47,79.2
4/1/2021 21:25,47,79
4/1/2021 21:30,47,79.1
4/1/2021 21:35,47,79.1
4/1/2021 21:40,47,79
4/1/2021 21:45,47,79.1
4/1/2021 21:50,47,79.2
4/1/2021 21:55,47,79.1
4/1/2021 22:00,47,79
4/1/2021 22:05,47,79
4/1/2021 22:10,47,79
4/1/2021 22:15,47,78.9
4/1/2021 22:20,47,78.9
4/1/2021 22:25,47,79
4/1/2021 22:30,47,78.9
4/1/2021 22:35,47,78.7
4/1/2021 22:40,47,78.7
4/1/2021 22:45,47,79
4/1/2021 22:50,47,79
4/1/2021 22:55,47,78.9
4/1/2021 23:00,47,78.7
4/1/2021 23:05,47,78.9
4/1/2021 23:10,47,78.7
4/1/2021 23:15,47,78.7
4/1/2021 23:20,47,78.7
4/1/2021 23:25,47,78.6
4/1/2021 23:30,47,78.6
4/1/2021 23:35,47,78.7
4/1/2021 23:40,47,78.6
4/1/2021 23:45,47,78.7
4/1/2021 23:50,47,78.6
4/1/2021 23:55,47,78.6
4/2/2021 0:00,47,78.6
4/2/2021 0:05,47,78.6
4/2/2021 0:10,47,78.7
4/2/2021 0:15,47,78.6
4/2/2021 0:20,47,78.7
4/2/2021 0:25,47,78.7
4/2/2021 0:30,47,78.6
4/2/2021 0:35,47,78.7
4/2/2021 0:40,47,78.7
4/2/2021 0:45,47,78.6
4/2/2021 0:50,47,78.7
4/2/2021 0:55,47,78.7
4/2/2021 1:00,47,78.7
4/2/2021 1:05,47,78.7
4/2/2021 1:10,47,78.7
4/2/2021 1:15,47,78.7
4/2/2021 1:20,47,78.9
4/2/2021 1:25,47,78.9
4/2/2021 1:30,47,78.7
4/2/2021 1:35,47,78.7
4/2/2021 1:40,47,78.9
4/2/2021 1:45,47,78.7
4/2/2021 1:50,47,78.6
4/2/2021 1:55,47,78.7
4/2/2021 2:00,47,78.6
4/2/2021 2:05,47,78.7
4/2/2021 2:10,47,78.7
4/2/2021 2:15,47,78.7
4/2/2021 2:20,47,78.9
4/2/2021 2:25,47,78.9
4/2/2021 2:30,47,78.9
4/2/2021 2:35,47,78.7
4/2/2021 2:40,47,79
4/2/2021 2:45,47,79
4/2/2021 2:50,47,78.7
4/2/2021 2:55,47,78.9
4/2/2021 3:00,47,79
4/2/2021 3:05,47,79
4/2/2021 3:10,47,78.9
4/2/2021 3:15,47,78.9
4/2/2021 3:20,47,79
4/2/2021 3:25,47,79
4/2/2021 3:30,47,79
4/2/2021 3:35,47,79
4/2/2021 3:40,47,79
4/2/2021 3:45,47,79
4/2/2021 3:50,47,79
4/2/2021 3:55,47,79
4/2/2021 4:00,47,79.1
4/2/2021 4:05,47,79
4/2/2021 4:10,47,79.1
4/2/2021 4:15,47,79.1
4/2/2021 4:20,47,79.1
4/2/2021 4:25,47,79.1
4/2/2021 4:30,47,79.1
4/2/2021 4:35,47,79.1
4/2/2021 4:40,47,79.2
4/2/2021 4:45,47,79.2
4/2/2021 4:50,47,79.2
4/2/2021 4:55,47,79.2
4/2/2021 5:00,47,79.3
4/2/2021 5:05,47,79.2
4/2/2021 5:10,47,79.1
4/2/2021 5:15,47,79.2
4/2/2021 5:20,47,79.2
4/2/2021 5:25,47,79.2
4/2/2021 5:30,47,79.2
4/2/2021 5:35,47,79.3
4/2/2021 5:40,47,79.2
4/2/2021 5:45,47,79.2
4/2/2021 5:50,47,79.3
4/2/2021 5:55,47,79.5
4/2/2021 6:00,47,79.5
4/2/2021 6:05,47,79.5
4/2/2021 6:10,47,79.5
4/2/2021 6:15,47,79.3
4/2/2021 6:20,47,79.5
4/2/2021 6:25,47,79.5
4/2/2021 6:30,47,79.5
4/2/2021 6:35,47,79.6
4/2/2021 6:40,47,79.5
4/2/2021 6:45,47,79.5
4/2/2021 6:50,47,79.6
4/2/2021 6:55,47,79.6
4/2/2021 7:00,47,79.6
4/2/2021 7:05,47,79.7
4/2/2021 7:10,47,79.6
4/2/2021 7:15,47,79.8
4/2/2021 7:20,47,79.7
4/2/2021 7:25,47,79.7
4/2/2021 7:30,47,79.8
4/2/2021 7:35,47,79.8
4/2/2021 7:40,47,79.8
4/2/2021 7:45,47,79.8
4/2/2021 7:50,47,80
4/2/2021 7:55,47,80
4/2/2021 8:00,47,80
4/2/2021 8:05,47,80.1
4/2/2021 8:10,47,80
4/2/2021 8:15,47,80.1
4/2/2021 8:20,47,80.2
4/2/2021 8:25,47,80.1
4/2/2021 8:30,47,80.2
4/2/2021 8:35,47,80.2
4/2/2021 8:40,47,80.2
4/2/2021 8:45,47,80.2
4/2/2021 8:50,47,80.2
4/2/2021 8:55,47,80.4
4/2/2021 9:00,47,80.4
4/2/2021 9:05,47,80.4
4/2/2021 9:10,47,80.4
4/2/2021 9:15,47,80.4
4/2/2021 9:20,47,80.4
4/2/2021 9:25,47,80.6
4/2/2021 9:30,47,80.6
4/2/2021 9:35,47,80.4
4/2/2021 9:40,47,80.6
4/2/2021 9:45,47,80.7
4/2/2021 9:50,47,80.6
4/2/2021 9:55,47,80.7
4/2/2021 10:00,47,80.8
4/2/2021 10:05,47,80.7
4/2/2021 10:10,47,80.7
4/2/2021 10:15,47,80.8
4/2/2021 10:20,47,80.9
4/2/2021 10:25,47,80.8
4/2/2021 10:30,47,81.1
4/2/2021 10:35,47,81.1
4/2/2021 10:40,47,81.1
4/2/2021 10:45,47,80.9
4/2/2021 10:50,47,81.3
4/2/2021 10:55,47,81.2
4/2/2021 11:00,47,81.3
4/2/2021 11:05,47,81.2
4/2/2021 11:10,47,81.3
4/2/2021 11:15,47,81.4
4/2/2021 11:20,47,81.3
4/2/2021 11:25,47,81.3
4/2/2021 11:30,47,81.6
4/2/2021 11:35,47,81.3
4/2/2021 11:40,47,81.6
4/2/2021 11:45,47,81.4
4/2/2021 11:50,47,81.7
4/2/2021 11:55,47,81.4
4/2/2021 12:00,47,81.4
4/2/2021 12:05,47,81.3
4/2/2021 12:10,47,81.4
4/2/2021 12:15,47,81.6
4/2/2021 12:20,47,81.4
4/2/2021 12:25,47,81.3
4/2/2021 12:30,47,81.4
4/2/2021 12:35,47,81.6
4/2/2021 12:40,47,81.7
4/2/2021 12:45,47,81.6
4/2/2021 12:50,47,81.7
4/2/2021 12:55,47,81.6
4/2/2021 13:00,47,81.7
4/2/2021 13:05,47,81.7
4/2/2021 13:10,47,81.8
4/2/2021 13:15,47,81.8
4/2/2021 13:20,47,81.7
4/2/2021 13:25,47,81.8
4/2/2021 13:30,47,81.8
4/2/2021 13:35,47,81.7
4/2/2021 13:40,47,81.5
4/2/2021 13:45,47,81.5
4/2/2021 13:50,47,81.7
4/2/2021 13:55,47,81.8
4/2/2021 14:00,47,81.5
4/2/2021 14:05,47,81.7
4/2/2021 14:10,47,81.7
4/2/2021 14:15,47,81.7
4/2/2021 14:20,47,81.7
4/2/2021 14:25,47,81.8
4/2/2021 14:30,47,81.8
4/2/2021 14:35,47,81.9
4/2/2021 14:40,47,81.7
4/2/2021 14:45,47,81.8
4/2/2021 14:50,47,81.8
4/2/2021 14:55,47,81.7
4/2/2021 15:00,47,81.8
4/2/2021 15:05,47,81.7
4/2/2021 15:10,47,81.7
4/2/2021 15:15,47,81.9
4/2/2021 15:20,47,81.7
4/2/2021 15:25,47,81.7
4/2/2021 15:30,47,81.5
4/2/2021 15:35,47,81.7
4/2/2021 15:40,47,81.7
4/2/2021 15:45,47,81.5
4/2/2021 15:50,47,81.5
4/2/2021 15:55,47,81.7
4/2/2021 16:00,47,81.7
4/2/2021 16:05,47,81.4
4/2/2021 16:10,47,81.4
4/2/2021 16:15,47,81.4
4/2/2021 16:20,47,81.4
4/2/2021 16:25,47,81.4
4/2/2021 16:30,47,81.3
4/2/2021 16:35,47,81.4
4/2/2021 16:40,47,81.4
4/2/2021 16:45,47,81.4
4/2/2021 16:50,47,81.4
4/2/2021 16:55,47,81.3
4/2/2021 17:00,47,81.2
4/2/2021 17:05,47,81.3
4/2/2021 17:10,47,81.4
4/2/2021 17:15,47,81.4
4/2/2021 17:20,47,81.3
4/2/2021 17:25,47,81.3
4/2/2021 17:30,47,81.3
4/2/2021 17:35,47,81.3
4/2/2021 17:40,47,81.3
4/2/2021 17:45,47,81.3
4/2/2021 17:50,47,81.3
4/2/2021 17:55,47,81.3
4/2/2021 18:00,47,81
4/2/2021 18:05,47,81.2
4/2/2021 18:10,47,81.2
4/2/2021 18:15,47,81.2
4/2/2021 18:20,47,81.2
4/2/2021 18:25,47,81.2
4/2/2021 18:30,47,81
4/2/2021 18:35,47,81
4/2/2021 18:40,47,81
4/2/2021 18:45,47,81
4/2/2021 18:50,47,81
4/2/2021 18:55,47,80.9
4/2/2021 19:00,47,80.9
4/2/2021 19:05,47,80.9
4/2/2021 19:10,47,80.9
4/2/2021 19:15,47,80.9
4/2/2021 19:20,47,81
4/2/2021 19:25,47,80.8
4/2/2021 19:30,47,80.9
4/2/2021 19:35,47,80.9
4/2/2021 19:40,47,81
4/2/2021 19:45,47,80.8
4/2/2021 19:50,47,80.9
4/2/2021 19:55,47,80.9
4/2/2021 20:00,47,80.8
4/2/2021 20:05,47,80.8
4/2/2021 20:10,47,80.8
4/2/2021 20:15,47,80.8
4/2/2021 20:20,47,80.8
4/2/2021 20:25,47,80.7
4/2/2021 20:30,47,80.8
4/2/2021 20:35,47,80.8
4/2/2021 20:40,47,80.7
4/2/2021 20:45,47,80.5
4/2/2021 20:50,47,80.7
4/2/2021 20:55,47,80.7
4/2/2021 21:00,47,80.7
4/2/2021 21:05,47,80.5
4/2/2021 21:10,47,80.5
4/2/2021 21:15,47,80.4
4/2/2021 21:20,47,80.4
4/2/2021 21:25,47,80.3
4/2/2021 21:30,47,80.3
4/2/2021 21:35,47,80.3
4/2/2021 21:40,47,80.3
4/2/2021 21:45,47,80.4
4/2/2021 21:50,47,80.2
4/2/2021 21:55,47,80.4
4/2/2021 22:00,47,80.4
4/2/2021 22:05,47,80.3
4/2/2021 22:10,47,80.3
4/2/2021 22:15,47,80.4
4/2/2021 22:20,47,80.3
4/2/2021 22:25,47,80.3
4/2/2021 22:30,47,80.2
4/2/2021 22:35,47,80.3
4/2/2021 22:40,47,80.2
4/2/2021 22:45,47,80.2
4/2/2021 22:50,47,80.2
4/2/2021 22:55,47,80.2
4/2/2021 23:00,47,80
4/2/2021 23:05,47,80
4/2/2021 23:10,47,79.9
4/2/2021 23:15,47,79.9
4/2/2021 23:20,47,79.9
4/2/2021 23:25,47,79.9
4/2/2021 23:30,47,79.9
4/2/2021 23:35,47,79.9
4/2/2021 23:40,47,79.8
4/2/2021 23:45,47,79.8
4/2/2021 23:50,47,79.8
4/2/2021 23:55,47,79.7
4/3/2021 0:00,47,79.8
4/3/2021 0:05,47,79.8
4/3/2021 0:10,47,79.7
4/3/2021 0:15,47,79.6
4/3/2021 0:20,47,79.6
4/3/2021 0:25,47,79.4
4/3/2021 0:30,47,79.4
4/3/2021 0:35,47,79.4
4/3/2021 0:40,47,79.3
4/3/2021 0:45,47,79.1
4/3/2021 0:50,47,78.9
4/3/2021 0:55,47,78.6
4/3/2021 1:00,47,78.2
4/3/2021 1:05,47,78
4/3/2021 1:10,47,77.5
4/3/2021 1:15,47,77.1
4/3/2021 1:20,47,76.6
4/3/2021 1:25,47,76.3
4/3/2021 1:30,47,75.7
4/3/2021 1:35,47,75.2
4/3/2021 1:40,47,74.5
4/3/2021 1:45,47,73.9
4/3/2021 1:50,47,73.3
4/3/2021 1:55,47,72.6
4/3/2021 2:00,47,72
4/3/2021 2:05,47,71.3
4/3/2021 2:10,47,70.6
4/3/2021 2:15,47,69.9
4/3/2021 2:20,47,69.2
4/3/2021 2:25,47,68.4
4/3/2021 2:30,47,67.7
4/3/2021 2:35,47,67
4/3/2021 2:40,47,66.3
4/3/2021 2:45,47,65.8
4/3/2021 2:50,47,65.2
4/3/2021 2:55,47,64.5
4/3/2021 3:00,47,64
4/3/2021 3:05,47,63.3
4/3/2021 3:10,47,62.9
4/3/2021 3:15,47,62.3
4/3/2021 3:20,47,61.8
4/3/2021 3:25,47,61.3
4/3/2021 3:30,47,60.9
4/3/2021 3:35,47,60.6
4/3/2021 3:40,47,60.1
4/3/2021 3:45,47,59.7
4/3/2021 3:50,47,59.4
4/3/2021 3:55,47,59
4/3/2021 4:00,47,58.6
4/3/2021 4:05,47,58.4
4/3/2021 4:10,47,58.1
4/3/2021 4:15,47,57.8
4/3/2021 4:20,47,57.5
4/3/2021 4:25,47,57.2
4/3/2021 4:30,47,57.1
4/3/2021 4:35,47,56.9
4/3/2021 4:40,47,56.7
4/3/2021 4:45,47,56.5
4/3/2021 4:50,47,56.4
4/3/2021 4:55,47,56.1
4/3/2021 5:00,47,56
4/3/2021 5:05,47,55.9
4/3/2021 5:10,47,55.9
4/3/2021 5:15,47,55.7
4/3/2021 5:20,47,55.6
4/3/2021 5:25,47,55.5
4/3/2021 5:30,47,55.3
4/3/2021 5:35,47,55.3
4/3/2021 5:40,47,55.3
4/3/2021 5:45,47,55.1
4/3/2021 5:50,47,55
4/3/2021 5:55,47,54.9
4/3/2021 6:00,47,54.9
4/3/2021 6:05,47,54.8
4/3/2021 6:10,47,54.8
4/3/2021 6:15,47,54.8
4/3/2021 6:20,47,54.7
4/3/2021 6:25,47,54.7
4/3/2021 6:30,47,54.6
4/3/2021 6:35,47,54.5
4/3/2021 6:40,47,54.6
4/3/2021 6:45,47,54.6
4/3/2021 6:50,47,54.6
4/3/2021 6:55,47,54.5
4/3/2021 7:00,47,54.6
4/3/2021 7:05,47,54.5
4/3/2021 7:10,47,54.5
4/3/2021 7:15,47,54.6
4/3/2021 7:20,47,54.5
4/3/2021 7:25,47,54.5
4/3/2021 7:30,47,54.6
4/3/2021 7:35,47,54.6
4/3/2021 7:40,47,54.5
4/3/2021 7:45,47,54.6
4/3/2021 7:50,47,54.6
4/3/2021 7:55,47,54.6
4/3/2021 8:00,47,54.6
4/3/2021 8:05,47,54.7
4/3/2021 8:10,47,54.8
4/3/2021 8:15,47,55
4/3/2021 8:20,47,55
4/3/2021 8:25,47,55.4
4/3/2021 8:30,47,55.6
4/3/2021 8:35,47,55.9
4/3/2021 8:40,47,56.3
4/3/2021 8:45,47,56.7
4/3/2021 8:50,47,57.3
4/3/2021 8:55,47,57.9
4/3/2021 9:00,47,58.5
4/3/2021 9:05,47,59.3
4/3/2021 9:10,47,60.1
4/3/2021 9:15,47,60.8
4/3/2021 9:20,47,61.8
4/3/2021 9:25,47,62.5
4/3/2021 9:30,47,63.4
4/3/2021 9:35,47,64.3
4/3/2021 9:40,47,65.1
4/3/2021 9:45,47,66
4/3/2021 9:50,47,66.9
4/3/2021 9:55,47,67.7
4/3/2021 10:00,47,68.6
4/3/2021 10:05,47,69.3
4/3/2021 10:10,47,70.1
4/3/2021 10:15,47,70.7
4/3/2021 10:20,47,71.4
4/3/2021 10:25,47,72.1
4/3/2021 10:30,47,72.7
4/3/2021 10:35,47,73.3
4/3/2021 10:40,47,73.9
4/3/2021 10:45,47,74.3
4/3/2021 10:50,47,74.8
4/3/2021 10:55,47,75.2
4/3/2021 11:00,47,75.6
4/3/2021 11:05,47,76.1
4/3/2021 11:10,47,76.4
4/3/2021 11:15,47,76.7
4/3/2021 11:20,47,77.2
4/3/2021 11:25,47,77.3
4/3/2021 11:30,47,77.7
4/3/2021 11:35,47,77.8
4/3/2021 11:40,47,78.1
4/3/2021 11:45,47,78.3
4/3/2021 11:50,47,78.4
4/3/2021 11:55,47,78.5
4/3/2021 12:00,47,78.8
4/3/2021 12:05,47,79
4/3/2021 12:10,47,79
4/3/2021 12:15,47,79.3
4/3/2021 12:20,47,79.5
4/3/2021 12:25,47,79.5
4/3/2021 12:30,47,79.7
4/3/2021 12:35,47,79.8
4/3/2021 12:40,47,79.8
4/3/2021 12:45,47,79.8
4/3/2021 12:50,47,79.9
4/3/2021 12:55,47,80
4/3/2021 13:00,47,80.1
4/3/2021 13:05,47,80.1
4/3/2021 13:10,47,80.3
4/3/2021 13:15,47,80.5
4/3/2021 13:20,47,80.4
4/3/2021 13:25,47,80.5
4/3/2021 13:30,47,80.5
4/3/2021 13:35,47,80.5
4/3/2021 13:40,47,80.5
4/3/2021 13:45,47,80.6
4/3/2021 13:50,47,80.6
4/3/2021 13:55,47,80.6
4/3/2021 14:00,47,80.8
4/3/2021 14:05,47,80.9
4/3/2021 14:10,47,80.9
4/3/2021 14:15,47,80.9
4/3/2021 14:20,47,80.9
4/3/2021 14:25,47,81
4/3/2021 14:30,47,80.9
4/3/2021 14:35,47,80.9
4/3/2021 14:40,47,81.3
4/3/2021 14:45,47,81
4/3/2021 14:50,47,81.1
4/3/2021 14:55,47,81.1
4/3/2021 15:00,47,81.1
4/3/2021 15:05,47,81.3
4/3/2021 15:10,47,81.4
4/3/2021 15:15,47,81.3
4/3/2021 15:20,47,81.5
4/3/2021 15:25,47,81.4
4/3/2021 15:30,47,81.5
4/3/2021 15:35,47,81.5
4/3/2021 15:40,47,81.5
4/3/2021 15:45,47,81.5
4/3/2021 15:50,47,81.6
4/3/2021 15:55,47,81.6
4/3/2021 16:00,47,81.6
4/3/2021 16:05,47,81.7
4/3/2021 16:10,47,81.7
4/3/2021 16:15,47,81.7
4/3/2021 16:20,47,81.7
4/3/2021 16:25,47,81.9
4/3/2021 16:30,47,81.9
4/3/2021 16:35,47,81.7
4/3/2021 16:40,47,81.9
4/3/2021 16:45,47,81.9
4/3/2021 16:50,47,82
4/3/2021 16:55,47,82
4/3/2021 17:00,47,81.9
4/3/2021 17:05,47,81.9
4/3/2021 17:10,47,81.9
4/3/2021 17:15,47,81.9
4/3/2021 17:20,47,81.9
4/3/2021 17:25,47,81.9
4/3/2021 17:30,47,81.9
4/3/2021 17:35,47,82
4/3/2021 17:40,47,82
4/3/2021 17:45,47,82
4/3/2021 17:50,47,82
4/3/2021 17:55,47,81.9
4/3/2021 18:00,47,82
4/3/2021 18:05,47,82.1
4/3/2021 18:10,47,81.9
4/3/2021 18:15,47,82
4/3/2021 18:20,47,82
4/3/2021 18:25,47,82.1
4/3/2021 18:30,47,82
4/3/2021 18:35,47,82.1
4/3/2021 18:40,47,82
4/3/2021 18:45,47,82
4/3/2021 18:50,47,82.2
4/3/2021 18:55,47,82.1
4/3/2021 19:00,47,82.1
4/3/2021 19:05,47,82.2
4/3/2021 19:10,47,82.2
4/3/2021 19:15,47,82.2
4/3/2021 19:20,47,82.1
4/3/2021 19:25,47,82.4
4/3/2021 19:30,47,82.4
4/3/2021 19:35,47,82.5
4/3/2021 19:40,47,82.5
4/3/2021 19:45,47,82.5
4/3/2021 19:50,47,82.6
4/3/2021 19:55,47,82.6
4/3/2021 20:00,47,82.6
4/3/2021 20:05,47,82.7
4/3/2021 20:10,47,82.9
4/3/2021 20:15,47,82.9
4/3/2021 20:20,47,82.9
4/3/2021 20:25,47,83
4/3/2021 20:30,47,83
4/3/2021 20:35,47,83.1
4/3/2021 20:40,47,83.1
4/3/2021 20:45,47,83.1
4/3/2021 20:50,47,83.1
4/3/2021 20:55,47,83.1
4/3/2021 21:00,47,83.2
4/3/2021 21:05,47,83.2
4/3/2021 21:10,47,83.4
4/3/2021 21:15,47,83.2
4/3/2021 21:20,47,83.5
4/3/2021 21:25,47,83.5
4/3/2021 21:30,47,83.5
4/3/2021 21:35,47,83.6
4/3/2021 21:40,47,83.6
4/3/2021 21:45,47,83.6
4/3/2021 21:50,47,83.5
4/3/2021 21:55,47,83.7
4/3/2021 22:00,47,83.6
4/3/2021 22:05,47,83.6
4/3/2021 22:10,47,83.7
4/3/2021 22:15,47,83.7
4/3/2021 22:20,47,83.7
4/3/2021 22:25,47,83.7
4/3/2021 22:30,47,83.9
4/3/2021 22:35,47,83.9
4/3/2021 22:40,47,84
4/3/2021 22:45,47,83.9
4/3/2021 22:50,47,84
4/3/2021 22:55,47,84
4/3/2021 23:00,47,84
4/3/2021 23:05,47,83.9
4/3/2021 23:10,47,83.9
4/3/2021 23:15,47,83.7
4/3/2021 23:20,47,83.6
4/3/2021 23:25,47,83.4
4/3/2021 23:30,47,83.1
4/3/2021 23:35,47,82.9
4/3/2021 23:40,47,82.6
4/3/2021 23:45,47,82.1
4/3/2021 23:50,47,81.6
4/3/2021 23:55,47,81.1
4/4/2021 0:00,47,80.6
4/4/2021 0:05,47,80.1
4/4/2021 0:10,47,79.5
4/4/2021 0:15,47,78.9
4/4/2021 0:20,47,78.2
4/4/2021 0:25,47,77.6
4/4/2021 0:30,47,76.7
4/4/2021 0:35,47,76.1
4/4/2021 0:40,47,75.4
4/4/2021 0:45,47,74.7
4/4/2021 0:50,47,73.9
4/4/2021 0:55,47,73.4
4/4/2021 1:00,47,72.8
4/4/2021 1:05,47,72.1
4/4/2021 1:10,47,71.5
4/4/2021 1:15,47,70.8
4/4/2021 1:20,47,70.2
4/4/2021 1:25,47,69.6
4/4/2021 1:30,47,69.1
4/4/2021 1:35,47,68.6
4/4/2021 1:40,47,68.1
4/4/2021 1:45,47,67.5
4/4/2021 1:50,47,67.2
4/4/2021 1:55,47,66.7
4/4/2021 2:00,47,66.4
4/4/2021 2:05,47,66.1
4/4/2021 2:10,47,65.6
4/4/2021 2:15,47,65.4
4/4/2021 2:20,47,64.9
4/4/2021 2:25,47,64.7
4/4/2021 2:30,47,64.5
4/4/2021 2:35,47,64.3
4/4/2021 2:40,47,64
4/4/2021 2:45,47,63.7
4/4/2021 2:50,47,63.5
4/4/2021 2:55,47,63.4
4/4/2021 3:00,47,63.3
4/4/2021 3:05,47,63
4/4/2021 3:10,47,62.8
4/4/2021 3:15,47,62.7
4/4/2021 3:20,47,62.7
4/4/2021 3:25,47,62.5
4/4/2021 3:30,47,62.5
4/4/2021 3:35,47,62.4
4/4/2021 3:40,47,62.4
4/4/2021 3:45,47,62.3
4/4/2021 3:50,47,62.2
4/4/2021 3:55,47,62.2
4/4/2021 4:00,47,62.2
4/4/2021 4:05,47,62.2
4/4/2021 4:10,47,62.1
4/4/2021 4:15,47,62.1
4/4/2021 4:20,47,62.2
4/4/2021 4:25,47,62.1
4/4/2021 4:30,47,61.9
4/4/2021 4:35,47,62.1
4/4/2021 4:40,47,62.1
4/4/2021 4:45,47,61.9
4/4/2021 4:50,47,62.1
4/4/2021 4:55,47,62.1
4/4/2021 5:00,47,62.1
4/4/2021 5:05,47,62.1
4/4/2021 5:10,47,62.1
4/4/2021 5:15,47,62.2
4/4/2021 5:20,47,62.2
4/4/2021 5:25,47,62.3
4/4/2021 5:30,47,62.2
4/4/2021 5:35,47,62.3
4/4/2021 5:40,47,62.4
4/4/2021 5:45,47,62.4
4/4/2021 5:50,47,62.5
4/4/2021 5:55,47,62.5
4/4/2021 6:00,47,62.6
4/4/2021 6:05,47,62.6
4/4/2021 6:10,47,62.8
4/4/2021 6:15,47,62.8
4/4/2021 6:20,47,62.8
4/4/2021 6:25,47,62.8
4/4/2021 6:30,47,62.9
4/4/2021 6:35,47,63
4/4/2021 6:40,47,63
4/4/2021 6:45,47,63.2
4/4/2021 6:50,47,63.3
4/4/2021 6:55,47,63.3
4/4/2021 7:00,47,63.4
4/4/2021 7:05,47,63.4
4/4/2021 7:10,47,63.5
4/4/2021 7:15,47,63.5
4/4/2021 7:20,47,63.6
4/4/2021 7:25,47,63.6
4/4/2021 7:30,47,63.6
4/4/2021 7:35,47,63.7
4/4/2021 7:40,47,63.7
4/4/2021 7:45,47,63.7
4/4/2021 7:50,47,63.7
4/4/2021 7:55,47,63.8
4/4/2021 8:00,47,63.8
4/4/2021 8:05,47,63.8
4/4/2021 8:10,47,63.9
4/4/2021 8:15,47,63.9
4/4/2021 8:20,47,64
4/4/2021 8:25,47,64
4/4/2021 8:30,47,64
4/4/2021 8:35,47,64
4/4/2021 8:40,47,64.3
4/4/2021 8:45,47,64.3
4/4/2021 8:50,47,64.3
4/4/2021 8:55,47,64.4
4/4/2021 9:00,47,64.5
4/4/2021 9:05,47,64.6
4/4/2021 9:10,47,64.9
4/4/2021 9:15,47,65
4/4/2021 9:20,47,65.4
4/4/2021 9:25,47,65.7
4/4/2021 9:30,47,66.2
4/4/2021 9:35,47,66.6
4/4/2021 9:40,47,67.2
4/4/2021 9:45,47,67.9
4/4/2021 9:50,47,68.6
4/4/2021 9:55,47,69.2
4/4/2021 10:00,47,70.2
4/4/2021 10:05,47,70.9
4/4/2021 10:10,47,71.8
4/4/2021 10:15,47,72.7
4/4/2021 10:20,47,73.7
4/4/2021 10:25,47,74.6
4/4/2021 10:30,47,75.5
4/4/2021 10:35,47,76.6
4/4/2021 10:40,47,77.4
4/4/2021 10:45,47,78.1
4/4/2021 10:50,47,78.9
4/4/2021 10:55,47,79.7
4/4/2021 11:00,47,80.6
4/4/2021 11:05,47,81.5
4/4/2021 11:10,47,82.3
4/4/2021 11:15,47,83.1
4/4/2021 11:20,47,83.6
4/4/2021 11:25,47,84.2
4/4/2021 11:30,47,84.5
4/4/2021 11:35,47,85.1
4/4/2021 11:40,47,85.7
4/4/2021 11:45,47,86.2
4/4/2021 11:50,47,86.8
4/4/2021 11:55,47,86.9
4/4/2021 12:00,47,87.1
4/4/2021 12:05,47,87.5
4/4/2021 12:10,47,88
4/4/2021 12:15,47,88.3
4/4/2021 12:20,47,88.4
4/4/2021 12:25,47,88.5
4/4/2021 12:30,47,88.9
4/4/2021 12:35,47,89.1
4/4/2021 12:40,47,89.1
4/4/2021 12:45,47,89.3
4/4/2021 12:50,47,89.5
4/4/2021 12:55,47,89.6
4/4/2021 13:00,47,89.7
4/4/2021 13:05,47,89.7
4/4/2021 13:10,47,90
4/4/2021 13:15,47,90
4/4/2021 13:20,47,90.2
4/4/2021 13:25,47,90.1
4/4/2021 13:30,47,90.2
4/4/2021 13:35,47,90.4
4/4/2021 13:40,47,90.4
4/4/2021 13:45,47,90.5
4/4/2021 13:50,47,90.4
4/4/2021 13:55,47,90.5
4/4/2021 14:00,47,90.5
4/4/2021 14:05,47,90.5
4/4/2021 14:10,47,90.6
4/4/2021 14:15,47,90.6
4/4/2021 14:20,47,90.7
4/4/2021 14:25,47,90.7
4/4/2021 14:30,47,90.9
4/4/2021 14:35,47,90.9
4/4/2021 14:40,47,90.9
4/4/2021 14:45,47,90.9
4/4/2021 14:50,47,90.7
4/4/2021 14:55,47,90.9
4/4/2021 15:00,47,90.7
4/4/2021 15:05,47,90.7
4/4/2021 15:10,47,90.4
4/4/2021 15:15,47,90.2
4/4/2021 15:20,47,89.8
4/4/2021 15:25,47,89.7
4/4/2021 15:30,47,89.4
4/4/2021 15:35,47,89.1
4/4/2021 15:40,47,88.4
4/4/2021 15:45,47,88.2
4/4/2021 15:50,47,87.6
4/4/2021 15:55,47,87
4/4/2021 16:00,47,86.4
4/4/2021 16:05,47,85.6
4/4/2021 16:10,47,85
4/4/2021 16:15,47,84.2
4/4/2021 16:20,47,83.6
4/4/2021 16:25,47,82.9
4/4/2021 16:30,47,82.1
4/4/2021 16:35,47,81.3
4/4/2021 16:40,47,80.6
4/4/2021 16:45,47,79.8
4/4/2021 16:50,47,79.2
4/4/2021 16:55,47,78.4
4/4/2021 17:00,47,77.6
4/4/2021 17:05,47,77
4/4/2021 17:10,47,76.4
4/4/2021 17:15,47,75.7
4/4/2021 17:20,47,75.1
4/4/2021 17:25,47,74.3
4/4/2021 17:30,47,73.7
4/4/2021 17:35,47,73.1
4/4/2021 17:40,47,72.6
4/4/2021 17:45,47,72.1
4/4/2021 17:50,47,71.6
4/4/2021 17:55,47,71.1
4/4/2021 18:00,47,70.6
4/4/2021 18:05,47,70.3
4/4/2021 18:10,47,69.9
4/4/2021 18:15,47,69.3
4/4/2021 18:20,47,69
4/4/2021 18:25,47,68.7
4/4/2021 18:30,47,68.3
4/4/2021 18:35,47,68
4/4/2021 18:40,47,67.7
4/4/2021 18:45,47,67.5
4/4/2021 18:50,47,67.3
4/4/2021 18:55,47,67.1
4/4/2021 19:00,47,66.7
4/4/2021 19:05,47,66.5
4/4/2021 19:10,47,66.4
4/4/2021 19:15,47,66
4/4/2021 19:20,47,65.8
4/4/2021 19:25,47,65.7
4/4/2021 19:30,47,65.5
4/4/2021 19:35,47,65.4
4/4/2021 19:40,47,65.2
4/4/2021 19:45,47,65
4/4/2021 19:50,47,64.9
4/4/2021 19:55,47,64.9
4/4/2021 20:00,47,64.6
4/4/2021 20:05,47,64.5
4/4/2021 20:10,47,64.3
4/4/2021 20:15,47,64.2
4/4/2021 20:20,47,64.1
4/4/2021 20:25,47,64
4/4/2021 20:30,47,63.9
4/4/2021 20:35,47,63.7
4/4/2021 20:40,47,63.7
4/4/2021 20:45,47,63.6
4/4/2021 20:50,47,63.6
4/4/2021 20:55,47,63.5
4/4/2021 21:00,47,63.3
4/4/2021 21:05,47,63.3
4/4/2021 21:10,47,63.2
4/4/2021 21:15,47,63.2
4/4/2021 21:20,47,63.1
4/4/2021 21:25,47,63.1
4/4/2021 21:30,47,63
4/4/2021 21:35,47,62.9
4/4/2021 21:40,47,62.8
4/4/2021 21:45,47,62.7
4/4/2021 21:50,47,62.7
4/4/2021 21:55,47,62.6
4/4/2021 22:00,47,62.5
4/4/2021 22:05,47,62.5
4/4/2021 22:10,47,62.4
4/4/2021 22:15,47,62.4
4/4/2021 22:20,47,62.2
4/4/2021 22:25,47,62.1
4/4/2021 22:30,47,62
4/4/2021 22:35,47,62
4/4/2021 22:40,47,62
4/4/2021 22:45,47,61.9
4/4/2021 22:50,47,61.8
4/4/2021 22:55,47,61.8
4/4/2021 23:00,47,61.7
4/4/2021 23:05,47,61.7
4/4/2021 23:10,47,61.6
4/4/2021 23:15,47,61.6
4/4/2021 23:20,47,61.6
4/4/2021 23:25,47,61.5
4/4/2021 23:30,47,61.6
4/4/2021 23:35,47,61.5
4/4/2021 23:40,47,61.5
4/4/2021 23:45,47,61.3
4/4/2021 23:50,47,61.3
4/4/2021 23:55,47,61.3
4/5/2021 0:00,47,61.1
4/5/2021 0:05,47,61
4/5/2021 0:10,47,61.3
4/5/2021 0:15,47,61.1
4/5/2021 0:20,47,61.1
4/5/2021 0:25,47,61.1
4/5/2021 0:30,47,61
4/5/2021 0:35,47,61
4/5/2021 0:40,47,61
4/5/2021 0:45,47,60.9
4/5/2021 0:50,47,60.9
4/5/2021 0:55,47,60.9
4/5/2021 1:00,47,60.8
4/5/2021 1:05,47,60.9
4/5/2021 1:10,47,60.8
4/5/2021 1:15,47,60.8
4/5/2021 1:20,47,60.8
4/5/2021 1:25,47,60.7
4/5/2021 1:30,47,60.7
4/5/2021 1:35,47,60.7
4/5/2021 1:40,47,60.7
4/5/2021 1:45,47,60.6
4/5/2021 1:50,47,60.6
4/5/2021 1:55,47,60.6
4/5/2021 2:00,47,60.6
4/5/2021 2:05,47,60.6
4/5/2021 2:10,47,60.6
4/5/2021 2:15,47,60.6
4/5/2021 2:20,47,60.6
4/5/2021 2:25,47,60.5
4/5/2021 2:30,47,60.5
4/5/2021 2:35,47,60.5
4/5/2021 2:40,47,60.4
4/5/2021 2:45,47,60.3
4/5/2021 2:50,47,60.4
4/5/2021 2:55,47,60.2
4/5/2021 3:00,47,60.3
4/5/2021 3:05,47,60.2
4/5/2021 3:10,47,60.3
4/5/2021 3:15,47,60.2
4/5/2021 3:20,47,60.1
4/5/2021 3:25,47,60.1
4/5/2021 3:30,47,60.1
4/5/2021 3:35,47,59.9
4/5/2021 3:40,47,59.9
4/5/2021 3:45,47,59.9
4/5/2021 3:50,47,59.9
4/5/2021 3:55,47,59.8
4/5/2021 4:00,47,59.8
4/5/2021 4:05,47,59.8
4/5/2021 4:10,47,59.7
4/5/2021 4:15,47,59.7
4/5/2021 4:20,47,59.7
4/5/2021 4:25,47,59.6
4/5/2021 4:30,47,59.5
4/5/2021 4:35,47,59.5
4/5/2021 4:40,47,59.5
4/5/2021 4:45,47,59.5
4/5/2021 4:50,47,59.4
4/5/2021 4:55,47,59.4
4/5/2021 5:00,47,59.4
4/5/2021 5:05,47,59.3
4/5/2021 5:10,47,59.3
4/5/2021 5:15,47,59.3
4/5/2021 5:20,47,59.3
4/5/2021 5:25,47,59.3
4/5/2021 5:30,47,59.3
4/5/2021 5:35,47,59.3
4/5/2021 5:40,47,59.2
4/5/2021 5:45,47,59.1
4/5/2021 5:50,47,59.1
4/5/2021 5:55,47,59.1
4/5/2021 6:00,47,59.1
4/5/2021 6:05,47,59.1
4/5/2021 6:10,47,59
4/5/2021 6:15,47,59
4/5/2021 6:20,47,59
4/5/2021 6:25,47,59
4/5/2021 6:30,47,58.9
4/5/2021 6:35,47,58.9
4/5/2021 6:40,47,58.9
4/5/2021 6:45,47,58.8
4/5/2021 6:50,47,58.8
4/5/2021 6:55,47,58.8
4/5/2021 7:00,47,58.8
4/5/2021 7:05,47,58.7
4/5/2021 7:10,47,58.7
4/5/2021 7:15,47,58.7
4/5/2021 7:20,47,58.7
4/5/2021 7:25,47,58.7
4/5/2021 7:30,47,58.7
4/5/2021 7:35,47,58.5
4/5/2021 7:40,47,58.5
4/5/2021 7:45,47,58.5
4/5/2021 7:50,47,58.4
4/5/2021 7:55,47,58.3
4/5/2021 8:00,47,58.4
4/5/2021 8:05,47,58.4
4/5/2021 8:10,47,58.5
4/5/2021 8:15,47,58.6
4/5/2021 8:20,47,58.8
4/5/2021 8:25,47,58.9
4/5/2021 8:30,47,59.1
4/5/2021 8:35,47,59.4
4/5/2021 8:40,47,59.7
4/5/2021 8:45,47,60.3
4/5/2021 8:50,47,60.7
4/5/2021 8:55,47,61.2
4/5/2021 9:00,47,61.8
4/5/2021 9:05,47,62.4
4/5/2021 9:10,47,63.2
4/5/2021 9:15,47,63.9
4/5/2021 9:20,47,64.7
4/5/2021 9:25,47,65.3
4/5/2021 9:30,47,66.2
4/5/2021 9:35,47,67
4/5/2021 9:40,47,67.8
4/5/2021 9:45,47,68.7
4/5/2021 9:50,47,69.4
4/5/2021 9:55,47,70.2
4/5/2021 10:00,47,70.9
4/5/2021 10:05,47,71.6
4/5/2021 10:10,47,72.5
4/5/2021 10:15,47,73.2
4/5/2021 10:20,47,73.5
4/5/2021 10:25,47,74.4
4/5/2021 10:30,47,74.8
4/5/2021 10:35,47,75.3
4/5/2021 10:40,47,75.8
4/5/2021 10:45,47,76.4
4/5/2021 10:50,47,76.9
4/5/2021 10:55,47,77.4
4/5/2021 11:00,47,77.6
4/5/2021 11:05,47,78.1
4/5/2021 11:10,47,78.3
4/5/2021 11:15,47,78.8
4/5/2021 11:20,47,79.2
4/5/2021 11:25,47,79.4
4/5/2021 11:30,47,79.8
4/5/2021 11:35,47,79.9
4/5/2021 11:40,47,80.2
4/5/2021 11:45,47,80.4
4/5/2021 11:50,47,80.5
4/5/2021 11:55,47,80.7
4/5/2021 12:00,47,80.9
4/5/2021 12:05,47,81
4/5/2021 12:10,47,81
4/5/2021 12:15,47,81.3
4/5/2021 12:20,47,81.4
4/5/2021 12:25,47,81.4
4/5/2021 12:30,47,81.5
4/5/2021 12:35,47,81.4
4/5/2021 12:40,47,81.4
4/5/2021 12:45,47,81.5
4/5/2021 12:50,47,81.7
4/5/2021 12:55,47,81.5
4/5/2021 13:00,47,81.5
4/5/2021 13:05,47,81.7
4/5/2021 13:10,47,81.7
4/5/2021 13:15,47,81.7
4/5/2021 13:20,47,81.5
4/5/2021 13:25,47,81.7
4/5/2021 13:30,47,81.7
4/5/2021 13:35,47,81.7
4/5/2021 13:40,47,81.7
4/5/2021 13:45,47,81.9
4/5/2021 13:50,47,81.8
4/5/2021 13:55,47,81.9
4/5/2021 14:00,47,81.8
4/5/2021 14:05,47,81.8
4/5/2021 14:10,47,81.8
4/5/2021 14:15,47,81.9
4/5/2021 14:20,47,82
4/5/2021 14:25,47,81.8
4/5/2021 14:30,47,81.9
4/5/2021 14:35,47,81.9
4/5/2021 14:40,47,81.8
4/5/2021 14:45,47,81.8
4/5/2021 14:50,47,82
4/5/2021 14:55,47,81.9
4/5/2021 15:00,47,81.9
4/5/2021 15:05,47,81.9
4/5/2021 15:10,47,81.9
4/5/2021 15:15,47,81.9
4/5/2021 15:20,47,82
4/5/2021 15:25,47,81.9
4/5/2021 15:30,47,81.9
4/5/2021 15:35,47,81.8
4/5/2021 15:40,47,81.8
4/5/2021 15:45,47,81.8
4/5/2021 15:50,47,81.8
4/5/2021 15:55,47,81.8
4/5/2021 16:00,47,81.9
4/5/2021 16:05,47,81.7
4/5/2021 16:10,47,81.8
4/5/2021 16:15,47,81.8
4/5/2021 16:20,47,81.8
4/5/2021 16:25,47,81.7
4/5/2021 16:30,47,81.8
4/5/2021 16:35,47,81.6
4/5/2021 16:40,47,81.8
4/5/2021 16:45,47,81.8
4/5/2021 16:50,47,81.6
4/5/2021 16:55,47,81.6
4/5/2021 17:00,47,81.5
4/5/2021 17:05,47,81.8
4/5/2021 17:10,47,81.6
4/5/2021 17:15,47,81.5
4/5/2021 17:20,47,81.6
4/5/2021 17:25,47,81.5
4/5/2021 17:30,47,81.6
4/5/2021 17:35,47,81.6
4/5/2021 17:40,47,81.5
4/5/2021 17:45,47,81.6
4/5/2021 17:50,47,81.5
4/5/2021 17:55,47,81.4
4/5/2021 18:00,47,81.5
4/5/2021 18:05,47,81.4
4/5/2021 18:10,47,81.4
4/5/2021 18:15,47,81.4
4/5/2021 18:20,47,81.4
4/5/2021 18:25,47,81.3
4/5/2021 18:30,47,81.3
4/5/2021 18:35,47,81.3
4/5/2021 18:40,47,81.1
4/5/2021 18:45,47,81.1
4/5/2021 18:50,47,81.3
4/5/2021 18:55,47,81.1
4/5/2021 19:00,47,81.1
4/5/2021 19:05,47,81.3
4/5/2021 19:10,47,81
4/5/2021 19:15,47,81
4/5/2021 19:20,47,81
4/5/2021 19:25,47,81
4/5/2021 19:30,47,81
4/5/2021 19:35,47,81.1
4/5/2021 19:40,47,81
4/5/2021 19:45,47,80.9
4/5/2021 19:50,47,81
4/5/2021 19:55,47,80.9
4/5/2021 20:00,47,80.9
4/5/2021 20:05,47,80.9
4/5/2021 20:10,47,80.9
4/5/2021 20:15,47,80.9
4/5/2021 20:20,47,80.9
4/5/2021 20:25,47,80.9
4/5/2021 20:30,47,80.7
4/5/2021 20:35,47,80.8
4/5/2021 20:40,47,80.6
4/5/2021 20:45,47,80.6
4/5/2021 20:50,47,80.6
4/5/2021 20:55,47,80.6
4/5/2021 21:00,47,80.5
4/5/2021 21:05,47,80.6
4/5/2021 21:10,47,80.5
4/5/2021 21:15,47,80.4
4/5/2021 21:20,47,80.4
4/5/2021 21:25,47,80.4
4/5/2021 21:30,47,80.3
4/5/2021 21:35,47,80.3
4/5/2021 21:40,47,80.5
4/5/2021 21:45,47,80.3
4/5/2021 21:50,47,80.4
4/5/2021 21:55,47,80.3
4/5/2021 22:00,47,80.4
4/5/2021 22:05,47,80.3
4/5/2021 22:10,47,80.2
4/5/2021 22:15,47,80.4
4/5/2021 22:20,47,80.2
4/5/2021 22:25,47,80.2
4/5/2021 22:30,47,80.2
4/5/2021 22:35,47,80
4/5/2021 22:40,47,80.2
4/5/2021 22:45,47,80
4/5/2021 22:50,47,80
4/5/2021 22:55,47,80
4/5/2021 23:00,47,80
4/5/2021 23:05,47,80.2
4/5/2021 23:10,47,80
4/5/2021 23:15,47,79.9
4/5/2021 23:20,47,80
4/5/2021 23:25,47,79.9
4/5/2021 23:30,47,79.9
4/5/2021 23:35,47,79.9
4/5/2021 23:40,47,79.9
4/5/2021 23:45,47,79.8
4/5/2021 23:50,47,79.8
4/5/2021 23:55,47,79.8
4/6/2021 0:00,47,79.8
4/6/2021 0:05,47,79.8
4/6/2021 0:10,47,79.7
4/6/2021 0:15,47,79.5
4/6/2021 0:20,47,79.7
4/6/2021 0:25,47,79.8
4/6/2021 0:30,47,79.7
4/6/2021 0:35,47,79.7
4/6/2021 0:40,47,79.7
4/6/2021 0:45,47,79.5
4/6/2021 0:50,47,79.7
4/6/2021 0:55,47,79.5
4/6/2021 1:00,47,79.5
4/6/2021 1:05,47,79.5
4/6/2021 1:10,47,79.5
4/6/2021 1:15,47,79.5
4/6/2021 1:20,47,79.5
4/6/2021 1:25,47,79.5
4/6/2021 1:30,47,79.5
4/6/2021 1:35,47,79.5
4/6/2021 1:40,47,79.7
4/6/2021 1:45,47,79.4
4/6/2021 1:50,47,79.5
4/6/2021 1:55,47,79.5
4/6/2021 2:00,47,79.4
4/6/2021 2:05,47,79.5
4/6/2021 2:10,47,79.4
4/6/2021 2:15,47,79.4
4/6/2021 2:20,47,79.3
4/6/2021 2:25,47,79.3
4/6/2021 2:30,47,79
4/6/2021 2:35,47,78.9
4/6/2021 2:40,47,78.7
4/6/2021 2:45,47,78.4
4/6/2021 2:50,47,78.1
4/6/2021 2:55,47,77.7
4/6/2021 3:00,47,77.3
4/6/2021 3:05,47,77
4/6/2021 3:10,47,76.4
4/6/2021 3:15,47,75.9
4/6/2021 3:20,47,75.4
4/6/2021 3:25,47,74.7
4/6/2021 3:30,47,74.1
4/6/2021 3:35,47,73.5
4/6/2021 3:40,47,72.8
4/6/2021 3:45,47,72.1
4/6/2021 3:50,47,71.5
4/6/2021 3:55,47,70.7
4/6/2021 4:00,47,70.1
4/6/2021 4:05,47,69.3
4/6/2021 4:10,47,68.7
4/6/2021 4:15,47,68
4/6/2021 4:20,47,67.3
4/6/2021 4:25,47,66.7
4/6/2021 4:30,47,66.1
4/6/2021 4:35,47,65.4
4/6/2021 4:40,47,64.7
4/6/2021 4:45,47,64.2
4/6/2021 4:50,47,63.6
4/6/2021 4:55,47,63.1
4/6/2021 5:00,47,62.5
4/6/2021 5:05,47,62.1
4/6/2021 5:10,47,61.5
4/6/2021 5:15,47,61.1
4/6/2021 5:20,47,60.8
4/6/2021 5:25,47,60.3
4/6/2021 5:30,47,59.9
4/6/2021 5:35,47,59.6
4/6/2021 5:40,47,59.3
4/6/2021 5:45,47,58.9
4/6/2021 5:50,47,58.6
4/6/2021 5:55,47,58.4
4/6/2021 6:00,47,58.1
4/6/2021 6:05,47,57.9
4/6/2021 6:10,47,57.7
4/6/2021 6:15,47,57.3
4/6/2021 6:20,47,57.2
4/6/2021 6:25,47,56.9
4/6/2021 6:30,47,56.8
4/6/2021 6:35,47,56.6
4/6/2021 6:40,47,56.4
4/6/2021 6:45,47,56.3
4/6/2021 6:50,47,56.2
4/6/2021 6:55,47,56.1
4/6/2021 7:00,47,56
4/6/2021 7:05,47,55.8
4/6/2021 7:10,47,55.8
4/6/2021 7:15,47,55.8
4/6/2021 7:20,47,55.7
4/6/2021 7:25,47,55.4
4/6/2021 7:30,47,55.4
4/6/2021 7:35,47,55.3
4/6/2021 7:40,47,55.2
4/6/2021 7:45,47,55.1
4/6/2021 7:50,47,55.1
4/6/2021 7:55,47,55.1
4/6/2021 8:00,47,55.2
4/6/2021 8:05,47,55.2
4/6/2021 8:10,47,55.3
4/6/2021 8:15,47,55.3
4/6/2021 8:20,47,55.7
4/6/2021 8:25,47,55.9
4/6/2021 8:30,47,56.3
4/6/2021 8:35,47,56.7
4/6/2021 8:40,47,57.1
4/6/2021 8:45,47,57.6
4/6/2021 8:50,47,58.2
4/6/2021 8:55,47,58.8
4/6/2021 9:00,47,59.5
4/6/2021 9:05,47,60.2
4/6/2021 9:10,47,61
4/6/2021 9:15,47,61.7
4/6/2021 9:20,47,62.5
4/6/2021 9:25,47,63.3
4/6/2021 9:30,47,64.1
4/6/2021 9:35,47,65
4/6/2021 9:40,47,65.9
4/6/2021 9:45,47,66.5
4/6/2021 9:50,47,67.2
4/6/2021 9:55,47,68
4/6/2021 10:00,47,68.7
4/6/2021 10:05,47,69.5
4/6/2021 10:10,47,70.1
4/6/2021 10:15,47,70.8
4/6/2021 10:20,47,71.4
4/6/2021 10:25,47,71.9
4/6/2021 10:30,47,72.5
4/6/2021 10:35,47,73
4/6/2021 10:40,47,73.5
4/6/2021 10:45,47,74
4/6/2021 10:50,47,74.3
4/6/2021 10:55,47,74.7
4/6/2021 11:00,47,75.1
4/6/2021 11:05,47,75.5
4/6/2021 11:10,47,75.9
4/6/2021 11:15,47,76.1
4/6/2021 11:20,47,76.3
4/6/2021 11:25,47,76.7
4/6/2021 11:30,47,77.1
4/6/2021 11:35,47,77.2
4/6/2021 11:40,47,77.6
4/6/2021 11:45,47,77.6
4/6/2021 11:50,47,77.8
4/6/2021 11:55,47,77.9
4/6/2021 12:00,47,78.2
4/6/2021 12:05,47,78.2
4/6/2021 12:10,47,78.3
4/6/2021 12:15,47,78.3
4/6/2021 12:20,47,78.4
4/6/2021 12:25,47,78.2
4/6/2021 12:30,47,78.4
4/6/2021 12:35,47,78.5
4/6/2021 12:40,47,78.5
4/6/2021 12:45,47,78.7
4/6/2021 12:50,47,78.7
4/6/2021 12:55,47,78.9
4/6/2021 13:00,47,78.8
4/6/2021 13:05,47,78.9
4/6/2021 13:10,47,78.9
4/6/2021 13:15,47,79
4/6/2021 13:20,47,78.9
4/6/2021 13:25,47,79
4/6/2021 13:30,47,79
4/6/2021 13:35,47,79.1
4/6/2021 13:40,47,79.3
4/6/2021 13:45,47,79.1
4/6/2021 13:50,47,79.3
4/6/2021 13:55,47,79.3
4/6/2021 14:00,47,79.4
4/6/2021 14:05,47,79.4
4/6/2021 14:10,47,79.4
4/6/2021 14:15,47,79.4
4/6/2021 14:20,47,79.4
4/6/2021 14:25,47,79.5
4/6/2021 14:30,47,79.6
4/6/2021 14:35,47,79.6
4/6/2021 14:40,47,79.9
4/6/2021 14:45,47,79.9
4/6/2021 14:50,47,80
4/6/2021 14:55,47,79.9
4/6/2021 15:00,47,79.6
4/6/2021 15:05,47,79.8
4/6/2021 15:10,47,79.9
4/6/2021 15:15,47,79.9
4/6/2021 15:20,47,80.1
4/6/2021 15:25,47,80
4/6/2021 15:30,47,80
4/6/2021 15:35,47,79.9
4/6/2021 15:40,47,79.9
4/6/2021 15:45,47,79.9
4/6/2021 15:50,47,80
4/6/2021 15:55,47,79.9
4/6/2021 16:00,47,79.9
4/6/2021 16:05,47,80
4/6/2021 16:10,47,79.7
4/6/2021 16:15,47,79.7
4/6/2021 16:20,47,79.7
4/6/2021 16:25,47,79.7
4/6/2021 16:30,47,79.6
4/6/2021 16:35,47,79.7
4/6/2021 16:40,47,79.7
4/6/2021 16:45,47,79.6
4/6/2021 16:50,47,79.7
4/6/2021 16:55,47,79.6
4/6/2021 17:00,47,79.7
4/6/2021 17:05,47,79.9
4/6/2021 17:10,47,79.7
4/6/2021 17:15,47,79.7
4/6/2021 17:20,47,79.6
4/6/2021 17:25,47,79.6
4/6/2021 17:30,47,79.6
4/6/2021 17:35,47,79.6
4/6/2021 17:40,47,79.7
4/6/2021 17:45,47,79.6
4/6/2021 17:50,47,79.5
4/6/2021 17:55,47,79.7
4/6/2021 18:00,47,79.6
4/6/2021 18:05,47,79.6
4/6/2021 18:10,47,79.5
4/6/2021 18:15,47,79.5
4/6/2021 18:20,47,79.6
4/6/2021 18:25,47,79.5
4/6/2021 18:30,47,79.5
4/6/2021 18:35,47,79.6
4/6/2021 18:40,47,79.5
4/6/2021 18:45,47,79.5
4/6/2021 18:50,47,79.5
4/6/2021 18:55,47,79.4
4/6/2021 19:00,47,79.5
4/6/2021 19:05,47,79.6
4/6/2021 19:10,47,79.4
4/6/2021 19:15,47,79.4
4/6/2021 19:20,47,79.5
4/6/2021 19:25,47,79.5
4/6/2021 19:30,47,79.5
4/6/2021 19:35,47,79.5
4/6/2021 19:40,47,79.4
4/6/2021 19:45,47,79.5
4/6/2021 19:50,47,79.5
4/6/2021 19:55,47,79.4
4/6/2021 20:00,47,79.2
4/6/2021 20:05,47,79.4
4/6/2021 20:10,47,79.4
4/6/2021 20:15,47,79.4
4/6/2021 20:20,47,79.2
4/6/2021 20:25,47,79.4
4/6/2021 20:30,47,79.4
4/6/2021 20:35,47,79.4
4/6/2021 20:40,47,79.5
4/6/2021 20:45,47,79.2
4/6/2021 20:50,47,79.4
4/6/2021 20:55,47,79.2
4/6/2021 21:00,47,79.4
4/6/2021 21:05,47,79.4
4/6/2021 21:10,47,79.4
4/6/2021 21:15,47,79.4
4/6/2021 21:20,47,79.4
4/6/2021 21:25,47,79.4
4/6/2021 21:30,47,79.2
4/6/2021 21:35,47,79.2
4/6/2021 21:40,47,79.4
4/6/2021 21:45,47,79.2
4/6/2021 21:50,47,79.2
4/6/2021 21:55,47,79.2
4/6/2021 22:00,47,79.4
4/6/2021 22:05,47,79.2
4/6/2021 22:10,47,79.2
4/6/2021 22:15,47,79.2
4/6/2021 22:20,47,79.4
4/6/2021 22:25,47,79.2
4/6/2021 22:30,47,79.4
4/6/2021 22:35,47,79.4
4/6/2021 22:40,47,79.5
4/6/2021 22:45,47,79.6
4/6/2021 22:50,47,79.6
4/6/2021 22:55,47,79.7
4/6/2021 23:00,47,79.7
4/6/2021 23:05,47,80
4/6/2021 23:10,47,80.1
4/6/2021 23:15,47,80.2
4/6/2021 23:20,47,80.5
4/6/2021 23:25,47,80.6
4/6/2021 23:30,47,80.7
4/6/2021 23:35,47,81
4/6/2021 23:40,47,81.1
4/6/2021 23:45,47,81.2
4/6/2021 23:50,47,81.3
4/6/2021 23:55,47,81.6
4/7/2021 0:00,47,81.7
4/7/2021 0:05,47,81.7
4/7/2021 0:10,47,82
4/7/2021 0:15,47,82.1
4/7/2021 0:20,47,82.2
4/7/2021 0:25,47,82.3
4/7/2021 0:30,47,82.6
4/7/2021 0:35,47,82.6
4/7/2021 0:40,47,82.6
4/7/2021 0:45,47,82.8
4/7/2021 0:50,47,82.8
4/7/2021 0:55,47,83
4/7/2021 1:00,47,83
4/7/2021 1:05,47,83.1
4/7/2021 1:10,47,83.2
4/7/2021 1:15,47,83.1
4/7/2021 1:20,47,83.3
4/7/2021 1:25,47,83.3
4/7/2021 1:30,47,83.2
4/7/2021 1:35,47,83.5
4/7/2021 1:40,47,83.3
4/7/2021 1:45,47,83.3
4/7/2021 1:50,47,83.1
4/7/2021 1:55,47,83
4/7/2021 2:00,47,82.7
4/7/2021 2:05,47,82.6
4/7/2021 2:10,47,82.2
4/7/2021 2:15,47,81.8
4/7/2021 2:20,47,81.2
4/7/2021 2:25,47,81
4/7/2021 2:30,47,80.3
4/7/2021 2:35,47,79.7
4/7/2021 2:40,47,79
4/7/2021 2:45,47,78.5
4/7/2021 2:50,47,77.6
4/7/2021 2:55,47,76.9
4/7/2021 3:00,47,76.2
4/7/2021 3:05,47,75.5
4/7/2021 3:10,47,74.6
4/7/2021 3:15,47,73.8
4/7/2021 3:20,47,73.1
4/7/2021 3:25,47,72
4/7/2021 3:30,47,71.3
4/7/2021 3:35,47,70.5
4/7/2021 3:40,47,69.6
4/7/2021 3:45,47,68.9
4/7/2021 3:50,47,68.2
4/7/2021 3:55,47,67.4
4/7/2021 4:00,47,66.6
4/7/2021 4:05,47,65.9
4/7/2021 4:10,47,65.3
4/7/2021 4:15,47,64.6
4/7/2021 4:20,47,64
4/7/2021 4:25,47,63.5
4/7/2021 4:30,47,62.9
4/7/2021 4:35,47,62.4
4/7/2021 4:40,47,61.8
4/7/2021 4:45,47,61.3
4/7/2021 4:50,47,60.9
4/7/2021 4:55,47,60.5
4/7/2021 5:00,47,60.1
4/7/2021 5:05,47,59.6
4/7/2021 5:10,47,59.2
4/7/2021 5:15,47,59
4/7/2021 5:20,47,58.8
4/7/2021 5:25,47,58.6
4/7/2021 5:30,47,58.3
4/7/2021 5:35,47,58
4/7/2021 5:40,47,57.7
4/7/2021 5:45,47,57.5
4/7/2021 5:50,47,57.3
4/7/2021 5:55,47,57.3
4/7/2021 6:00,47,57.1
4/7/2021 6:05,47,56.8
4/7/2021 6:10,47,56.8
4/7/2021 6:15,47,56.7
4/7/2021 6:20,47,56.5
4/7/2021 6:25,47,56.5
4/7/2021 6:30,47,56.3
4/7/2021 6:35,47,56.2
4/7/2021 6:40,47,56
4/7/2021 6:45,47,56
4/7/2021 6:50,47,56.1
4/7/2021 6:55,47,56
4/7/2021 7:00,47,55.9
4/7/2021 7:05,47,55.9
4/7/2021 7:10,47,55.8
4/7/2021 7:15,47,55.7
4/7/2021 7:20,47,55.7
4/7/2021 7:25,47,55.7
4/7/2021 7:30,47,55.6
4/7/2021 7:35,47,55.6
4/7/2021 7:40,47,55.6
4/7/2021 7:45,47,55.4
4/7/2021 7:50,47,55.5
4/7/2021 7:55,47,55.5
4/7/2021 8:00,47,55.5
4/7/2021 8:05,47,55.4
4/7/2021 8:10,47,55.4
4/7/2021 8:15,47,55.4
4/7/2021 8:20,47,55.4
4/7/2021 8:25,47,55.4
4/7/2021 8:30,47,55.4
4/7/2021 8:35,47,55.4
4/7/2021 8:40,47,55.5
4/7/2021 8:45,47,55.6
4/7/2021 8:50,47,55.5
4/7/2021 8:55,47,55.5
4/7/2021 9:00,47,55.4
4/7/2021 9:05,47,55.5
4/7/2021 9:10,47,55.5
4/7/2021 9:15,47,55.4
4/7/2021 9:20,47,55.5
4/7/2021 9:25,47,55.4
4/7/2021 9:30,47,55.5
4/7/2021 9:35,47,55.5
4/7/2021 9:40,47,55.5
4/7/2021 9:45,47,55.6
4/7/2021 9:50,47,55.6
4/7/2021 9:55,47,55.6
4/7/2021 10:00,47,55.6
4/7/2021 10:05,47,55.6
4/7/2021 10:10,47,55.7
4/7/2021 10:15,47,55.6
4/7/2021 10:20,47,55.8
4/7/2021 10:25,47,55.8
4/7/2021 10:30,47,55.9
4/7/2021 10:35,47,55.9
4/7/2021 10:40,47,55.9
4/7/2021 10:45,47,56
4/7/2021 10:50,47,56
4/7/2021 10:55,47,56
4/7/2021 11:00,47,56
4/7/2021 11:05,47,56.2
4/7/2021 11:10,47,56.3
4/7/2021 11:15,47,56.2
4/7/2021 11:20,47,56.3
4/7/2021 11:25,47,56.4
4/7/2021 11:30,47,56.5
4/7/2021 11:35,47,56.8
4/7/2021 11:40,47,56.9
4/7/2021 11:45,47,56.9
4/7/2021 11:50,47,57.2
4/7/2021 11:55,47,57.5
4/7/2021 12:00,47,57.9
4/7/2021 12:05,47,58.2
4/7/2021 12:10,47,58.8
4/7/2021 12:15,47,59.3
4/7/2021 12:20,47,60
4/7/2021 12:25,47,60.4
4/7/2021 12:30,47,61.3
4/7/2021 12:35,47,62.1
4/7/2021 12:40,47,62.8
4/7/2021 12:45,47,63.8
4/7/2021 12:50,47,64.6
4/7/2021 12:55,47,65.6
4/7/2021 13:00,47,66.3
4/7/2021 13:05,47,67.4
4/7/2021 13:10,47,68.2
4/7/2021 13:15,47,69.1
4/7/2021 13:20,47,70
4/7/2021 13:25,47,71
4/7/2021 13:30,47,71.8
4/7/2021 13:35,47,72.7
4/7/2021 13:40,47,73.3
4/7/2021 13:45,47,74.1
4/7/2021 13:50,47,74.6
4/7/2021 13:55,47,75.3
4/7/2021 14:00,47,76.1
4/7/2021 14:05,47,76.5
4/7/2021 14:10,47,77.1
4/7/2021 14:15,47,77.6
4/7/2021 14:20,47,78.1
4/7/2021 14:25,47,78.5
4/7/2021 14:30,47,79
4/7/2021 14:35,47,79.5
4/7/2021 14:40,47,79.8
4/7/2021 14:45,47,80.1
4/7/2021 14:50,47,80.4
4/7/2021 14:55,47,80.7
4/7/2021 15:00,47,81.1
4/7/2021 15:05,47,81.3
4/7/2021 15:10,47,81.4
4/7/2021 15:15,47,81.7
4/7/2021 15:20,47,82.1
4/7/2021 15:25,47,82.3
4/7/2021 15:30,47,82.4
4/7/2021 15:35,47,82.6
4/7/2021 15:40,47,82.7
4/7/2021 15:45,47,83.1
4/7/2021 15:50,47,83.1
4/7/2021 15:55,47,83.2
4/7/2021 16:00,47,83.2
4/7/2021 16:05,47,83.3
4/7/2021 16:10,47,83.4
4/7/2021 16:15,47,83.7
4/7/2021 16:20,47,83.8
4/7/2021 16:25,47,83.9
4/7/2021 16:30,47,84.1
4/7/2021 16:35,47,84.2
4/7/2021 16:40,47,84.3
4/7/2021 16:45,47,84.6
4/7/2021 16:50,47,84.7
4/7/2021 16:55,47,84.7
4/7/2021 17:00,47,84.8
4/7/2021 17:05,47,85.1
4/7/2021 17:10,47,85.2
4/7/2021 17:15,47,85.2
4/7/2021 17:20,47,85.2
4/7/2021 17:25,47,85.3
4/7/2021 17:30,47,85.3
4/7/2021 17:35,47,85.4
4/7/2021 17:40,47,85.7
4/7/2021 17:45,47,85.8
4/7/2021 17:50,47,85.8
4/7/2021 17:55,47,86
4/7/2021 18:00,47,86.2
4/7/2021 18:05,47,86.3
4/7/2021 18:10,47,86.6
4/7/2021 18:15,47,86.6
4/7/2021 18:20,47,86.7
4/7/2021 18:25,47,86.8
4/7/2021 18:30,47,87
4/7/2021 18:35,47,87
4/7/2021 18:40,47,87.2
4/7/2021 18:45,47,87.2
4/7/2021 18:50,47,87.5
4/7/2021 18:55,47,87.7
4/7/2021 19:00,47,87.9
4/7/2021 19:05,47,87.9
4/7/2021 19:10,47,87.9
4/7/2021 19:15,47,87.9
4/7/2021 19:20,47,88
4/7/2021 19:25,47,88
4/7/2021 19:30,47,88
4/7/2021 19:35,47,88.1
4/7/2021 19:40,47,88.1
4/7/2021 19:45,47,88.3
4/7/2021 19:50,47,88.4
4/7/2021 19:55,47,88.4
4/7/2021 20:00,47,88.4
4/7/2021 20:05,47,88.5
4/7/2021 20:10,47,88.6
4/7/2021 20:15,47,88.8
4/7/2021 20:20,47,88.8
4/7/2021 20:25,47,88.9
4/7/2021 20:30,47,88.9
4/7/2021 20:35,47,88.9
4/7/2021 20:40,47,89.2
4/7/2021 20:45,47,89.2
4/7/2021 20:50,47,89.3
4/7/2021 20:55,47,89.4
4/7/2021 21:00,47,89.5
4/7/2021 21:05,47,89.4
4/7/2021 21:10,47,89.3
4/7/2021 21:15,47,89.3
4/7/2021 21:20,47,89.3
4/7/2021 21:25,47,89.3
4/7/2021 21:30,47,89.4
4/7/2021 21:35,47,89.4
4/7/2021 21:40,47,89.4
4/7/2021 21:45,47,89.5
4/7/2021 21:50,47,89.4
4/7/2021 21:55,47,89.4
4/7/2021 22:00,47,89.5
4/7/2021 22:05,47,89.7
4/7/2021 22:10,47,89.7
4/7/2021 22:15,47,89.7
4/7/2021 22:20,47,89.5
4/7/2021 22:25,47,89.7
4/7/2021 22:30,47,89.7
4/7/2021 22:35,47,89.8
4/7/2021 22:40,47,89.7
4/7/2021 22:45,47,89.8
4/7/2021 22:50,47,89.9
4/7/2021 22:55,47,89.8
4/7/2021 23:00,47,89.9
4/7/2021 23:05,47,89.9
4/7/2021 23:10,47,89.9
4/7/2021 23:15,47,90.1
4/7/2021 23:20,47,90.1
4/7/2021 23:25,47,90.1
4/7/2021 23:30,47,90.3
4/7/2021 23:35,47,90.3
4/7/2021 23:40,47,90.5
4/7/2021 23:45,47,90.3
4/7/2021 23:50,47,90.6
4/7/2021 23:55,47,90.4
4/8/2021 0:00,47,90.6
4/8/2021 0:05,47,90.4
4/8/2021 0:10,47,90.6
4/8/2021 0:15,47,90.6
4/8/2021 0:20,47,90.6
4/8/2021 0:25,47,90.4
4/8/2021 0:30,47,90.6
4/8/2021 0:35,47,90.7
4/8/2021 0:40,47,90.7
4/8/2021 0:45,47,90.7
4/8/2021 0:50,47,90.8
4/8/2021 0:55,47,90.8
4/8/2021 1:00,47,90.7
4/8/2021 1:05,47,90.8
4/8/2021 1:10,47,90.7
4/8/2021 1:15,47,90.8
4/8/2021 1:20,47,90.7
4/8/2021 1:25,47,90.6
4/8/2021 1:30,47,90.4
4/8/2021 1:35,47,90.3
4/8/2021 1:40,47,90.1
4/8/2021 1:45,47,89.7
4/8/2021 1:50,47,89.3
4/8/2021 1:55,47,88.9
4/8/2021 2:00,47,88.5
4/8/2021 2:05,47,88.1
4/8/2021 2:10,47,87.5
4/8/2021 2:15,47,86.7
4/8/2021 2:20,47,86.3
4/8/2021 2:25,47,85.6
4/8/2021 2:30,47,85.2
4/8/2021 2:35,47,84.3
4/8/2021 2:40,47,83.7
4/8/2021 2:45,47,82.9
4/8/2021 2:50,47,82.3
4/8/2021 2:55,47,81.7
4/8/2021 3:00,47,80.7
4/8/2021 3:05,47,80
4/8/2021 3:10,47,79.3
4/8/2021 3:15,47,78.7
4/8/2021 3:20,47,78
4/8/2021 3:25,47,77.5
4/8/2021 3:30,47,76.8
4/8/2021 3:35,47,76.2
4/8/2021 3:40,47,75.5
4/8/2021 3:45,47,74.9
4/8/2021 3:50,47,74.6
4/8/2021 3:55,47,73.9
4/8/2021 4:00,47,73.5
4/8/2021 4:05,47,73
4/8/2021 4:10,47,72.8
4/8/2021 4:15,47,72.2
4/8/2021 4:20,47,71.8
4/8/2021 4:25,47,71.4
4/8/2021 4:30,47,71.2
4/8/2021 4:35,47,70.9
4/8/2021 4:40,47,70.6
4/8/2021 4:45,47,70.2
4/8/2021 4:50,47,70
4/8/2021 4:55,47,69.9
4/8/2021 5:00,47,69.5
4/8/2021 5:05,47,69.4
4/8/2021 5:10,47,69.1
4/8/2021 5:15,47,69
4/8/2021 5:20,47,68.8
4/8/2021 5:25,47,68.6
4/8/2021 5:30,47,68.5
4/8/2021 5:35,47,68.3
4/8/2021 5:40,47,68.3
4/8/2021 5:45,47,68
4/8/2021 5:50,47,67.8
4/8/2021 5:55,47,67.9
4/8/2021 6:00,47,67.7
4/8/2021 6:05,47,67.7
4/8/2021 6:10,47,67.5
4/8/2021 6:15,47,67.5
4/8/2021 6:20,47,67.4
4/8/2021 6:25,47,67.2
4/8/2021 6:30,47,67.1
4/8/2021 6:35,47,67.2
4/8/2021 6:40,47,67.1
4/8/2021 6:45,47,67
4/8/2021 6:50,47,67.1
4/8/2021 6:55,47,67
4/8/2021 7:00,47,67
4/8/2021 7:05,47,67
4/8/2021 7:10,47,67
4/8/2021 7:15,47,67
4/8/2021 7:20,47,66.8
4/8/2021 7:25,47,66.9
4/8/2021 7:30,47,66.9
4/8/2021 7:35,47,66.8
4/8/2021 7:40,47,66.9
4/8/2021 7:45,47,66.9
4/8/2021 7:50,47,66.8
4/8/2021 7:55,47,66.7
4/8/2021 8:00,47,66.8
4/8/2021 8:05,47,66.7
4/8/2021 8:10,47,66.7
4/8/2021 8:15,47,66.7
4/8/2021 8:20,47,66.6
4/8/2021 8:25,47,66.6
4/8/2021 8:30,47,66.6
4/8/2021 8:35,47,66.4
4/8/2021 8:40,47,66.6
4/8/2021 8:45,47,66.4
4/8/2021 8:50,47,66.4
4/8/2021 8:55,47,66.4
4/8/2021 9:00,47,66.4
4/8/2021 9:05,47,66.4
4/8/2021 9:10,47,66.4
4/8/2021 9:15,47,66.4
4/8/2021 9:20,47,66.6
4/8/2021 9:25,47,66.4
4/8/2021 9:30,47,66.3
4/8/2021 9:35,47,66.3
4/8/2021 9:40,47,66.3
4/8/2021 9:45,47,66.3
4/8/2021 9:50,47,66.3
4/8/2021 9:55,47,66.3
4/8/2021 10:00,47,66.3
4/8/2021 10:05,47,66.2
4/8/2021 10:10,47,66.2
4/8/2021 10:15,47,66.3
4/8/2021 10:20,47,66.4
4/8/2021 10:25,47,66.3
4/8/2021 10:30,47,66.3
4/8/2021 10:35,47,66.4
4/8/2021 10:40,47,66.4
4/8/2021 10:45,47,66.7
4/8/2021 10:50,47,66.9
4/8/2021 10:55,47,67.1
4/8/2021 11:00,47,67.6
4/8/2021 11:05,47,67.8
4/8/2021 11:10,47,68
4/8/2021 11:15,47,68.4
4/8/2021 11:20,47,69
4/8/2021 11:25,47,69.4
4/8/2021 11:30,47,69.6
4/8/2021 11:35,47,70.1
4/8/2021 11:40,47,70.8
4/8/2021 11:45,47,71.3
4/8/2021 11:50,47,71.6
4/8/2021 11:55,47,72.1
4/8/2021 12:00,47,72.7
4/8/2021 12:05,47,73.3
4/8/2021 12:10,47,73.7
4/8/2021 12:15,47,74.2
4/8/2021 12:20,47,74.9
4/8/2021 12:25,47,75.3
4/8/2021 12:30,47,75.5
4/8/2021 12:35,47,75.9
4/8/2021 12:40,47,76.3
4/8/2021 12:45,47,76.7
4/8/2021 12:50,47,77.1
4/8/2021 12:55,47,77.3
4/8/2021 13:00,47,77.8
4/8/2021 13:05,47,77.9
4/8/2021 13:10,47,78.1
4/8/2021 13:15,47,78.3
4/8/2021 13:20,47,78.6
4/8/2021 13:25,47,78.8
4/8/2021 13:30,47,79.2
4/8/2021 13:35,47,79.4
4/8/2021 13:40,47,79.7
4/8/2021 13:45,47,79.8
4/8/2021 13:50,47,79.9
4/8/2021 13:55,47,80
4/8/2021 14:00,47,80
4/8/2021 14:05,47,80.2
4/8/2021 14:10,47,80.4
4/8/2021 14:15,47,80.4
4/8/2021 14:20,47,80.6
4/8/2021 14:25,47,80.8
4/8/2021 14:30,47,81
4/8/2021 14:35,47,80.5
4/8/2021 14:40,47,80.9
4/8/2021 14:45,47,80.9
4/8/2021 14:50,47,80.8
4/8/2021 14:55,47,80.6
4/8/2021 15:00,47,80.6
4/8/2021 15:05,47,80.6
4/8/2021 15:10,47,80.5
4/8/2021 15:15,47,80.6
4/8/2021 15:20,47,80.5
4/8/2021 15:25,47,80.5
4/8/2021 15:30,47,80.6
4/8/2021 15:35,47,80.6
4/8/2021 15:40,47,80.5
4/8/2021 15:45,47,80.4
4/8/2021 15:50,47,80.4
4/8/2021 15:55,47,80.4
4/8/2021 16:00,47,80.4
4/8/2021 16:05,47,80.3
4/8/2021 16:10,47,80.3
4/8/2021 16:15,47,80.4
4/8/2021 16:20,47,80.1
4/8/2021 16:25,47,80.1
4/8/2021 16:30,47,80.1
4/8/2021 16:35,47,80
4/8/2021 16:40,47,80
4/8/2021 16:45,47,80
4/8/2021 16:50,47,80
4/8/2021 16:55,47,79.9
4/8/2021 17:00,47,79.9
4/8/2021 17:05,47,79.9
4/8/2021 17:10,47,79.9
4/8/2021 17:15,47,79.8
4/8/2021 17:20,47,79.8
4/8/2021 17:25,47,79.8
4/8/2021 17:30,47,79.8
4/8/2021 17:35,47,79.7
4/8/2021 17:40,47,79.7
4/8/2021 17:45,47,79.5
4/8/2021 17:50,47,79.7
4/8/2021 17:55,47,79.4
4/8/2021 18:00,47,79.3
4/8/2021 18:05,47,79.3
4/8/2021 18:10,47,79
4/8/2021 18:15,47,78.9
4/8/2021 18:20,47,78.8
4/8/2021 18:25,47,78.7
4/8/2021 18:30,47,78.5
4/8/2021 18:35,47,78.3
4/8/2021 18:40,47,78.1
4/8/2021 18:45,47,77.6
4/8/2021 18:50,47,77.3
4/8/2021 18:55,47,77.1
4/8/2021 19:00,47,76.6
4/8/2021 19:05,47,76.1
4/8/2021 19:10,47,75.8
4/8/2021 19:15,47,75.3
4/8/2021 19:20,47,74.8
4/8/2021 19:25,47,74.4
4/8/2021 19:30,47,73.8
4/8/2021 19:35,47,73.4
4/8/2021 19:40,47,72.9
4/8/2021 19:45,47,72.3
4/8/2021 19:50,47,71.8
4/8/2021 19:55,47,71.3
4/8/2021 20:00,47,70.8
4/8/2021 20:05,47,70.3
4/8/2021 20:10,47,69.6
4/8/2021 20:15,47,69.2
4/8/2021 20:20,47,68.7
4/8/2021 20:25,47,68.2
4/8/2021 20:30,47,67.9
4/8/2021 20:35,47,67.4
4/8/2021 20:40,47,67
4/8/2021 20:45,47,66.7
4/8/2021 20:50,47,66.3
4/8/2021 20:55,47,66
4/8/2021 21:00,47,65.6
4/8/2021 21:05,47,65.3
4/8/2021 21:10,47,65.1
4/8/2021 21:15,47,64.7
4/8/2021 21:20,47,64.5
4/8/2021 21:25,47,64.2
4/8/2021 21:30,47,64
4/8/2021 21:35,47,63.7
4/8/2021 21:40,47,63.5
4/8/2021 21:45,47,63.3
4/8/2021 21:50,47,63.1
4/8/2021 21:55,47,63
4/8/2021 22:00,47,62.7
4/8/2021 22:05,47,62.6
4/8/2021 22:10,47,62.4
4/8/2021 22:15,47,62.3
4/8/2021 22:20,47,62.1
4/8/2021 22:25,47,61.9
4/8/2021 22:30,47,61.9
4/8/2021 22:35,47,61.6
4/8/2021 22:40,47,61.5
4/8/2021 22:45,47,61.4
4/8/2021 22:50,47,61.3
4/8/2021 22:55,47,61.1
4/8/2021 23:00,47,61.1
4/8/2021 23:05,47,61
4/8/2021 23:10,47,61
4/8/2021 23:15,47,60.9
4/8/2021 23:20,47,60.8
4/8/2021 23:25,47,60.7
4/8/2021 23:30,47,60.5
4/8/2021 23:35,47,60.4
4/8/2021 23:40,47,60.4
4/8/2021 23:45,47,60.3
4/8/2021 23:50,47,60.2
4/8/2021 23:55,47,60.1
4/9/2021 0:00,47,60.2
4/9/2021 0:05,47,60
4/9/2021 0:10,47,60
4/9/2021 0:15,47,59.9
4/9/2021 0:20,47,59.9
4/9/2021 0:25,47,59.9
4/9/2021 0:30,47,59.8
4/9/2021 0:35,47,59.8
4/9/2021 0:40,47,59.7
4/9/2021 0:45,47,59.7
4/9/2021 0:50,47,59.6
4/9/2021 0:55,47,59.5
4/9/2021 1:00,47,59.5
4/9/2021 1:05,47,59.5
4/9/2021 1:10,47,59.4
4/9/2021 1:15,47,59.4
4/9/2021 1:20,47,59.2
4/9/2021 1:25,47,59.1
4/9/2021 1:30,47,59.1
4/9/2021 1:35,47,59.1
4/9/2021 1:40,47,59
4/9/2021 1:45,47,59.1
4/9/2021 1:50,47,58.9
4/9/2021 1:55,47,58.8
4/9/2021 2:00,47,58.9
4/9/2021 2:05,47,58.8
4/9/2021 2:10,47,58.8
4/9/2021 2:15,47,58.8
4/9/2021 2:20,47,58.7
4/9/2021 2:25,47,58.7
4/9/2021 2:30,47,58.6
4/9/2021 2:35,47,58.7
4/9/2021 2:40,47,58.6
4/9/2021 2:45,47,58.6
4/9/2021 2:50,47,58.4
4/9/2021 2:55,47,58.5
4/9/2021 3:00,47,58.4
4/9/2021 3:05,47,58.5
4/9/2021 3:10,47,58.4
4/9/2021 3:15,47,58.4
4/9/2021 3:20,47,58.4
4/9/2021 3:25,47,58.3
4/9/2021 3:30,47,58.3
4/9/2021 3:35,47,58.3
4/9/2021 3:40,47,58.3
4/9/2021 3:45,47,58.2
4/9/2021 3:50,47,58.2
4/9/2021 3:55,47,58.2
4/9/2021 4:00,47,58.2
4/9/2021 4:05,47,58
4/9/2021 4:10,47,58.1
4/9/2021 4:15,47,58.1
4/9/2021 4:20,47,58.1
4/9/2021 4:25,47,58
4/9/2021 4:30,47,58
4/9/2021 4:35,47,58
4/9/2021 4:40,47,57.9
4/9/2021 4:45,47,57.9
4/9/2021 4:50,47,57.9
4/9/2021 4:55,47,57.9
4/9/2021 5:00,47,57.9
4/9/2021 5:05,47,57.7
4/9/2021 5:10,47,57.9
4/9/2021 5:15,47,57.9
4/9/2021 5:20,47,57.7
4/9/2021 5:25,47,57.9
4/9/2021 5:30,47,57.7
4/9/2021 5:35,47,57.7
4/9/2021 5:40,47,57.7
4/9/2021 5:45,47,57.6
4/9/2021 5:50,47,57.5
4/9/2021 5:55,47,57.6
4/9/2021 6:00,47,57.6
4/9/2021 6:05,47,57.5
4/9/2021 6:10,47,57.6
4/9/2021 6:15,47,57.5
4/9/2021 6:20,47,57.5
4/9/2021 6:25,47,57.5
4/9/2021 6:30,47,57.4
4/9/2021 6:35,47,57.4
4/9/2021 6:40,47,57.5
4/9/2021 6:45,47,57.4
4/9/2021 6:50,47,57.4
4/9/2021 6:55,47,57.4
4/9/2021 7:00,47,57.4
4/9/2021 7:05,47,57.4
4/9/2021 7:10,47,57.5
4/9/2021 7:15,47,57.4
4/9/2021 7:20,47,57.4
4/9/2021 7:25,47,57.4
4/9/2021 7:30,47,57.3
4/9/2021 7:35,47,57.4
4/9/2021 7:40,47,57.3
4/9/2021 7:45,47,57.3
4/9/2021 7:50,47,57.3
4/9/2021 7:55,47,57.2
4/9/2021 8:00,47,57.3
4/9/2021 8:05,47,57.3
4/9/2021 8:10,47,57.2
4/9/2021 8:15,47,57.3
4/9/2021 8:20,47,57.2
4/9/2021 8:25,47,57.1
4/9/2021 8:30,47,57.2
4/9/2021 8:35,47,57.1
4/9/2021 8:40,47,57
4/9/2021 8:45,47,57.1
4/9/2021 8:50,47,57
4/9/2021 8:55,47,57
4/9/2021 9:00,47,57.1
4/9/2021 9:05,47,57
4/9/2021 9:10,47,57.1
4/9/2021 9:15,47,57
4/9/2021 9:20,47,57
4/9/2021 9:25,47,57
4/9/2021 9:30,47,57
4/9/2021 9:35,47,57
4/9/2021 9:40,47,57
4/9/2021 9:45,47,57
4/9/2021 9:50,47,56.9
4/9/2021 9:55,47,57
4/9/2021 10:00,47,57
4/9/2021 10:05,47,56.9
4/9/2021 10:10,47,57
4/9/2021 10:15,47,57
4/9/2021 10:20,47,57
4/9/2021 10:25,47,57.1
4/9/2021 10:30,47,56.9
4/9/2021 10:35,47,57
4/9/2021 10:40,47,57
4/9/2021 10:45,47,57
4/9/2021 10:50,47,56.9
4/9/2021 10:55,47,56.9
4/9/2021 11:00,47,56.8
4/9/2021 11:05,47,57
4/9/2021 11:10,47,56.9
4/9/2021 11:15,47,57
4/9/2021 11:20,47,56.9
4/9/2021 11:25,47,56.9
4/9/2021 11:30,47,56.9
4/9/2021 11:35,47,57
4/9/2021 11:40,47,56.9
4/9/2021 11:45,47,56.9
4/9/2021 11:50,47,56.9
4/9/2021 11:55,47,56.9
4/9/2021 12:00,47,56.9
4/9/2021 12:05,47,56.9
4/9/2021 12:10,47,56.8
4/9/2021 12:15,47,56.8
4/9/2021 12:20,47,57
4/9/2021 12:25,47,56.8
4/9/2021 12:30,47,56.9
4/9/2021 12:35,47,56.8
4/9/2021 12:40,47,56.9
4/9/2021 12:45,47,56.9
4/9/2021 12:50,47,57
4/9/2021 12:55,47,57
4/9/2021 13:00,47,57.1
4/9/2021 13:05,47,57
4/9/2021 13:10,47,56.9
4/9/2021 13:15,47,57
4/9/2021 13:20,47,57
4/9/2021 13:25,47,57.1
4/9/2021 13:30,47,57.1
4/9/2021 13:35,47,57
4/9/2021 13:40,47,56.9
4/9/2021 13:45,47,57
4/9/2021 13:50,47,57
4/9/2021 13:55,47,57
4/9/2021 14:00,47,57.3
4/9/2021 14:05,47,57
4/9/2021 14:10,47,57.1
4/9/2021 14:15,47,57
4/9/2021 14:20,47,57
4/9/2021 14:25,47,57.1
4/9/2021 14:30,47,57.1
4/9/2021 14:35,47,57.1
4/9/2021 14:40,47,57.1
4/9/2021 14:45,47,57.1
4/9/2021 14:50,47,57
4/9/2021 14:55,47,56.9
4/9/2021 15:00,47,57
4/9/2021 15:05,47,57.1
4/9/2021 15:10,47,57
4/9/2021 15:15,47,57
4/9/2021 15:20,47,57
4/9/2021 15:25,47,56.9
4/9/2021 15:30,47,57
4/9/2021 15:35,47,57
4/9/2021 15:40,47,57
4/9/2021 15:45,47,57
4/9/2021 15:50,47,56.9
4/9/2021 15:55,47,57
4/9/2021 16:00,47,57
4/9/2021 16:05,47,57
4/9/2021 16:10,47,57
4/9/2021 16:15,47,57
4/9/2021 16:20,47,56.9
4/9/2021 16:25,47,57.1
4/9/2021 16:30,47,57.1
4/9/2021 16:35,47,57
4/9/2021 16:40,47,57.1
4/9/2021 16:45,47,57.1
4/9/2021 16:50,47,57
4/9/2021 16:55,47,57.1
4/9/2021 17:00,47,57
4/9/2021 17:05,47,57.1
4/9/2021 17:10,47,57
4/9/2021 17:15,47,56.9
4/9/2021 17:20,47,57.1
4/9/2021 17:25,47,57.1
4/9/2021 17:30,47,57.1
4/9/2021 17:35,47,57
4/9/2021 17:40,47,56.9
4/9/2021 17:45,47,57
4/9/2021 17:50,47,57
4/9/2021 17:55,47,57.1
4/9/2021 18:00,47,57.1
4/9/2021 18:05,47,57.1
4/9/2021 18:10,47,57.1
4/9/2021 18:15,47,57.2
4/9/2021 18:20,47,57
4/9/2021 18:25,47,57.1
4/9/2021 18:30,47,57
4/9/2021 18:35,47,57
4/9/2021 18:40,47,57.1
4/9/2021 18:45,47,57.2
4/9/2021 18:50,47,57.2
4/9/2021 18:55,47,57.1
4/9/2021 19:00,47,57.1
4/9/2021 19:05,47,57
4/9/2021 19:10,47,57.1
4/9/2021 19:15,47,57
4/9/2021 19:20,47,57.1
4/9/2021 19:25,47,57.2
4/9/2021 19:30,47,57
4/9/2021 19:35,47,57.1
4/9/2021 19:40,47,57
4/9/2021 19:45,47,57.2
4/9/2021 19:50,47,57
4/9/2021 19:55,47,57
4/9/2021 20:00,47,57.1
4/9/2021 20:05,47,57.1
4/9/2021 20:10,47,57
4/9/2021 20:15,47,57
4/9/2021 20:20,47,57.1
4/9/2021 20:25,47,57.2
4/9/2021 20:30,47,57.2
4/9/2021 20:35,47,57.3
4/9/2021 20:40,47,57
4/9/2021 20:45,47,57.2
4/9/2021 20:50,47,57.2
4/9/2021 20:55,47,57.2
4/9/2021 21:00,47,57.1
4/9/2021 21:05,47,57.1
4/9/2021 21:10,47,57
4/9/2021 21:15,47,57.1
4/9/2021 21:20,47,57
4/9/2021 21:25,47,57
4/9/2021 21:30,47,57.1
4/9/2021 21:35,47,57.1
4/9/2021 21:40,47,57.2
4/9/2021 21:45,47,57.1
4/9/2021 21:50,47,57.1
4/9/2021 21:55,47,57
4/9/2021 22:00,47,57
4/9/2021 22:05,47,57
4/9/2021 22:10,47,57
4/9/2021 22:15,47,57
4/9/2021 22:20,47,57
4/9/2021 22:25,47,57.1
4/9/2021 22:30,47,57.1
4/9/2021 22:35,47,57.1
4/9/2021 22:40,47,57.1
4/9/2021 22:45,47,57.1
4/9/2021 22:50,47,57
4/9/2021 22:55,47,57
4/9/2021 23:00,47,57.2
4/9/2021 23:05,47,57.2
4/9/2021 23:10,47,57.3
4/9/2021 23:15,47,57.2
4/9/2021 23:20,47,57.1
4/9/2021 23:25,47,57.1
4/9/2021 23:30,47,57.2
4/9/2021 23:35,47,57.2
4/9/2021 23:40,47,57.1
4/9/2021 23:45,47,57.1
4/9/2021 23:50,47,57.1
4/9/2021 23:55,47,57.2
4/10/2021 0:00,47,57.1
4/10/2021 0:05,47,57.1
4/10/2021 0:10,47,57
4/10/2021 0:15,47,57
4/10/2021 0:20,47,56.9
4/10/2021 0:25,47,57
4/10/2021 0:30,47,57
4/10/2021 0:35,47,57
4/10/2021 0:40,47,57
4/10/2021 0:45,47,57
4/10/2021 0:50,47,57
4/10/2021 0:55,47,57
4/10/2021 1:00,47,56.9
4/10/2021 1:05,47,57
4/10/2021 1:10,47,56.9
4/10/2021 1:15,47,56.8
4/10/2021 1:20,47,56.9
4/10/2021 1:25,47,56.8
4/10/2021 1:30,47,56.8
4/10/2021 1:35,47,56.8
4/10/2021 1:40,47,56.9
4/10/2021 1:45,47,56.9
4/10/2021 1:50,47,56.9
4/10/2021 1:55,47,56.9
4/10/2021 2:00,47,56.9
4/10/2021 2:05,47,57
4/10/2021 2:10,47,56.8
4/10/2021 2:15,47,57
4/10/2021 2:20,47,56.9
4/10/2021 2:25,47,56.9
4/10/2021 2:30,47,56.8
4/10/2021 2:35,47,56.8
4/10/2021 2:40,47,56.8
4/10/2021 2:45,47,56.8
4/10/2021 2:50,47,56.7
4/10/2021 2:55,47,56.8
4/10/2021 3:00,47,56.7
4/10/2021 3:05,47,56.7
4/10/2021 3:10,47,56.7
4/10/2021 3:15,47,56.8
4/10/2021 3:20,47,56.7
4/10/2021 3:25,47,56.7
4/10/2021 3:30,47,56.7
4/10/2021 3:35,47,56.8
4/10/2021 3:40,47,56.7
4/10/2021 3:45,47,56.8
4/10/2021 3:50,47,56.8
4/10/2021 3:55,47,56.7
4/10/2021 4:00,47,56.7
4/10/2021 4:05,47,56.7
4/10/2021 4:10,47,56.7
4/10/2021 4:15,47,56.7
4/10/2021 4:20,47,56.7
4/10/2021 4:25,47,56.6
4/10/2021 4:30,47,56.6
4/10/2021 4:35,47,56.5
4/10/2021 4:40,47,56.5
4/10/2021 4:45,47,56.6
4/10/2021 4:50,47,56.6
4/10/2021 4:55,47,56.6
4/10/2021 5:00,47,56.5
4/10/2021 5:05,47,56.5
4/10/2021 5:10,47,56.6
4/10/2021 5:15,47,56.5
4/10/2021 5:20,47,56.5
4/10/2021 5:25,47,56.5
4/10/2021 5:30,47,56.5
4/10/2021 5:35,47,56.6
4/10/2021 5:40,47,56.5
4/10/2021 5:45,47,56.5
4/10/2021 5:50,47,56.5
4/10/2021 5:55,47,56.5
4/10/2021 6:00,47,56.5
4/10/2021 6:05,47,56.5
4/10/2021 6:10,47,56.5
4/10/2021 6:15,47,56.5
4/10/2021 6:20,47,56.5
4/10/2021 6:25,47,56.5
4/10/2021 6:30,47,56.5
4/10/2021 6:35,47,56.5
4/10/2021 6:40,47,56.5
4/10/2021 6:45,47,56.5
4/10/2021 6:50,47,56.5
4/10/2021 6:55,47,56.5
4/10/2021 7:00,47,56.6
4/10/2021 7:05,47,56.4
4/10/2021 7:10,47,56.5
4/10/2021 7:15,47,56.5
4/10/2021 7:20,47,56.5
4/10/2021 7:25,47,56.5
4/10/2021 7:30,47,56.5
4/10/2021 7:35,47,56.4
4/10/2021 7:40,47,56.4
4/10/2021 7:45,47,56.3
4/10/2021 7:50,47,56.3
4/10/2021 7:55,47,56.3
4/10/2021 8:00,47,56.4
4/10/2021 8:05,47,56.3
4/10/2021 8:10,47,56.3
4/10/2021 8:15,47,56.2
4/10/2021 8:20,47,56.3
4/10/2021 8:25,47,56.2
4/10/2021 8:30,47,56.2
4/10/2021 8:35,47,56.2
4/10/2021 8:40,47,56.3
4/10/2021 8:45,47,56.3
4/10/2021 8:50,47,56.2
4/10/2021 8:55,47,56.2
4/10/2021 9:00,47,56.1
4/10/2021 9:05,47,56.1
4/10/2021 9:10,47,56.1
4/10/2021 9:15,47,56.1
4/10/2021 9:20,47,56
4/10/2021 9:25,47,56.1
4/10/2021 9:30,47,56
4/10/2021 9:35,47,55.9
4/10/2021 9:40,47,56
4/10/2021 9:45,47,55.9
4/10/2021 9:50,47,55.9
4/10/2021 9:55,47,55.8
4/10/2021 10:00,47,56
4/10/2021 10:05,47,55.9
4/10/2021 10:10,47,55.9
4/10/2021 10:15,47,55.9
4/10/2021 10:20,47,55.9
4/10/2021 10:25,47,55.9
4/10/2021 10:30,47,55.8
4/10/2021 10:35,47,55.8
4/10/2021 10:40,47,55.9
4/10/2021 10:45,47,55.9
4/10/2021 10:50,47,55.8
4/10/2021 10:55,47,55.9
4/10/2021 11:00,47,55.8
4/10/2021 11:05,47,55.8
4/10/2021 11:10,47,55.8
4/10/2021 11:15,47,55.8
4/10/2021 11:20,47,55.8
4/10/2021 11:25,47,55.7
4/10/2021 11:30,47,55.7
4/10/2021 11:35,47,55.8
4/10/2021 11:40,47,55.7
4/10/2021 11:45,47,55.7
4/10/2021 11:50,47,55.6
4/10/2021 11:55,47,55.5
4/10/2021 12:00,47,55.6
4/10/2021 12:05,47,55.6
4/10/2021 12:10,47,55.5
4/10/2021 12:15,47,55.5
4/10/2021 12:20,47,55.5
4/10/2021 12:25,47,55.5
4/10/2021 12:30,47,55.6
4/10/2021 12:35,47,55.7
4/10/2021 12:40,47,55.7
4/10/2021 12:45,47,55.6
4/10/2021 12:50,47,55.8
4/10/2021 12:55,47,55.6
4/10/2021 13:00,47,55.6
4/10/2021 13:05,47,55.5
4/10/2021 13:10,47,55.5
4/10/2021 13:15,47,55.5
4/10/2021 13:20,47,55.7
4/10/2021 13:25,47,55.7
4/10/2021 13:30,47,55.7
4/10/2021 13:35,47,55.7
4/10/2021 13:40,47,55.6
4/10/2021 13:45,47,55.7
4/10/2021 13:50,47,55.7
4/10/2021 13:55,47,55.8
4/10/2021 14:00,47,55.7
4/10/2021 14:05,47,55.5
4/10/2021 14:10,47,55.5
4/10/2021 14:15,47,55.6
4/10/2021 14:20,47,55.5
4/10/2021 14:25,47,55.4
4/10/2021 14:30,47,55.6
4/10/2021 14:35,47,55.5
4/10/2021 14:40,47,55.3
4/10/2021 14:45,47,55.4
4/10/2021 14:50,47,55.3
4/10/2021 14:55,47,55.3
4/10/2021 15:00,47,55.3
4/10/2021 15:05,47,55.2
4/10/2021 15:10,47,55.2
4/10/2021 15:15,47,55.2
4/10/2021 15:20,47,55.1
4/10/2021 15:25,47,55.2
4/10/2021 15:30,47,55.1
4/10/2021 15:35,47,55.1
4/10/2021 15:40,47,55.1
4/10/2021 15:45,47,55.1
4/10/2021 15:50,47,55
4/10/2021 15:55,47,55
4/10/2021 16:00,47,55
4/10/2021 16:05,47,54.9
4/10/2021 16:10,47,54.9
4/10/2021 16:15,47,54.8
4/10/2021 16:20,47,54.8
4/10/2021 16:25,47,54.8
4/10/2021 16:30,47,54.8
4/10/2021 16:35,47,54.6
4/10/2021 16:40,47,54.8
4/10/2021 16:45,47,54.6
4/10/2021 16:50,47,54.6
4/10/2021 16:55,47,54.5
4/10/2021 17:00,47,54.5
4/10/2021 17:05,47,54.4
4/10/2021 17:10,47,54.4
4/10/2021 17:15,47,54.3
4/10/2021 17:20,47,54.2
4/10/2021 17:25,47,54.2
4/10/2021 17:30,47,54.1
4/10/2021 17:35,47,54
4/10/2021 17:40,47,54
4/10/2021 17:45,47,53.9
4/10/2021 17:50,47,53.9
4/10/2021 17:55,47,53.8
4/10/2021 18:00,47,53.8
4/10/2021 18:05,47,53.7
4/10/2021 18:10,47,53.6
4/10/2021 18:15,47,53.6
4/10/2021 18:20,47,53.6
4/10/2021 18:25,47,53.6
4/10/2021 18:30,47,53.5
4/10/2021 18:35,47,53.5
4/10/2021 18:40,47,53.4
4/10/2021 18:45,47,53.4
4/10/2021 18:50,47,53.4
4/10/2021 18:55,47,53.4
4/10/2021 19:00,47,53.4
4/10/2021 19:05,47,53.4
4/10/2021 19:10,47,53.3
4/10/2021 19:15,47,53.3
4/10/2021 19:20,47,53.3
4/10/2021 19:25,47,53.2
4/10/2021 19:30,47,53.2
4/10/2021 19:35,47,53.1
4/10/2021 19:40,47,53.2
4/10/2021 19:45,47,53.1
4/10/2021 19:50,47,53.1
4/10/2021 19:55,47,53.1
4/10/2021 20:00,47,53
4/10/2021 20:05,47,52.9
4/10/2021 20:10,47,52.9
4/10/2021 20:15,47,52.8
4/10/2021 20:20,47,52.8
4/10/2021 20:25,47,52.7
4/10/2021 20:30,47,52.7
4/10/2021 20:35,47,52.7
4/10/2021 20:40,47,52.6
4/10/2021 20:45,47,52.6
4/10/2021 20:50,47,52.5
4/10/2021 20:55,47,52.5
4/10/2021 21:00,47,52.4
4/10/2021 21:05,47,52.4
4/10/2021 21:10,47,52.4
4/10/2021 21:15,47,52.3
4/10/2021 21:20,47,52.3
4/10/2021 21:25,47,52.2
4/10/2021 21:30,47,52.2
4/10/2021 21:35,47,52.2
4/10/2021 21:40,47,52.1
4/10/2021 21:45,47,52.1
4/10/2021 21:50,47,52.1
4/10/2021 21:55,47,52
4/10/2021 22:00,47,52
4/10/2021 22:05,47,52.1
4/10/2021 22:10,47,52.1
4/10/2021 22:15,47,52
4/10/2021 22:20,47,52
4/10/2021 22:25,47,51.9
4/10/2021 22:30,47,51.9
4/10/2021 22:35,47,51.9
4/10/2021 22:40,47,51.9
4/10/2021 22:45,47,51.8
4/10/2021 22:50,47,51.9
4/10/2021 22:55,47,51.8
4/10/2021 23:00,47,51.8
4/10/2021 23:05,47,51.7
4/10/2021 23:10,47,51.8
4/10/2021 23:15,47,51.7
4/10/2021 23:20,47,51.7
4/10/2021 23:25,47,51.7
4/10/2021 23:30,47,51.7
4/10/2021 23:35,47,51.7
4/10/2021 23:40,47,51.7
4/10/2021 23:45,47,51.7
4/10/2021 23:50,47,51.7
4/10/2021 23:55,47,51.6
4/11/2021 0:00,47,51.6
4/11/2021 0:05,47,51.5
4/11/2021 0:10,47,51.6
4/11/2021 0:15,47,51.5
4/11/2021 0:20,47,51.5
4/11/2021 0:25,47,51.6
4/11/2021 0:30,47,51.4
4/11/2021 0:35,47,51.5
4/11/2021 0:40,47,51.4
4/11/2021 0:45,47,51.5
4/11/2021 0:50,47,51.3
4/11/2021 0:55,47,51.3
4/11/2021 1:00,47,51.3
4/11/2021 1:05,47,51.2
4/11/2021 1:10,47,51.2
4/11/2021 1:15,47,51.2
4/11/2021 1:20,47,51.1
4/11/2021 1:25,47,51.2
4/11/2021 1:30,47,51.1
4/11/2021 1:35,47,51.1
4/11/2021 1:40,47,51.1
4/11/2021 1:45,47,51.1
4/11/2021 1:50,47,51.1
4/11/2021 1:55,47,51
4/11/2021 2:00,47,51
4/11/2021 2:05,47,50.9
4/11/2021 2:10,47,50.9
4/11/2021 2:15,47,50.8
4/11/2021 2:20,47,50.8
4/11/2021 2:25,47,50.8
4/11/2021 2:30,47,50.8
4/11/2021 2:35,47,50.7
4/11/2021 2:40,47,50.7
4/11/2021 2:45,47,50.6
4/11/2021 2:50,47,50.7
4/11/2021 2:55,47,50.6
4/11/2021 3:00,47,50.7
4/11/2021 3:05,47,50.6
4/11/2021 3:10,47,50.7
4/11/2021 3:15,47,50.5
4/11/2021 3:20,47,50.5
4/11/2021 3:25,47,50.5
4/11/2021 3:30,47,50.4
4/11/2021 3:35,47,50.4
4/11/2021 3:40,47,50.4
4/11/2021 3:45,47,50.3
4/11/2021 3:50,47,50.4
4/11/2021 3:55,47,50.3
4/11/2021 4:00,47,50.3
4/11/2021 4:05,47,50.3
4/11/2021 4:10,47,50.2
4/11/2021 4:15,47,50.3
4/11/2021 4:20,47,50.2
4/11/2021 4:25,47,50.2
4/11/2021 4:30,47,50.3
4/11/2021 4:35,47,50.2
4/11/2021 4:40,47,50.2
4/11/2021 4:45,47,50.2
4/11/2021 4:50,47,50.1
4/11/2021 4:55,47,50.1
4/11/2021 5:00,47,50.1
4/11/2021 5:05,47,50.1
4/11/2021 5:10,47,50
4/11/2021 5:15,47,50
4/11/2021 5:20,47,50
4/11/2021 5:25,47,49.9
4/11/2021 5:30,47,50
4/11/2021 5:35,47,49.9
4/11/2021 5:40,47,49.9
4/11/2021 5:45,47,49.9
4/11/2021 5:50,47,49.8
4/11/2021 5:55,47,49.8
4/11/2021 6:00,47,49.8
4/11/2021 6:05,47,49.8
4/11/2021 6:10,47,49.8
4/11/2021 6:15,47,49.7
4/11/2021 6:20,47,49.8
4/11/2021 6:25,47,49.7
4/11/2021 6:30,47,49.7
4/11/2021 6:35,47,49.7
4/11/2021 6:40,47,49.7
4/11/2021 6:45,47,49.7
4/11/2021 6:50,47,49.7
4/11/2021 6:55,47,49.6
4/11/2021 7:00,47,49.6
4/11/2021 7:05,47,49.6
4/11/2021 7:10,47,49.6
4/11/2021 7:15,47,49.5
4/11/2021 7:20,47,49.5
4/11/2021 7:25,47,49.5
4/11/2021 7:30,47,49.5
4/11/2021 7:35,47,49.5
4/11/2021 7:40,47,49.4
4/11/2021 7:45,47,49.4
4/11/2021 7:50,47,49.3
4/11/2021 7:55,47,49.3
4/11/2021 8:00,47,49.3
4/11/2021 8:05,47,49.3
4/11/2021 8:10,47,49.2
4/11/2021 8:15,47,49.2
4/11/2021 8:20,47,49.2
4/11/2021 8:25,47,49.2
4/11/2021 8:30,47,49.1
4/11/2021 8:35,47,49.1
4/11/2021 8:40,47,49.1
4/11/2021 8:45,47,49
4/11/2021 8:50,47,49.1
4/11/2021 8:55,47,49
4/11/2021 9:00,47,49
4/11/2021 9:05,47,49
4/11/2021 9:10,47,49
4/11/2021 9:15,47,48.9
4/11/2021 9:20,47,49
4/11/2021 9:25,47,49
4/11/2021 9:30,47,48.9
4/11/2021 9:35,47,48.9
4/11/2021 9:40,47,48.8
4/11/2021 9:45,47,48.9
4/11/2021 9:50,47,48.8
4/11/2021 9:55,47,48.8
4/11/2021 10:00,47,48.8
4/11/2021 10:05,47,48.8
4/11/2021 10:10,47,48.7
4/11/2021 10:15,47,48.7
4/11/2021 10:20,47,48.8
4/11/2021 10:25,47,48.7
4/11/2021 10:30,47,48.6
4/11/2021 10:35,47,48.6
4/11/2021 10:40,47,48.6
4/11/2021 10:45,47,48.6
4/11/2021 10:50,47,48.7
4/11/2021 10:55,47,48.8
4/11/2021 11:00,47,48.8
4/11/2021 11:05,47,48.6
4/11/2021 11:10,47,48.7
4/11/2021 11:15,47,48.7
4/11/2021 11:20,47,48.7
4/11/2021 11:25,47,48.9
4/11/2021 11:30,47,48.9
4/11/2021 11:35,47,48.9
4/11/2021 11:40,47,48.8
4/11/2021 11:45,47,48.9
4/11/2021 11:50,47,48.9
4/11/2021 11:55,47,48.9
4/11/2021 12:00,47,48.8
4/11/2021 12:05,47,48.8
4/11/2021 12:10,47,48.8
4/11/2021 12:15,47,48.8
4/11/2021 12:20,47,48.7
4/11/2021 12:25,47,48.8
4/11/2021 12:30,47,48.6
4/11/2021 12:35,47,48.6
4/11/2021 12:40,47,48.6
4/11/2021 12:45,47,48.5
4/11/2021 12:50,47,48.5
4/11/2021 12:55,47,48.5
4/11/2021 13:00,47,48.5
4/11/2021 13:05,47,48.6
4/11/2021 13:10,47,48.5
4/11/2021 13:15,47,48.5
4/11/2021 13:20,47,48.5
4/11/2021 13:25,47,48.5
4/11/2021 13:30,47,48.3
4/11/2021 13:35,47,48.4
4/11/2021 13:40,47,48.4
4/11/2021 13:45,47,48.5
4/11/2021 13:50,47,48.3
4/11/2021 13:55,47,48.3
4/11/2021 14:00,47,48.1
4/11/2021 14:05,47,48.2
4/11/2021 14:10,47,48.2
4/11/2021 14:15,47,48.2
4/11/2021 14:20,47,48.2
4/11/2021 14:25,47,48.1
4/11/2021 14:30,47,48.1
4/11/2021 14:35,47,48.1
4/11/2021 14:40,47,48.1
4/11/2021 14:45,47,48
4/11/2021 14:50,47,47.9
4/11/2021 14:55,47,48
4/11/2021 15:00,47,48
4/11/2021 15:05,47,48
4/11/2021 15:10,47,48
4/11/2021 15:15,47,48
4/11/2021 15:20,47,48
4/11/2021 15:25,47,47.9
4/11/2021 15:30,47,47.9
4/11/2021 15:35,47,48
4/11/2021 15:40,47,47.9
4/11/2021 15:45,47,47.9
4/11/2021 15:50,47,47.8
4/11/2021 15:55,47,47.9
4/11/2021 16:00,47,47.8
4/11/2021 16:05,47,47.8
4/11/2021 16:10,47,47.7
4/11/2021 16:15,47,47.8
4/11/2021 16:20,47,47.8
4/11/2021 16:25,47,47.8
4/11/2021 16:30,47,47.7
4/11/2021 16:35,47,47.8
4/11/2021 16:40,47,47.8
4/11/2021 16:45,47,47.8
4/11/2021 16:50,47,47.7
4/11/2021 16:55,47,47.7
4/11/2021 17:00,47,47.7
4/11/2021 17:05,47,47.6
4/11/2021 17:10,47,47.7
4/11/2021 17:15,47,47.7
4/11/2021 17:20,47,47.6
4/11/2021 17:25,47,47.5
4/11/2021 17:30,47,47.6
4/11/2021 17:35,47,47.5
4/11/2021 17:40,47,47.5
4/11/2021 17:45,47,47.4
4/11/2021 17:50,47,47.4
4/11/2021 17:55,47,47.3
4/11/2021 18:00,47,47.4
4/11/2021 18:05,47,47.4
4/11/2021 18:10,47,47.3
4/11/2021 18:15,47,47.3
4/11/2021 18:20,47,47.3
4/11/2021 18:25,47,47.3
4/11/2021 18:30,47,47.2
4/11/2021 18:35,47,47.2
4/11/2021 18:40,47,47.2
4/11/2021 18:45,47,47.1
4/11/2021 18:50,47,47.1
4/11/2021 18:55,47,47
4/11/2021 19:00,47,46.9
4/11/2021 19:05,47,46.9
4/11/2021 19:10,47,46.9
4/11/2021 19:15,47,46.8
4/11/2021 19:20,47,46.8
4/11/2021 19:25,47,46.9
4/11/2021 19:30,47,46.8
4/11/2021 19:35,47,46.8
4/11/2021 19:40,47,46.8
4/11/2021 19:45,47,46.8
4/11/2021 19:50,47,46.7
4/11/2021 19:55,47,46.7
4/11/2021 20:00,47,46.7
4/11/2021 20:05,47,46.6
4/11/2021 20:10,47,46.6
4/11/2021 20:15,47,46.7
4/11/2021 20:20,47,46.7
4/11/2021 20:25,47,46.6
4/11/2021 20:30,47,46.6
4/11/2021 20:35,47,46.6
4/11/2021 20:40,47,46.6
4/11/2021 20:45,47,46.5
4/11/2021 20:50,47,46.4
4/11/2021 20:55,47,46.4
4/11/2021 21:00,47,46.4
4/11/2021 21:05,47,46.4
4/11/2021 21:10,47,46.4
4/11/2021 21:15,47,46.4
4/11/2021 21:20,47,46.3
4/11/2021 21:25,47,46.4
4/11/2021 21:30,47,46.4
4/11/2021 21:35,47,46.2
4/11/2021 21:40,47,46.2
4/11/2021 21:45,47,46.2
4/11/2021 21:50,47,46.2
4/11/2021 21:55,47,46.2
4/11/2021 22:00,47,46.1
4/11/2021 22:05,47,46.1
4/11/2021 22:10,47,46.1
4/11/2021 22:15,47,46.1
4/11/2021 22:20,47,46
4/11/2021 22:25,47,46
4/11/2021 22:30,47,45.9
4/11/2021 22:35,47,45.9
4/11/2021 22:40,47,46
4/11/2021 22:45,47,45.9
4/11/2021 22:50,47,45.9
4/11/2021 22:55,47,45.9
4/11/2021 23:00,47,46
4/11/2021 23:05,47,45.9
4/11/2021 23:10,47,45.8
4/11/2021 23:15,47,45.9
4/11/2021 23:20,47,45.9
4/11/2021 23:25,47,46
4/11/2021 23:30,47,45.9
4/11/2021 23:35,47,45.8
4/11/2021 23:40,47,45.8
4/11/2021 23:45,47,45.8
4/11/2021 23:50,47,45.7
4/11/2021 23:55,47,45.7
4/12/2021 0:00,47,45.7
4/12/2021 0:05,47,45.7
4/12/2021 0:10,47,45.8
4/12/2021 0:15,47,45.7
4/12/2021 0:20,47,45.7
4/12/2021 0:25,47,45.7
4/12/2021 0:30,47,45.7
4/12/2021 0:35,47,45.7
4/12/2021 0:40,47,45.8
4/12/2021 0:45,47,45.7
4/12/2021 0:50,47,45.7
4/12/2021 0:55,47,45.6
4/12/2021 1:00,47,45.6
4/12/2021 1:05,47,45.7
4/12/2021 1:10,47,45.7
4/12/2021 1:15,47,45.7
4/12/2021 1:20,47,45.7
4/12/2021 1:25,47,45.7
4/12/2021 1:30,47,45.7
4/12/2021 1:35,47,45.7
4/12/2021 1:40,47,45.7
4/12/2021 1:45,47,45.7
4/12/2021 1:50,47,45.6
4/12/2021 1:55,47,45.5
4/12/2021 2:00,47,45.6
4/12/2021 2:05,47,45.5
4/12/2021 2:10,47,45.5
4/12/2021 2:15,47,45.5
4/12/2021 2:20,47,45.5
4/12/2021 2:25,47,45.5
4/12/2021 2:30,47,45.5
4/12/2021 2:35,47,45.5
4/12/2021 2:40,47,45.5
4/12/2021 2:45,47,45.5
4/12/2021 2:50,47,45.5
4/12/2021 2:55,47,45.5
4/12/2021 3:00,47,45.5
4/12/2021 3:05,47,45.5
4/12/2021 3:10,47,45.4
4/12/2021 3:15,47,45.4
4/12/2021 3:20,47,45.3
4/12/2021 3:25,47,45.4
4/12/2021 3:30,47,45.4
4/12/2021 3:35,47,45.5
4/12/2021 3:40,47,45.3
4/12/2021 3:45,47,45.4
4/12/2021 3:50,47,45.2
4/12/2021 3:55,47,45.2
4/12/2021 4:00,47,45.2
4/12/2021 4:05,47,45.1
4/12/2021 4:10,47,45.2
4/12/2021 4:15,47,45.1
4/12/2021 4:20,47,45.2
4/12/2021 4:25,47,45.1
4/12/2021 4:30,47,45
4/12/2021 4:35,47,45
4/12/2021 4:40,47,45.1
4/12/2021 4:45,47,45.1
4/12/2021 4:50,47,45
4/12/2021 4:55,47,45.1
4/12/2021 5:00,47,45.1
4/12/2021 5:05,47,45
4/12/2021 5:10,47,45
4/12/2021 5:15,47,44.9
4/12/2021 5:20,47,44.9
4/12/2021 5:25,47,44.9
4/12/2021 5:30,47,45
4/12/2021 5:35,47,44.8
4/12/2021 5:40,47,44.9
4/12/2021 5:45,47,44.8
4/12/2021 5:50,47,44.8
4/12/2021 5:55,47,44.8
4/12/2021 6:00,47,44.7
4/12/2021 6:05,47,44.8
4/12/2021 6:10,47,44.8
4/12/2021 6:15,47,44.8
4/12/2021 6:20,47,44.7
4/12/2021 6:25,47,44.7
4/12/2021 6:30,47,44.6
4/12/2021 6:35,47,44.7
4/12/2021 6:40,47,44.7
4/12/2021 6:45,47,44.7
4/12/2021 6:50,47,44.6
4/12/2021 6:55,47,44.6
4/12/2021 7:00,47,44.6
4/12/2021 7:05,47,44.7
4/12/2021 7:10,47,44.5
4/12/2021 7:15,47,44.6
4/12/2021 7:20,47,44.6
4/12/2021 7:25,47,44.6
4/12/2021 7:30,47,44.6
4/12/2021 7:35,47,44.6
4/12/2021 7:40,47,44.5
4/12/2021 7:45,47,44.6
4/12/2021 7:50,47,44.5
4/12/2021 7:55,47,44.6
4/12/2021 8:00,47,44.6
4/12/2021 8:05,47,44.6
4/12/2021 8:10,47,44.5
4/12/2021 8:15,47,44.5
4/12/2021 8:20,47,44.5
4/12/2021 8:25,47,44.4
4/12/2021 8:30,47,44.5
4/12/2021 8:35,47,44.3
4/12/2021 8:40,47,44.5
4/12/2021 8:45,47,44.3
4/12/2021 8:50,47,44.4
4/12/2021 8:55,47,44.4
4/12/2021 9:00,47,44.2
4/12/2021 9:05,47,44.3
4/12/2021 9:10,47,44.2
4/12/2021 9:15,47,44.1
4/12/2021 9:20,47,44.2
4/12/2021 9:25,47,44.2
4/12/2021 9:30,47,44.3
4/12/2021 9:35,47,44.2
4/12/2021 9:40,47,44.1
4/12/2021 9:45,47,44.1
4/12/2021 9:50,47,44.1
4/12/2021 9:55,47,44.1
4/12/2021 10:00,47,44.1
4/12/2021 10:05,47,44.1
4/12/2021 10:10,47,44.2
4/12/2021 10:15,47,44
4/12/2021 10:20,47,44.2
4/12/2021 10:25,47,44.1
4/12/2021 10:30,47,44.2
4/12/2021 10:35,47,44.1
4/12/2021 10:40,47,44.2
4/12/2021 10:45,47,44.5
4/12/2021 10:50,47,44.2
4/12/2021 10:55,47,44.4
4/12/2021 11:00,47,44.4
4/12/2021 11:05,47,44.3
4/12/2021 11:10,47,44.5
4/12/2021 11:15,47,44.3
4/12/2021 11:20,47,44.3
4/12/2021 11:25,47,44.4
4/12/2021 11:30,47,44.3
4/12/2021 11:35,47,44.3
4/12/2021 11:40,47,44.1
4/12/2021 11:45,47,44
4/12/2021 11:50,47,44
4/12/2021 11:55,47,44.2
4/12/2021 12:00,47,43.9
4/12/2021 12:05,47,44.1
4/12/2021 12:10,47,44
4/12/2021 12:15,47,44
4/12/2021 12:20,47,43.8
4/12/2021 12:25,47,44
4/12/2021 12:30,47,43.9
4/12/2021 12:35,47,43.8
4/12/2021 12:40,47,43.9
4/12/2021 12:45,47,43.9
4/12/2021 12:50,47,43.8
4/12/2021 12:55,47,44
4/12/2021 13:00,47,43.6
4/12/2021 13:05,47,43.9
4/12/2021 13:10,47,44
4/12/2021 13:15,47,43.8
4/12/2021 13:20,47,43.9
4/12/2021 13:25,47,43.7
4/12/2021 13:30,47,43.8
4/12/2021 13:35,47,43.7
4/12/2021 13:40,47,44
4/12/2021 13:45,47,43.7
4/12/2021 13:50,47,43.8
4/12/2021 13:55,47,43.8
4/12/2021 14:00,47,43.7
4/12/2021 14:05,47,43.8
4/12/2021 14:10,47,43.7
4/12/2021 14:15,47,43.8
4/12/2021 14:20,47,43.8
4/12/2021 14:25,47,43.7
4/12/2021 14:30,47,43.9
4/12/2021 14:35,47,43.8
4/12/2021 14:40,47,43.9
4/12/2021 14:45,47,43.8
4/12/2021 14:50,47,43.6
4/12/2021 14:55,47,43.8
4/12/2021 15:00,47,43.6
4/12/2021 15:05,47,43.9
4/12/2021 15:10,47,43.8
4/12/2021 15:15,47,43.8
4/12/2021 15:20,47,44
4/12/2021 15:25,47,43.9
4/12/2021 15:30,47,43.8
4/12/2021 15:35,47,43.9
4/12/2021 15:40,47,44
4/12/2021 15:45,47,43.9
4/12/2021 15:50,47,43.9
4/12/2021 15:55,47,43.9
4/12/2021 16:00,47,43.8
4/12/2021 16:05,47,44
4/12/2021 16:10,47,44
4/12/2021 16:15,47,44
4/12/2021 16:20,47,44
4/12/2021 16:25,47,44
4/12/2021 16:30,47,44
4/12/2021 16:35,47,44
4/12/2021 16:40,47,43.9
4/12/2021 16:45,47,44
4/12/2021 16:50,47,44
4/12/2021 16:55,47,44
4/12/2021 17:00,47,43.8
4/12/2021 17:05,47,44
4/12/2021 17:10,47,44
4/12/2021 17:15,47,44
4/12/2021 17:20,47,43.9
4/12/2021 17:25,47,44.2
4/12/2021 17:30,47,44
4/12/2021 17:35,47,44.1
4/12/2021 17:40,47,44
4/12/2021 17:45,47,43.9
4/12/2021 17:50,47,44
4/12/2021 17:55,47,44
4/12/2021 18:00,47,44
4/12/2021 18:05,47,44.1
4/12/2021 18:10,47,44
4/12/2021 18:15,47,44
4/12/2021 18:20,47,44
4/12/2021 18:25,47,44
4/12/2021 18:30,47,43.9
4/12/2021 18:35,47,44
4/12/2021 18:40,47,43.9
4/12/2021 18:45,47,43.9
4/12/2021 18:50,47,43.9
4/12/2021 18:55,47,43.9
4/12/2021 19:00,47,43.7
4/12/2021 19:05,47,43.8
4/12/2021 19:10,47,43.8
4/12/2021 19:15,47,43.8
4/12/2021 19:20,47,43.8
4/12/2021 19:25,47,43.7
4/12/2021 19:30,47,43.6
4/12/2021 19:35,47,43.7
4/12/2021 19:40,47,43.7
4/12/2021 19:45,47,43.7
4/12/2021 19:50,47,43.7
4/12/2021 19:55,47,43.7
4/12/2021 20:00,47,43.6
4/12/2021 20:05,47,43.6
4/12/2021 20:10,47,43.7
4/12/2021 20:15,47,43.6
4/12/2021 20:20,47,43.6
4/12/2021 20:25,47,43.6
4/12/2021 20:30,47,43.5
4/12/2021 20:35,47,43.5
4/12/2021 20:40,47,43.4
4/12/2021 20:45,47,43.5
4/12/2021 20:50,47,43.4
4/12/2021 20:55,47,43.4
4/12/2021 21:00,47,43.4
4/12/2021 21:05,47,43.4
4/12/2021 21:10,47,43.4
4/12/2021 21:15,47,43.3
4/12/2021 21:20,47,43.3
4/12/2021 21:25,47,43.4
4/12/2021 21:30,47,43.3
4/12/2021 21:35,47,43.3
4/12/2021 21:40,47,43.4
4/12/2021 21:45,47,43.3
4/12/2021 21:50,47,43.3
4/12/2021 21:55,47,43.3
4/12/2021 22:00,47,43.3
4/12/2021 22:05,47,43.3
4/12/2021 22:10,47,43.2
4/12/2021 22:15,47,43.2
4/12/2021 22:20,47,43.2
4/12/2021 22:25,47,43.2
4/12/2021 22:30,47,43.3
4/12/2021 22:35,47,43.1
4/12/2021 22:40,47,43.2
4/12/2021 22:45,47,43.2
4/12/2021 22:50,47,43.2
4/12/2021 22:55,47,43.2
4/12/2021 23:00,47,43
4/12/2021 23:05,47,43.1
4/12/2021 23:10,47,43
4/12/2021 23:15,47,43
4/12/2021 23:20,47,42.9
4/12/2021 23:25,47,43
4/12/2021 23:30,47,43
4/12/2021 23:35,47,43
4/12/2021 23:40,47,43
4/12/2021 23:45,47,43
4/12/2021 23:50,47,42.9
4/12/2021 23:55,47,43
4/13/2021 0:00,47,43
4/13/2021 0:05,47,42.9
4/13/2021 0:10,47,42.9
4/13/2021 0:15,47,42.9
4/13/2021 0:20,47,43
4/13/2021 0:25,47,42.9
4/13/2021 0:30,47,42.8
4/13/2021 0:35,47,42.9
4/13/2021 0:40,47,42.8
4/13/2021 0:45,47,42.9
4/13/2021 0:50,47,42.8
4/13/2021 0:55,47,42.9
4/13/2021 1:00,47,43
4/13/2021 1:05,47,42.9
4/13/2021 1:10,47,43
4/13/2021 1:15,47,42.9
4/13/2021 1:20,47,42.9
4/13/2021 1:25,47,42.9
4/13/2021 1:30,47,42.9
4/13/2021 1:35,47,42.8
4/13/2021 1:40,47,43
4/13/2021 1:45,47,42.9
4/13/2021 1:50,47,42.9
4/13/2021 1:55,47,42.8
4/13/2021 2:00,47,43
4/13/2021 2:05,47,42.9
4/13/2021 2:10,47,43
4/13/2021 2:15,47,42.9
4/13/2021 2:20,47,43
4/13/2021 2:25,47,43
4/13/2021 2:30,47,42.8
4/13/2021 2:35,47,42.9
4/13/2021 2:40,47,42.9
4/13/2021 2:45,47,42.8
4/13/2021 2:50,47,43
4/13/2021 2:55,47,42.9
4/13/2021 3:00,47,43
4/13/2021 3:05,47,42.8
4/13/2021 3:10,47,42.9
4/13/2021 3:15,47,42.9
4/13/2021 3:20,47,42.9
4/13/2021 3:25,47,42.9
4/13/2021 3:30,47,42.9
4/13/2021 3:35,47,43
4/13/2021 3:40,47,43
4/13/2021 3:45,47,42.9
4/13/2021 3:50,47,42.9
4/13/2021 3:55,47,42.9
4/13/2021 4:00,47,42.9
4/13/2021 4:05,47,43
4/13/2021 4:10,47,43
4/13/2021 4:15,47,43
4/13/2021 4:20,47,42.9
4/13/2021 4:25,47,42.9
4/13/2021 4:30,47,42.9
4/13/2021 4:35,47,42.9
4/13/2021 4:40,47,42.9
4/13/2021 4:45,47,42.9
4/13/2021 4:50,47,42.8
4/13/2021 4:55,47,42.8
4/13/2021 5:00,47,42.8
4/13/2021 5:05,47,42.9
4/13/2021 5:10,47,43
4/13/2021 5:15,47,42.9
4/13/2021 5:20,47,42.8
4/13/2021 5:25,47,42.8
4/13/2021 5:30,47,42.9
4/13/2021 5:35,47,42.8
4/13/2021 5:40,47,42.9
4/13/2021 5:45,47,42.9
4/13/2021 5:50,47,42.9
4/13/2021 5:55,47,42.8
4/13/2021 6:00,47,42.9
4/13/2021 6:05,47,42.9
4/13/2021 6:10,47,43
4/13/2021 6:15,47,42.8
4/13/2021 6:20,47,42.9
4/13/2021 6:25,47,42.9
4/13/2021 6:30,47,42.9
4/13/2021 6:35,47,42.9
4/13/2021 6:40,47,42.8
4/13/2021 6:45,47,42.9
4/13/2021 6:50,47,42.9
4/13/2021 6:55,47,42.9
4/13/2021 7:00,47,42.8
4/13/2021 7:05,47,42.8
4/13/2021 7:10,47,42.8
4/13/2021 7:15,47,42.9
4/13/2021 7:20,47,42.9
4/13/2021 7:25,47,42.9
4/13/2021 7:30,47,43
4/13/2021 7:35,47,42.9
4/13/2021 7:40,47,42.8
4/13/2021 7:45,47,42.8
4/13/2021 7:50,47,42.8
4/13/2021 7:55,47,42.7
4/13/2021 8:00,47,42.8
4/13/2021 8:05,47,42.8
4/13/2021 8:10,47,42.6
4/13/2021 8:15,47,42.7
4/13/2021 8:20,47,42.7
4/13/2021 8:25,47,42.7
4/13/2021 8:30,47,42.6
4/13/2021 8:35,47,42.7
4/13/2021 8:40,47,42.8
4/13/2021 8:45,47,42.7
4/13/2021 8:50,47,42.7
4/13/2021 8:55,47,42.7
4/13/2021 9:00,47,42.8
4/13/2021 9:05,47,42.7
4/13/2021 9:10,47,42.7
4/13/2021 9:15,47,42.8
4/13/2021 9:20,47,43
4/13/2021 9:25,47,42.8
4/13/2021 9:30,47,42.8
4/13/2021 9:35,47,42.8
4/13/2021 9:40,47,42.8
4/13/2021 9:45,47,42.8
4/13/2021 9:50,47,42.9
4/13/2021 9:55,47,42.7
4/13/2021 10:00,47,42.8
4/13/2021 10:05,47,42.7
4/13/2021 10:10,47,42.8
4/13/2021 10:15,47,42.7
4/13/2021 10:20,47,42.9
4/13/2021 10:25,47,43
4/13/2021 10:30,47,43.1
4/13/2021 10:35,47,43.1
4/13/2021 10:40,47,43.2
4/13/2021 10:45,47,43.2
4/13/2021 10:50,47,43.1
4/13/2021 10:55,47,43.4
4/13/2021 11:00,47,43.2
4/13/2021 11:05,47,43.2
4/13/2021 11:10,47,43.1
4/13/2021 11:15,47,43.1
4/13/2021 11:20,47,43.2
4/13/2021 11:25,47,43.1
4/13/2021 11:30,47,43.1
4/13/2021 11:35,47,43.1
4/13/2021 11:40,47,43.1
4/13/2021 11:45,47,43.1
4/13/2021 11:50,47,43.1
4/13/2021 11:55,47,43.1
4/13/2021 12:00,47,43.1
4/13/2021 12:05,47,43.1
4/13/2021 12:10,47,43
4/13/2021 12:15,47,43
4/13/2021 12:20,47,43.1
4/13/2021 12:25,47,43.2
4/13/2021 12:30,47,43.1
4/13/2021 12:35,47,43.2
4/13/2021 12:40,47,43.1
4/13/2021 12:45,47,43.2
4/13/2021 12:50,47,43.2
4/13/2021 12:55,47,43.1
4/13/2021 13:00,47,43.1
4/13/2021 13:05,47,43.2
4/13/2021 13:10,47,43.1
4/13/2021 13:15,47,43.3
4/13/2021 13:20,47,43.1
4/13/2021 13:25,47,43.3
4/13/2021 13:30,47,43.3
4/13/2021 13:35,47,43.2
4/13/2021 13:40,47,43.3
4/13/2021 13:45,47,43.3
4/13/2021 13:50,47,43.3
4/13/2021 13:55,47,43.4
4/13/2021 14:00,47,43.2
4/13/2021 14:05,47,43.3
4/13/2021 14:10,47,43.5
4/13/2021 14:15,47,43.4
4/13/2021 14:20,47,43.5
4/13/2021 14:25,47,43.4
4/13/2021 14:30,47,43.3
4/13/2021 14:35,47,43.5
4/13/2021 14:40,47,43.4
4/13/2021 14:45,47,43.5
4/13/2021 14:50,47,43.5
4/13/2021 14:55,47,43.5
4/13/2021 15:00,47,43.6
4/13/2021 15:05,47,43.5
4/13/2021 15:10,47,43.7
4/13/2021 15:15,47,43.6
4/13/2021 15:20,47,43.5
4/13/2021 15:25,47,43.7
4/13/2021 15:30,47,43.6
4/13/2021 15:35,47,43.7
4/13/2021 15:40,47,43.7
4/13/2021 15:45,47,43.7
4/13/2021 15:50,47,43.7
4/13/2021 15:55,47,43.6
4/13/2021 16:00,47,43.7
4/13/2021 16:05,47,43.6
4/13/2021 16:10,47,43.7
4/13/2021 16:15,47,43.6
4/13/2021 16:20,47,43.7
4/13/2021 16:25,47,43.7
4/13/2021 16:30,47,43.7
4/13/2021 16:35,47,43.9
4/13/2021 16:40,47,43.8
4/13/2021 16:45,47,43.9
4/13/2021 16:50,47,43.9
4/13/2021 16:55,47,43.7
4/13/2021 17:00,47,43.9
4/13/2021 17:05,47,43.8
4/13/2021 17:10,47,43.9
4/13/2021 17:15,47,43.7
4/13/2021 17:20,47,43.7
4/13/2021 17:25,47,43.7
4/13/2021 17:30,47,43.6
4/13/2021 17:35,47,43.7
4/13/2021 17:40,47,43.6
4/13/2021 17:45,47,43.8
4/13/2021 17:50,47,43.7
4/13/2021 17:55,47,43.9
4/13/2021 18:00,47,43.8
4/13/2021 18:05,47,43.9
4/13/2021 18:10,47,43.8
4/13/2021 18:15,47,43.8
4/13/2021 18:20,47,43.9
4/13/2021 18:25,47,43.8
4/13/2021 18:30,47,43.9
4/13/2021 18:35,47,43.8
4/13/2021 18:40,47,43.8
4/13/2021 18:45,47,44
4/13/2021 18:50,47,43.8
4/13/2021 18:55,47,43.9
4/13/2021 19:00,47,43.8
4/13/2021 19:05,47,43.8
4/13/2021 19:10,47,43.9
4/13/2021 19:15,47,43.8
4/13/2021 19:20,47,44
4/13/2021 19:25,47,43.8
4/13/2021 19:30,47,43.8
4/13/2021 19:35,47,43.8
4/13/2021 19:40,47,43.9
4/13/2021 19:45,47,43.8
4/13/2021 19:50,47,43.8
4/13/2021 19:55,47,43.8
4/13/2021 20:00,47,44
4/13/2021 20:05,47,43.9
4/13/2021 20:10,47,43.8
4/13/2021 20:15,47,43.9
4/13/2021 20:20,47,43.9
4/13/2021 20:25,47,43.9
4/13/2021 20:30,47,43.8
4/13/2021 20:35,47,43.9
4/13/2021 20:40,47,43.7
4/13/2021 20:45,47,43.7
4/13/2021 20:50,47,43.8
4/13/2021 20:55,47,43.8
4/13/2021 21:00,47,43.7
4/13/2021 21:05,47,43.8
4/13/2021 21:10,47,43.7
4/13/2021 21:15,47,43.8
4/13/2021 21:20,47,43.6
4/13/2021 21:25,47,43.6
4/13/2021 21:30,47,43.8
4/13/2021 21:35,47,43.7
4/13/2021 21:40,47,43.9
4/13/2021 21:45,47,43.6
4/13/2021 21:50,47,43.7
4/13/2021 21:55,47,43.7
4/13/2021 22:00,47,43.8
4/13/2021 22:05,47,43.9
4/13/2021 22:10,47,43.7
4/13/2021 22:15,47,43.8
4/13/2021 22:20,47,43.8
4/13/2021 22:25,47,43.7
4/13/2021 22:30,47,43.8
4/13/2021 22:35,47,43.7
4/13/2021 22:40,47,43.7
4/13/2021 22:45,47,43.6
4/13/2021 22:50,47,43.8
4/13/2021 22:55,47,43.8
4/13/2021 23:00,47,43.8
4/13/2021 23:05,47,43.8
4/13/2021 23:10,47,43.7
4/13/2021 23:15,47,43.8
4/13/2021 23:20,47,43.7
4/13/2021 23:25,47,43.9
4/13/2021 23:30,47,43.8
4/13/2021 23:35,47,43.8
4/13/2021 23:40,47,43.7
4/13/2021 23:45,47,43.8
4/13/2021 23:50,47,43.7
4/13/2021 23:55,47,43.9
4/14/2021 0:00,47,43.8
4/14/2021 0:05,47,43.8
4/14/2021 0:10,47,43.8
4/14/2021 0:15,47,43.8
4/14/2021 0:20,47,43.8
4/14/2021 0:25,47,43.8
4/14/2021 0:30,47,43.9
4/14/2021 0:35,47,43.8
4/14/2021 0:40,47,43.9
4/14/2021 0:45,47,43.9
4/14/2021 0:50,47,43.8
4/14/2021 0:55,47,43.8
4/14/2021 1:00,47,43.9
4/14/2021 1:05,47,43.9
4/14/2021 1:10,47,43.8
4/14/2021 1:15,47,43.8
4/14/2021 1:20,47,43.8
4/14/2021 1:25,47,43.9
4/14/2021 1:30,47,43.9
4/14/2021 1:35,47,43.8
4/14/2021 1:40,47,43.9
4/14/2021 1:45,47,43.8
4/14/2021 1:50,47,43.9
4/14/2021 1:55,47,43.9
4/14/2021 2:00,47,43.9
4/14/2021 2:05,47,43.8
4/14/2021 2:10,47,43.9
4/14/2021 2:15,47,43.9
4/14/2021 2:20,47,44
4/14/2021 2:25,47,43.9
4/14/2021 2:30,47,44
4/14/2021 2:35,47,44
4/14/2021 2:40,47,44.1
4/14/2021 2:45,47,44
4/14/2021 2:50,47,44
4/14/2021 2:55,47,44
4/14/2021 3:00,47,44
4/14/2021 3:05,47,44
4/14/2021 3:10,47,44.1
4/14/2021 3:15,47,44
4/14/2021 3:20,47,44.2
4/14/2021 3:25,47,44.1
4/14/2021 3:30,47,44.2
4/14/2021 3:35,47,44.1
4/14/2021 3:40,47,44.2
4/14/2021 3:45,47,44.2
4/14/2021 3:50,47,44.2
4/14/2021 3:55,47,44.2
4/14/2021 4:00,47,44.1
4/14/2021 4:05,47,44.2
4/14/2021 4:10,47,44.1
4/14/2021 4:15,47,44.2
4/14/2021 4:20,47,44.2
4/14/2021 4:25,47,44.3
4/14/2021 4:30,47,44.1
4/14/2021 4:35,47,44.2
4/14/2021 4:40,47,44.3
4/14/2021 4:45,47,44.3
4/14/2021 4:50,47,44.4
4/14/2021 4:55,47,44.3
4/14/2021 5:00,47,44.4
4/14/2021 5:05,47,44.4
4/14/2021 5:10,47,44.4
4/14/2021 5:15,47,44.5
4/14/2021 5:20,47,44.5
4/14/2021 5:25,47,44.6
4/14/2021 5:30,47,44.5
4/14/2021 5:35,47,44.6
4/14/2021 5:40,47,44.6
4/14/2021 5:45,47,44.6
4/14/2021 5:50,47,44.6
4/14/2021 5:55,47,44.7
4/14/2021 6:00,47,44.7
4/14/2021 6:05,47,44.7
4/14/2021 6:10,47,44.8
4/14/2021 6:15,47,44.7
4/14/2021 6:20,47,44.8
4/14/2021 6:25,47,44.9
4/14/2021 6:30,47,44.8
4/14/2021 6:35,47,44.8
4/14/2021 6:40,47,44.9
4/14/2021 6:45,47,44.9
4/14/2021 6:50,47,44.9
4/14/2021 6:55,47,45
4/14/2021 7:00,47,44.9
4/14/2021 7:05,47,44.9
4/14/2021 7:10,47,44.9
4/14/2021 7:15,47,45
4/14/2021 7:20,47,44.9
4/14/2021 7:25,47,45.1
4/14/2021 7:30,47,45
4/14/2021 7:35,47,45
4/14/2021 7:40,47,45
4/14/2021 7:45,47,45.1
4/14/2021 7:50,47,45.1
4/14/2021 7:55,47,45.1
4/14/2021 8:00,47,45.2
4/14/2021 8:05,47,45.1
4/14/2021 8:10,47,45.2
4/14/2021 8:15,47,45.2
4/14/2021 8:20,47,45.2
4/14/2021 8:25,47,45.3
4/14/2021 8:30,47,45.3
4/14/2021 8:35,47,45.5
4/14/2021 8:40,47,45.5
4/14/2021 8:45,47,45.4
4/14/2021 8:50,47,45.6
4/14/2021 8:55,47,45.6
4/14/2021 9:00,47,45.6
4/14/2021 9:05,47,45.7
4/14/2021 9:10,47,45.7
4/14/2021 9:15,47,45.7
4/14/2021 9:20,47,45.8
4/14/2021 9:25,47,45.8
4/14/2021 9:30,47,45.8
4/14/2021 9:35,47,45.9
4/14/2021 9:40,47,46
4/14/2021 9:45,47,46
4/14/2021 9:50,47,46.1
4/14/2021 9:55,47,46.2
4/14/2021 10:00,47,46.2
4/14/2021 10:05,47,46.2
4/14/2021 10:10,47,46.4
4/14/2021 10:15,47,46.2
4/14/2021 10:20,47,46.4
4/14/2021 10:25,47,46.4
4/14/2021 10:30,47,46.4
4/14/2021 10:35,47,46.4
4/14/2021 10:40,47,46.5
4/14/2021 10:45,47,46.6
4/14/2021 10:50,47,46.5
4/14/2021 10:55,47,46.5
4/14/2021 11:00,47,46.5
4/14/2021 11:05,47,46.5
4/14/2021 11:10,47,46.5
4/14/2021 11:15,47,46.6
4/14/2021 11:20,47,46.5
4/14/2021 11:25,47,46.4
4/14/2021 11:30,47,46.7
4/14/2021 11:35,47,46.6
4/14/2021 11:40,47,46.6
4/14/2021 11:45,47,46.6
4/14/2021 11:50,47,46.7
4/14/2021 11:55,47,46.7
4/14/2021 12:00,47,46.7
4/14/2021 12:05,47,46.7
4/14/2021 12:10,47,46.9
4/14/2021 12:15,47,47
4/14/2021 12:20,47,47.1
4/14/2021 12:25,47,47.1
4/14/2021 12:30,47,47.1
4/14/2021 12:35,47,47.1
4/14/2021 12:40,47,47
4/14/2021 12:45,47,46.9
4/14/2021 12:50,47,47.1
4/14/2021 12:55,47,47.2
4/14/2021 13:00,47,47.3
4/14/2021 13:05,47,47.2
4/14/2021 13:10,47,47.3
4/14/2021 13:15,47,47.4
4/14/2021 13:20,47,47.4
4/14/2021 13:25,47,47.5
4/14/2021 13:30,47,47.5
4/14/2021 13:35,47,47.4
4/14/2021 13:40,47,47.4
4/14/2021 13:45,47,47.5
4/14/2021 13:50,47,47.7
4/14/2021 13:55,47,47.7
4/14/2021 14:00,47,47.3
4/14/2021 14:05,47,47.6
4/14/2021 14:10,47,47.6
4/14/2021 14:15,47,47.8
4/14/2021 14:20,47,47.5
4/14/2021 14:25,47,47.7
4/14/2021 14:30,47,47.8
4/14/2021 14:35,47,47.9
4/14/2021 14:40,47,47.7
4/14/2021 14:45,47,47.9
4/14/2021 14:50,47,47.8
4/14/2021 14:55,47,47.8
4/14/2021 15:00,47,47.8
4/14/2021 15:05,47,48
4/14/2021 15:10,47,48.1
4/14/2021 15:15,47,47.9
4/14/2021 15:20,47,48
4/14/2021 15:25,47,48.1
4/14/2021 15:30,47,48.1
4/14/2021 15:35,47,48.2
4/14/2021 15:40,47,48.3
4/14/2021 15:45,47,48.3
4/14/2021 15:50,47,48.3
4/14/2021 15:55,47,48.4
4/14/2021 16:00,47,48.3
4/14/2021 16:05,47,48.4
4/14/2021 16:10,47,48.3
4/14/2021 16:15,47,48.4
4/14/2021 16:20,47,48.4
4/14/2021 16:25,47,48.4
4/14/2021 16:30,47,48.4
4/14/2021 16:35,47,48.5
4/14/2021 16:40,47,48.5
4/14/2021 16:45,47,48.5
4/14/2021 16:50,47,48.6
4/14/2021 16:55,47,48.6
4/14/2021 17:00,47,48.6
4/14/2021 17:05,47,48.6
4/14/2021 17:10,47,48.5
4/14/2021 17:15,47,48.6
4/14/2021 17:20,47,48.7
4/14/2021 17:25,47,48.6
4/14/2021 17:30,47,48.7
4/14/2021 17:35,47,48.6
4/14/2021 17:40,47,48.8
4/14/2021 17:45,47,48.7
4/14/2021 17:50,47,48.8
4/14/2021 17:55,47,48.8
4/14/2021 18:00,47,48.7
4/14/2021 18:05,47,48.8
4/14/2021 18:10,47,48.8
4/14/2021 18:15,47,48.7
4/14/2021 18:20,47,48.8
4/14/2021 18:25,47,48.9
4/14/2021 18:30,47,48.8
4/14/2021 18:35,47,48.9
4/14/2021 18:40,47,48.8
4/14/2021 18:45,47,48.9
4/14/2021 18:50,47,48.9
4/14/2021 18:55,47,48.9
4/14/2021 19:00,47,49
4/14/2021 19:05,47,49.1
4/14/2021 19:10,47,49
4/14/2021 19:15,47,48.9
4/14/2021 19:20,47,49
4/14/2021 19:25,47,49
4/14/2021 19:30,47,49
4/14/2021 19:35,47,49.1
4/14/2021 19:40,47,49.1
4/14/2021 19:45,47,49.2
4/14/2021 19:50,47,49.2
4/14/2021 19:55,47,49.2
4/14/2021 20:00,47,49.2
4/14/2021 20:05,47,49.1
4/14/2021 20:10,47,49.2
4/14/2021 20:15,47,49.1
4/14/2021 20:20,47,49.2
4/14/2021 20:25,47,49.2
4/14/2021 20:30,47,49.3
4/14/2021 20:35,47,49.2
4/14/2021 20:40,47,49.3
4/14/2021 20:45,47,49.2
4/14/2021 20:50,47,49.4
4/14/2021 20:55,47,49.3
4/14/2021 21:00,47,49.5
4/14/2021 21:05,47,49.4
4/14/2021 21:10,47,49.3
4/14/2021 21:15,47,49.5
4/14/2021 21:20,47,49.6
4/14/2021 21:25,47,49.5
4/14/2021 21:30,47,49.5
4/14/2021 21:35,47,49.5
4/14/2021 21:40,47,49.6
4/14/2021 21:45,47,49.6
4/14/2021 21:50,47,49.6
4/14/2021 21:55,47,49.7
4/14/2021 22:00,47,49.7
4/14/2021 22:05,47,49.7
4/14/2021 22:10,47,49.7
4/14/2021 22:15,47,49.7
4/14/2021 22:20,47,49.8
4/14/2021 22:25,47,49.8
4/14/2021 22:30,47,49.9
4/14/2021 22:35,47,49.8
4/14/2021 22:40,47,49.9
4/14/2021 22:45,47,50
4/14/2021 22:50,47,49.8
4/14/2021 22:55,47,50
4/14/2021 23:00,47,50
4/14/2021 23:05,47,50.1
4/14/2021 23:10,47,50.1
4/14/2021 23:15,47,50.1
4/14/2021 23:20,47,50.2
4/14/2021 23:25,47,50.2
4/14/2021 23:30,47,50.4
4/14/2021 23:35,47,50.3
4/14/2021 23:40,47,50.4
4/14/2021 23:45,47,50.5
4/14/2021 23:50,47,50.6
4/14/2021 23:55,47,50.6
4/15/2021 0:00,47,50.7
4/15/2021 0:05,47,50.6
4/15/2021 0:10,47,50.7
4/15/2021 0:15,47,50.8
4/15/2021 0:20,47,50.8
4/15/2021 0:25,47,50.9
4/15/2021 0:30,47,50.9
4/15/2021 0:35,47,51
4/15/2021 0:40,47,51
4/15/2021 0:45,47,51.1
4/15/2021 0:50,47,51.1
4/15/2021 0:55,47,51.2
4/15/2021 1:00,47,51.3
4/15/2021 1:05,47,51.3
4/15/2021 1:10,47,51.2
4/15/2021 1:15,47,51.3
4/15/2021 1:20,47,51.5
4/15/2021 1:25,47,51.6
4/15/2021 1:30,47,51.6
4/15/2021 1:35,47,51.8
4/15/2021 1:40,47,51.8
4/15/2021 1:45,47,51.9
4/15/2021 1:50,47,51.8
4/15/2021 1:55,47,52
4/15/2021 2:00,47,52
4/15/2021 2:05,47,52
4/15/2021 2:10,47,52.2
4/15/2021 2:15,47,52.2
4/15/2021 2:20,47,52.3
4/15/2021 2:25,47,52.3
4/15/2021 2:30,47,52.5
4/15/2021 2:35,47,52.4
4/15/2021 2:40,47,52.6
4/15/2021 2:45,47,52.6
4/15/2021 2:50,47,52.7
4/15/2021 2:55,47,52.9
4/15/2021 3:00,47,52.9
4/15/2021 3:05,47,53
4/15/2021 3:10,47,53
4/15/2021 3:15,47,53.2
4/15/2021 3:20,47,53.2
4/15/2021 3:25,47,53.2
4/15/2021 3:30,47,53.4
4/15/2021 3:35,47,53.4
4/15/2021 3:40,47,53.5
4/15/2021 3:45,47,53.5
4/15/2021 3:50,47,53.7
4/15/2021 3:55,47,53.7
4/15/2021 4:00,47,53.9
4/15/2021 4:05,47,54
4/15/2021 4:10,47,54
4/15/2021 4:15,47,54.2
4/15/2021 4:20,47,54.2
4/15/2021 4:25,47,54.3
4/15/2021 4:30,47,54.4
4/15/2021 4:35,47,54.5
4/15/2021 4:40,47,54.5
4/15/2021 4:45,47,54.7
4/15/2021 4:50,47,54.7
4/15/2021 4:55,47,54.9
4/15/2021 5:00,47,54.9
4/15/2021 5:05,47,55
4/15/2021 5:10,47,55.1
4/15/2021 5:15,47,55.1
4/15/2021 5:20,47,55.3
4/15/2021 5:25,47,55.3
4/15/2021 5:30,47,55.5
4/15/2021 5:35,47,55.5
4/15/2021 5:40,47,55.6
4/15/2021 5:45,47,55.8
4/15/2021 5:50,47,55.8
4/15/2021 5:55,47,56
4/15/2021 6:00,47,56
4/15/2021 6:05,47,56.1
4/15/2021 6:10,47,56.3
4/15/2021 6:15,47,56.2
4/15/2021 6:20,47,56.4
4/15/2021 6:25,47,56.6
4/15/2021 6:30,47,56.7
4/15/2021 6:35,47,56.8
4/15/2021 6:40,47,56.7
4/15/2021 6:45,47,56.9
4/15/2021 6:50,47,57
4/15/2021 6:55,47,57.1
4/15/2021 7:00,47,57.1
4/15/2021 7:05,47,57.2
4/15/2021 7:10,47,57.3
4/15/2021 7:15,47,57.4
4/15/2021 7:20,47,57.5
4/15/2021 7:25,47,57.5
4/15/2021 7:30,47,57.6
4/15/2021 7:35,47,57.8
4/15/2021 7:40,47,57.9
4/15/2021 7:45,47,57.9
4/15/2021 7:50,47,58
4/15/2021 7:55,47,58.1
4/15/2021 8:00,47,58.2
4/15/2021 8:05,47,58.6
4/15/2021 8:10,47,58.6
4/15/2021 8:15,47,58.7
4/15/2021 8:20,47,58.8
4/15/2021 8:25,47,59
4/15/2021 8:30,47,59.1
4/15/2021 8:35,47,59.2
4/15/2021 8:40,47,59.3
4/15/2021 8:45,47,59.3
4/15/2021 8:50,47,59.6
4/15/2021 8:55,47,59.7
4/15/2021 9:00,47,59.8
4/15/2021 9:05,47,60.1
4/15/2021 9:10,47,60.3
4/15/2021 9:15,47,60.4
4/15/2021 9:20,47,60.5
4/15/2021 9:25,47,60.6
4/15/2021 9:30,47,60.7
4/15/2021 9:35,47,60.8
4/15/2021 9:40,47,60.9
4/15/2021 9:45,47,61.1
4/15/2021 9:50,47,61.3
4/15/2021 9:55,47,61.6
4/15/2021 10:00,47,61.6
4/15/2021 10:05,47,61.7
4/15/2021 10:10,47,61.8
4/15/2021 10:15,47,61.9
4/15/2021 10:20,47,61.9
4/15/2021 10:25,47,62.1
4/15/2021 10:30,47,62.2
4/15/2021 10:35,47,62.4
4/15/2021 10:40,47,62.5
4/15/2021 10:45,47,62.7
4/15/2021 10:50,47,62.6
4/15/2021 10:55,47,62.9
4/15/2021 11:00,47,63
4/15/2021 11:05,47,63.1
4/15/2021 11:10,47,63.2
4/15/2021 11:15,47,63.3
4/15/2021 11:20,47,63.5
4/15/2021 11:25,47,63.6
4/15/2021 11:30,47,63.7
4/15/2021 11:35,47,63.8
4/15/2021 11:40,47,63.8
4/15/2021 11:45,47,64.1
4/15/2021 11:50,47,63.9
4/15/2021 11:55,47,64.3
4/15/2021 12:00,47,64.3
4/15/2021 12:05,47,64.5
4/15/2021 12:10,47,64.7
4/15/2021 12:15,47,64.8
4/15/2021 12:20,47,65
4/15/2021 12:25,47,64.9
4/15/2021 12:30,47,65.3
4/15/2021 12:35,47,65.5
4/15/2021 12:40,47,66
4/15/2021 12:45,47,66.4
4/15/2021 12:50,47,66.9
4/15/2021 12:55,47,67.3
4/15/2021 13:00,47,68
4/15/2021 13:05,47,68.6
4/15/2021 13:10,47,69.4
4/15/2021 13:15,47,70.3
4/15/2021 13:20,47,71.1
4/15/2021 13:25,47,71.9
4/15/2021 13:30,47,72.8
4/15/2021 13:35,47,73.8
4/15/2021 13:40,47,74.9
4/15/2021 13:45,47,75.9
4/15/2021 13:50,47,77
4/15/2021 13:55,47,78.1
4/15/2021 14:00,47,79.2
4/15/2021 14:05,47,80.1
4/15/2021 14:10,47,81.1
4/15/2021 14:15,47,82.1
4/15/2021 14:20,47,82.9
4/15/2021 14:25,47,83.8
4/15/2021 14:30,47,84.6
4/15/2021 14:35,47,85.6
4/15/2021 14:40,47,86.2
4/15/2021 14:45,47,86.8
4/15/2021 14:50,47,87.4
4/15/2021 14:55,47,88.1
4/15/2021 15:00,47,88.8
4/15/2021 15:05,47,89.6
4/15/2021 15:10,47,90.1
4/15/2021 15:15,47,90.3
4/15/2021 15:20,47,90.9
4/15/2021 15:25,47,91.2
4/15/2021 15:30,47,91.6
4/15/2021 15:35,47,92
4/15/2021 15:40,47,92.4
4/15/2021 15:45,47,92.7
4/15/2021 15:50,47,93.1
4/15/2021 15:55,47,93.3
4/15/2021 16:00,47,93.6
4/15/2021 16:05,47,94.1
4/15/2021 16:10,47,94.3
4/15/2021 16:15,47,94.5
4/15/2021 16:20,47,94.8
4/15/2021 16:25,47,94.9
4/15/2021 16:30,47,95.3
4/15/2021 16:35,47,95.3
4/15/2021 16:40,47,95.5
4/15/2021 16:45,47,95.7
4/15/2021 16:50,47,96
4/15/2021 16:55,47,96.1
4/15/2021 17:00,47,96.4
4/15/2021 17:05,47,96.8
4/15/2021 17:10,47,96.7
4/15/2021 17:15,47,96.9
4/15/2021 17:20,47,97.1
4/15/2021 17:25,47,97.5
4/15/2021 17:30,47,97.5
4/15/2021 17:35,47,97.6
4/15/2021 17:40,47,97.6
4/15/2021 17:45,47,97.9
4/15/2021 17:50,47,97.9
4/15/2021 17:55,47,98.2
4/15/2021 18:00,47,98.3
4/15/2021 18:05,47,98.6
4/15/2021 18:10,47,98.6
4/15/2021 18:15,47,98.6
4/15/2021 18:20,47,98.7
4/15/2021 18:25,47,99
4/15/2021 18:30,47,99
4/15/2021 18:35,47,99.2
4/15/2021 18:40,47,99.2
4/15/2021 18:45,47,99.4
4/15/2021 18:50,47,99.5
4/15/2021 18:55,47,99.5
4/15/2021 19:00,47,99.6
4/15/2021 19:05,47,99.8
4/15/2021 19:10,47,99.9
4/15/2021 19:15,47,100
4/15/2021 19:20,47,100
4/15/2021 19:25,47,100
4/15/2021 19:30,47,100
4/15/2021 19:35,47,101
4/15/2021 19:40,47,101
4/15/2021 19:45,47,101
4/15/2021 19:50,47,101
4/15/2021 19:55,47,101
4/15/2021 20:00,47,101
4/15/2021 20:05,47,101
4/15/2021 20:10,47,102
4/15/2021 20:15,47,101
4/15/2021 20:20,47,102
4/15/2021 20:25,47,102
4/15/2021 20:30,47,102
4/15/2021 20:35,47,102
4/15/2021 20:40,47,102
4/15/2021 20:45,47,103
4/15/2021 20:50,47,103
4/15/2021 20:55,47,103
4/15/2021 21:00,47,103
4/15/2021 21:05,47,103
4/15/2021 21:10,47,104
4/15/2021 21:15,47,104
4/15/2021 21:20,47,104
4/15/2021 21:25,47,104
4/15/2021 21:30,47,105
4/15/2021 21:35,47,105
4/15/2021 21:40,47,105
4/15/2021 21:45,47,105
4/15/2021 21:50,47,105
4/15/2021 21:55,47,105
4/15/2021 22:00,47,106
4/15/2021 22:05,47,106
4/15/2021 22:10,47,106
4/15/2021 22:15,47,106
4/15/2021 22:20,47,107
4/15/2021 22:25,47,107
4/15/2021 22:30,47,107
4/15/2021 22:35,47,107
4/15/2021 22:40,47,107
4/15/2021 22:45,47,107
4/15/2021 22:50,47,108
4/15/2021 22:55,47,108
4/15/2021 23:00,47,108
4/15/2021 23:05,47,108
4/15/2021 23:10,47,108
4/15/2021 23:15,47,109
4/15/2021 23:20,47,109
4/15/2021 23:25,47,109
4/15/2021 23:30,47,110
4/15/2021 23:35,47,110
4/15/2021 23:40,47,110
4/15/2021 23:45,47,110
4/15/2021 23:50,47,111
4/15/2021 23:55,47,111
4/16/2021 0:00,47,111
4/16/2021 0:05,47,111
4/16/2021 0:10,47,111
4/16/2021 0:15,47,112
4/16/2021 0:20,47,112
4/16/2021 0:25,47,113
4/16/2021 0:30,47,113
4/16/2021 0:35,47,113
4/16/2021 0:40,47,113
4/16/2021 0:45,47,113
4/16/2021 0:50,47,114
4/16/2021 0:55,47,114
4/16/2021 1:00,47,114
4/16/2021 1:05,47,114
4/16/2021 1:10,47,115
4/16/2021 1:15,47,115
4/16/2021 1:20,47,116
4/16/2021 1:25,47,116
4/16/2021 1:30,47,116
4/16/2021 1:35,47,116
4/16/2021 1:40,47,117
4/16/2021 1:45,47,117
4/16/2021 1:50,47,117
4/16/2021 1:55,47,117
4/16/2021 2:00,47,118
4/16/2021 2:05,47,118
4/16/2021 2:10,47,118
4/16/2021 2:15,47,118
4/16/2021 2:20,47,119
4/16/2021 2:25,47,119
4/16/2021 2:30,47,119
4/16/2021 2:35,47,120
4/16/2021 2:40,47,120
4/16/2021 2:45,47,120
4/16/2021 2:50,47,121
4/16/2021 2:55,47,121
4/16/2021 3:00,47,121
4/16/2021 3:05,47,121
4/16/2021 3:10,47,122
4/16/2021 3:15,47,122
4/16/2021 3:20,47,122
4/16/2021 3:25,47,122
4/16/2021 3:30,47,123
4/16/2021 3:35,47,123
4/16/2021 3:40,47,124
4/16/2021 3:45,47,124
4/16/2021 3:50,47,124
4/16/2021 3:55,47,124
4/16/2021 4:00,47,125
4/16/2021 4:05,47,125
4/16/2021 4:10,47,126
4/16/2021 4:15,47,126
4/16/2021 4:20,47,126
4/16/2021 4:25,47,127
4/16/2021 4:30,47,126
4/16/2021 4:35,47,127
4/16/2021 4:40,47,127
4/16/2021 4:45,47,127
4/16/2021 4:50,47,128
4/16/2021 4:55,47,128
4/16/2021 5:00,47,129
4/16/2021 5:05,47,129
4/16/2021 5:10,47,129
4/16/2021 5:15,47,130
4/16/2021 5:20,47,130
4/16/2021 5:25,47,131
4/16/2021 5:30,47,131
4/16/2021 5:35,47,131
4/16/2021 5:40,47,132
4/16/2021 5:45,47,132
4/16/2021 5:50,47,132
4/16/2021 5:55,47,132
4/16/2021 6:00,47,133
4/16/2021 6:05,47,134
4/16/2021 6:10,47,133
4/16/2021 6:15,47,134
4/16/2021 6:20,47,135
4/16/2021 6:25,47,135
4/16/2021 6:30,47,135
4/16/2021 6:35,47,135
4/16/2021 6:40,47,135
4/16/2021 6:45,47,136
4/16/2021 6:50,47,136
4/16/2021 6:55,47,136
4/16/2021 7:00,47,137
4/16/2021 7:05,47,137
4/16/2021 7:10,47,137
4/16/2021 7:15,47,138
4/16/2021 7:20,47,138
4/16/2021 7:25,47,138
4/16/2021 7:30,47,138
4/16/2021 7:35,47,139
4/16/2021 7:40,47,139
4/16/2021 7:45,47,139
4/16/2021 7:50,47,140
4/16/2021 7:55,47,140
4/16/2021 8:00,47,140
4/16/2021 8:05,47,141
4/16/2021 8:10,47,141
4/16/2021 8:15,47,141
4/16/2021 8:20,47,142
4/16/2021 8:25,47,142
4/16/2021 8:30,47,142
4/16/2021 8:35,47,142
4/16/2021 8:40,47,142
4/16/2021 8:45,47,142
4/16/2021 8:50,47,143
4/16/2021 8:55,47,143
4/16/2021 9:00,47,143
4/16/2021 9:05,47,143
4/16/2021 9:10,47,144
4/16/2021 9:15,47,144
4/16/2021 9:20,47,143
4/16/2021 9:25,47,145
4/16/2021 9:30,47,145
4/16/2021 9:35,47,145
4/16/2021 9:40,47,145
4/16/2021 9:45,47,145
4/16/2021 9:50,47,145
4/16/2021 9:55,47,145
4/16/2021 10:00,47,146
4/16/2021 10:05,47,146
4/16/2021 10:10,47,145
4/16/2021 10:15,47,145
4/16/2021 10:20,47,146
4/16/2021 10:25,47,145
4/16/2021 10:30,47,146
4/16/2021 10:35,47,146
4/16/2021 10:40,47,146
4/16/2021 10:45,47,146
4/16/2021 10:50,47,146
4/16/2021 10:55,47,145
4/16/2021 11:00,47,146
4/16/2021 11:05,47,146
4/16/2021 11:10,47,146
4/16/2021 11:15,47,147
4/16/2021 11:20,47,146
4/16/2021 11:25,47,146
4/16/2021 11:30,47,147
4/16/2021 11:35,47,147
4/16/2021 11:40,47,147
4/16/2021 11:45,47,146
4/16/2021 11:50,47,146
4/16/2021 11:55,47,147
4/16/2021 12:00,47,146
4/16/2021 12:05,47,147
4/16/2021 12:10,47,147
4/16/2021 12:15,47,147
4/16/2021 12:20,47,147
4/16/2021 12:25,47,147
4/16/2021 12:30,47,147
4/16/2021 12:35,47,147
4/16/2021 12:40,47,147
4/16/2021 12:45,47,147
4/16/2021 12:50,47,146
4/16/2021 12:55,47,148
4/16/2021 13:00,47,148
4/16/2021 13:05,47,147
4/16/2021 13:10,47,147
4/16/2021 13:15,47,148
4/16/2021 13:20,47,147
4/16/2021 13:25,47,147
4/16/2021 13:30,47,147
4/16/2021 13:35,47,148
4/16/2021 13:40,47,147
4/16/2021 13:45,47,147
4/16/2021 13:50,47,148
4/16/2021 13:55,47,147
4/16/2021 14:00,47,147
4/16/2021 14:05,47,147
4/16/2021 14:10,47,147
4/16/2021 14:15,47,147
4/16/2021 14:20,47,147
4/16/2021 14:25,47,147
4/16/2021 14:30,47,146
4/16/2021 14:35,47,147
4/16/2021 14:40,47,147
4/16/2021 14:45,47,147
4/16/2021 14:50,47,146
4/16/2021 14:55,47,147
4/16/2021 15:00,47,147
4/16/2021 15:05,47,147
4/16/2021 15:10,47,147
4/16/2021 15:15,47,147
4/16/2021 15:20,47,146
4/16/2021 15:25,47,146
4/16/2021 15:30,47,147
4/16/2021 15:35,47,147
4/16/2021 15:40,47,147
4/16/2021 15:45,47,146
4/16/2021 15:50,47,147
4/16/2021 15:55,47,146
4/16/2021 16:00,47,147
4/16/2021 16:05,47,147
4/16/2021 16:10,47,147
4/16/2021 16:15,47,146
4/16/2021 16:20,47,147
4/16/2021 16:25,47,147
4/16/2021 16:30,47,146
4/16/2021 16:35,47,147
4/16/2021 16:40,47,147
4/16/2021 16:45,47,147
4/16/2021 16:50,47,146
4/16/2021 16:55,47,147
4/16/2021 17:00,47,147
4/16/2021 17:05,47,147
4/16/2021 17:10,47,147
4/16/2021 17:15,47,147
4/16/2021 17:20,47,147
4/16/2021 17:25,47,147
4/16/2021 17:30,47,148
4/16/2021 17:35,47,147
4/16/2021 17:40,47,148
4/16/2021 17:45,47,148
4/16/2021 17:50,47,148
4/16/2021 17:55,47,147
4/16/2021 18:00,47,148
4/16/2021 18:05,47,148
4/16/2021 18:10,47,147
4/16/2021 18:15,47,148
4/16/2021 18:20,47,148
4/16/2021 18:25,47,148
4/16/2021 18:30,47,147
4/16/2021 18:35,47,148
4/16/2021 18:40,47,148
4/16/2021 18:45,47,148
4/16/2021 18:50,47,148
4/16/2021 18:55,47,149
4/16/2021 19:00,47,149
4/16/2021 19:05,47,148
4/16/2021 19:10,47,149
4/16/2021 19:15,47,150
4/16/2021 19:20,47,150
4/16/2021 19:25,47,149
4/16/2021 19:30,47,150
4/16/2021 19:35,47,150
4/16/2021 19:40,47,150
4/16/2021 19:45,47,150
4/16/2021 19:50,47,151
4/16/2021 19:55,47,151
4/16/2021 20:00,47,151
4/16/2021 20:05,47,151
4/16/2021 20:10,47,152
4/16/2021 20:15,47,152
4/16/2021 20:20,47,152
4/16/2021 20:25,47,152
4/16/2021 20:30,47,153
4/16/2021 20:35,47,153
4/16/2021 20:40,47,154
4/16/2021 20:45,47,154
4/16/2021 20:50,47,154
4/16/2021 20:55,47,154
4/16/2021 21:00,47,155
4/16/2021 21:05,47,155
4/16/2021 21:10,47,155
4/16/2021 21:15,47,155
4/16/2021 21:20,47,156
4/16/2021 21:25,47,157
4/16/2021 21:30,47,157
4/16/2021 21:35,47,157
4/16/2021 21:40,47,158
4/16/2021 21:45,47,158
4/16/2021 21:50,47,158
4/16/2021 21:55,47,159
4/16/2021 22:00,47,159
4/16/2021 22:05,47,160
4/16/2021 22:10,47,160
4/16/2021 22:15,47,160
4/16/2021 22:20,47,161
4/16/2021 22:25,47,161
4/16/2021 22:30,47,162
4/16/2021 22:35,47,162
4/16/2021 22:40,47,163
4/16/2021 22:45,47,163
4/16/2021 22:50,47,164
4/16/2021 22:55,47,164
4/16/2021 23:00,47,165
4/16/2021 23:05,47,165
4/16/2021 23:10,47,166
4/16/2021 23:15,47,166
4/16/2021 23:20,47,167
4/16/2021 23:25,47,167
4/16/2021 23:30,47,168
4/16/2021 23:35,47,168
4/16/2021 23:40,47,169
4/16/2021 23:45,47,169
4/16/2021 23:50,47,170
4/16/2021 23:55,47,170
4/17/2021 0:00,47,170
4/17/2021 0:05,47,171
4/17/2021 0:10,47,171
4/17/2021 0:15,47,172
4/17/2021 0:20,47,172
4/17/2021 0:25,47,173
4/17/2021 0:30,47,173
4/17/2021 0:35,47,174
4/17/2021 0:40,47,174
4/17/2021 0:45,47,174
4/17/2021 0:50,47,175
4/17/2021 0:55,47,176
4/17/2021 1:00,47,176
4/17/2021 1:05,47,176
4/17/2021 1:10,47,177
4/17/2021 1:15,47,177
4/17/2021 1:20,47,178
4/17/2021 1:25,47,178
4/17/2021 1:30,47,179
4/17/2021 1:35,47,179
4/17/2021 1:40,47,180
4/17/2021 1:45,47,180
4/17/2021 1:50,47,181
4/17/2021 1:55,47,182
4/17/2021 2:00,47,182
4/17/2021 2:05,47,183
4/17/2021 2:10,47,183
4/17/2021 2:15,47,183
4/17/2021 2:20,47,184
4/17/2021 2:25,47,185
4/17/2021 2:30,47,185
4/17/2021 2:35,47,186
4/17/2021 2:40,47,186
4/17/2021 2:45,47,187
4/17/2021 2:50,47,188
4/17/2021 2:55,47,188
4/17/2021 3:00,47,189
4/17/2021 3:05,47,189
4/17/2021 3:10,47,190
4/17/2021 3:15,47,191
4/17/2021 3:20,47,191
4/17/2021 3:25,47,192
4/17/2021 3:30,47,192
4/17/2021 3:35,47,193
4/17/2021 3:40,47,193
4/17/2021 3:45,47,194
4/17/2021 3:50,47,194
4/17/2021 3:55,47,195
4/17/2021 4:00,47,196
4/17/2021 4:05,47,196
4/17/2021 4:10,47,197
4/17/2021 4:15,47,197
4/17/2021 4:20,47,198
4/17/2021 4:25,47,198
4/17/2021 4:30,47,198
4/17/2021 4:35,47,198
4/17/2021 4:40,47,199
4/17/2021 4:45,47,200
4/17/2021 4:50,47,200
4/17/2021 4:55,47,200
4/17/2021 5:00,47,201
4/17/2021 5:05,47,201
4/17/2021 5:10,47,201
4/17/2021 5:15,47,202
4/17/2021 5:20,47,202
4/17/2021 5:25,47,203
4/17/2021 5:30,47,203
4/17/2021 5:35,47,203
4/17/2021 5:40,47,204
4/17/2021 5:45,47,204
4/17/2021 5:50,47,204
4/17/2021 5:55,47,205
4/17/2021 6:00,47,206
4/17/2021 6:05,47,206
4/17/2021 6:10,47,207
4/17/2021 6:15,47,207
4/17/2021 6:20,47,207
4/17/2021 6:25,47,208
4/17/2021 6:30,47,209
4/17/2021 6:35,47,209
4/17/2021 6:40,47,210
4/17/2021 6:45,47,210
4/17/2021 6:50,47,211
4/17/2021 6:55,47,211
4/17/2021 7:00,47,211
4/17/2021 7:05,47,212
4/17/2021 7:10,47,212
4/17/2021 7:15,47,213
4/17/2021 7:20,47,213
4/17/2021 7:25,47,214
4/17/2021 7:30,47,214
4/17/2021 7:35,47,214
4/17/2021 7:40,47,215
4/17/2021 7:45,47,215
4/17/2021 7:50,47,215
4/17/2021 7:55,47,216
4/17/2021 8:00,47,216
4/17/2021 8:05,47,216
4/17/2021 8:10,47,217
4/17/2021 8:15,47,217
4/17/2021 8:20,47,217
4/17/2021 8:25,47,217
4/17/2021 8:30,47,218
4/17/2021 8:35,47,218
4/17/2021 8:40,47,218
4/17/2021 8:45,47,218
4/17/2021 8:50,47,218
4/17/2021 8:55,47,218
4/17/2021 9:00,47,218
4/17/2021 9:05,47,218
4/17/2021 9:10,47,218
4/17/2021 9:15,47,218
4/17/2021 9:20,47,218
4/17/2021 9:25,47,218
4/17/2021 9:30,47,218
4/17/2021 9:35,47,218
4/17/2021 9:40,47,218
4/17/2021 9:45,47,218
4/17/2021 9:50,47,218
4/17/2021 9:55,47,218
4/17/2021 10:00,47,218
4/17/2021 10:05,47,218
4/17/2021 10:10,47,217
4/17/2021 10:15,47,217
4/17/2021 10:20,47,217
4/17/2021 10:25,47,217
4/17/2021 10:30,47,217
4/17/2021 10:35,47,217
4/17/2021 10:40,47,217
4/17/2021 10:45,47,217
4/17/2021 10:50,47,216
4/17/2021 10:55,47,216
4/17/2021 11:00,47,216
4/17/2021 11:05,47,216
4/17/2021 11:10,47,216
4/17/2021 11:15,47,216
4/17/2021 11:20,47,216
4/17/2021 11:25,47,216
4/17/2021 11:30,47,216
4/17/2021 11:35,47,215
4/17/2021 11:40,47,215
4/17/2021 11:45,47,215
4/17/2021 11:50,47,215
4/17/2021 11:55,47,215
4/17/2021 12:00,47,214
4/17/2021 12:05,47,214
4/17/2021 12:10,47,214
4/17/2021 12:15,47,214
4/17/2021 12:20,47,214
4/17/2021 12:25,47,213
4/17/2021 12:30,47,213
4/17/2021 12:35,47,213
4/17/2021 12:40,47,213
4/17/2021 12:45,47,213
4/17/2021 12:50,47,212
4/17/2021 12:55,47,212
4/17/2021 13:00,47,212
4/17/2021 13:05,47,212
4/17/2021 13:10,47,212
4/17/2021 13:15,47,212
4/17/2021 13:20,47,212
4/17/2021 13:25,47,211
4/17/2021 13:30,47,211
4/17/2021 13:35,47,211
4/17/2021 13:40,47,211
4/17/2021 13:45,47,211
4/17/2021 13:50,47,211
4/17/2021 13:55,47,211
4/17/2021 14:00,47,210
4/17/2021 14:05,47,210
4/17/2021 14:10,47,210
4/17/2021 14:15,47,210
4/17/2021 14:20,47,209
4/17/2021 14:25,47,209
4/17/2021 14:30,47,209
4/17/2021 14:35,47,208
4/17/2021 14:40,47,208
4/17/2021 14:45,47,208
4/17/2021 14:50,47,208
4/17/2021 14:55,47,208
4/17/2021 15:00,47,208
4/17/2021 15:05,47,207
4/17/2021 15:10,47,207
4/17/2021 15:15,47,207
4/17/2021 15:20,47,207
4/17/2021 15:25,47,207
4/17/2021 15:30,47,206
4/17/2021 15:35,47,206
4/17/2021 15:40,47,206
4/17/2021 15:45,47,206
4/17/2021 15:50,47,206
4/17/2021 15:55,47,206
4/17/2021 16:00,47,205
4/17/2021 16:05,47,206
4/17/2021 16:10,47,206
4/17/2021 16:15,47,205
4/17/2021 16:20,47,205
4/17/2021 16:25,47,205
4/17/2021 16:30,47,205
4/17/2021 16:35,47,205
4/17/2021 16:40,47,205
4/17/2021 16:45,47,205
4/17/2021 16:50,47,205
4/17/2021 16:55,47,205
4/17/2021 17:00,47,205
4/17/2021 17:05,47,205
4/17/2021 17:10,47,205
4/17/2021 17:15,47,205
4/17/2021 17:20,47,205
4/17/2021 17:25,47,205
4/17/2021 17:30,47,205
4/17/2021 17:35,47,205
4/17/2021 17:40,47,205
4/17/2021 17:45,47,205
4/17/2021 17:50,47,205
4/17/2021 17:55,47,205
4/17/2021 18:00,47,205
4/17/2021 18:05,47,205
4/17/2021 18:10,47,205
4/17/2021 18:15,47,205
4/17/2021 18:20,47,205
4/17/2021 18:25,47,205
4/17/2021 18:30,47,205
4/17/2021 18:35,47,205
4/17/2021 18:40,47,205
4/17/2021 18:45,47,205
4/17/2021 18:50,47,205
4/17/2021 18:55,47,205
4/17/2021 19:00,47,205
4/17/2021 19:05,47,205
4/17/2021 19:10,47,206
4/17/2021 19:15,47,206
4/17/2021 19:20,47,206
4/17/2021 19:25,47,206
4/17/2021 19:30,47,206
4/17/2021 19:35,47,206
4/17/2021 19:40,47,206
4/17/2021 19:45,47,206
4/17/2021 19:50,47,207
4/17/2021 19:55,47,206
4/17/2021 20:00,47,207
4/17/2021 20:05,47,207
4/17/2021 20:10,47,207
4/17/2021 20:15,47,207
4/17/2021 20:20,47,208
4/17/2021 20:25,47,208
4/17/2021 20:30,47,208
4/17/2021 20:35,47,208
4/17/2021 20:40,47,208
4/17/2021 20:45,47,209
4/17/2021 20:50,47,209
4/17/2021 20:55,47,209
4/17/2021 21:00,47,209
4/17/2021 21:05,47,210
4/17/2021 21:10,47,210
4/17/2021 21:15,47,210
4/17/2021 21:20,47,210
4/17/2021 21:25,47,211
4/17/2021 21:30,47,211
4/17/2021 21:35,47,212
4/17/2021 21:40,47,213
4/17/2021 21:45,47,213
4/17/2021 21:50,47,213
4/17/2021 21:55,47,214
4/17/2021 22:00,47,214
4/17/2021 22:05,47,215
4/17/2021 22:10,47,215
4/17/2021 22:15,47,216
4/17/2021 22:20,47,216
4/17/2021 22:25,47,217
4/17/2021 22:30,47,218
4/17/2021 22:35,47,218
4/17/2021 22:40,47,218
4/17/2021 22:45,47,219
4/17/2021 22:50,47,220
4/17/2021 22:55,47,220
4/17/2021 23:00,47,221
4/17/2021 23:05,47,221
4/17/2021 23:10,47,222
4/17/2021 23:15,47,223
4/17/2021 23:20,47,223
4/17/2021 23:25,47,224
4/17/2021 23:30,47,225
4/17/2021 23:35,47,225
4/17/2021 23:40,47,226
4/17/2021 23:45,47,226
4/17/2021 23:50,47,227
4/17/2021 23:55,47,227
4/18/2021 0:00,47,228
4/18/2021 0:05,47,229
4/18/2021 0:10,47,229
4/18/2021 0:15,47,230
4/18/2021 0:20,47,231
4/18/2021 0:25,47,231
4/18/2021 0:30,47,232
4/18/2021 0:35,47,232
4/18/2021 0:40,47,233
4/18/2021 0:45,47,234
4/18/2021 0:50,47,234
4/18/2021 0:55,47,235
4/18/2021 1:00,47,235
4/18/2021 1:05,47,236
4/18/2021 1:10,47,237
4/18/2021 1:15,47,237
4/18/2021 1:20,47,238
4/18/2021 1:25,47,239
4/18/2021 1:30,47,240
4/18/2021 1:35,47,241
4/18/2021 1:40,47,241
4/18/2021 1:45,47,242
4/18/2021 1:50,47,243
4/18/2021 1:55,47,243
4/18/2021 2:00,47,244
4/18/2021 2:05,47,245
4/18/2021 2:10,47,245
4/18/2021 2:15,47,246
4/18/2021 2:20,47,246
4/18/2021 2:25,47,247
4/18/2021 2:30,47,248
4/18/2021 2:35,47,249
4/18/2021 2:40,47,249
4/18/2021 2:45,47,250
4/18/2021 2:50,47,251
4/18/2021 2:55,47,252
4/18/2021 3:00,47,252
4/18/2021 3:05,47,253
4/18/2021 3:10,47,254
4/18/2021 3:15,47,254
4/18/2021 3:20,47,255
4/18/2021 3:25,47,256
4/18/2021 3:30,47,257
4/18/2021 3:35,47,257
4/18/2021 3:40,47,257
4/18/2021 3:45,47,258
4/18/2021 3:50,47,259
4/18/2021 3:55,47,260
4/18/2021 4:00,47,260
4/18/2021 4:05,47,260
4/18/2021 4:10,47,261
4/18/2021 4:15,47,262
4/18/2021 4:20,47,263
4/18/2021 4:25,47,263
4/18/2021 4:30,47,263
4/18/2021 4:35,47,264
4/18/2021 4:40,47,264
4/18/2021 4:45,47,265
4/18/2021 4:50,47,265
4/18/2021 4:55,47,266
4/18/2021 5:00,47,266
4/18/2021 5:05,47,267
4/18/2021 5:10,47,267
4/18/2021 5:15,47,268
4/18/2021 5:20,47,268
4/18/2021 5:25,47,269
4/18/2021 5:30,47,269
4/18/2021 5:35,47,269
4/18/2021 5:40,47,269
4/18/2021 5:45,47,270
4/18/2021 5:50,47,270
4/18/2021 5:55,47,271
4/18/2021 6:00,47,271
4/18/2021 6:05,47,271
4/18/2021 6:10,47,272
4/18/2021 6:15,47,272
4/18/2021 6:20,47,273
4/18/2021 6:25,47,273
4/18/2021 6:30,47,273
4/18/2021 6:35,47,273
4/18/2021 6:40,47,273
4/18/2021 6:45,47,274
4/18/2021 6:50,47,273
4/18/2021 6:55,47,274
4/18/2021 7:00,47,274
4/18/2021 7:05,47,274
4/18/2021 7:10,47,275
4/18/2021 7:15,47,274
4/18/2021 7:20,47,274
4/18/2021 7:25,47,274
4/18/2021 7:30,47,275
4/18/2021 7:35,47,275
4/18/2021 7:40,47,274
4/18/2021 7:45,47,274
4/18/2021 7:50,47,274
4/18/2021 7:55,47,274
4/18/2021 8:00,47,274
4/18/2021 8:05,47,275
4/18/2021 8:10,47,274
4/18/2021 8:15,47,274
4/18/2021 8:20,47,274
4/18/2021 8:25,47,274
4/18/2021 8:30,47,274
4/18/2021 8:35,47,274
4/18/2021 8:40,47,274
4/18/2021 8:45,47,274
4/18/2021 8:50,47,273
4/18/2021 8:55,47,274
4/18/2021 9:00,47,274
4/18/2021 9:05,47,273
4/18/2021 9:10,47,273
4/18/2021 9:15,47,272
4/18/2021 9:20,47,272
4/18/2021 9:25,47,272
4/18/2021 9:30,47,272
4/18/2021 9:35,47,271
4/18/2021 9:40,47,271
4/18/2021 9:45,47,271
4/18/2021 9:50,47,271
4/18/2021 9:55,47,271
4/18/2021 10:00,47,270
4/18/2021 10:05,47,271
4/18/2021 10:10,47,270
4/18/2021 10:15,47,270
4/18/2021 10:20,47,269
4/18/2021 10:25,47,269
4/18/2021 10:30,47,268
4/18/2021 10:35,47,268
4/18/2021 10:40,47,268
4/18/2021 10:45,47,267
4/18/2021 10:50,47,267
4/18/2021 10:55,47,267
4/18/2021 11:00,47,266
4/18/2021 11:05,47,266
4/18/2021 11:10,47,265
4/18/2021 11:15,47,265
4/18/2021 11:20,47,264
4/18/2021 11:25,47,264
4/18/2021 11:30,47,264
4/18/2021 11:35,47,264
4/18/2021 11:40,47,263
4/18/2021 11:45,47,263
4/18/2021 11:50,47,262
4/18/2021 11:55,47,262
4/18/2021 12:00,47,262
4/18/2021 12:05,47,262
4/18/2021 12:10,47,261
4/18/2021 12:15,47,261
4/18/2021 12:20,47,260
4/18/2021 12:25,47,260
4/18/2021 12:30,47,260
4/18/2021 12:35,47,260
4/18/2021 12:40,47,259
4/18/2021 12:45,47,259
4/18/2021 12:50,47,259
4/18/2021 12:55,47,258
4/18/2021 13:00,47,258
4/18/2021 13:05,47,257
4/18/2021 13:10,47,257
4/18/2021 13:15,47,257
4/18/2021 13:20,47,257
4/18/2021 13:25,47,256
4/18/2021 13:30,47,256
4/18/2021 13:35,47,255
4/18/2021 13:40,47,255
4/18/2021 13:45,47,254
4/18/2021 13:50,47,254
4/18/2021 13:55,47,254
4/18/2021 14:00,47,253
4/18/2021 14:05,47,253
4/18/2021 14:10,47,252
4/18/2021 14:15,47,252
4/18/2021 14:20,47,252
4/18/2021 14:25,47,251
4/18/2021 14:30,47,250
4/18/2021 14:35,47,250
4/18/2021 14:40,47,250
4/18/2021 14:45,47,250
4/18/2021 14:50,47,249
4/18/2021 14:55,47,248
4/18/2021 15:00,47,248
4/18/2021 15:05,47,248
4/18/2021 15:10,47,248
4/18/2021 15:15,47,247
4/18/2021 15:20,47,247
4/18/2021 15:25,47,246
4/18/2021 15:30,47,246
4/18/2021 15:35,47,246
4/18/2021 15:40,47,245
4/18/2021 15:45,47,245
4/18/2021 15:50,47,245
4/18/2021 15:55,47,244
4/18/2021 16:00,47,244
4/18/2021 16:05,47,244
4/18/2021 16:10,47,243
4/18/2021 16:15,47,243
4/18/2021 16:20,47,243
4/18/2021 16:25,47,243
4/18/2021 16:30,47,242
4/18/2021 16:35,47,242
4/18/2021 16:40,47,242
4/18/2021 16:45,47,241
4/18/2021 16:50,47,241
4/18/2021 16:55,47,241
4/18/2021 17:00,47,240
4/18/2021 17:05,47,240
4/18/2021 17:10,47,240
4/18/2021 17:15,47,240
4/18/2021 17:20,47,240
4/18/2021 17:25,47,239
4/18/2021 17:30,47,239
4/18/2021 17:35,47,239
4/18/2021 17:40,47,239
4/18/2021 17:45,47,239
4/18/2021 17:50,47,238
4/18/2021 17:55,47,238
4/18/2021 18:00,47,238
4/18/2021 18:05,47,238
4/18/2021 18:10,47,237
4/18/2021 18:15,47,237
4/18/2021 18:20,47,237
4/18/2021 18:25,47,237
4/18/2021 18:30,47,237
4/18/2021 18:35,47,237
4/18/2021 18:40,47,236
4/18/2021 18:45,47,236
4/18/2021 18:50,47,236
4/18/2021 18:55,47,236
4/18/2021 19:00,47,236
4/18/2021 19:05,47,236
4/18/2021 19:10,47,236
4/18/2021 19:15,47,236
4/18/2021 19:20,47,236
4/18/2021 19:25,47,236
4/18/2021 19:30,47,236
4/18/2021 19:35,47,236
4/18/2021 19:40,47,237
4/18/2021 19:45,47,237
4/18/2021 19:50,47,237
4/18/2021 19:55,47,237
4/18/2021 20:00,47,237
4/18/2021 20:05,47,237
4/18/2021 20:10,47,237
4/18/2021 20:15,47,237
4/18/2021 20:20,47,237
4/18/2021 20:25,47,238
4/18/2021 20:30,47,237
4/18/2021 20:35,47,237
4/18/2021 20:40,47,238
4/18/2021 20:45,47,238
4/18/2021 20:50,47,238
4/18/2021 20:55,47,239
4/18/2021 21:00,47,238
4/18/2021 21:05,47,238
4/18/2021 21:10,47,239
4/18/2021 21:15,47,239
4/18/2021 21:20,47,240
4/18/2021 21:25,47,239
4/18/2021 21:30,47,240
4/18/2021 21:35,47,241
4/18/2021 21:40,47,240
4/18/2021 21:45,47,241
4/18/2021 21:50,47,242
4/18/2021 21:55,47,242
4/18/2021 22:00,47,242
4/18/2021 22:05,47,244
4/18/2021 22:10,47,243
4/18/2021 22:15,47,244
4/18/2021 22:20,47,245
4/18/2021 22:25,47,245
4/18/2021 22:30,47,245
4/18/2021 22:35,47,246
4/18/2021 22:40,47,246
4/18/2021 22:45,47,247
4/18/2021 22:50,47,248
4/18/2021 22:55,47,248
4/18/2021 23:00,47,248
4/18/2021 23:05,47,249
4/18/2021 23:10,47,250
4/18/2021 23:15,47,250
4/18/2021 23:20,47,251
4/18/2021 23:25,47,251
4/18/2021 23:30,47,252
4/18/2021 23:35,47,252
4/18/2021 23:40,47,253
4/18/2021 23:45,47,254
4/18/2021 23:50,47,254
4/18/2021 23:55,47,255
4/19/2021 0:00,47,255
4/19/2021 0:05,47,256
4/19/2021 0:10,47,257
4/19/2021 0:15,47,257
4/19/2021 0:20,47,258
4/19/2021 0:25,47,259
4/19/2021 0:30,47,260
4/19/2021 0:35,47,261
4/19/2021 0:40,47,261
4/19/2021 0:45,47,262
4/19/2021 0:50,47,263
4/19/2021 0:55,47,263
4/19/2021 1:00,47,264
4/19/2021 1:05,47,265
4/19/2021 1:10,47,265
4/19/2021 1:15,47,266
4/19/2021 1:20,47,267
4/19/2021 1:25,47,267
4/19/2021 1:30,47,268
4/19/2021 1:35,47,268
4/19/2021 1:40,47,269
4/19/2021 1:45,47,270
4/19/2021 1:50,47,271
4/19/2021 1:55,47,271
4/19/2021 2:00,47,272
4/19/2021 2:05,47,273
4/19/2021 2:10,47,273
4/19/2021 2:15,47,274
4/19/2021 2:20,47,274
4/19/2021 2:25,47,275
4/19/2021 2:30,47,276
4/19/2021 2:35,47,277
4/19/2021 2:40,47,277
4/19/2021 2:45,47,278
4/19/2021 2:50,47,279
4/19/2021 2:55,47,279
4/19/2021 3:00,47,280
4/19/2021 3:05,47,281
4/19/2021 3:10,47,282
4/19/2021 3:15,47,282
4/19/2021 3:20,47,283
4/19/2021 3:25,47,283
4/19/2021 3:30,47,284
4/19/2021 3:35,47,285
4/19/2021 3:40,47,285
4/19/2021 3:45,47,286
4/19/2021 3:50,47,286
4/19/2021 3:55,47,287
4/19/2021 4:00,47,288
4/19/2021 4:05,47,288
4/19/2021 4:10,47,289
4/19/2021 4:15,47,290
4/19/2021 4:20,47,290
4/19/2021 4:25,47,291
4/19/2021 4:30,47,292
4/19/2021 4:35,47,291
4/19/2021 4:40,47,292
4/19/2021 4:45,47,293
4/19/2021 4:50,47,293
4/19/2021 4:55,47,294
4/19/2021 5:00,47,294
4/19/2021 5:05,47,295
4/19/2021 5:10,47,295
4/19/2021 5:15,47,296
4/19/2021 5:20,47,296
4/19/2021 5:25,47,297
4/19/2021 5:30,47,297
4/19/2021 5:35,47,297
4/19/2021 5:40,47,297
4/19/2021 5:45,47,298
4/19/2021 5:50,47,298
4/19/2021 5:55,47,299
4/19/2021 6:00,47,299
4/19/2021 6:05,47,299
4/19/2021 6:10,47,300
4/19/2021 6:15,47,300
4/19/2021 6:20,47,300
4/19/2021 6:25,47,300
4/19/2021 6:30,47,301
4/19/2021 6:35,47,300
4/19/2021 6:40,47,301
4/19/2021 6:45,47,301
4/19/2021 6:50,47,301
4/19/2021 6:55,47,301
4/19/2021 7:00,47,301
4/19/2021 7:05,47,302
4/19/2021 7:10,47,301
4/19/2021 7:15,47,301
4/19/2021 7:20,47,301
4/19/2021 7:25,47,301
4/19/2021 7:30,47,301
4/19/2021 7:35,47,302
4/19/2021 7:40,47,301
4/19/2021 7:45,47,301
4/19/2021 7:50,47,302
4/19/2021 7:55,47,302
4/19/2021 8:00,47,301
4/19/2021 8:05,47,301
4/19/2021 8:10,47,301
4/19/2021 8:15,47,301
4/19/2021 8:20,47,301
4/19/2021 8:25,47,301
4/19/2021 8:30,47,301
4/19/2021 8:35,47,301
4/19/2021 8:40,47,300
4/19/2021 8:45,47,300
4/19/2021 8:50,47,300
4/19/2021 8:55,47,300
4/19/2021 9:00,47,300
4/19/2021 9:05,47,299
4/19/2021 9:10,47,299
4/19/2021 9:15,47,298
4/19/2021 9:20,47,298
4/19/2021 9:25,47,298
4/19/2021 9:30,47,298
4/19/2021 9:35,47,297
4/19/2021 9:40,47,297
4/19/2021 9:45,47,297
4/19/2021 9:50,47,296
4/19/2021 9:55,47,296
4/19/2021 10:00,47,296
4/19/2021 10:05,47,296
4/19/2021 10:10,47,295
4/19/2021 10:15,47,295
4/19/2021 10:20,47,295
4/19/2021 10:25,47,295
4/19/2021 10:30,47,295
4/19/2021 10:35,47,294
4/19/2021 10:40,47,293
4/19/2021 10:45,47,293
4/19/2021 10:50,47,292
4/19/2021 10:55,47,292
4/19/2021 11:00,47,292
4/19/2021 11:05,47,292
4/19/2021 11:10,47,291
4/19/2021 11:15,47,291
4/19/2021 11:20,47,290
4/19/2021 11:25,47,290
4/19/2021 11:30,47,289
4/19/2021 11:35,47,288
4/19/2021 11:40,47,288
4/19/2021 11:45,47,287
4/19/2021 11:50,47,287
4/19/2021 11:55,47,287
4/19/2021 12:00,47,286
4/19/2021 12:05,47,285
4/19/2021 12:10,47,285
4/19/2021 12:15,47,285
4/19/2021 12:20,47,284
4/19/2021 12:25,47,283
4/19/2021 12:30,47,282
4/19/2021 12:35,47,282
4/19/2021 12:40,47,281
4/19/2021 12:45,47,281
4/19/2021 12:50,47,280
4/19/2021 12:55,47,280
4/19/2021 13:00,47,280
4/19/2021 13:05,47,279
4/19/2021 13:10,47,279
4/19/2021 13:15,47,278
4/19/2021 13:20,47,278
4/19/2021 13:25,47,277
4/19/2021 13:30,47,277
4/19/2021 13:35,47,276
4/19/2021 13:40,47,275
4/19/2021 13:45,47,275
4/19/2021 13:50,47,275
4/19/2021 13:55,47,274
4/19/2021 14:00,47,273
4/19/2021 14:05,47,272
4/19/2021 14:10,47,272
4/19/2021 14:15,47,272
4/19/2021 14:20,47,271
4/19/2021 14:25,47,271
4/19/2021 14:30,47,270
4/19/2021 14:35,47,270
4/19/2021 14:40,47,269
4/19/2021 14:45,47,269
4/19/2021 14:50,47,269
4/19/2021 14:55,47,268
4/19/2021 15:00,47,268
4/19/2021 15:05,47,267
4/19/2021 15:10,47,266
4/19/2021 15:15,47,266
4/19/2021 15:20,47,266
4/19/2021 15:25,47,265
4/19/2021 15:30,47,265
4/19/2021 15:35,47,264
4/19/2021 15:40,47,263
4/19/2021 15:45,47,263
4/19/2021 15:50,47,263
4/19/2021 15:55,47,263
4/19/2021 16:00,47,262
4/19/2021 16:05,47,262
4/19/2021 16:10,47,261
4/19/2021 16:15,47,260
4/19/2021 16:20,47,260
4/19/2021 16:25,47,260
4/19/2021 16:30,47,259
4/19/2021 16:35,47,259
4/19/2021 16:40,47,259
4/19/2021 16:45,47,258
4/19/2021 16:50,47,258
4/19/2021 16:55,47,256
4/19/2021 17:00,47,256
4/19/2021 17:05,47,256
4/19/2021 17:10,47,255
4/19/2021 17:15,47,255
4/19/2021 17:20,47,255
4/19/2021 17:25,47,254
4/19/2021 17:30,47,254
4/19/2021 17:35,47,253
4/19/2021 17:40,47,253
4/19/2021 17:45,47,253
4/19/2021 17:50,47,252
4/19/2021 17:55,47,252
4/19/2021 18:00,47,252
4/19/2021 18:05,47,251
4/19/2021 18:10,47,251
4/19/2021 18:15,47,251
4/19/2021 18:20,47,251
4/19/2021 18:25,47,250
4/19/2021 18:30,47,250
4/19/2021 18:35,47,249
4/19/2021 18:40,47,249
4/19/2021 18:45,47,249
4/19/2021 18:50,47,249
4/19/2021 18:55,47,248
4/19/2021 19:00,47,248
4/19/2021 19:05,47,248
4/19/2021 19:10,47,248
4/19/2021 19:15,47,247
4/19/2021 19:20,47,247
4/19/2021 19:25,47,247
4/19/2021 19:30,47,246
4/19/2021 19:35,47,246
4/19/2021 19:40,47,246
4/19/2021 19:45,47,246
4/19/2021 19:50,47,246
4/19/2021 19:55,47,245
4/19/2021 20:00,47,245
4/19/2021 20:05,47,245
4/19/2021 20:10,47,245
4/19/2021 20:15,47,244
4/19/2021 20:20,47,244
4/19/2021 20:25,47,244
4/19/2021 20:30,47,244
4/19/2021 20:35,47,244
4/19/2021 20:40,47,243
4/19/2021 20:45,47,243
4/19/2021 20:50,47,243
4/19/2021 20:55,47,243
4/19/2021 21:00,47,243
4/19/2021 21:05,47,243
4/19/2021 21:10,47,242
4/19/2021 21:15,47,242
4/19/2021 21:20,47,242
4/19/2021 21:25,47,242
4/19/2021 21:30,47,242
4/19/2021 21:35,47,242
4/19/2021 21:40,47,241
4/19/2021 21:45,47,241
4/19/2021 21:50,47,241
4/19/2021 21:55,47,241
4/19/2021 22:00,47,241
4/19/2021 22:05,47,241
4/19/2021 22:10,47,241
4/19/2021 22:15,47,241
4/19/2021 22:20,47,241
4/19/2021 22:25,47,241
4/19/2021 22:30,47,241
4/19/2021 22:35,47,241
4/19/2021 22:40,47,241
4/19/2021 22:45,47,241
4/19/2021 22:50,47,241
4/19/2021 22:55,47,241
4/19/2021 23:00,47,241
4/19/2021 23:05,47,241
4/19/2021 23:10,47,241
4/19/2021 23:15,47,241
4/19/2021 23:20,47,241
4/19/2021 23:25,47,241
4/19/2021 23:30,47,241
4/19/2021 23:35,47,241
4/19/2021 23:40,47,241
4/19/2021 23:45,47,241
4/19/2021 23:50,47,241
4/19/2021 23:55,47,241
4/20/2021 0:00,47,241
4/20/2021 0:05,47,241
4/20/2021 0:10,47,242
4/20/2021 0:15,47,242
4/20/2021 0:20,47,242
4/20/2021 0:25,47,242
4/20/2021 0:30,47,242
4/20/2021 0:35,47,242
4/20/2021 0:40,47,242
4/20/2021 0:45,47,242
4/20/2021 0:50,47,242
4/20/2021 0:55,47,242
4/20/2021 1:00,47,243
4/20/2021 1:05,47,243
4/20/2021 1:10,47,243
4/20/2021 1:15,47,243
4/20/2021 1:20,47,243
4/20/2021 1:25,47,243
4/20/2021 1:30,47,243
4/20/2021 1:35,47,243
4/20/2021 1:40,47,243
4/20/2021 1:45,47,244
4/20/2021 1:50,47,243
4/20/2021 1:55,47,244
4/20/2021 2:00,47,244
4/20/2021 2:05,47,244
4/20/2021 2:10,47,244
4/20/2021 2:15,47,244
4/20/2021 2:20,47,244
4/20/2021 2:25,47,244
4/20/2021 2:30,47,244
4/20/2021 2:35,47,244
4/20/2021 2:40,47,244
4/20/2021 2:45,47,244
4/20/2021 2:50,47,244
4/20/2021 2:55,47,244
4/20/2021 3:00,47,244
4/20/2021 3:05,47,244
4/20/2021 3:10,47,244
4/20/2021 3:15,47,244
4/20/2021 3:20,47,244
4/20/2021 3:25,47,244
4/20/2021 3:30,47,244
4/20/2021 3:35,47,244
4/20/2021 3:40,47,244
4/20/2021 3:45,47,244
4/20/2021 3:50,47,244
4/20/2021 3:55,47,244
4/20/2021 4:00,47,244
4/20/2021 4:05,47,244
4/20/2021 4:10,47,244
4/20/2021 4:15,47,244
4/20/2021 4:20,47,243
4/20/2021 4:25,47,244
4/20/2021 4:30,47,243
4/20/2021 4:35,47,244
4/20/2021 4:40,47,244
4/20/2021 4:45,47,244
4/20/2021 4:50,47,244
4/20/2021 4:55,47,244
4/20/2021 5:00,47,244
4/20/2021 5:05,47,244
4/20/2021 5:10,47,244
4/20/2021 5:15,47,244
4/20/2021 5:20,47,244
4/20/2021 5:25,47,244
4/20/2021 5:30,47,244
4/20/2021 5:35,47,244
4/20/2021 5:40,47,244
4/20/2021 5:45,47,244
4/20/2021 5:50,47,244
4/20/2021 5:55,47,244
4/20/2021 6:00,47,244
4/20/2021 6:05,47,244
4/20/2021 6:10,47,244
4/20/2021 6:15,47,244
4/20/2021 6:20,47,244
4/20/2021 6:25,47,244
4/20/2021 6:30,47,244
4/20/2021 6:35,47,244
4/20/2021 6:40,47,244
4/20/2021 6:45,47,244
4/20/2021 6:50,47,244
4/20/2021 6:55,47,244
4/20/2021 7:00,47,244
4/20/2021 7:05,47,244
4/20/2021 7:10,47,244
4/20/2021 7:15,47,244
4/20/2021 7:20,47,244
4/20/2021 7:25,47,244
4/20/2021 7:30,47,244
4/20/2021 7:35,47,244
4/20/2021 7:40,47,244
4/20/2021 7:50,47,244
4/20/2021 7:55,47,244
4/20/2021 8:00,47,244
4/20/2021 8:05,47,244
4/20/2021 8:10,47,244
4/20/2021 8:15,47,245
4/20/2021 8:20,47,245
4/20/2021 8:25,47,245
4/20/2021 8:30,47,245
4/20/2021 8:35,47,245
4/20/2021 8:40,47,245
4/20/2021 8:45,47,245
4/20/2021 8:50,47,245
4/20/2021 8:55,47,245
4/20/2021 9:00,47,246
4/20/2021 9:05,47,246
4/20/2021 9:10,47,246
4/20/2021 9:15,47,246
4/20/2021 9:20,47,245
4/20/2021 9:25,47,246
4/20/2021 9:30,47,246
4/20/2021 9:35,47,246
4/20/2021 9:40,47,246
4/20/2021 9:45,47,246
4/20/2021 9:50,47,246
4/20/2021 9:55,47,245
4/20/2021 10:00,47,245
4/20/2021 10:05,47,245
4/20/2021 10:10,47,245
4/20/2021 10:15,47,245
4/20/2021 10:20,47,245
4/20/2021 10:25,47,245
4/20/2021 10:30,47,245
4/20/2021 10:35,47,244
4/20/2021 10:40,47,244
4/20/2021 10:45,47,244
4/20/2021 10:50,47,244
4/20/2021 10:55,47,243
4/20/2021 11:00,47,243
4/20/2021 11:05,47,243
4/20/2021 11:10,47,243
4/20/2021 11:15,47,243
4/20/2021 11:20,47,243
4/20/2021 11:25,47,243
4/20/2021 11:30,47,242
4/20/2021 11:35,47,241
4/20/2021 11:40,47,242
4/20/2021 11:45,47,241
4/20/2021 11:50,47,241
4/20/2021 11:55,47,241
4/20/2021 12:00,47,241
4/20/2021 12:05,47,240
4/20/2021 12:10,47,240
4/20/2021 12:15,47,240
4/20/2021 12:20,47,240
4/20/2021 12:25,47,240
4/20/2021 12:30,47,239
4/20/2021 12:35,47,239
4/20/2021 12:40,47,239
4/20/2021 12:45,47,239
4/20/2021 12:50,47,238
4/20/2021 12:55,47,238
4/20/2021 13:00,47,237
4/20/2021 13:05,47,237
4/20/2021 13:10,47,236
4/20/2021 13:15,47,237
4/20/2021 13:20,47,236
4/20/2021 13:25,47,236
4/20/2021 13:30,47,235
4/20/2021 13:35,47,235
4/20/2021 13:40,47,235
4/20/2021 13:45,47,235
4/20/2021 13:50,47,234
4/20/2021 13:55,47,234
4/20/2021 14:00,47,234
4/20/2021 14:05,47,234
4/20/2021 14:10,47,233
4/20/2021 14:15,47,233
4/20/2021 14:20,47,233
4/20/2021 14:25,47,232
4/20/2021 14:30,47,232
4/20/2021 14:35,47,232
4/20/2021 14:40,47,232
4/20/2021 14:45,47,231
4/20/2021 14:50,47,231
4/20/2021 14:55,47,231
4/20/2021 15:00,47,230
4/20/2021 15:05,47,230
4/20/2021 15:10,47,230
4/20/2021 15:15,47,230
4/20/2021 15:20,47,229
4/20/2021 15:25,47,229
4/20/2021 15:30,47,229
4/20/2021 15:35,47,229
4/20/2021 15:40,47,228
4/20/2021 15:45,47,228
4/20/2021 15:50,47,228
4/20/2021 15:55,47,228
4/20/2021 16:00,47,228
4/20/2021 16:05,47,227
4/20/2021 16:10,47,227
4/20/2021 16:15,47,227
4/20/2021 16:20,47,227
4/20/2021 16:25,47,226
4/20/2021 16:30,47,226
4/20/2021 16:35,47,226
4/20/2021 16:40,47,226
4/20/2021 16:45,47,226
4/20/2021 16:50,47,225
4/20/2021 16:55,47,225
4/20/2021 17:00,47,225
4/20/2021 17:05,47,225
4/20/2021 17:10,47,224
4/20/2021 17:15,47,224
4/20/2021 17:20,47,224
4/20/2021 17:25,47,224
4/20/2021 17:30,47,224
4/20/2021 17:35,47,223
4/20/2021 17:40,47,223
4/20/2021 17:45,47,223
4/20/2021 17:50,47,223
4/20/2021 17:55,47,223
4/20/2021 18:00,47,223
4/20/2021 18:05,47,222
4/20/2021 18:10,47,223
4/20/2021 18:15,47,222
4/20/2021 18:20,47,222
4/20/2021 18:25,47,222
4/20/2021 18:30,47,222
4/20/2021 18:35,47,222
4/20/2021 18:40,47,222
4/20/2021 18:45,47,222
4/20/2021 18:50,47,222
4/20/2021 18:55,47,222
4/20/2021 19:00,47,221
4/20/2021 19:05,47,221
4/20/2021 19:10,47,221
4/20/2021 19:15,47,221
4/20/2021 19:20,47,221
4/20/2021 19:25,47,221
4/20/2021 19:30,47,221
4/20/2021 19:35,47,221
4/20/2021 19:40,47,221
4/20/2021 19:45,47,221
4/20/2021 19:50,47,221
4/20/2021 19:55,47,221
4/20/2021 20:00,47,221
4/20/2021 20:05,47,221
4/20/2021 20:10,47,221
4/20/2021 20:15,47,221
4/20/2021 20:20,47,221
4/20/2021 20:25,47,221
4/20/2021 20:30,47,221
4/20/2021 20:35,47,221
4/20/2021 20:40,47,221
4/20/2021 20:45,47,221
4/20/2021 20:50,47,221
4/20/2021 20:55,47,221
4/20/2021 21:00,47,221
4/20/2021 21:05,47,221
4/20/2021 21:10,47,221
4/20/2021 21:15,47,221
4/20/2021 21:20,47,221
4/20/2021 21:25,47,221
4/20/2021 21:30,47,222
4/20/2021 21:35,47,221
4/20/2021 21:40,47,221
4/20/2021 21:45,47,221
4/20/2021 21:50,47,222
4/20/2021 21:55,47,222
4/20/2021 22:00,47,222
4/20/2021 22:05,47,222
4/20/2021 22:10,47,222
4/20/2021 22:15,47,222
4/20/2021 22:20,47,222
4/20/2021 22:25,47,222
4/20/2021 22:30,47,222
4/20/2021 22:35,47,222
4/20/2021 22:40,47,222
4/20/2021 22:45,47,222
4/20/2021 22:50,47,223
4/20/2021 22:55,47,223
4/20/2021 23:00,47,223
4/20/2021 23:05,47,223
4/20/2021 23:10,47,224
4/20/2021 23:15,47,224
4/20/2021 23:20,47,224
4/20/2021 23:25,47,224
4/20/2021 23:30,47,225
4/20/2021 23:35,47,225
4/20/2021 23:40,47,225
4/20/2021 23:45,47,226
4/20/2021 23:50,47,225
4/20/2021 23:55,47,226
4/21/2021 0:00,47,226
4/21/2021 0:05,47,226
4/21/2021 0:10,47,227
4/21/2021 0:15,47,227
4/21/2021 0:20,47,227
4/21/2021 0:25,47,228
4/21/2021 0:30,47,228
4/21/2021 0:35,47,228
4/21/2021 0:40,47,229
4/21/2021 0:45,47,229
4/21/2021 0:50,47,229
4/21/2021 0:55,47,229
4/21/2021 1:00,47,230
4/21/2021 1:05,47,230
4/21/2021 1:10,47,230
4/21/2021 1:15,47,231
4/21/2021 1:20,47,231
4/21/2021 1:25,47,231
4/21/2021 1:30,47,232
4/21/2021 1:35,47,232
4/21/2021 1:40,47,232
4/21/2021 1:45,47,233
4/21/2021 1:50,47,233
4/21/2021 1:55,47,233
4/21/2021 2:00,47,234
4/21/2021 2:05,47,234
4/21/2021 2:10,47,234
4/21/2021 2:15,47,235
4/21/2021 2:20,47,235
4/21/2021 2:25,47,235
4/21/2021 2:30,47,236
4/21/2021 2:35,47,236
4/21/2021 2:40,47,236
4/21/2021 2:45,47,237
4/21/2021 2:50,47,237
4/21/2021 2:55,47,237
4/21/2021 3:00,47,237
4/21/2021 3:05,47,238
4/21/2021 3:10,47,238
4/21/2021 3:15,47,239
4/21/2021 3:20,47,239
4/21/2021 3:25,47,239
4/21/2021 3:30,47,240
4/21/2021 3:35,47,240
4/21/2021 3:40,47,240
4/21/2021 3:45,47,241
4/21/2021 3:50,47,241
4/21/2021 3:55,47,241
4/21/2021 4:00,47,242
4/21/2021 4:05,47,242
4/21/2021 4:10,47,242
4/21/2021 4:15,47,243
4/21/2021 4:20,47,243
4/21/2021 4:25,47,243
4/21/2021 4:30,47,243
4/21/2021 4:35,47,244
4/21/2021 4:40,47,244
4/21/2021 4:45,47,244
4/21/2021 4:50,47,245
4/21/2021 4:55,47,245
4/21/2021 5:00,47,246
4/21/2021 5:05,47,246
4/21/2021 5:10,47,246
4/21/2021 5:15,47,247
4/21/2021 5:20,47,247
4/21/2021 5:25,47,247
4/21/2021 5:30,47,247
4/21/2021 5:35,47,248
4/21/2021 5:40,47,248
4/21/2021 5:45,47,248
4/21/2021 5:50,47,249
4/21/2021 5:55,47,249
4/21/2021 6:00,47,249
4/21/2021 6:05,47,249
4/21/2021 6:10,47,249
4/21/2021 6:15,47,250
4/21/2021 6:20,47,250
4/21/2021 6:25,47,250
4/21/2021 6:30,47,250
4/21/2021 6:35,47,251
4/21/2021 6:40,47,251
4/21/2021 6:45,47,251
4/21/2021 6:50,47,251
4/21/2021 6:55,47,251
4/21/2021 7:00,47,251
4/21/2021 7:05,47,252
4/21/2021 7:10,47,253
4/21/2021 7:15,47,252
4/21/2021 7:20,47,252
4/21/2021 7:25,47,253
4/21/2021 7:30,47,252
4/21/2021 7:35,47,253
4/21/2021 7:40,47,253
4/21/2021 7:45,47,253
4/21/2021 7:50,47,253
4/21/2021 7:55,47,253
4/21/2021 8:00,47,253
4/21/2021 8:05,47,253
4/21/2021 8:10,47,253
4/21/2021 8:15,47,254
4/21/2021 8:20,47,254
4/21/2021 8:25,47,253
4/21/2021 8:30,47,254
4/21/2021 8:35,47,254
4/21/2021 8:40,47,254
4/21/2021 8:45,47,254
4/21/2021 8:50,47,254
4/21/2021 8:55,47,254
4/21/2021 9:00,47,254
4/21/2021 9:05,47,254
4/21/2021 9:10,47,254
4/21/2021 9:15,47,253
4/21/2021 9:20,47,253
4/21/2021 9:25,47,253
4/21/2021 9:30,47,253
4/21/2021 9:35,47,253
4/21/2021 9:40,47,253
4/21/2021 9:45,47,252
4/21/2021 9:50,47,252
4/21/2021 9:55,47,252
4/21/2021 10:00,47,252
4/21/2021 10:05,47,251
4/21/2021 10:10,47,251
4/21/2021 10:15,47,250
4/21/2021 10:20,47,250
4/21/2021 10:25,47,249
4/21/2021 10:30,47,248
4/21/2021 10:35,47,246
4/21/2021 10:40,47,246
4/21/2021 10:45,47,244
4/21/2021 10:50,47,243
4/21/2021 10:55,47,242
4/21/2021 11:00,47,241
4/21/2021 11:05,47,240
4/21/2021 11:10,47,239
4/21/2021 11:15,47,237
4/21/2021 11:20,47,236
4/21/2021 11:25,47,235
4/21/2021 11:30,47,234
4/21/2021 11:35,47,233
4/21/2021 11:40,47,232
4/21/2021 11:45,47,231
4/21/2021 11:50,47,230
4/21/2021 11:55,47,229
4/21/2021 12:00,47,228
4/21/2021 12:05,47,227
4/21/2021 12:10,47,226
4/21/2021 12:15,47,226
4/21/2021 12:20,47,225
4/21/2021 12:25,47,224
4/21/2021 12:30,47,224
4/21/2021 12:35,47,224
4/21/2021 12:40,47,222
4/21/2021 12:45,47,222
4/21/2021 12:50,47,222
4/21/2021 12:55,47,221
4/21/2021 13:00,47,220
4/21/2021 13:05,47,220
4/21/2021 13:10,47,220
4/21/2021 13:15,47,219
4/21/2021 13:20,47,219
4/21/2021 13:25,47,218
4/21/2021 13:30,47,218
4/21/2021 13:35,47,217
4/21/2021 13:40,47,217
4/21/2021 13:45,47,217
4/21/2021 13:50,47,216
4/21/2021 13:55,47,216
4/21/2021 14:00,47,215
4/21/2021 14:05,47,215
4/21/2021 14:10,47,215
4/21/2021 14:15,47,215
4/21/2021 14:20,47,215
4/21/2021 14:25,47,214
4/21/2021 14:30,47,214
4/21/2021 14:35,47,213
4/21/2021 14:40,47,213
4/21/2021 14:45,47,213
4/21/2021 14:50,47,212
4/21/2021 14:55,47,212
4/21/2021 15:00,47,212
4/21/2021 15:05,47,211
4/21/2021 15:10,47,211
4/21/2021 15:15,47,211
4/21/2021 15:20,47,211
4/21/2021 15:25,47,211
4/21/2021 15:30,47,210
4/21/2021 15:35,47,210
4/21/2021 15:40,47,210
4/21/2021 15:45,47,210
4/21/2021 15:50,47,210
4/21/2021 15:55,47,209
4/21/2021 16:00,47,210
4/21/2021 16:05,47,209
4/21/2021 16:10,47,209
4/21/2021 16:15,47,209
4/21/2021 16:20,47,208
4/21/2021 16:25,47,209
4/21/2021 16:30,47,209
4/21/2021 16:35,47,209
4/21/2021 16:40,47,209
4/21/2021 16:45,47,209
4/21/2021 16:50,47,209
4/21/2021 16:55,47,210
4/21/2021 17:00,47,210
4/21/2021 17:05,47,211
4/21/2021 17:10,47,212
4/21/2021 17:15,47,212
4/21/2021 17:20,47,213
4/21/2021 17:25,47,214
4/21/2021 17:30,47,215
4/21/2021 17:35,47,216
4/21/2021 17:40,47,217
4/21/2021 17:45,47,218
4/21/2021 17:50,47,219
4/21/2021 17:55,47,220
4/21/2021 18:00,47,221
4/21/2021 18:05,47,222
4/21/2021 18:10,47,223
4/21/2021 18:15,47,224
4/21/2021 18:20,47,224
4/21/2021 18:25,47,225
4/21/2021 18:30,47,226
4/21/2021 18:35,47,226
4/21/2021 18:40,47,227
4/21/2021 18:45,47,228
4/21/2021 18:50,47,228
4/21/2021 18:55,47,229
4/21/2021 19:00,47,229
4/21/2021 19:05,47,230
4/21/2021 19:10,47,230
4/21/2021 19:15,47,230
4/21/2021 19:20,47,231
4/21/2021 19:25,47,231
4/21/2021 19:30,47,231
4/21/2021 19:35,47,232
4/21/2021 19:40,47,232
4/21/2021 19:45,47,232
4/21/2021 19:50,47,232
4/21/2021 19:55,47,232
4/21/2021 20:00,47,233
4/21/2021 20:05,47,233
4/21/2021 20:10,47,233
4/21/2021 20:15,47,233
4/21/2021 20:20,47,234
4/21/2021 20:25,47,234
4/21/2021 20:30,47,234
4/21/2021 20:35,47,234
4/21/2021 20:40,47,235
4/21/2021 20:45,47,235
4/21/2021 20:50,47,235
4/21/2021 20:55,47,235
4/21/2021 21:00,47,235
4/21/2021 21:05,47,236
4/21/2021 21:10,47,236
4/21/2021 21:15,47,236
4/21/2021 21:20,47,236
4/21/2021 21:25,47,237
4/21/2021 21:30,47,237
4/21/2021 21:35,47,237
4/21/2021 21:40,47,238
4/21/2021 21:45,47,238
4/21/2021 21:50,47,238
4/21/2021 21:55,47,238
4/21/2021 22:00,47,238
4/21/2021 22:05,47,239
4/21/2021 22:10,47,239
4/21/2021 22:15,47,240
4/21/2021 22:20,47,240
4/21/2021 22:25,47,240
4/21/2021 22:30,47,240
4/21/2021 22:35,47,240
4/21/2021 22:40,47,241
4/21/2021 22:45,47,241
4/21/2021 22:50,47,242
4/21/2021 22:55,47,242
4/21/2021 23:00,47,243
4/21/2021 23:05,47,243
4/21/2021 23:10,47,243
4/21/2021 23:15,47,243
4/21/2021 23:20,47,244
4/21/2021 23:25,47,244
4/21/2021 23:30,47,244
4/21/2021 23:35,47,245
4/21/2021 23:40,47,245
4/21/2021 23:45,47,246
4/21/2021 23:50,47,246
4/21/2021 23:55,47,247
4/22/2021 0:00,47,247
4/22/2021 0:05,47,247
4/22/2021 0:10,47,248
4/22/2021 0:15,47,248
4/22/2021 0:20,47,249
4/22/2021 0:25,47,249
4/22/2021 0:30,47,249
4/22/2021 0:35,47,250
4/22/2021 0:40,47,250
4/22/2021 0:45,47,251
4/22/2021 0:50,47,251
4/22/2021 0:55,47,251
4/22/2021 1:00,47,252
4/22/2021 1:05,47,252
4/22/2021 1:10,47,253
4/22/2021 1:15,47,253
4/22/2021 1:20,47,253
4/22/2021 1:25,47,254
4/22/2021 1:30,47,254
4/22/2021 1:35,47,255
4/22/2021 1:40,47,255
4/22/2021 1:45,47,256
4/22/2021 1:50,47,256
4/22/2021 1:55,47,257
4/22/2021 2:00,47,257
4/22/2021 2:05,47,258
4/22/2021 2:10,47,258
4/22/2021 2:15,47,258
4/22/2021 2:20,47,259
4/22/2021 2:25,47,260
4/22/2021 2:30,47,260
4/22/2021 2:35,47,260
4/22/2021 2:40,47,261
4/22/2021 2:45,47,261
4/22/2021 2:50,47,262
4/22/2021 2:55,47,262
4/22/2021 3:00,47,263
4/22/2021 3:05,47,264
4/22/2021 3:10,47,264
4/22/2021 3:15,47,264
4/22/2021 3:20,47,264
4/22/2021 3:25,47,265
4/22/2021 3:30,47,265
4/22/2021 3:35,47,266
4/22/2021 3:40,47,266
4/22/2021 3:45,47,267
4/22/2021 3:50,47,267
4/22/2021 3:55,47,268
4/22/2021 4:00,47,267
4/22/2021 4:05,47,268
4/22/2021 4:10,47,268
4/22/2021 4:15,47,269
4/22/2021 4:20,47,269
4/22/2021 4:25,47,270
4/22/2021 4:30,47,270
4/22/2021 4:35,47,271
4/22/2021 4:40,47,271
4/22/2021 4:45,47,271
4/22/2021 4:50,47,271
4/22/2021 4:55,47,273
4/22/2021 5:00,47,272
4/22/2021 5:05,47,273
4/22/2021 5:10,47,274
4/22/2021 5:15,47,274
4/22/2021 5:20,47,275
4/22/2021 5:25,47,274
4/22/2021 5:30,47,275
4/22/2021 5:35,47,275
4/22/2021 5:40,47,276
4/22/2021 5:45,47,276
4/22/2021 5:50,47,276
4/22/2021 5:55,47,276
4/22/2021 6:00,47,277
4/22/2021 6:05,47,277
4/22/2021 6:10,47,277
4/22/2021 6:15,47,277
4/22/2021 6:20,47,277
4/22/2021 6:25,47,278
4/22/2021 6:30,47,278
4/22/2021 6:35,47,278
4/22/2021 6:40,47,278
4/22/2021 6:45,47,278
4/22/2021 6:50,47,279
4/22/2021 6:55,47,279
4/22/2021 7:00,47,279
4/22/2021 7:05,47,279
4/22/2021 7:10,47,279
4/22/2021 7:15,47,279
4/22/2021 7:20,47,279
4/22/2021 7:25,47,279
4/22/2021 7:30,47,279
4/22/2021 7:35,47,280
4/22/2021 7:40,47,280
4/22/2021 7:45,47,280
4/22/2021 7:50,47,280
4/22/2021 7:55,47,280
4/22/2021 8:00,47,280
4/22/2021 8:05,47,280
4/22/2021 8:10,47,280
4/22/2021 8:15,47,280
4/22/2021 8:20,47,281
4/22/2021 8:25,47,281
4/22/2021 8:30,47,281
4/22/2021 8:35,47,280
4/22/2021 8:40,47,281
4/22/2021 8:45,47,281
4/22/2021 8:50,47,281
4/22/2021 8:55,47,280
4/22/2021 9:00,47,281
4/22/2021 9:05,47,281
4/22/2021 9:10,47,280
4/22/2021 9:15,47,280
4/22/2021 9:20,47,279
4/22/2021 9:25,47,279
4/22/2021 9:30,47,279
4/22/2021 9:35,47,278
4/22/2021 9:40,47,278
4/22/2021 9:45,47,278
4/22/2021 9:50,47,277
4/22/2021 9:55,47,276
4/22/2021 10:00,47,275
4/22/2021 10:05,47,274
4/22/2021 10:10,47,272
4/22/2021 10:15,47,272
4/22/2021 10:20,47,270
4/22/2021 10:25,47,269
4/22/2021 10:30,47,268
4/22/2021 10:35,47,267
4/22/2021 10:40,47,265
4/22/2021 10:45,47,263
4/22/2021 10:50,47,262
4/22/2021 10:55,47,261
4/22/2021 11:00,47,260
4/22/2021 11:05,47,258
4/22/2021 11:10,47,257
4/22/2021 11:15,47,255
4/22/2021 11:20,47,254
4/22/2021 11:25,47,253
4/22/2021 11:30,47,252
4/22/2021 11:35,47,252
4/22/2021 11:40,47,250
4/22/2021 11:45,47,249
4/22/2021 11:50,47,248
4/22/2021 11:55,47,248
4/22/2021 12:00,47,246
4/22/2021 12:05,47,246
4/22/2021 12:10,47,245
4/22/2021 12:15,47,244
4/22/2021 12:20,47,243
4/22/2021 12:25,47,243
4/22/2021 12:30,47,242
4/22/2021 12:35,47,241
4/22/2021 12:40,47,240
4/22/2021 12:45,47,240
4/22/2021 12:50,47,239
4/22/2021 12:55,47,239
4/22/2021 13:00,47,238
4/22/2021 13:05,47,238
4/22/2021 13:10,47,238
4/22/2021 13:15,47,237
4/22/2021 13:20,47,237
4/22/2021 13:25,47,236
4/22/2021 13:30,47,236
4/22/2021 13:35,47,236
4/22/2021 13:40,47,236
4/22/2021 13:45,47,235
4/22/2021 13:50,47,234
4/22/2021 13:55,47,234
4/22/2021 14:00,47,234
4/22/2021 14:05,47,233
4/22/2021 14:10,47,233
4/22/2021 14:15,47,232
4/22/2021 14:20,47,232
4/22/2021 14:25,47,232
4/22/2021 14:30,47,231
4/22/2021 14:35,47,231
4/22/2021 14:40,47,231
4/22/2021 14:45,47,230
4/22/2021 14:50,47,230
4/22/2021 14:55,47,230
4/22/2021 15:00,47,229
4/22/2021 15:05,47,229
4/22/2021 15:10,47,229
4/22/2021 15:15,47,228
4/22/2021 15:20,47,228
4/22/2021 15:25,47,228
4/22/2021 15:30,47,228
4/22/2021 15:35,47,229
4/22/2021 15:40,47,228
4/22/2021 15:45,47,229
4/22/2021 15:50,47,229
4/22/2021 15:55,47,229
4/22/2021 16:00,47,229
4/22/2021 16:05,47,230
4/22/2021 16:10,47,230
4/22/2021 16:15,47,230
4/22/2021 16:20,47,231
4/22/2021 16:25,47,232
4/22/2021 16:30,47,232
4/22/2021 16:35,47,232
4/22/2021 16:40,47,232
4/22/2021 16:45,47,233
4/22/2021 16:50,47,233
4/22/2021 16:55,47,234
4/22/2021 17:00,47,234
4/22/2021 17:05,47,234
4/22/2021 17:10,47,234
4/22/2021 17:15,47,234
4/22/2021 17:20,47,234
4/22/2021 17:25,47,234
4/22/2021 17:30,47,234
4/22/2021 17:35,47,235
4/22/2021 17:40,47,234
4/22/2021 17:45,47,234
4/22/2021 17:50,47,234
4/22/2021 17:55,47,234
4/22/2021 18:00,47,234
4/22/2021 18:05,47,234
4/22/2021 18:10,47,234
4/22/2021 18:15,47,234
4/22/2021 18:20,47,234
4/22/2021 18:25,47,233
4/22/2021 18:30,47,233
4/22/2021 18:35,47,233
4/22/2021 18:40,47,232
4/22/2021 18:45,47,232
4/22/2021 18:50,47,232
4/22/2021 18:55,47,232
4/22/2021 19:00,47,231
4/22/2021 19:05,47,230
4/22/2021 19:10,47,230
4/22/2021 19:15,47,230
4/22/2021 19:20,47,229
4/22/2021 19:25,47,229
4/22/2021 19:30,47,228
4/22/2021 19:35,47,228
4/22/2021 19:40,47,227
4/22/2021 19:45,47,227
4/22/2021 19:50,47,226
4/22/2021 19:55,47,226
4/22/2021 20:00,47,226
4/22/2021 20:05,47,225
4/22/2021 20:10,47,225
4/22/2021 20:15,47,224
4/22/2021 20:20,47,224
4/22/2021 20:25,47,224
4/22/2021 20:30,47,223
4/22/2021 20:35,47,223
4/22/2021 20:40,47,222
4/22/2021 20:45,47,222
4/22/2021 20:50,47,221
4/22/2021 20:55,47,221
4/22/2021 21:00,47,221
4/22/2021 21:05,47,220
4/22/2021 21:10,47,220
4/22/2021 21:15,47,220
4/22/2021 21:20,47,220
4/22/2021 21:25,47,219
4/22/2021 21:30,47,219
4/22/2021 21:35,47,219
4/22/2021 21:40,47,218
4/22/2021 21:45,47,218
4/22/2021 21:50,47,218
4/22/2021 21:55,47,217
4/22/2021 22:00,47,217
4/22/2021 22:05,47,217
4/22/2021 22:10,47,217
4/22/2021 22:15,47,217
4/22/2021 22:20,47,216
4/22/2021 22:25,47,216
4/22/2021 22:30,47,216
4/22/2021 22:35,47,215
4/22/2021 22:40,47,215
4/22/2021 22:45,47,215
4/22/2021 22:50,47,215
4/22/2021 22:55,47,215
4/22/2021 23:00,47,214
4/22/2021 23:05,47,214
4/22/2021 23:10,47,214
4/22/2021 23:15,47,214
4/22/2021 23:20,47,214
4/22/2021 23:25,47,214
4/22/2021 23:30,47,213
4/22/2021 23:35,47,213
4/22/2021 23:40,47,213
4/22/2021 23:45,47,213
4/22/2021 23:50,47,213
4/22/2021 23:55,47,213
4/23/2021 0:00,47,213
4/23/2021 0:05,47,213
4/23/2021 0:10,47,213
4/23/2021 0:15,47,213
4/23/2021 0:20,47,213
4/23/2021 0:25,47,213
4/23/2021 0:30,47,213
4/23/2021 0:35,47,213
4/23/2021 0:40,47,212
4/23/2021 0:45,47,212
4/23/2021 0:50,47,212
4/23/2021 0:55,47,212
4/23/2021 1:00,47,212
4/23/2021 1:05,47,212
4/23/2021 1:10,47,212
4/23/2021 1:15,47,213
4/23/2021 1:20,47,212
4/23/2021 1:25,47,213
4/23/2021 1:30,47,213
4/23/2021 1:35,47,213
4/23/2021 1:40,47,213
4/23/2021 1:45,47,213
4/23/2021 1:50,47,213
4/23/2021 1:55,47,213
4/23/2021 2:00,47,214
4/23/2021 2:05,47,213
4/23/2021 2:10,47,213
4/23/2021 2:15,47,213
4/23/2021 2:20,47,213
4/23/2021 2:25,47,213
4/23/2021 2:30,47,214
4/23/2021 2:35,47,214
4/23/2021 2:40,47,214
4/23/2021 2:45,47,214
4/23/2021 2:50,47,214
4/23/2021 2:55,47,214
4/23/2021 3:00,47,214
4/23/2021 3:05,47,214
4/23/2021 3:10,47,214
4/23/2021 3:15,47,214
4/23/2021 3:20,47,214
4/23/2021 3:25,47,214
4/23/2021 3:30,47,215
4/23/2021 3:35,47,214
4/23/2021 3:40,47,215
4/23/2021 3:45,47,214
4/23/2021 3:50,47,215
4/23/2021 3:55,47,215
4/23/2021 4:00,47,215
4/23/2021 4:05,47,215
4/23/2021 4:10,47,215
4/23/2021 4:15,47,215
4/23/2021 4:20,47,215
4/23/2021 4:25,47,215
4/23/2021 4:30,47,215
4/23/2021 4:35,47,215
4/23/2021 4:40,47,215
4/23/2021 4:45,47,214
4/23/2021 4:50,47,215
4/23/2021 4:55,47,215
4/23/2021 5:00,47,215
4/23/2021 5:05,47,215
4/23/2021 5:10,47,215
4/23/2021 5:15,47,215
4/23/2021 5:20,47,215
4/23/2021 5:25,47,215
4/23/2021 5:30,47,215
4/23/2021 5:35,47,215
4/23/2021 5:40,47,215
4/23/2021 5:45,47,215
4/23/2021 5:50,47,214
4/23/2021 5:55,47,214
4/23/2021 6:00,47,215
4/23/2021 6:05,47,214
4/23/2021 6:10,47,214
4/23/2021 6:15,47,214
4/23/2021 6:20,47,215
4/23/2021 6:25,47,214
4/23/2021 6:30,47,214
4/23/2021 6:35,47,214
4/23/2021 6:40,47,214
4/23/2021 6:45,47,214
4/23/2021 6:50,47,214
4/23/2021 6:55,47,214
4/23/2021 7:00,47,214
4/23/2021 7:05,47,214
4/23/2021 7:10,47,214
4/23/2021 7:15,47,214
4/23/2021 7:20,47,214
4/23/2021 7:25,47,214
4/23/2021 7:30,47,213
4/23/2021 7:35,47,213
4/23/2021 7:40,47,213
4/23/2021 7:45,47,213
4/23/2021 7:50,47,213
4/23/2021 7:55,47,213
4/23/2021 8:00,47,213
4/23/2021 8:05,47,213
4/23/2021 8:10,47,213
4/23/2021 8:15,47,212
4/23/2021 8:20,47,212
4/23/2021 8:25,47,212
4/23/2021 8:30,47,212
4/23/2021 8:35,47,212
4/23/2021 8:40,47,212
4/23/2021 8:45,47,212
4/23/2021 8:50,47,212
4/23/2021 8:55,47,211
4/23/2021 9:00,47,211
4/23/2021 9:05,47,211
4/23/2021 9:10,47,211
4/23/2021 9:15,47,211
4/23/2021 9:20,47,211
4/23/2021 9:25,47,210
4/23/2021 9:30,47,210
4/23/2021 9:35,47,210
4/23/2021 9:40,47,210
4/23/2021 9:45,47,210
4/23/2021 9:50,47,209
4/23/2021 9:55,47,210
4/23/2021 10:00,47,209
4/23/2021 10:05,47,209
4/23/2021 10:10,47,209
4/23/2021 10:15,47,209
4/23/2021 10:20,47,208
4/23/2021 10:25,47,208
4/23/2021 10:30,47,208
4/23/2021 10:35,47,208
4/23/2021 10:40,47,208
4/23/2021 10:45,47,207
4/23/2021 10:50,47,207
4/23/2021 10:55,47,207
4/23/2021 11:00,47,207
4/23/2021 11:05,47,207
4/23/2021 11:10,47,206
4/23/2021 11:15,47,206
4/23/2021 11:20,47,206
4/23/2021 11:25,47,206
4/23/2021 11:30,47,206
4/23/2021 11:35,47,205
4/23/2021 11:40,47,205
4/23/2021 11:45,47,205
4/23/2021 11:50,47,205
4/23/2021 11:55,47,204
4/23/2021 12:00,47,204
4/23/2021 12:05,47,204
4/23/2021 12:10,47,204
4/23/2021 12:15,47,203
4/23/2021 12:20,47,203
4/23/2021 12:25,47,203
4/23/2021 12:30,47,202
4/23/2021 12:35,47,202
4/23/2021 12:40,47,202
4/23/2021 12:45,47,202
4/23/2021 12:50,47,201
4/23/2021 12:55,47,201
4/23/2021 13:00,47,201
4/23/2021 13:05,47,200
4/23/2021 13:10,47,200
4/23/2021 13:15,47,200
4/23/2021 13:20,47,200
4/23/2021 13:25,47,199
4/23/2021 13:30,47,199
4/23/2021 13:35,47,199
4/23/2021 13:40,47,198
4/23/2021 13:45,47,198
4/23/2021 13:50,47,198
4/23/2021 13:55,47,198
4/23/2021 14:00,47,197
4/23/2021 14:05,47,197
4/23/2021 14:10,47,197
4/23/2021 14:15,47,197
4/23/2021 14:20,47,196
4/23/2021 14:25,47,196
4/23/2021 14:30,47,196
4/23/2021 14:35,47,196
4/23/2021 14:40,47,195
4/23/2021 14:45,47,195
4/23/2021 14:50,47,195
4/23/2021 14:55,47,194
4/23/2021 15:00,47,194
4/23/2021 15:05,47,194
4/23/2021 15:10,47,194
4/23/2021 15:15,47,193
4/23/2021 15:20,47,193
4/23/2021 15:25,47,193
4/23/2021 15:30,47,192
4/23/2021 15:35,47,192
4/23/2021 15:40,47,192
4/23/2021 15:45,47,191
4/23/2021 15:50,47,191
4/23/2021 15:55,47,191
4/23/2021 16:00,47,191
4/23/2021 16:05,47,190
4/23/2021 16:10,47,190
4/23/2021 16:15,47,190
4/23/2021 16:20,47,189
4/23/2021 16:25,47,189
4/23/2021 16:30,47,189
4/23/2021 16:35,47,189
4/23/2021 16:40,47,189
4/23/2021 16:45,47,188
4/23/2021 16:50,47,188
4/23/2021 16:55,47,188
4/23/2021 17:00,47,188
4/23/2021 17:05,47,188
4/23/2021 17:10,47,187
4/23/2021 17:15,47,187
4/23/2021 17:20,47,187
4/23/2021 17:25,47,187
4/23/2021 17:30,47,186
4/23/2021 17:35,47,186
4/23/2021 17:40,47,186
4/23/2021 17:45,47,186
4/23/2021 17:50,47,185
4/23/2021 17:55,47,185
4/23/2021 18:00,47,185
4/23/2021 18:05,47,185
4/23/2021 18:10,47,184
4/23/2021 18:15,47,184
4/23/2021 18:20,47,184
4/23/2021 18:25,47,183
4/23/2021 18:30,47,183
4/23/2021 18:35,47,183
4/23/2021 18:40,47,183
4/23/2021 18:45,47,183
4/23/2021 18:50,47,183
4/23/2021 18:55,47,183
4/23/2021 19:00,47,182
4/23/2021 19:05,47,182
4/23/2021 19:10,47,182
4/23/2021 19:15,47,181
4/23/2021 19:20,47,181
4/23/2021 19:25,47,181
4/23/2021 19:30,47,181
4/23/2021 19:35,47,181
4/23/2021 19:40,47,180
4/23/2021 19:45,47,181
4/23/2021 19:50,47,180
4/23/2021 19:55,47,180
4/23/2021 20:00,47,180
4/23/2021 20:05,47,180
4/23/2021 20:10,47,179
4/23/2021 20:15,47,179
4/23/2021 20:20,47,179
4/23/2021 20:25,47,179
4/23/2021 20:30,47,179
4/23/2021 20:35,47,178
4/23/2021 20:40,47,178
4/23/2021 20:45,47,178
4/23/2021 20:50,47,178
4/23/2021 20:55,47,178
4/23/2021 21:00,47,177
4/23/2021 21:05,47,177
4/23/2021 21:10,47,177
4/23/2021 21:15,47,177
4/23/2021 21:20,47,177
4/23/2021 21:25,47,176
4/23/2021 21:30,47,177
4/23/2021 21:35,47,176
4/23/2021 21:40,47,176
4/23/2021 21:45,47,176
4/23/2021 21:50,47,176
4/23/2021 21:55,47,176
4/23/2021 22:00,47,176
4/23/2021 22:05,47,175
4/23/2021 22:10,47,175
4/23/2021 22:15,47,175
4/23/2021 22:20,47,175
4/23/2021 22:25,47,175
4/23/2021 22:30,47,175
4/23/2021 22:35,47,175
4/23/2021 22:40,47,175
4/23/2021 22:45,47,174
4/23/2021 22:50,47,174
4/23/2021 22:55,47,174
4/23/2021 23:00,47,174
4/23/2021 23:05,47,174
4/23/2021 23:10,47,174
4/23/2021 23:15,47,174
4/23/2021 23:20,47,174
4/23/2021 23:25,47,173
4/23/2021 23:30,47,173
4/23/2021 23:35,47,173
4/23/2021 23:40,47,173
4/23/2021 23:45,47,173
4/23/2021 23:50,47,173
4/23/2021 23:55,47,173
4/24/2021 0:00,47,173
4/24/2021 0:05,47,173
4/24/2021 0:10,47,173
4/24/2021 0:15,47,172
4/24/2021 0:20,47,172
4/24/2021 0:25,47,172
4/24/2021 0:30,47,172
4/24/2021 0:35,47,172
4/24/2021 0:40,47,172
4/24/2021 0:45,47,172
4/24/2021 0:50,47,172
4/24/2021 0:55,47,172
4/24/2021 1:00,47,171
4/24/2021 1:05,47,172
4/24/2021 1:10,47,171
4/24/2021 1:15,47,171
4/24/2021 1:20,47,171
4/24/2021 1:25,47,171
4/24/2021 1:30,47,171
4/24/2021 1:35,47,171
4/24/2021 1:40,47,171
4/24/2021 1:45,47,171
4/24/2021 1:50,47,171
4/24/2021 1:55,47,171
4/24/2021 2:00,47,171
4/24/2021 2:05,47,171
4/24/2021 2:10,47,171
4/24/2021 2:15,47,171
4/24/2021 2:20,47,171
4/24/2021 2:25,47,171
4/24/2021 2:30,47,171
4/24/2021 2:35,47,170
4/24/2021 2:40,47,170
4/24/2021 2:45,47,170
4/24/2021 2:50,47,170
4/24/2021 2:55,47,170
4/24/2021 3:00,47,170
4/24/2021 3:05,47,170
4/24/2021 3:10,47,170
4/24/2021 3:15,47,170
4/24/2021 3:20,47,170
4/24/2021 3:25,47,170
4/24/2021 3:30,47,170
4/24/2021 3:35,47,170
4/24/2021 3:40,47,170
4/24/2021 3:45,47,170
4/24/2021 3:50,47,170
4/24/2021 3:55,47,170
4/24/2021 4:00,47,170
4/24/2021 4:05,47,170
4/24/2021 4:10,47,169
4/24/2021 4:15,47,169
4/24/2021 4:20,47,169
4/24/2021 4:25,47,170
4/24/2021 4:30,47,169
4/24/2021 4:35,47,169
4/24/2021 4:40,47,170
4/24/2021 4:45,47,169
4/24/2021 4:50,47,169
4/24/2021 4:55,47,169
4/24/2021 5:00,47,169
4/24/2021 5:05,47,169
4/24/2021 5:10,47,169
4/24/2021 5:15,47,169
4/24/2021 5:20,47,169
4/24/2021 5:25,47,169
4/24/2021 5:30,47,169
4/24/2021 5:35,47,169
4/24/2021 5:40,47,169
4/24/2021 5:45,47,169
4/24/2021 5:50,47,170
4/24/2021 5:55,47,169
4/24/2021 6:00,47,169
4/24/2021 6:05,47,169
4/24/2021 6:10,47,169
4/24/2021 6:15,47,169
4/24/2021 6:20,47,169
4/24/2021 6:25,47,169
4/24/2021 6:30,47,169
4/24/2021 6:35,47,169
4/24/2021 6:40,47,169
4/24/2021 6:45,47,169
4/24/2021 6:50,47,169
4/24/2021 6:55,47,169
4/24/2021 7:00,47,169
4/24/2021 7:05,47,169
4/24/2021 7:10,47,169
4/24/2021 7:15,47,169
4/24/2021 7:20,47,169
4/24/2021 7:25,47,169
4/24/2021 7:30,47,169
4/24/2021 7:35,47,169
4/24/2021 7:40,47,169
4/24/2021 7:45,47,169
4/24/2021 7:50,47,169
4/24/2021 7:55,47,169
4/24/2021 8:00,47,169
4/24/2021 8:05,47,169
4/24/2021 8:10,47,169
4/24/2021 8:15,47,169
4/24/2021 8:20,47,169
4/24/2021 8:25,47,169
4/24/2021 8:30,47,169
4/24/2021 8:35,47,169
4/24/2021 8:40,47,170
4/24/2021 8:45,47,169
4/24/2021 8:50,47,169
4/24/2021 8:55,47,169
4/24/2021 9:00,47,170
4/24/2021 9:05,47,169
4/24/2021 9:10,47,169
4/24/2021 9:15,47,169
4/24/2021 9:20,47,169
4/24/2021 9:25,47,169
4/24/2021 9:30,47,169
4/24/2021 9:35,47,169
4/24/2021 9:40,47,169
4/24/2021 9:45,47,169
4/24/2021 9:50,47,169
4/24/2021 9:55,47,170
4/24/2021 10:00,47,170
4/24/2021 10:05,47,170
4/24/2021 10:10,47,170
4/24/2021 10:15,47,169
4/24/2021 10:20,47,170
4/24/2021 10:25,47,170
4/24/2021 10:30,47,170
4/24/2021 10:35,47,170
4/24/2021 10:40,47,170
4/24/2021 10:45,47,169
4/24/2021 10:50,47,170
4/24/2021 10:55,47,170
4/24/2021 11:00,47,170
4/24/2021 11:05,47,169
4/24/2021 11:10,47,170
4/24/2021 11:15,47,169
4/24/2021 11:20,47,170
4/24/2021 11:25,47,169
4/24/2021 11:30,47,169
4/24/2021 11:35,47,169
4/24/2021 11:40,47,169
4/24/2021 11:45,47,169
4/24/2021 11:50,47,169
4/24/2021 11:55,47,169
4/24/2021 12:00,47,169
4/24/2021 12:05,47,169
4/24/2021 12:10,47,169
4/24/2021 12:15,47,169
4/24/2021 12:20,47,169
4/24/2021 12:25,47,169
4/24/2021 12:30,47,169
4/24/2021 12:35,47,169
4/24/2021 12:40,47,169
4/24/2021 12:45,47,169
4/24/2021 12:50,47,169
4/24/2021 12:55,47,169
4/24/2021 13:00,47,169
4/24/2021 13:05,47,168
4/24/2021 13:10,47,168
4/24/2021 13:15,47,168
4/24/2021 13:20,47,168
4/24/2021 13:25,47,168
4/24/2021 13:30,47,168
4/24/2021 13:35,47,168
4/24/2021 13:40,47,168
4/24/2021 13:45,47,168
4/24/2021 13:50,47,168
4/24/2021 13:55,47,168
4/24/2021 14:00,47,168
4/24/2021 14:05,47,168
4/24/2021 14:10,47,168
4/24/2021 14:15,47,168
4/24/2021 14:20,47,168
4/24/2021 14:25,47,168
4/24/2021 14:30,47,168
4/24/2021 14:35,47,168
4/24/2021 14:40,47,168
4/24/2021 14:45,47,168
4/24/2021 14:50,47,168
4/24/2021 14:55,47,168
4/24/2021 15:00,47,168
4/24/2021 15:05,47,168
4/24/2021 15:10,47,168
4/24/2021 15:15,47,168
4/24/2021 15:20,47,168
4/24/2021 15:25,47,167
4/24/2021 15:30,47,167
4/24/2021 15:35,47,167
4/24/2021 15:40,47,167
4/24/2021 15:45,47,167
4/24/2021 15:50,47,167
4/24/2021 15:55,47,167
4/24/2021 16:00,47,167
4/24/2021 16:05,47,167
4/24/2021 16:10,47,167
4/24/2021 16:15,47,167
4/24/2021 16:20,47,167
4/24/2021 16:25,47,167
4/24/2021 16:30,47,167
4/24/2021 16:35,47,167
4/24/2021 16:40,47,167
4/24/2021 16:45,47,167
4/24/2021 16:50,47,167
4/24/2021 16:55,47,167
4/24/2021 17:00,47,167
4/24/2021 17:05,47,167
4/24/2021 17:10,47,167
4/24/2021 17:15,47,167
4/24/2021 17:20,47,167
4/24/2021 17:25,47,167
4/24/2021 17:30,47,167
4/24/2021 17:35,47,166
4/24/2021 17:40,47,167
4/24/2021 17:45,47,167
4/24/2021 17:50,47,167
4/24/2021 17:55,47,167
4/24/2021 18:00,47,167
4/24/2021 18:05,47,167
4/24/2021 18:10,47,167
4/24/2021 18:15,47,167
4/24/2021 18:20,47,167
4/24/2021 18:25,47,167
4/24/2021 18:30,47,167
4/24/2021 18:35,47,167
4/24/2021 18:40,47,167
4/24/2021 18:45,47,167
4/24/2021 18:50,47,167
4/24/2021 18:55,47,167
4/24/2021 19:00,47,167
4/24/2021 19:05,47,167
4/24/2021 19:10,47,167
4/24/2021 19:15,47,167
4/24/2021 19:20,47,167
4/24/2021 19:25,47,167
4/24/2021 19:30,47,167
4/24/2021 19:35,47,167
4/24/2021 19:40,47,167
4/24/2021 19:45,47,167
4/24/2021 19:50,47,167
4/24/2021 19:55,47,167
4/24/2021 20:00,47,167
4/24/2021 20:05,47,167
4/24/2021 20:10,47,167
4/24/2021 20:15,47,167
4/24/2021 20:20,47,167
4/24/2021 20:25,47,167
4/24/2021 20:30,47,167
4/24/2021 20:35,47,167
4/24/2021 20:40,47,167
4/24/2021 20:45,47,168
4/24/2021 20:50,47,167
4/24/2021 20:55,47,167
4/24/2021 21:00,47,167
4/24/2021 21:05,47,168
4/24/2021 21:10,47,168
4/24/2021 21:15,47,167
4/24/2021 21:20,47,168
4/24/2021 21:25,47,168
4/24/2021 21:30,47,168
4/24/2021 21:35,47,168
4/24/2021 21:40,47,168
4/24/2021 21:45,47,168
4/24/2021 21:50,47,168
4/24/2021 21:55,47,168
4/24/2021 22:00,47,168
4/24/2021 22:05,47,168
4/24/2021 22:10,47,168
4/24/2021 22:15,47,168
4/24/2021 22:20,47,168
4/24/2021 22:25,47,168
4/24/2021 22:30,47,169
4/24/2021 22:35,47,169
4/24/2021 22:40,47,169
4/24/2021 22:45,47,169
4/24/2021 22:50,47,169
4/24/2021 22:55,47,169
4/24/2021 23:00,47,169
4/24/2021 23:05,47,169
4/24/2021 23:10,47,169
4/24/2021 23:15,47,169
4/24/2021 23:20,47,170
4/24/2021 23:25,47,170
4/24/2021 23:30,47,170
4/24/2021 23:35,47,170
4/24/2021 23:40,47,170
4/24/2021 23:45,47,170
4/24/2021 23:50,47,170
4/24/2021 23:55,47,170
4/25/2021 0:00,47,170
4/25/2021 0:05,47,170
4/25/2021 0:10,47,171
4/25/2021 0:15,47,171
4/25/2021 0:20,47,171
4/25/2021 0:25,47,171
4/25/2021 0:30,47,171
4/25/2021 0:35,47,171
4/25/2021 0:40,47,171
4/25/2021 0:45,47,171
4/25/2021 0:50,47,172
4/25/2021 0:55,47,172
4/25/2021 1:00,47,172
4/25/2021 1:05,47,172
4/25/2021 1:10,47,172
4/25/2021 1:15,47,172
4/25/2021 1:20,47,173
4/25/2021 1:25,47,172
4/25/2021 1:30,47,173
4/25/2021 1:35,47,173
4/25/2021 1:40,47,173
4/25/2021 1:45,47,173
4/25/2021 1:50,47,174
4/25/2021 1:55,47,174
4/25/2021 2:00,47,174
4/25/2021 2:05,47,174
4/25/2021 2:10,47,174
4/25/2021 2:15,47,174
4/25/2021 2:20,47,175
4/25/2021 2:25,47,175
4/25/2021 2:30,47,175
4/25/2021 2:35,47,175
4/25/2021 2:40,47,175
4/25/2021 2:45,47,175
4/25/2021 2:50,47,175
4/25/2021 2:55,47,176
4/25/2021 3:00,47,176
4/25/2021 3:05,47,176
4/25/2021 3:10,47,176
4/25/2021 3:15,47,176
4/25/2021 3:20,47,177
4/25/2021 3:25,47,177
4/25/2021 3:30,47,177
4/25/2021 3:35,47,177
4/25/2021 3:40,47,177
4/25/2021 3:45,47,177
4/25/2021 3:50,47,178
4/25/2021 3:55,47,178
4/25/2021 4:00,47,178
4/25/2021 4:05,47,178
4/25/2021 4:10,47,178
4/25/2021 4:15,47,178
4/25/2021 4:20,47,178
4/25/2021 4:25,47,178
4/25/2021 4:30,47,179
4/25/2021 4:35,47,179
4/25/2021 4:40,47,179
4/25/2021 4:45,47,179
4/25/2021 4:50,47,180
4/25/2021 4:55,47,180
4/25/2021 5:00,47,180
4/25/2021 5:05,47,180
4/25/2021 5:10,47,180
4/25/2021 5:15,47,180
4/25/2021 5:20,47,180
4/25/2021 5:25,47,181
4/25/2021 5:30,47,181
4/25/2021 5:35,47,181
4/25/2021 5:40,47,181
4/25/2021 5:45,47,181
4/25/2021 5:50,47,182
4/25/2021 5:55,47,182
4/25/2021 6:00,47,182
4/25/2021 6:05,47,182
4/25/2021 6:10,47,182
4/25/2021 6:15,47,182
4/25/2021 6:20,47,183
4/25/2021 6:25,47,183
4/25/2021 6:30,47,183
4/25/2021 6:35,47,183
4/25/2021 6:40,47,183
4/25/2021 6:45,47,183
4/25/2021 6:50,47,184
4/25/2021 6:55,47,183
4/25/2021 7:00,47,184
4/25/2021 7:05,47,184
4/25/2021 7:10,47,184
4/25/2021 7:15,47,184
4/25/2021 7:20,47,184
4/25/2021 7:25,47,184
4/25/2021 7:30,47,184
4/25/2021 7:35,47,185
4/25/2021 7:40,47,185
4/25/2021 7:45,47,185
4/25/2021 7:50,47,185
4/25/2021 7:55,47,185
4/25/2021 8:00,47,185
4/25/2021 8:05,47,185
4/25/2021 8:10,47,185
4/25/2021 8:15,47,185
4/25/2021 8:20,47,185
4/25/2021 8:25,47,185
4/25/2021 8:30,47,185
4/25/2021 8:35,47,185
4/25/2021 8:40,47,186
4/25/2021 8:45,47,186
4/25/2021 8:50,47,186
4/25/2021 8:55,47,186
4/25/2021 9:00,47,186
4/25/2021 9:05,47,186
4/25/2021 9:10,47,186
4/25/2021 9:15,47,186
4/25/2021 9:20,47,186
4/25/2021 9:25,47,186
4/25/2021 9:30,47,186
4/25/2021 9:35,47,186
4/25/2021 9:40,47,186
4/25/2021 9:45,47,186
4/25/2021 9:50,47,186
4/25/2021 9:55,47,186
4/25/2021 10:00,47,186
4/25/2021 10:05,47,186
4/25/2021 10:10,47,186
4/25/2021 10:15,47,186
4/25/2021 10:20,47,186
4/25/2021 10:25,47,186
4/25/2021 10:30,47,186
4/25/2021 10:35,47,186
4/25/2021 10:40,47,186
4/25/2021 10:45,47,186
4/25/2021 10:50,47,186
4/25/2021 10:55,47,186
4/25/2021 11:00,47,186
4/25/2021 11:05,47,186
4/25/2021 11:10,47,186
4/25/2021 11:15,47,186
4/25/2021 11:20,47,186
4/25/2021 11:25,47,186
4/25/2021 11:30,47,186
4/25/2021 11:35,47,186
4/25/2021 11:40,47,186
4/25/2021 11:45,47,186
4/25/2021 11:50,47,186
4/25/2021 11:55,47,186
4/25/2021 12:00,47,186
4/25/2021 12:05,47,186
4/25/2021 12:10,47,186
4/25/2021 12:15,47,186
4/25/2021 12:20,47,186
4/25/2021 12:25,47,186
4/25/2021 12:30,47,186
4/25/2021 12:35,47,185
4/25/2021 12:40,47,185
4/25/2021 12:45,47,185
4/25/2021 12:50,47,185
4/25/2021 12:55,47,185
4/25/2021 13:00,47,185
4/25/2021 13:05,47,185
4/25/2021 13:10,47,185
4/25/2021 13:15,47,185
4/25/2021 13:20,47,184
4/25/2021 13:25,47,185
4/25/2021 13:30,47,185
4/25/2021 13:35,47,184
4/25/2021 13:40,47,184
4/25/2021 13:45,47,184
4/25/2021 13:50,47,184
4/25/2021 13:55,47,184
4/25/2021 14:00,47,184
4/25/2021 14:05,47,184
4/25/2021 14:10,47,184
4/25/2021 14:15,47,184
4/25/2021 14:20,47,183
4/25/2021 14:25,47,183
4/25/2021 14:30,47,183
4/25/2021 14:35,47,183
4/25/2021 14:40,47,183
4/25/2021 14:45,47,183
4/25/2021 14:50,47,183
4/25/2021 14:55,47,183
4/25/2021 15:00,47,182
4/25/2021 15:05,47,183
4/25/2021 15:10,47,182
4/25/2021 15:15,47,182
4/25/2021 15:20,47,182
4/25/2021 15:25,47,182
4/25/2021 15:30,47,182
4/25/2021 15:35,47,182
4/25/2021 15:40,47,182
4/25/2021 15:45,47,181
4/25/2021 15:50,47,181
4/25/2021 15:55,47,181
4/25/2021 16:00,47,181
4/25/2021 16:05,47,181
4/25/2021 16:10,47,181
4/25/2021 16:15,47,180
4/25/2021 16:20,47,181
4/25/2021 16:25,47,180
4/25/2021 16:30,47,180
4/25/2021 16:35,47,180
4/25/2021 16:40,47,180
4/25/2021 16:45,47,180
4/25/2021 16:50,47,180
4/25/2021 16:55,47,179
4/25/2021 17:00,47,179
4/25/2021 17:05,47,179
4/25/2021 17:10,47,179
4/25/2021 17:15,47,179
4/25/2021 17:20,47,179
4/25/2021 17:25,47,179
4/25/2021 17:30,47,178
4/25/2021 17:35,47,178
4/25/2021 17:40,47,178
4/25/2021 17:45,47,178
4/25/2021 17:50,47,178
4/25/2021 17:55,47,178
4/25/2021 18:00,47,178
4/25/2021 18:05,47,178
4/25/2021 18:10,47,178
4/25/2021 18:15,47,178
4/25/2021 18:20,47,177
4/25/2021 18:25,47,177
4/25/2021 18:30,47,177
4/25/2021 18:35,47,177
4/25/2021 18:40,47,177
4/25/2021 18:45,47,177
4/25/2021 18:50,47,177
4/25/2021 18:55,47,176
4/25/2021 19:00,47,177
4/25/2021 19:05,47,176
4/25/2021 19:10,47,176
4/25/2021 19:15,47,176
4/25/2021 19:20,47,176
4/25/2021 19:25,47,176
4/25/2021 19:30,47,176
4/25/2021 19:35,47,176
4/25/2021 19:40,47,175
4/25/2021 19:45,47,176
4/25/2021 19:50,47,176
4/25/2021 19:55,47,175
4/25/2021 20:00,47,175
4/25/2021 20:05,47,175
4/25/2021 20:10,47,175
4/25/2021 20:15,47,175
4/25/2021 20:20,47,175
4/25/2021 20:25,47,175
4/25/2021 20:30,47,175
4/25/2021 20:35,47,175
4/25/2021 20:40,47,175
4/25/2021 20:45,47,175
4/25/2021 20:50,47,175
4/25/2021 20:55,47,175
4/25/2021 21:00,47,174
4/25/2021 21:05,47,174
4/25/2021 21:10,47,174
4/25/2021 21:15,47,174
4/25/2021 21:20,47,174
4/25/2021 21:25,47,174
4/25/2021 21:30,47,174
4/25/2021 21:35,47,174
4/25/2021 21:40,47,173
4/25/2021 21:45,47,173
4/25/2021 21:50,47,173
4/25/2021 21:55,47,173
4/25/2021 22:00,47,173
4/25/2021 22:05,47,173
4/25/2021 22:10,47,173
4/25/2021 22:15,47,173
4/25/2021 22:20,47,173
4/25/2021 22:25,47,173
4/25/2021 22:30,47,173
4/25/2021 22:35,47,173
4/25/2021 22:40,47,173
4/25/2021 22:45,47,173
4/25/2021 22:50,47,172
4/25/2021 22:55,47,172
4/25/2021 23:00,47,172
4/25/2021 23:05,47,172
4/25/2021 23:10,47,172
4/25/2021 23:15,47,172
4/25/2021 23:20,47,172
4/25/2021 23:25,47,172
4/25/2021 23:30,47,172
4/25/2021 23:35,47,172
4/25/2021 23:40,47,172
4/25/2021 23:45,47,172
4/25/2021 23:50,47,172
4/25/2021 23:55,47,172
4/26/2021 0:00,47,172
4/26/2021 0:05,47,172
4/26/2021 0:10,47,172
4/26/2021 0:15,47,172
4/26/2021 0:20,47,172
4/26/2021 0:25,47,172
4/26/2021 0:30,47,172
4/26/2021 0:35,47,172
4/26/2021 0:40,47,172
4/26/2021 0:45,47,172
4/26/2021 0:50,47,172
4/26/2021 0:55,47,172
4/26/2021 1:00,47,172
4/26/2021 1:05,47,172
4/26/2021 1:10,47,172
4/26/2021 1:15,47,172
4/26/2021 1:20,47,172
4/26/2021 1:25,47,172
4/26/2021 1:30,47,172
4/26/2021 1:35,47,172
4/26/2021 1:40,47,171
4/26/2021 1:45,47,172
4/26/2021 1:50,47,171
4/26/2021 1:55,47,172
4/26/2021 2:00,47,171
4/26/2021 2:05,47,171
4/26/2021 2:10,47,171
4/26/2021 2:15,47,171
4/26/2021 2:20,47,171
4/26/2021 2:25,47,171
4/26/2021 2:30,47,171
4/26/2021 2:35,47,171
4/26/2021 2:40,47,171
4/26/2021 2:45,47,171
4/26/2021 2:50,47,171
4/26/2021 2:55,47,171
4/26/2021 3:00,47,171
4/26/2021 3:05,47,171
4/26/2021 3:10,47,171
4/26/2021 3:15,47,171
4/26/2021 3:20,47,171
4/26/2021 3:25,47,171
4/26/2021 3:30,47,171
4/26/2021 3:35,47,171
4/26/2021 3:40,47,171
4/26/2021 3:45,47,171
4/26/2021 3:50,47,171
4/26/2021 3:55,47,171
4/26/2021 4:00,47,171
4/26/2021 4:05,47,171
4/26/2021 4:10,47,171
4/26/2021 4:15,47,171
4/26/2021 4:20,47,171
4/26/2021 4:25,47,171
4/26/2021 4:30,47,171
4/26/2021 4:35,47,171
4/26/2021 4:40,47,171
4/26/2021 4:45,47,171
4/26/2021 4:50,47,170
4/26/2021 4:55,47,170
4/26/2021 5:00,47,170
4/26/2021 5:05,47,170
4/26/2021 5:10,47,170
4/26/2021 5:15,47,170
4/26/2021 5:20,47,170
4/26/2021 5:25,47,170
4/26/2021 5:30,47,170
4/26/2021 5:35,47,170
4/26/2021 5:40,47,170
4/26/2021 5:45,47,170
4/26/2021 5:50,47,170
4/26/2021 5:55,47,170
4/26/2021 6:00,47,170
4/26/2021 6:05,47,170
4/26/2021 6:10,47,170
4/26/2021 6:15,47,170
4/26/2021 6:20,47,170
4/26/2021 6:25,47,170
4/26/2021 6:30,47,170
4/26/2021 6:35,47,170
4/26/2021 6:40,47,170
4/26/2021 6:45,47,170
4/26/2021 6:50,47,170
4/26/2021 6:55,47,170
4/26/2021 7:00,47,170
4/26/2021 7:05,47,170
4/26/2021 7:10,47,170
4/26/2021 7:15,47,170
4/26/2021 7:20,47,170
4/26/2021 7:25,47,170
4/26/2021 7:30,47,169
4/26/2021 7:35,47,169
4/26/2021 7:40,47,169
4/26/2021 7:45,47,169
4/26/2021 7:50,47,169
4/26/2021 7:55,47,169
4/26/2021 8:00,47,169
4/26/2021 8:05,47,169
4/26/2021 8:10,47,169
4/26/2021 8:15,47,169
4/26/2021 8:20,47,169
4/26/2021 8:25,47,169
4/26/2021 8:30,47,169
4/26/2021 8:35,47,169
4/26/2021 8:40,47,168
4/26/2021 8:45,47,168
4/26/2021 8:50,47,168
4/26/2021 8:55,47,168
4/26/2021 9:00,47,168
4/26/2021 9:05,47,168
4/26/2021 9:10,47,168
4/26/2021 9:15,47,168
4/26/2021 9:20,47,168
4/26/2021 9:25,47,168
4/26/2021 9:30,47,168
4/26/2021 9:35,47,167
4/26/2021 9:40,47,168
4/26/2021 9:45,47,167
4/26/2021 9:50,47,167
4/26/2021 9:55,47,167
4/26/2021 10:00,47,167
4/26/2021 10:05,47,167
4/26/2021 10:10,47,167
4/26/2021 10:15,47,167
4/26/2021 10:20,47,167
4/26/2021 10:25,47,167
4/26/2021 10:30,47,167
4/26/2021 10:35,47,167
4/26/2021 10:40,47,167
4/26/2021 10:45,47,167
4/26/2021 10:50,47,167
4/26/2021 10:55,47,167
4/26/2021 11:00,47,166
4/26/2021 11:05,47,166
4/26/2021 11:10,47,166
4/26/2021 11:15,47,166
4/26/2021 11:20,47,166
4/26/2021 11:25,47,165
4/26/2021 11:30,47,165
4/26/2021 11:35,47,165
4/26/2021 11:40,47,165
4/26/2021 11:45,47,165
4/26/2021 11:50,47,165
4/26/2021 11:55,47,165
4/26/2021 12:00,47,165
4/26/2021 12:05,47,165
4/26/2021 12:10,47,164
4/26/2021 12:15,47,164
4/26/2021 12:20,47,164
4/26/2021 12:25,47,164
4/26/2021 12:30,47,164
4/26/2021 12:35,47,164
4/26/2021 12:40,47,164
4/26/2021 12:45,47,163
4/26/2021 12:50,47,163
4/26/2021 12:55,47,163
4/26/2021 13:00,47,163
4/26/2021 13:05,47,163
4/26/2021 13:10,47,162
4/26/2021 13:15,47,162
4/26/2021 13:20,47,162
4/26/2021 13:25,47,162
4/26/2021 13:30,47,162
4/26/2021 13:35,47,162
4/26/2021 13:40,47,162
4/26/2021 13:45,47,162
4/26/2021 13:50,47,161
4/26/2021 13:55,47,161
4/26/2021 14:00,47,161
4/26/2021 14:05,47,161
4/26/2021 14:10,47,161
4/26/2021 14:15,47,161
4/26/2021 14:20,47,161
4/26/2021 14:25,47,161
4/26/2021 14:30,47,160
4/26/2021 14:35,47,160
4/26/2021 14:40,47,160
4/26/2021 14:45,47,160
4/26/2021 14:50,47,160
4/26/2021 14:55,47,160
4/26/2021 15:00,47,159
4/26/2021 15:05,47,159
4/26/2021 15:10,47,159
4/26/2021 15:15,47,159
4/26/2021 15:20,47,159
4/26/2021 15:25,47,159
4/26/2021 15:30,47,158
4/26/2021 15:35,47,158
4/26/2021 15:40,47,158
4/26/2021 15:45,47,158
4/26/2021 15:50,47,158
4/26/2021 15:55,47,158
4/26/2021 16:00,47,157
4/26/2021 16:05,47,157
4/26/2021 16:10,47,157
4/26/2021 16:15,47,157
4/26/2021 16:20,47,157
4/26/2021 16:25,47,157
4/26/2021 16:30,47,157
4/26/2021 16:35,47,156
4/26/2021 16:40,47,156
4/26/2021 16:45,47,156
4/26/2021 16:50,47,156
4/26/2021 16:55,47,156
4/26/2021 17:00,47,156
4/26/2021 17:05,47,156
4/26/2021 17:10,47,156
4/26/2021 17:15,47,155
4/26/2021 17:20,47,155
4/26/2021 17:25,47,155
4/26/2021 17:30,47,155
4/26/2021 17:35,47,155
4/26/2021 17:40,47,155
4/26/2021 17:45,47,155
4/26/2021 17:50,47,154
4/26/2021 17:55,47,154
4/26/2021 18:00,47,154
4/26/2021 18:05,47,154
4/26/2021 18:10,47,154
4/26/2021 18:15,47,154
4/26/2021 18:20,47,154
4/26/2021 18:25,47,154
4/26/2021 18:30,47,153
4/26/2021 18:35,47,153
4/26/2021 18:40,47,153
4/26/2021 18:45,47,153
4/26/2021 18:50,47,153
4/26/2021 18:55,47,153
4/26/2021 19:00,47,153
4/26/2021 19:05,47,153
4/26/2021 19:10,47,153
4/26/2021 19:15,47,153
4/26/2021 19:20,47,153
4/26/2021 19:25,47,152
4/26/2021 19:30,47,152
4/26/2021 19:35,47,152
4/26/2021 19:40,47,152
4/26/2021 19:45,47,152
4/26/2021 19:50,47,152
4/26/2021 19:55,47,152
4/26/2021 20:00,47,152
4/26/2021 20:05,47,152
4/26/2021 20:10,47,152
4/26/2021 20:15,47,152
4/26/2021 20:20,47,152
4/26/2021 20:25,47,152
4/26/2021 20:30,47,152
4/26/2021 20:35,47,151
4/26/2021 20:40,47,152
4/26/2021 20:45,47,151
4/26/2021 20:50,47,151
4/26/2021 20:55,47,152
4/26/2021 21:00,47,151
4/26/2021 21:05,47,151
4/26/2021 21:10,47,151
4/26/2021 21:15,47,151
4/26/2021 21:20,47,151
4/26/2021 21:25,47,151
4/26/2021 21:30,47,151
4/26/2021 21:35,47,151
4/26/2021 21:40,47,151
4/26/2021 21:45,47,151
4/26/2021 21:50,47,151
4/26/2021 21:55,47,151
4/26/2021 22:00,47,151
4/26/2021 22:05,47,151
4/26/2021 22:10,47,151
4/26/2021 22:15,47,151
4/26/2021 22:20,47,151
4/26/2021 22:25,47,151
4/26/2021 22:30,47,151
4/26/2021 22:35,47,151
4/26/2021 22:40,47,151
4/26/2021 22:45,47,151
4/26/2021 22:50,47,151
4/26/2021 22:55,47,151
4/26/2021 23:00,47,151
4/26/2021 23:05,47,151
4/26/2021 23:10,47,151
4/26/2021 23:15,47,151
4/26/2021 23:20,47,151
4/26/2021 23:25,47,151
4/26/2021 23:30,47,151
4/26/2021 23:35,47,151
4/26/2021 23:40,47,151
4/26/2021 23:45,47,152
4/26/2021 23:50,47,152
4/26/2021 23:55,47,152
4/27/2021 0:00,47,152
4/27/2021 0:05,47,152
4/27/2021 0:10,47,152
4/27/2021 0:15,47,152
4/27/2021 0:20,47,152
4/27/2021 0:25,47,152
4/27/2021 0:30,47,152
4/27/2021 0:35,47,152
4/27/2021 0:40,47,152
4/27/2021 0:45,47,152
4/27/2021 0:50,47,152
4/27/2021 0:55,47,152
4/27/2021 1:00,47,152
4/27/2021 1:05,47,153
4/27/2021 1:10,47,153
4/27/2021 1:15,47,153
4/27/2021 1:20,47,153
4/27/2021 1:25,47,153
4/27/2021 1:30,47,153
4/27/2021 1:35,47,153
4/27/2021 1:40,47,153
4/27/2021 1:45,47,153
4/27/2021 1:50,47,153
4/27/2021 1:55,47,153
4/27/2021 2:00,47,153
4/27/2021 2:05,47,154
4/27/2021 2:10,47,153
4/27/2021 2:15,47,154
4/27/2021 2:20,47,153
4/27/2021 2:25,47,154
4/27/2021 2:30,47,154
4/27/2021 2:35,47,154
4/27/2021 2:40,47,154
4/27/2021 2:45,47,154
4/27/2021 2:50,47,154
4/27/2021 2:55,47,154
4/27/2021 3:00,47,154
4/27/2021 3:05,47,154
4/27/2021 3:10,47,154
4/27/2021 3:15,47,155
4/27/2021 3:20,47,155
4/27/2021 3:25,47,155
4/27/2021 3:30,47,155
4/27/2021 3:35,47,155
4/27/2021 3:40,47,155
4/27/2021 3:45,47,155
4/27/2021 3:50,47,155
4/27/2021 3:55,47,155
4/27/2021 4:00,47,155
4/27/2021 4:05,47,156
4/27/2021 4:10,47,156
4/27/2021 4:15,47,156
4/27/2021 4:20,47,156
4/27/2021 4:25,47,156
4/27/2021 4:30,47,156
4/27/2021 4:35,47,156
4/27/2021 4:40,47,156
4/27/2021 4:45,47,156
4/27/2021 4:50,47,156
4/27/2021 4:55,47,156
4/27/2021 5:00,47,157
4/27/2021 5:05,47,156
4/27/2021 5:10,47,157
4/27/2021 5:15,47,157
4/27/2021 5:20,47,157
4/27/2021 5:25,47,157
4/27/2021 5:30,47,157
4/27/2021 5:35,47,157
4/27/2021 5:40,47,157
4/27/2021 5:45,47,157
4/27/2021 5:50,47,157
4/27/2021 5:55,47,158
4/27/2021 6:00,47,158
4/27/2021 6:05,47,158
4/27/2021 6:10,47,158
4/27/2021 6:15,47,158
4/27/2021 6:20,47,158
4/27/2021 6:25,47,158
4/27/2021 6:30,47,158
4/27/2021 6:35,47,158
4/27/2021 6:40,47,158
4/27/2021 6:45,47,159
4/27/2021 6:50,47,159
4/27/2021 6:55,47,159
4/27/2021 7:00,47,159
4/27/2021 7:05,47,159
4/27/2021 7:10,47,159
4/27/2021 7:15,47,159
4/27/2021 7:20,47,159
4/27/2021 7:25,47,159
4/27/2021 7:30,47,159
4/27/2021 7:35,47,159
4/27/2021 7:40,47,159
4/27/2021 7:45,47,159
4/27/2021 7:50,47,160
4/27/2021 7:55,47,160
4/27/2021 8:00,47,160
4/27/2021 8:05,47,160
4/27/2021 8:10,47,160
4/27/2021 8:15,47,160
4/27/2021 8:20,47,160
4/27/2021 8:25,47,160
4/27/2021 8:30,47,160
4/27/2021 8:35,47,160
4/27/2021 8:40,47,160
4/27/2021 8:45,47,160
4/27/2021 8:50,47,160
4/27/2021 8:55,47,160
4/27/2021 9:00,47,160
4/27/2021 9:05,47,160
4/27/2021 9:10,47,160
4/27/2021 9:15,47,160
4/27/2021 9:20,47,160
4/27/2021 9:25,47,160
4/27/2021 9:30,47,160
4/27/2021 9:35,47,160
4/27/2021 9:40,47,160
4/27/2021 9:45,47,160
4/27/2021 9:50,47,160
4/27/2021 9:55,47,160
4/27/2021 10:00,47,161
4/27/2021 10:05,47,160
4/27/2021 10:10,47,161
4/27/2021 10:15,47,161
4/27/2021 10:20,47,160
4/27/2021 10:25,47,161
4/27/2021 10:30,47,161
4/27/2021 10:35,47,161
4/27/2021 10:40,47,161
4/27/2021 10:45,47,161
4/27/2021 10:50,47,160
4/27/2021 10:55,47,161
4/27/2021 11:00,47,161
4/27/2021 11:05,47,160
4/27/2021 11:10,47,160
4/27/2021 11:15,47,160
4/27/2021 11:20,47,160
4/27/2021 11:25,47,160
4/27/2021 11:30,47,160
4/27/2021 11:35,47,160
4/27/2021 11:40,47,160
4/27/2021 11:45,47,160
4/27/2021 11:50,47,160
4/27/2021 11:55,47,159
4/27/2021 12:00,47,159
4/27/2021 12:05,47,159
4/27/2021 12:10,47,159
4/27/2021 12:15,47,159
4/27/2021 12:20,47,159
4/27/2021 12:25,47,159
4/27/2021 12:30,47,159
4/27/2021 12:35,47,159
4/27/2021 12:40,47,159
4/27/2021 12:45,47,159
4/27/2021 12:50,47,159
4/27/2021 12:55,47,158
4/27/2021 13:00,47,158
4/27/2021 13:05,47,158
4/27/2021 13:10,47,158
4/27/2021 13:15,47,158
4/27/2021 13:20,47,158
4/27/2021 13:25,47,158
4/27/2021 13:30,47,158
4/27/2021 13:35,47,158
4/27/2021 13:40,47,158
4/27/2021 13:45,47,158
4/27/2021 13:50,47,158
4/27/2021 13:55,47,158
4/27/2021 14:00,47,158
4/27/2021 14:05,47,158
4/27/2021 14:10,47,157
4/27/2021 14:15,47,157
4/27/2021 14:20,47,157
4/27/2021 14:25,47,158
4/27/2021 14:30,47,157
4/27/2021 14:35,47,157
4/27/2021 14:40,47,157
4/27/2021 14:45,47,157
4/27/2021 14:50,47,157
4/27/2021 14:55,47,157
4/27/2021 15:00,47,157
4/27/2021 15:05,47,157
4/27/2021 15:10,47,157
4/27/2021 15:15,47,156
4/27/2021 15:20,47,156
4/27/2021 15:25,47,156
4/27/2021 15:30,47,156
4/27/2021 15:35,47,156
4/27/2021 15:40,47,156
4/27/2021 15:45,47,156
4/27/2021 15:50,47,156
4/27/2021 15:55,47,156
4/27/2021 16:00,47,156
4/27/2021 16:05,47,156
4/27/2021 16:10,47,156
4/27/2021 16:15,47,155
4/27/2021 16:20,47,155
4/27/2021 16:25,47,155
4/27/2021 16:30,47,155
4/27/2021 16:35,47,155
4/27/2021 16:40,47,155
4/27/2021 16:45,47,155
4/27/2021 16:50,47,155
4/27/2021 16:55,47,155
4/27/2021 17:00,47,154
4/27/2021 17:05,47,154
4/27/2021 17:10,47,154
4/27/2021 17:15,47,154
4/27/2021 17:20,47,154
4/27/2021 17:25,47,154
4/27/2021 17:30,47,154
4/27/2021 17:35,47,154
4/27/2021 17:40,47,154
4/27/2021 17:45,47,154
4/27/2021 17:50,47,154
4/27/2021 17:55,47,154
4/27/2021 18:00,47,153
4/27/2021 18:05,47,153
4/27/2021 18:10,47,153
4/27/2021 18:15,47,153
4/27/2021 18:20,47,153
4/27/2021 18:25,47,153
4/27/2021 18:30,47,153
4/27/2021 18:35,47,153
4/27/2021 18:40,47,153
4/27/2021 18:45,47,153
4/27/2021 18:50,47,152
4/27/2021 18:55,47,152
4/27/2021 19:00,47,152
4/27/2021 19:05,47,152
4/27/2021 19:10,47,152
4/27/2021 19:15,47,152
4/27/2021 19:20,47,152
4/27/2021 19:25,47,152
4/27/2021 19:30,47,152
4/27/2021 19:35,47,152
4/27/2021 19:40,47,152
4/27/2021 19:45,47,152
4/27/2021 19:50,47,151
4/27/2021 19:55,47,152
4/27/2021 20:00,47,151
4/27/2021 20:05,47,151
4/27/2021 20:10,47,151
4/27/2021 20:15,47,151
4/27/2021 20:20,47,151
4/27/2021 20:25,47,151
4/27/2021 20:30,47,151
4/27/2021 20:35,47,151
4/27/2021 20:40,47,151
4/27/2021 20:45,47,151
4/27/2021 20:50,47,151
4/27/2021 20:55,47,151
4/27/2021 21:00,47,151
4/27/2021 21:05,47,151
4/27/2021 21:10,47,151
4/27/2021 21:15,47,151
4/27/2021 21:20,47,151
4/27/2021 21:25,47,151
4/27/2021 21:30,47,151
4/27/2021 21:35,47,151
4/27/2021 21:40,47,151
4/27/2021 21:45,47,151
4/27/2021 21:50,47,151
4/27/2021 21:55,47,151
4/27/2021 22:00,47,151
4/27/2021 22:05,47,151
4/27/2021 22:10,47,151
4/27/2021 22:15,47,151
4/27/2021 22:20,47,151
4/27/2021 22:25,47,151
4/27/2021 22:30,47,150
4/27/2021 22:35,47,151
4/27/2021 22:40,47,151
4/27/2021 22:45,47,151
4/27/2021 22:50,47,151
4/27/2021 22:55,47,151
4/27/2021 23:00,47,151
4/27/2021 23:05,47,151
4/27/2021 23:10,47,151
4/27/2021 23:15,47,151
4/27/2021 23:20,47,151
4/27/2021 23:25,47,151
4/27/2021 23:30,47,151
4/27/2021 23:35,47,151
4/27/2021 23:40,47,151
4/27/2021 23:45,47,151
4/27/2021 23:50,47,151
4/27/2021 23:55,47,151
4/28/2021 0:00,47,151
4/28/2021 0:05,47,151
4/28/2021 0:10,47,151
4/28/2021 0:15,47,151
4/28/2021 0:20,47,151
4/28/2021 0:25,47,151
4/28/2021 0:30,47,151
4/28/2021 0:35,47,151
4/28/2021 0:40,47,151
4/28/2021 0:45,47,151
4/28/2021 0:50,47,151
4/28/2021 0:55,47,151
4/28/2021 1:00,47,151
4/28/2021 1:05,47,151
4/28/2021 1:10,47,151
4/28/2021 1:15,47,151
4/28/2021 1:20,47,151
4/28/2021 1:25,47,151
4/28/2021 1:30,47,151
4/28/2021 1:35,47,151
4/28/2021 1:40,47,151
4/28/2021 1:45,47,151
4/28/2021 1:50,47,151
4/28/2021 1:55,47,151
4/28/2021 2:00,47,152
4/28/2021 2:05,47,151
4/28/2021 2:10,47,152
4/28/2021 2:15,47,151
4/28/2021 2:20,47,152
4/28/2021 2:25,47,152
4/28/2021 2:30,47,152
4/28/2021 2:35,47,152
4/28/2021 2:40,47,152
4/28/2021 2:45,47,152
4/28/2021 2:50,47,152
4/28/2021 2:55,47,152
4/28/2021 3:00,47,152
4/28/2021 3:05,47,152
4/28/2021 3:10,47,152
4/28/2021 3:15,47,152
4/28/2021 3:20,47,152
4/28/2021 3:25,47,152
4/28/2021 3:30,47,152
4/28/2021 3:35,47,152
4/28/2021 3:40,47,152
4/28/2021 3:45,47,152
4/28/2021 3:50,47,152
4/28/2021 3:55,47,152
4/28/2021 4:00,47,152
4/28/2021 4:05,47,153
4/28/2021 4:10,47,152
4/28/2021 4:15,47,153
4/28/2021 4:20,47,153
4/28/2021 4:25,47,153
4/28/2021 4:30,47,153
4/28/2021 4:35,47,153
4/28/2021 4:40,47,153
4/28/2021 4:45,47,153
4/28/2021 4:50,47,153
4/28/2021 4:55,47,153
4/28/2021 5:00,47,153
4/28/2021 5:05,47,153
4/28/2021 5:10,47,153
4/28/2021 5:15,47,153
4/28/2021 5:20,47,153
4/28/2021 5:25,47,153
4/28/2021 5:30,47,153
4/28/2021 5:35,47,153
4/28/2021 5:40,47,153
4/28/2021 5:45,47,153
4/28/2021 5:50,47,153
4/28/2021 5:55,47,153
4/28/2021 6:00,47,153
4/28/2021 6:05,47,153
4/28/2021 6:10,47,153
4/28/2021 6:15,47,153
4/28/2021 6:20,47,153
4/28/2021 6:25,47,153
4/28/2021 6:30,47,153
4/28/2021 6:35,47,153
4/28/2021 6:40,47,154
4/28/2021 6:45,47,154
4/28/2021 6:50,47,153
4/28/2021 6:55,47,153
4/28/2021 7:00,47,154
4/28/2021 7:05,47,154
4/28/2021 7:10,47,154
4/28/2021 7:15,47,154
4/28/2021 7:20,47,154
4/28/2021 7:25,47,154
4/28/2021 7:30,47,154
4/28/2021 7:35,47,154
4/28/2021 7:40,47,154
4/28/2021 7:45,47,154
4/28/2021 7:50,47,154
4/28/2021 7:55,47,154
4/28/2021 8:00,47,154
4/28/2021 8:05,47,154
4/28/2021 8:10,47,154
4/28/2021 8:15,47,154
4/28/2021 8:20,47,154
4/28/2021 8:25,47,154
4/28/2021 8:30,47,154
4/28/2021 8:35,47,154
4/28/2021 8:40,47,154
4/28/2021 8:45,47,154
4/28/2021 8:50,47,154
4/28/2021 8:55,47,154
4/28/2021 9:00,47,154
4/28/2021 9:05,47,154
4/28/2021 9:10,47,154
4/28/2021 9:15,47,154
4/28/2021 9:20,47,154
4/28/2021 9:25,47,154
4/28/2021 9:30,47,154
4/28/2021 9:35,47,154
4/28/2021 9:40,47,154
4/28/2021 9:45,47,154
4/28/2021 9:50,47,154
4/28/2021 9:55,47,154
4/28/2021 10:00,47,154
4/28/2021 10:05,47,154
4/28/2021 10:10,47,154
4/28/2021 10:15,47,154
4/28/2021 10:20,47,154
4/28/2021 10:25,47,154
4/28/2021 10:30,47,154
4/28/2021 10:35,47,154
4/28/2021 10:40,47,154
4/28/2021 10:45,47,154
4/28/2021 10:50,47,154
4/28/2021 10:55,47,154
4/28/2021 11:00,47,154
4/28/2021 11:05,47,154
4/28/2021 11:10,47,154
4/28/2021 11:15,47,154
4/28/2021 11:20,47,154
4/28/2021 11:25,47,154
4/28/2021 11:30,47,154
4/28/2021 11:35,47,154
4/28/2021 11:40,47,154
4/28/2021 11:45,47,154
4/28/2021 11:50,47,154
4/28/2021 11:55,47,154
4/28/2021 12:00,47,154
4/28/2021 12:05,47,154
4/28/2021 12:10,47,154
4/28/2021 12:15,47,154
4/28/2021 12:20,47,154
4/28/2021 12:25,47,154
4/28/2021 12:30,47,154
4/28/2021 12:35,47,154
4/28/2021 12:40,47,153
4/28/2021 12:45,47,154
4/28/2021 12:50,47,154
4/28/2021 12:55,47,154
4/28/2021 13:00,47,154
4/28/2021 13:05,47,153
4/28/2021 13:10,47,153
4/28/2021 13:15,47,153
4/28/2021 13:20,47,153
4/28/2021 13:25,47,153
4/28/2021 13:30,47,153
4/28/2021 13:35,47,153
4/28/2021 13:40,47,153
4/28/2021 13:45,47,153
4/28/2021 13:50,47,153
4/28/2021 13:55,47,153
4/28/2021 14:00,47,153
4/28/2021 14:05,47,153
4/28/2021 14:10,47,153
4/28/2021 14:15,47,153
4/28/2021 14:20,47,153
4/28/2021 14:25,47,153
4/28/2021 14:30,47,153
4/28/2021 14:35,47,153
4/28/2021 14:40,47,153
4/28/2021 14:45,47,153
4/28/2021 14:50,47,153
4/28/2021 14:55,47,153
4/28/2021 15:00,47,153
4/28/2021 15:05,47,152
4/28/2021 15:10,47,152
4/28/2021 15:15,47,152
4/28/2021 15:20,47,152
4/28/2021 15:25,47,152
4/28/2021 15:30,47,152
4/28/2021 15:35,47,152
4/28/2021 15:40,47,152
4/28/2021 15:45,47,152
4/28/2021 15:50,47,152
4/28/2021 15:55,47,152
4/28/2021 16:00,47,152
4/28/2021 16:05,47,152
4/28/2021 16:10,47,152
4/28/2021 16:15,47,152
4/28/2021 16:20,47,152
4/28/2021 16:25,47,152
4/28/2021 16:30,47,152
4/28/2021 16:35,47,152
4/28/2021 16:40,47,152
4/28/2021 16:45,47,152
4/28/2021 16:50,47,152
4/28/2021 16:55,47,151
4/28/2021 17:00,47,151
4/28/2021 17:05,47,152
4/28/2021 17:10,47,151
4/28/2021 17:15,47,151
4/28/2021 17:20,47,151
4/28/2021 17:25,47,151
4/28/2021 17:30,47,151
4/28/2021 17:35,47,151
4/28/2021 17:40,47,151
4/28/2021 17:45,47,151
4/28/2021 17:50,47,151
4/28/2021 17:55,47,151
4/28/2021 18:00,47,151
4/28/2021 18:05,47,151
4/28/2021 18:10,47,151
4/28/2021 18:15,47,151
4/28/2021 18:20,47,151
4/28/2021 18:25,47,151
4/28/2021 18:30,47,151
4/28/2021 18:35,47,151
4/28/2021 18:40,47,151
4/28/2021 18:45,47,151
4/28/2021 18:50,47,151
4/28/2021 18:55,47,151
4/28/2021 19:00,47,151
4/28/2021 19:05,47,151
4/28/2021 19:10,47,151
4/28/2021 19:15,47,151
4/28/2021 19:20,47,151
4/28/2021 19:25,47,151
4/28/2021 19:30,47,151
4/28/2021 19:35,47,151
4/28/2021 19:40,47,151
4/28/2021 19:45,47,151
4/28/2021 19:50,47,151
4/28/2021 19:55,47,151
4/28/2021 20:00,47,151
4/28/2021 20:05,47,151
4/28/2021 20:10,47,151
4/28/2021 20:15,47,152
4/28/2021 20:20,47,152
4/28/2021 20:25,47,152
4/28/2021 20:30,47,152
4/28/2021 20:35,47,152
4/28/2021 20:40,47,152
4/28/2021 20:45,47,152
4/28/2021 20:50,47,152
4/28/2021 20:55,47,152
4/28/2021 21:00,47,152
4/28/2021 21:05,47,152
4/28/2021 21:10,47,152
4/28/2021 21:15,47,152
4/28/2021 21:20,47,152
4/28/2021 21:25,47,152
4/28/2021 21:30,47,152
4/28/2021 21:35,47,152
4/28/2021 21:40,47,152
4/28/2021 21:45,47,152
4/28/2021 21:50,47,152
4/28/2021 21:55,47,152
4/28/2021 22:00,47,152
4/28/2021 22:05,47,153
4/28/2021 22:10,47,153
4/28/2021 22:15,47,153
4/28/2021 22:20,47,153
4/28/2021 22:25,47,153
4/28/2021 22:30,47,153
4/28/2021 22:35,47,153
4/28/2021 22:40,47,153
4/28/2021 22:45,47,153
4/28/2021 22:50,47,153
4/28/2021 22:55,47,154
4/28/2021 23:00,47,154
4/28/2021 23:05,47,154
4/28/2021 23:10,47,154
4/28/2021 23:15,47,154
4/28/2021 23:20,47,154
4/28/2021 23:25,47,154
4/28/2021 23:30,47,155
4/28/2021 23:35,47,155
4/28/2021 23:40,47,155
4/28/2021 23:45,47,155
4/28/2021 23:50,47,155
4/28/2021 23:55,47,155
4/29/2021 0:00,47,155
4/29/2021 0:05,47,156
4/29/2021 0:10,47,156
4/29/2021 0:15,47,156
4/29/2021 0:20,47,156
4/29/2021 0:25,47,156
4/29/2021 0:30,47,156
4/29/2021 0:35,47,157
4/29/2021 0:40,47,157
4/29/2021 0:45,47,157
4/29/2021 0:50,47,157
4/29/2021 0:55,47,157
4/29/2021 1:00,47,158
4/29/2021 1:05,47,158
4/29/2021 1:10,47,158
4/29/2021 1:15,47,158
4/29/2021 1:20,47,158
4/29/2021 1:25,47,159
4/29/2021 1:30,47,159
4/29/2021 1:35,47,159
4/29/2021 1:40,47,159
4/29/2021 1:45,47,159
4/29/2021 1:50,47,159
4/29/2021 1:55,47,160
4/29/2021 2:00,47,160
4/29/2021 2:05,47,160
4/29/2021 2:10,47,161
4/29/2021 2:15,47,161
4/29/2021 2:20,47,161
4/29/2021 2:25,47,161
4/29/2021 2:30,47,162
4/29/2021 2:35,47,162
4/29/2021 2:40,47,162
4/29/2021 2:45,47,162
4/29/2021 2:50,47,162
4/29/2021 2:55,47,162
4/29/2021 3:00,47,163
4/29/2021 3:05,47,163
4/29/2021 3:10,47,163
4/29/2021 3:15,47,163
4/29/2021 3:20,47,164
4/29/2021 3:25,47,164
4/29/2021 3:30,47,164
4/29/2021 3:35,47,164
4/29/2021 3:40,47,164
4/29/2021 3:45,47,165
4/29/2021 3:50,47,165
4/29/2021 3:55,47,165
4/29/2021 4:00,47,165
4/29/2021 4:05,47,166
4/29/2021 4:10,47,166
4/29/2021 4:15,47,166
4/29/2021 4:20,47,166
4/29/2021 4:25,47,167
4/29/2021 4:30,47,167
4/29/2021 4:35,47,167
4/29/2021 4:40,47,167
4/29/2021 4:45,47,168
4/29/2021 4:50,47,168
4/29/2021 4:55,47,168
4/29/2021 5:00,47,168
4/29/2021 5:05,47,169
4/29/2021 5:10,47,169
4/29/2021 5:15,47,169
4/29/2021 5:20,47,169
4/29/2021 5:25,47,170
4/29/2021 5:30,47,170
4/29/2021 5:35,47,170
4/29/2021 5:40,47,170
4/29/2021 5:45,47,171
4/29/2021 5:50,47,171
4/29/2021 5:55,47,171
4/29/2021 6:00,47,171
4/29/2021 6:05,47,171
4/29/2021 6:10,47,171
4/29/2021 6:15,47,172
4/29/2021 6:20,47,172
4/29/2021 6:25,47,172
4/29/2021 6:30,47,173
4/29/2021 6:35,47,173
4/29/2021 6:40,47,173
4/29/2021 6:45,47,173
4/29/2021 6:50,47,174
4/29/2021 6:55,47,174
4/29/2021 7:00,47,174
4/29/2021 7:05,47,174
4/29/2021 7:10,47,174
4/29/2021 7:15,47,175
4/29/2021 7:20,47,175
4/29/2021 7:25,47,175
4/29/2021 7:30,47,175
4/29/2021 7:35,47,176
4/29/2021 7:40,47,176
4/29/2021 7:45,47,176
4/29/2021 7:50,47,176
4/29/2021 7:55,47,176
4/29/2021 8:00,47,176
4/29/2021 8:05,47,177
4/29/2021 8:10,47,177
4/29/2021 8:15,47,177
4/29/2021 8:20,47,177
4/29/2021 8:25,47,177
4/29/2021 8:30,47,177
4/29/2021 8:35,47,178
4/29/2021 8:40,47,178
4/29/2021 8:45,47,178
4/29/2021 8:50,47,178
4/29/2021 8:55,47,178
4/29/2021 9:00,47,179
4/29/2021 9:05,47,179
4/29/2021 9:10,47,179
4/29/2021 9:15,47,179
4/29/2021 9:20,47,179
4/29/2021 9:25,47,179
4/29/2021 9:30,47,180
4/29/2021 9:35,47,180
4/29/2021 9:40,47,180
4/29/2021 9:45,47,180
4/29/2021 9:50,47,180
4/29/2021 9:55,47,181
4/29/2021 10:00,47,181
4/29/2021 10:05,47,181
4/29/2021 10:10,47,181
4/29/2021 10:15,47,181
4/29/2021 10:20,47,181
4/29/2021 10:25,47,181
4/29/2021 10:30,47,182
4/29/2021 10:35,47,182
4/29/2021 10:40,47,182
4/29/2021 10:45,47,182
4/29/2021 10:50,47,182
4/29/2021 10:55,47,182
4/29/2021 11:00,47,182
4/29/2021 11:05,47,182
4/29/2021 11:10,47,183
4/29/2021 11:15,47,183
4/29/2021 11:20,47,182
4/29/2021 11:25,47,183
4/29/2021 11:30,47,183
4/29/2021 11:35,47,183
4/29/2021 11:40,47,183
4/29/2021 11:45,47,183
4/29/2021 11:50,47,183
4/29/2021 11:55,47,183
4/29/2021 12:00,47,183
4/29/2021 12:05,47,183
4/29/2021 12:10,47,183
4/29/2021 12:15,47,183
4/29/2021 12:20,47,183
4/29/2021 12:25,47,183
4/29/2021 12:30,47,183
4/29/2021 12:35,47,183
4/29/2021 12:40,47,183
4/29/2021 12:45,47,183
4/29/2021 12:50,47,183
4/29/2021 12:55,47,183
4/29/2021 13:00,47,183
4/29/2021 13:05,47,183
4/29/2021 13:10,47,183
4/29/2021 13:15,47,183
4/29/2021 13:20,47,183
4/29/2021 13:25,47,183
4/29/2021 13:30,47,183
4/29/2021 13:35,47,183
4/29/2021 13:40,47,183
4/29/2021 13:45,47,183
4/29/2021 13:50,47,183
4/29/2021 13:55,47,184
4/29/2021 14:00,47,183
4/29/2021 14:05,47,183
4/29/2021 14:10,47,183
4/29/2021 14:15,47,184
4/29/2021 14:20,47,184
4/29/2021 14:25,47,183
4/29/2021 14:30,47,184
4/29/2021 14:35,47,183
4/29/2021 14:40,47,183
4/29/2021 14:45,47,183
4/29/2021 14:50,47,183
4/29/2021 14:55,47,183
4/29/2021 15:00,47,183
4/29/2021 15:05,47,183
4/29/2021 15:10,47,183
4/29/2021 15:15,47,183
4/29/2021 15:20,47,183
4/29/2021 15:25,47,184
4/29/2021 15:30,47,184
4/29/2021 15:35,47,183
4/29/2021 15:40,47,183
4/29/2021 15:45,47,183
4/29/2021 15:50,47,183
4/29/2021 15:55,47,183
4/29/2021 16:00,47,183
4/29/2021 16:05,47,183
4/29/2021 16:10,47,183
4/29/2021 16:15,47,183
4/29/2021 16:20,47,183
4/29/2021 16:25,47,184
4/29/2021 16:30,47,183
4/29/2021 16:35,47,183
4/29/2021 16:40,47,184
4/29/2021 16:45,47,184
4/29/2021 16:50,47,183
4/29/2021 16:55,47,183
4/29/2021 17:00,47,183
4/29/2021 17:05,47,183
4/29/2021 17:10,47,183
4/29/2021 17:15,47,183
4/29/2021 17:20,47,183
4/29/2021 17:25,47,184
4/29/2021 17:30,47,183
4/29/2021 17:35,47,183
4/29/2021 17:40,47,184
4/29/2021 17:45,47,184
4/29/2021 17:50,47,184
4/29/2021 17:55,47,184
4/29/2021 18:00,47,184
4/29/2021 18:05,47,184
4/29/2021 18:10,47,184
4/29/2021 18:15,47,184
4/29/2021 18:20,47,184
4/29/2021 18:25,47,184
4/29/2021 18:30,47,184
4/29/2021 18:35,47,184
4/29/2021 18:40,47,184
4/29/2021 18:45,47,184
4/29/2021 18:50,47,184
4/29/2021 18:55,47,185
4/29/2021 19:00,47,185
4/29/2021 19:05,47,185
4/29/2021 19:10,47,185
4/29/2021 19:15,47,185
4/29/2021 19:20,47,185
4/29/2021 19:25,47,185
4/29/2021 19:30,47,185
4/29/2021 19:35,47,185
4/29/2021 19:40,47,185
4/29/2021 19:45,47,185
4/29/2021 19:50,47,185
4/29/2021 19:55,47,185
4/29/2021 20:00,47,185
4/29/2021 20:05,47,185
4/29/2021 20:10,47,185
4/29/2021 20:15,47,185
4/29/2021 20:20,47,185
4/29/2021 20:25,47,186
4/29/2021 20:30,47,186
4/29/2021 20:35,47,186
4/29/2021 20:40,47,186
4/29/2021 20:45,47,186
4/29/2021 20:50,47,186
4/29/2021 20:55,47,187
4/29/2021 21:00,47,187
4/29/2021 21:05,47,187
4/29/2021 21:10,47,187
4/29/2021 21:15,47,187
4/29/2021 21:20,47,187
4/29/2021 21:25,47,188
4/29/2021 21:30,47,188
4/29/2021 21:35,47,188
4/29/2021 21:40,47,188
4/29/2021 21:45,47,189
4/29/2021 21:50,47,189
4/29/2021 21:55,47,189
4/29/2021 22:00,47,189
4/29/2021 22:05,47,190
4/29/2021 22:10,47,190
4/29/2021 22:15,47,190
4/29/2021 22:20,47,191
4/29/2021 22:25,47,191
4/29/2021 22:30,47,191
4/29/2021 22:35,47,191
4/29/2021 22:40,47,191
4/29/2021 22:45,47,192
4/29/2021 22:50,47,192
4/29/2021 22:55,47,192
4/29/2021 23:00,47,193
4/29/2021 23:05,47,193
4/29/2021 23:10,47,194
4/29/2021 23:15,47,194
4/29/2021 23:20,47,194
4/29/2021 23:25,47,194
4/29/2021 23:30,47,195
4/29/2021 23:35,47,195
4/29/2021 23:40,47,196
4/29/2021 23:45,47,196
4/29/2021 23:50,47,196
4/29/2021 23:55,47,196
4/30/2021 0:00,47,197
4/30/2021 0:05,47,197
4/30/2021 0:10,47,198
4/30/2021 0:15,47,198
4/30/2021 0:20,47,198
4/30/2021 0:25,47,199
4/30/2021 0:30,47,199
4/30/2021 0:35,47,200
4/30/2021 0:40,47,200
4/30/2021 0:45,47,200
4/30/2021 0:50,47,201
4/30/2021 0:55,47,201
4/30/2021 1:00,47,202
4/30/2021 1:05,47,202
4/30/2021 1:10,47,202
4/30/2021 1:15,47,203
4/30/2021 1:20,47,203
4/30/2021 1:25,47,204
4/30/2021 1:30,47,204
4/30/2021 1:35,47,205
4/30/2021 1:40,47,205
4/30/2021 1:45,47,205
4/30/2021 1:50,47,206
4/30/2021 1:55,47,206
4/30/2021 2:00,47,207
4/30/2021 2:05,47,207
4/30/2021 2:10,47,207
4/30/2021 2:15,47,208
4/30/2021 2:20,47,208
4/30/2021 2:25,47,209
4/30/2021 2:30,47,209
4/30/2021 2:35,47,210
4/30/2021 2:40,47,210
4/30/2021 2:45,47,211
4/30/2021 2:50,47,211
4/30/2021 2:55,47,212
4/30/2021 3:00,47,212
4/30/2021 3:05,47,213
4/30/2021 3:10,47,213
4/30/2021 3:15,47,214
4/30/2021 3:20,47,214
4/30/2021 3:25,47,215
4/30/2021 3:30,47,215
4/30/2021 3:35,47,216
4/30/2021 3:40,47,216
4/30/2021 3:45,47,217
4/30/2021 3:50,47,217
4/30/2021 3:55,47,218
4/30/2021 4:00,47,219
4/30/2021 4:05,47,219
4/30/2021 4:10,47,219
4/30/2021 4:15,47,220
4/30/2021 4:20,47,221
4/30/2021 4:25,47,221
4/30/2021 4:30,47,221
4/30/2021 4:35,47,222
4/30/2021 4:40,47,223
4/30/2021 4:45,47,223
4/30/2021 4:50,47,224
4/30/2021 4:55,47,224
4/30/2021 5:00,47,225
4/30/2021 5:05,47,225
4/30/2021 5:10,47,226
4/30/2021 5:15,47,226
4/30/2021 5:20,47,227
4/30/2021 5:25,47,227
4/30/2021 5:30,47,228
4/30/2021 5:35,47,228
4/30/2021 5:40,47,229
4/30/2021 5:45,47,230
4/30/2021 5:50,47,230
4/30/2021 5:55,47,231
4/30/2021 6:00,47,231
4/30/2021 6:05,47,232
4/30/2021 6:10,47,232
4/30/2021 6:15,47,233
4/30/2021 6:20,47,234
4/30/2021 6:25,47,234
4/30/2021 6:30,47,235
4/30/2021 6:35,47,236
4/30/2021 6:40,47,236
4/30/2021 6:45,47,237
4/30/2021 6:50,47,237
4/30/2021 6:55,47,238
4/30/2021 7:00,47,239
4/30/2021 7:05,47,239
4/30/2021 7:10,47,240
4/30/2021 7:15,47,240
4/30/2021 7:20,47,241
4/30/2021 7:25,47,241
4/30/2021 7:30,47,242
4/30/2021 7:35,47,243
4/30/2021 7:40,47,243
4/30/2021 7:45,47,243
4/30/2021 7:50,47,244
4/30/2021 7:55,47,245
4/30/2021 8:00,47,245
4/30/2021 8:05,47,246
4/30/2021 8:10,47,246
4/30/2021 8:15,47,247
4/30/2021 8:20,47,248
4/30/2021 8:25,47,248
4/30/2021 8:30,47,249
4/30/2021 8:35,47,249
4/30/2021 8:40,47,250
4/30/2021 8:45,47,250
4/30/2021 8:50,47,251
4/30/2021 8:55,47,252
4/30/2021 9:00,47,252
4/30/2021 9:05,47,253
4/30/2021 9:10,47,253
4/30/2021 9:15,47,254
4/30/2021 9:20,47,254
4/30/2021 9:25,47,255
4/30/2021 9:30,47,256
4/30/2021 9:35,47,256
4/30/2021 9:40,47,257
4/30/2021 9:45,47,257
4/30/2021 9:50,47,258
4/30/2021 9:55,47,258
4/30/2021 10:00,47,259
4/30/2021 10:05,47,259
4/30/2021 10:10,47,260
4/30/2021 10:15,47,260
4/30/2021 10:20,47,261
4/30/2021 10:25,47,262
4/30/2021 10:30,47,262
4/30/2021 10:35,47,263
4/30/2021 10:40,47,263
4/30/2021 10:45,47,264
4/30/2021 10:50,47,264
4/30/2021 10:55,47,265
4/30/2021 11:00,47,265
4/30/2021 11:05,47,266
4/30/2021 11:10,47,266
4/30/2021 11:15,47,267
4/30/2021 11:20,47,267
4/30/2021 11:25,47,268
4/30/2021 11:30,47,268
4/30/2021 11:35,47,268
4/30/2021 11:40,47,269
4/30/2021 11:45,47,269
4/30/2021 11:50,47,270
4/30/2021 11:55,47,270
4/30/2021 12:00,47,271
4/30/2021 12:05,47,272
4/30/2021 12:10,47,272
4/30/2021 12:15,47,272
4/30/2021 12:20,47,273
4/30/2021 12:25,47,273
4/30/2021 12:30,47,273
4/30/2021 12:35,47,274
4/30/2021 12:40,47,274
4/30/2021 12:45,47,275
4/30/2021 12:50,47,276
4/30/2021 12:55,47,276
4/30/2021 13:00,47,276
4/30/2021 13:05,47,277
4/30/2021 13:10,47,278
4/30/2021 13:15,47,278
4/30/2021 13:20,47,279
4/30/2021 13:25,47,279
4/30/2021 13:30,47,279
4/30/2021 13:35,47,279
4/30/2021 13:40,47,280
4/30/2021 13:45,47,280
4/30/2021 13:50,47,280
4/30/2021 13:55,47,281
4/30/2021 14:00,47,281
4/30/2021 14:05,47,282
4/30/2021 14:10,47,282
4/30/2021 14:15,47,283
4/30/2021 14:20,47,283
4/30/2021 14:25,47,283
4/30/2021 14:30,47,284
4/30/2021 14:35,47,284
4/30/2021 14:40,47,284
4/30/2021 14:45,47,285
4/30/2021 14:50,47,285
4/30/2021 14:55,47,285
4/30/2021 15:00,47,285
4/30/2021 15:05,47,286
4/30/2021 15:10,47,286
4/30/2021 15:15,47,286
4/30/2021 15:20,47,287
4/30/2021 15:25,47,287
4/30/2021 15:30,47,287
4/30/2021 15:35,47,288
4/30/2021 15:40,47,288
4/30/2021 15:45,47,289
4/30/2021 15:50,47,289
4/30/2021 15:55,47,289
4/30/2021 16:00,47,289
4/30/2021 16:05,47,290
4/30/2021 16:10,47,290
4/30/2021 16:15,47,290
4/30/2021 16:20,47,291
4/30/2021 16:25,47,291
4/30/2021 16:30,47,292
4/30/2021 16:35,47,291
4/30/2021 16:40,47,292
4/30/2021 16:45,47,292
4/30/2021 16:50,47,293
4/30/2021 16:55,47,293
4/30/2021 17:00,47,294
4/30/2021 17:05,47,294
4/30/2021 17:10,47,295
4/30/2021 17:15,47,295
4/30/2021 17:20,47,295
4/30/2021 17:25,47,296
4/30/2021 17:30,47,296
4/30/2021 17:35,47,296
4/30/2021 17:40,47,296
4/30/2021 17:45,47,297
4/30/2021 17:50,47,297
4/30/2021 17:55,47,297
4/30/2021 18:00,47,298
4/30/2021 18:05,47,298
4/30/2021 18:10,47,298
4/30/2021 18:15,47,298
4/30/2021 18:20,47,299
4/30/2021 18:25,47,299
4/30/2021 18:30,47,299
4/30/2021 18:35,47,299
4/30/2021 18:40,47,300
4/30/2021 18:45,47,300
4/30/2021 18:50,47,300
4/30/2021 18:55,47,301
4/30/2021 19:00,47,301
4/30/2021 19:05,47,301
4/30/2021 19:10,47,301
4/30/2021 19:15,47,302
4/30/2021 19:20,47,302
4/30/2021 19:25,47,302
4/30/2021 19:30,47,303
4/30/2021 19:35,47,303
4/30/2021 19:40,47,303
4/30/2021 19:45,47,304
4/30/2021 19:50,47,305
4/30/2021 19:55,47,305
4/30/2021 20:00,47,305
4/30/2021 20:05,47,306
4/30/2021 20:10,47,306
4/30/2021 20:15,47,306
4/30/2021 20:20,47,306
4/30/2021 20:25,47,307
4/30/2021 20:30,47,308
4/30/2021 20:35,47,308
4/30/2021 20:40,47,308
4/30/2021 20:45,47,308
4/30/2021 20:50,47,308
4/30/2021 20:55,47,309
4/30/2021 21:00,47,310
4/30/2021 21:05,47,310
4/30/2021 21:10,47,310
4/30/2021 21:15,47,311
4/30/2021 21:20,47,311
4/30/2021 21:25,47,311
4/30/2021 21:30,47,311
4/30/2021 21:35,47,312
4/30/2021 21:40,47,313
4/30/2021 21:45,47,313
4/30/2021 21:50,47,314
4/30/2021 21:55,47,314
4/30/2021 22:00,47,315
4/30/2021 22:05,47,315
4/30/2021 22:10,47,315
4/30/2021 22:15,47,316
4/30/2021 22:20,47,316
4/30/2021 22:25,47,317
4/30/2021 22:30,47,317
4/30/2021 22:35,47,317
4/30/2021 22:40,47,318
4/30/2021 22:45,47,319
4/30/2021 22:50,47,319
4/30/2021 22:55,47,319
4/30/2021 23:00,47,320
4/30/2021 23:05,47,320
4/30/2021 23:10,47,320
4/30/2021 23:15,47,321
4/30/2021 23:20,47,321
4/30/2021 23:25,47,322
4/30/2021 23:30,47,322
4/30/2021 23:35,47,323
4/30/2021 23:40,47,323
4/30/2021 23:45,47,323
4/30/2021 23:50,47,324
4/30/2021 23:55,47,324
5/1/2021 0:00,47,324
5/1/2021 0:05,47,324
5/1/2021 0:10,47,325
5/1/2021 0:15,47,326
5/1/2021 0:20,47,326
5/1/2021 0:25,47,326
5/1/2021 0:30,47,327
5/1/2021 0:35,47,327
5/1/2021 0:40,47,327
5/1/2021 0:45,47,328
5/1/2021 0:50,47,328
5/1/2021 0:55,47,328
5/1/2021 1:00,47,329
5/1/2021 1:05,47,329
5/1/2021 1:10,47,329
5/1/2021 1:15,47,330
5/1/2021 1:20,47,331
5/1/2021 1:25,47,331
5/1/2021 1:30,47,331
5/1/2021 1:35,47,331
5/1/2021 1:40,47,332
5/1/2021 1:45,47,332
5/1/2021 1:50,47,332
5/1/2021 1:55,47,332
5/1/2021 2:00,47,333
5/1/2021 2:05,47,334
5/1/2021 2:10,47,334
5/1/2021 2:15,47,334
5/1/2021 2:20,47,334
5/1/2021 2:25,47,336
5/1/2021 2:30,47,336
5/1/2021 2:35,47,336
5/1/2021 2:40,47,336
5/1/2021 2:45,47,336
5/1/2021 2:50,47,337
5/1/2021 2:55,47,337
5/1/2021 3:00,47,337
5/1/2021 3:05,47,337
5/1/2021 3:10,47,338
5/1/2021 3:15,47,338
5/1/2021 3:20,47,338
5/1/2021 3:25,47,339
5/1/2021 3:30,47,339
5/1/2021 3:35,47,339
5/1/2021 3:40,47,340
5/1/2021 3:45,47,339
5/1/2021 3:50,47,340
5/1/2021 3:55,47,340
5/1/2021 4:00,47,340
5/1/2021 4:05,47,341
5/1/2021 4:10,47,340
5/1/2021 4:15,47,341
5/1/2021 4:20,47,341
5/1/2021 4:25,47,341
5/1/2021 4:30,47,342
5/1/2021 4:35,47,342
5/1/2021 4:40,47,342
5/1/2021 4:45,47,342
5/1/2021 4:50,47,342
5/1/2021 4:55,47,343
5/1/2021 5:00,47,342
5/1/2021 5:05,47,342
5/1/2021 5:10,47,343
5/1/2021 5:15,47,343
5/1/2021 5:20,47,342
5/1/2021 5:25,47,343
5/1/2021 5:30,47,343
5/1/2021 5:35,47,343
5/1/2021 5:40,47,343
5/1/2021 5:45,47,343
5/1/2021 5:50,47,343
5/1/2021 5:55,47,343
5/1/2021 6:00,47,343
5/1/2021 6:05,47,343
5/1/2021 6:10,47,343
5/1/2021 6:15,47,342
5/1/2021 6:20,47,343
5/1/2021 6:25,47,343
5/1/2021 6:30,47,343
5/1/2021 6:35,47,343
5/1/2021 6:40,47,343
5/1/2021 6:45,47,343
5/1/2021 6:50,47,343
5/1/2021 6:55,47,343
5/1/2021 7:00,47,343
5/1/2021 7:05,47,343
5/1/2021 7:10,47,342
5/1/2021 7:15,47,342
5/1/2021 7:20,47,341
5/1/2021 7:25,47,342
5/1/2021 7:30,47,341
5/1/2021 7:35,47,341
5/1/2021 7:40,47,341
5/1/2021 7:45,47,341
5/1/2021 7:50,47,340
5/1/2021 7:55,47,340
5/1/2021 8:00,47,340
5/1/2021 8:05,47,340
5/1/2021 8:10,47,340
5/1/2021 8:15,47,339
5/1/2021 8:20,47,339
5/1/2021 8:25,47,338
5/1/2021 8:30,47,338
5/1/2021 8:35,47,338
5/1/2021 8:40,47,338
5/1/2021 8:45,47,337
5/1/2021 8:50,47,337
5/1/2021 8:55,47,337
5/1/2021 9:00,47,336
5/1/2021 9:05,47,336
5/1/2021 9:10,47,336
5/1/2021 9:15,47,336
5/1/2021 9:20,47,335
5/1/2021 9:25,47,334
5/1/2021 9:30,47,333
5/1/2021 9:35,47,333
5/1/2021 9:40,47,333
5/1/2021 9:45,47,333
5/1/2021 9:50,47,331
5/1/2021 9:55,47,331
5/1/2021 10:00,47,331
5/1/2021 10:05,47,330
5/1/2021 10:10,47,330
5/1/2021 10:15,47,329
5/1/2021 10:20,47,329
5/1/2021 10:25,47,328
5/1/2021 10:30,47,328
5/1/2021 10:35,47,327
5/1/2021 10:40,47,327
5/1/2021 10:45,47,326
5/1/2021 10:50,47,325
5/1/2021 10:55,47,325
5/1/2021 11:00,47,324
5/1/2021 11:05,47,323
5/1/2021 11:10,47,323
5/1/2021 11:15,47,322
5/1/2021 11:20,47,322
5/1/2021 11:25,47,322
5/1/2021 11:30,47,321
5/1/2021 11:35,47,321
5/1/2021 11:40,47,320
5/1/2021 11:45,47,320
5/1/2021 11:50,47,319
5/1/2021 11:55,47,319
5/1/2021 12:00,47,318
5/1/2021 12:05,47,317
5/1/2021 12:10,47,317
5/1/2021 12:15,47,316
5/1/2021 12:20,47,315
5/1/2021 12:25,47,315
5/1/2021 12:30,47,315
5/1/2021 12:35,47,314
5/1/2021 12:40,47,314
5/1/2021 12:45,47,313
5/1/2021 12:50,47,312
5/1/2021 12:55,47,313
5/1/2021 13:00,47,311
5/1/2021 13:05,47,311
5/1/2021 13:10,47,310
5/1/2021 13:15,47,309
5/1/2021 13:20,47,309
5/1/2021 13:25,47,308
5/1/2021 13:30,47,308
5/1/2021 13:35,47,308
5/1/2021 13:40,47,307
5/1/2021 13:45,47,306
5/1/2021 13:50,47,306
5/1/2021 13:55,47,305
5/1/2021 14:00,47,304
5/1/2021 14:05,47,304
5/1/2021 14:10,47,304
5/1/2021 14:15,47,303
5/1/2021 14:20,47,302
5/1/2021 14:25,47,302
5/1/2021 14:30,47,301
5/1/2021 14:35,47,300
5/1/2021 14:40,47,299
5/1/2021 14:45,47,300
5/1/2021 14:50,47,299
5/1/2021 14:55,47,299
5/1/2021 15:00,47,298
5/1/2021 15:05,47,297
5/1/2021 15:10,47,297
5/1/2021 15:15,47,296
5/1/2021 15:20,47,296
5/1/2021 15:25,47,295
5/1/2021 15:30,47,295
5/1/2021 15:35,47,295
5/1/2021 15:40,47,294
5/1/2021 15:45,47,293
5/1/2021 15:50,47,293
5/1/2021 15:55,47,292
5/1/2021 16:00,47,292
5/1/2021 16:05,47,291
5/1/2021 16:10,47,291
5/1/2021 16:15,47,290
5/1/2021 16:20,47,290
5/1/2021 16:25,47,289
5/1/2021 16:30,47,288
5/1/2021 16:35,47,288
5/1/2021 16:40,47,287
5/1/2021 16:45,47,287
5/1/2021 16:50,47,286
5/1/2021 16:55,47,286
5/1/2021 17:00,47,285
5/1/2021 17:05,47,284
5/1/2021 17:10,47,284
5/1/2021 17:15,47,284
5/1/2021 17:20,47,284
5/1/2021 17:25,47,283
5/1/2021 17:30,47,282
5/1/2021 17:35,47,282
5/1/2021 17:40,47,281
5/1/2021 17:45,47,281
5/1/2021 17:50,47,280
5/1/2021 17:55,47,280
5/1/2021 18:00,47,280
5/1/2021 18:05,47,279
5/1/2021 18:10,47,279
5/1/2021 18:15,47,279
5/1/2021 18:20,47,278
5/1/2021 18:25,47,278
5/1/2021 18:30,47,278
5/1/2021 18:35,47,277
5/1/2021 18:40,47,277
5/1/2021 18:45,47,277
5/1/2021 18:50,47,276
5/1/2021 18:55,47,276
5/1/2021 19:00,47,275
5/1/2021 19:05,47,275
5/1/2021 19:10,47,275
5/1/2021 19:15,47,274
5/1/2021 19:20,47,274
5/1/2021 19:25,47,273
5/1/2021 19:30,47,273
5/1/2021 19:35,47,273
5/1/2021 19:40,47,273
5/1/2021 19:45,47,272
5/1/2021 19:50,47,272
5/1/2021 19:55,47,272
5/1/2021 20:00,47,272
5/1/2021 20:05,47,271
5/1/2021 20:10,47,271
5/1/2021 20:15,47,271
5/1/2021 20:20,47,270
5/1/2021 20:25,47,270
5/1/2021 20:30,47,269
5/1/2021 20:35,47,269
5/1/2021 20:40,47,269
5/1/2021 20:45,47,269
5/1/2021 20:50,47,269
5/1/2021 20:55,47,268
5/1/2021 21:00,47,268
5/1/2021 21:05,47,267
5/1/2021 21:10,47,267
5/1/2021 21:15,47,267
5/1/2021 21:20,47,267
5/1/2021 21:25,47,266
5/1/2021 21:30,47,267
5/1/2021 21:35,47,266
5/1/2021 21:40,47,266
5/1/2021 21:45,47,266
5/1/2021 21:50,47,265
5/1/2021 21:55,47,265
5/1/2021 22:00,47,265
5/1/2021 22:05,47,264
5/1/2021 22:10,47,264
5/1/2021 22:15,47,264
5/1/2021 22:20,47,264
5/1/2021 22:25,47,264
5/1/2021 22:30,47,264
5/1/2021 22:35,47,263
5/1/2021 22:40,47,263
5/1/2021 22:45,47,263
5/1/2021 22:50,47,263
5/1/2021 22:55,47,263
5/1/2021 23:00,47,263
5/1/2021 23:05,47,263
5/1/2021 23:10,47,262
5/1/2021 23:15,47,262
5/1/2021 23:20,47,262
5/1/2021 23:25,47,262
5/1/2021 23:30,47,262
5/1/2021 23:35,47,262
5/1/2021 23:40,47,261
5/1/2021 23:45,47,262
5/1/2021 23:50,47,261
5/1/2021 23:55,47,261
5/2/2021 0:00,47,261
5/2/2021 0:05,47,261
5/2/2021 0:10,47,261
5/2/2021 0:15,47,260
5/2/2021 0:20,47,260
5/2/2021 0:25,47,260
5/2/2021 0:30,47,260
5/2/2021 0:35,47,260
5/2/2021 0:40,47,260
5/2/2021 0:45,47,261
5/2/2021 0:50,47,260
5/2/2021 0:55,47,260
5/2/2021 1:00,47,260
5/2/2021 1:05,47,260
5/2/2021 1:10,47,260
5/2/2021 1:15,47,259
5/2/2021 1:20,47,259
5/2/2021 1:25,47,259
5/2/2021 1:30,47,259
5/2/2021 1:35,47,259
5/2/2021 1:40,47,259
5/2/2021 1:45,47,259
5/2/2021 1:50,47,259
5/2/2021 1:55,47,259
5/2/2021 2:00,47,258
5/2/2021 2:05,47,259
5/2/2021 2:10,47,258
5/2/2021 2:15,47,258
5/2/2021 2:20,47,258
5/2/2021 2:25,47,258
5/2/2021 2:30,47,258
5/2/2021 2:35,47,258
5/2/2021 2:40,47,258
5/2/2021 2:45,47,258
5/2/2021 2:50,47,258
5/2/2021 2:55,47,258
5/2/2021 3:00,47,258
5/2/2021 3:05,47,258
5/2/2021 3:10,47,258
5/2/2021 3:15,47,258
5/2/2021 3:20,47,258
5/2/2021 3:25,47,257
5/2/2021 3:30,47,257
5/2/2021 3:35,47,257
5/2/2021 3:40,47,257
5/2/2021 3:45,47,257
5/2/2021 3:50,47,257
5/2/2021 3:55,47,257
5/2/2021 4:00,47,257
5/2/2021 4:05,47,257
5/2/2021 4:10,47,257
5/2/2021 4:15,47,257
5/2/2021 4:20,47,257
5/2/2021 4:25,47,257
5/2/2021 4:30,47,257
5/2/2021 4:35,47,257
5/2/2021 4:40,47,257
5/2/2021 4:45,47,256
5/2/2021 4:50,47,256
5/2/2021 4:55,47,256
5/2/2021 5:00,47,256
5/2/2021 5:05,47,256
5/2/2021 5:10,47,256
5/2/2021 5:15,47,256
5/2/2021 5:20,47,256
5/2/2021 5:25,47,256
5/2/2021 5:30,47,256
5/2/2021 5:35,47,255
5/2/2021 5:40,47,255
5/2/2021 5:45,47,255
5/2/2021 5:50,47,255
5/2/2021 5:55,47,255
5/2/2021 6:00,47,255
5/2/2021 6:05,47,255
5/2/2021 6:10,47,255
5/2/2021 6:15,47,254
5/2/2021 6:20,47,255
5/2/2021 6:25,47,254
5/2/2021 6:30,47,254
5/2/2021 6:35,47,254
5/2/2021 6:40,47,254
5/2/2021 6:45,47,254
5/2/2021 6:50,47,253
5/2/2021 6:55,47,253
5/2/2021 7:00,47,253
5/2/2021 7:05,47,253
5/2/2021 7:10,47,252
5/2/2021 7:15,47,252
5/2/2021 7:20,47,252
5/2/2021 7:25,47,252
5/2/2021 7:30,47,252
5/2/2021 7:35,47,251
5/2/2021 7:40,47,251
5/2/2021 7:45,47,251
5/2/2021 7:50,47,251
5/2/2021 7:55,47,251
5/2/2021 8:00,47,250
5/2/2021 8:05,47,250
5/2/2021 8:10,47,250
5/2/2021 8:15,47,250
5/2/2021 8:20,47,250
5/2/2021 8:25,47,249
5/2/2021 8:30,47,249
5/2/2021 8:35,47,249
5/2/2021 8:40,47,248
5/2/2021 8:45,47,248
5/2/2021 8:50,47,248
5/2/2021 8:55,47,248
5/2/2021 9:00,47,247
5/2/2021 9:05,47,247
5/2/2021 9:10,47,247
5/2/2021 9:15,47,246
5/2/2021 9:20,47,247
5/2/2021 9:25,47,246
5/2/2021 9:30,47,246
5/2/2021 9:35,47,246
5/2/2021 9:40,47,245
5/2/2021 9:45,47,245
5/2/2021 9:50,47,245
5/2/2021 9:55,47,244
5/2/2021 10:00,47,244
5/2/2021 10:05,47,244
5/2/2021 10:10,47,243
5/2/2021 10:15,47,243
5/2/2021 10:20,47,243
5/2/2021 10:25,47,243
5/2/2021 10:30,47,242
5/2/2021 10:35,47,242
5/2/2021 10:40,47,242
5/2/2021 10:45,47,242
5/2/2021 10:50,47,242
5/2/2021 10:55,47,241
5/2/2021 11:00,47,240
5/2/2021 11:05,47,240
5/2/2021 11:10,47,240
5/2/2021 11:15,47,239
5/2/2021 11:20,47,239
5/2/2021 11:25,47,239
5/2/2021 11:30,47,238
5/2/2021 11:35,47,238
5/2/2021 11:40,47,238
5/2/2021 11:45,47,238
5/2/2021 11:50,47,237
5/2/2021 11:55,47,237
5/2/2021 12:00,47,236
5/2/2021 12:05,47,236
5/2/2021 12:10,47,236
5/2/2021 12:15,47,236
5/2/2021 12:20,47,235
5/2/2021 12:25,47,234
5/2/2021 12:30,47,235
5/2/2021 12:35,47,234
5/2/2021 12:40,47,234
5/2/2021 12:45,47,234
5/2/2021 12:50,47,233
5/2/2021 12:55,47,233
5/2/2021 13:00,47,232
5/2/2021 13:05,47,232
5/2/2021 13:10,47,232
5/2/2021 13:15,47,231
5/2/2021 13:20,47,231
5/2/2021 13:25,47,230
5/2/2021 13:30,47,230
5/2/2021 13:35,47,230
5/2/2021 13:40,47,230
5/2/2021 13:45,47,229
5/2/2021 13:50,47,229
5/2/2021 13:55,47,228
5/2/2021 14:00,47,228
5/2/2021 14:05,47,228
5/2/2021 14:10,47,227
5/2/2021 14:15,47,227
5/2/2021 14:20,47,227
5/2/2021 14:25,47,227
5/2/2021 14:30,47,226
5/2/2021 14:35,47,226
5/2/2021 14:40,47,225
5/2/2021 14:45,47,225
5/2/2021 14:50,47,225
5/2/2021 14:55,47,224
5/2/2021 15:00,47,224
5/2/2021 15:05,47,224
5/2/2021 15:10,47,223
5/2/2021 15:15,47,223
5/2/2021 15:20,47,223
5/2/2021 15:25,47,222
5/2/2021 15:30,47,222
5/2/2021 15:35,47,222
5/2/2021 15:40,47,222
5/2/2021 15:45,47,222
5/2/2021 15:50,47,221
5/2/2021 15:55,47,220
5/2/2021 16:00,47,220
5/2/2021 16:05,47,220
5/2/2021 16:10,47,220
5/2/2021 16:15,47,219
5/2/2021 16:20,47,219
5/2/2021 16:25,47,219
5/2/2021 16:30,47,218
5/2/2021 16:35,47,218
5/2/2021 16:40,47,218
5/2/2021 16:45,47,217
5/2/2021 16:50,47,217
5/2/2021 16:55,47,217
5/2/2021 17:00,47,217
5/2/2021 17:05,47,216
5/2/2021 17:10,47,216
5/2/2021 17:15,47,216
5/2/2021 17:20,47,215
5/2/2021 17:25,47,215
5/2/2021 17:30,47,215
5/2/2021 17:35,47,215
5/2/2021 17:40,47,214
5/2/2021 17:45,47,214
5/2/2021 17:50,47,214
5/2/2021 17:55,47,213
5/2/2021 18:00,47,213
5/2/2021 18:05,47,213
5/2/2021 18:10,47,213
5/2/2021 18:15,47,213
5/2/2021 18:20,47,212
5/2/2021 18:25,47,212
5/2/2021 18:30,47,212
5/2/2021 18:35,47,212
5/2/2021 18:40,47,212
5/2/2021 18:45,47,212
5/2/2021 18:50,47,211
5/2/2021 18:55,47,211
5/2/2021 19:00,47,211
5/2/2021 19:05,47,211
5/2/2021 19:10,47,210
5/2/2021 19:15,47,210
5/2/2021 19:20,47,210
5/2/2021 19:25,47,210
5/2/2021 19:30,47,210
5/2/2021 19:35,47,209
5/2/2021 19:40,47,209
5/2/2021 19:45,47,209
5/2/2021 19:50,47,209
5/2/2021 19:55,47,209
5/2/2021 20:00,47,208
5/2/2021 20:05,47,208
5/2/2021 20:10,47,208
5/2/2021 20:15,47,208
5/2/2021 20:20,47,208
5/2/2021 20:25,47,208
5/2/2021 20:30,47,208
5/2/2021 20:35,47,207
5/2/2021 20:40,47,207
5/2/2021 20:45,47,207
5/2/2021 20:50,47,207
5/2/2021 20:55,47,207
5/2/2021 21:00,47,207
5/2/2021 21:05,47,207
5/2/2021 21:10,47,207
5/2/2021 21:15,47,206
5/2/2021 21:20,47,206
5/2/2021 21:25,47,206
5/2/2021 21:30,47,206
5/2/2021 21:35,47,206
5/2/2021 21:40,47,206
5/2/2021 21:45,47,206
5/2/2021 21:50,47,206
5/2/2021 21:55,47,205
5/2/2021 22:00,47,206
5/2/2021 22:05,47,205
5/2/2021 22:10,47,205
5/2/2021 22:15,47,205
5/2/2021 22:20,47,205
5/2/2021 22:25,47,205
5/2/2021 22:30,47,205
5/2/2021 22:35,47,205
5/2/2021 22:40,47,205
5/2/2021 22:45,47,205
5/2/2021 22:50,47,205
5/2/2021 22:55,47,205
5/2/2021 23:00,47,205
5/2/2021 23:05,47,205
5/2/2021 23:10,47,205
5/2/2021 23:15,47,205
5/2/2021 23:20,47,204
5/2/2021 23:25,47,204
5/2/2021 23:30,47,205
5/2/2021 23:35,47,205
5/2/2021 23:40,47,204
5/2/2021 23:45,47,204
5/2/2021 23:50,47,204
5/2/2021 23:55,47,204
5/3/2021 0:00,47,204
5/3/2021 0:05,47,205
5/3/2021 0:10,47,204
5/3/2021 0:15,47,204
5/3/2021 0:20,47,204
5/3/2021 0:25,47,204
5/3/2021 0:30,47,205
5/3/2021 0:35,47,205
5/3/2021 0:40,47,204
5/3/2021 0:45,47,204
5/3/2021 0:50,47,205
5/3/2021 0:55,47,204
5/3/2021 1:00,47,204
5/3/2021 1:05,47,205
5/3/2021 1:10,47,205
5/3/2021 1:15,47,204
5/3/2021 1:20,47,205
5/3/2021 1:25,47,205
5/3/2021 1:30,47,205
5/3/2021 1:35,47,205
5/3/2021 1:40,47,205
5/3/2021 1:45,47,205
5/3/2021 1:50,47,205
5/3/2021 1:55,47,205
5/3/2021 2:00,47,205
5/3/2021 2:05,47,205
5/3/2021 2:10,47,205
5/3/2021 2:15,47,205
5/3/2021 2:20,47,205
5/3/2021 2:25,47,205
5/3/2021 2:30,47,205
5/3/2021 2:35,47,205
5/3/2021 2:40,47,206
5/3/2021 2:45,47,206
5/3/2021 2:50,47,205
5/3/2021 2:55,47,206
5/3/2021 3:00,47,206
5/3/2021 3:05,47,206
5/3/2021 3:10,47,206
5/3/2021 3:15,47,206
5/3/2021 3:20,47,206
5/3/2021 3:25,47,206
5/3/2021 3:30,47,206
5/3/2021 3:35,47,206
5/3/2021 3:40,47,207
5/3/2021 3:45,47,206
5/3/2021 3:50,47,206
5/3/2021 3:55,47,207
5/3/2021 4:00,47,207
5/3/2021 4:05,47,207
5/3/2021 4:10,47,207
5/3/2021 4:15,47,207
5/3/2021 4:20,47,207
5/3/2021 4:25,47,207
5/3/2021 4:30,47,207
5/3/2021 4:35,47,207
5/3/2021 4:40,47,208
5/3/2021 4:45,47,208
5/3/2021 4:50,47,207
5/3/2021 4:55,47,208
5/3/2021 5:00,47,208
5/3/2021 5:05,47,208
5/3/2021 5:10,47,207
5/3/2021 5:15,47,208
5/3/2021 5:20,47,208
5/3/2021 5:25,47,208
5/3/2021 5:30,47,208
5/3/2021 5:35,47,208
5/3/2021 5:40,47,208
5/3/2021 5:45,47,208
5/3/2021 5:50,47,208
5/3/2021 5:55,47,208
5/3/2021 6:00,47,208
5/3/2021 6:05,47,209
5/3/2021 6:10,47,208
5/3/2021 6:15,47,208
5/3/2021 6:20,47,209
5/3/2021 6:25,47,209
5/3/2021 6:30,47,209
5/3/2021 6:35,47,209
5/3/2021 6:40,47,209
5/3/2021 6:45,47,209
5/3/2021 6:50,47,209
5/3/2021 6:55,47,209
5/3/2021 7:00,47,209
5/3/2021 7:05,47,209
5/3/2021 7:10,47,209
5/3/2021 7:15,47,209
5/3/2021 7:20,47,209
5/3/2021 7:25,47,209
5/3/2021 7:30,47,209
5/3/2021 7:35,47,209
5/3/2021 7:40,47,209
5/3/2021 7:45,47,209
5/3/2021 7:50,47,209
5/3/2021 7:55,47,209
5/3/2021 8:00,47,209
5/3/2021 8:05,47,209
5/3/2021 8:10,47,209
5/3/2021 8:15,47,209
5/3/2021 8:20,47,209
5/3/2021 8:25,47,209
5/3/2021 8:30,47,209
5/3/2021 8:35,47,209
5/3/2021 8:40,47,209
5/3/2021 8:45,47,209
5/3/2021 8:50,47,209
5/3/2021 8:55,47,208
5/3/2021 9:00,47,209
5/3/2021 9:05,47,208
5/3/2021 9:10,47,208
5/3/2021 9:15,47,208
5/3/2021 9:20,47,208
5/3/2021 9:25,47,208
5/3/2021 9:30,47,208
5/3/2021 9:35,47,208
5/3/2021 9:40,47,208
5/3/2021 9:45,47,208
5/3/2021 9:50,47,207
5/3/2021 9:55,47,207
5/3/2021 10:00,47,207
5/3/2021 10:05,47,207
5/3/2021 10:10,47,207
5/3/2021 10:15,47,207
5/3/2021 10:20,47,207
5/3/2021 10:25,47,207
5/3/2021 10:30,47,207
5/3/2021 10:35,47,207
5/3/2021 10:40,47,207
5/3/2021 10:45,47,207
5/3/2021 10:50,47,207
5/3/2021 10:55,47,207
5/3/2021 11:00,47,207
5/3/2021 11:05,47,207
5/3/2021 11:10,47,207
5/3/2021 11:15,47,206
5/3/2021 11:20,47,206
5/3/2021 11:25,47,206
5/3/2021 11:30,47,206
5/3/2021 11:35,47,206
5/3/2021 11:40,47,206
5/3/2021 11:45,47,205
5/3/2021 11:50,47,205
5/3/2021 11:55,47,205
5/3/2021 12:00,47,204
5/3/2021 12:05,47,204
5/3/2021 12:10,47,204
5/3/2021 12:15,47,204
5/3/2021 12:20,47,204
5/3/2021 12:25,47,203
5/3/2021 12:30,47,203
5/3/2021 12:35,47,203
5/3/2021 12:40,47,203
5/3/2021 12:45,47,202
5/3/2021 12:50,47,202
5/3/2021 12:55,47,202
5/3/2021 13:00,47,202
5/3/2021 13:05,47,202
5/3/2021 13:10,47,201
5/3/2021 13:15,47,201
5/3/2021 13:20,47,201
5/3/2021 13:25,47,201
5/3/2021 13:30,47,201
5/3/2021 13:35,47,201
5/3/2021 13:40,47,200
5/3/2021 13:45,47,200
5/3/2021 13:50,47,200
5/3/2021 13:55,47,200
5/3/2021 14:00,47,200
5/3/2021 14:05,47,199
5/3/2021 14:10,47,199
5/3/2021 14:15,47,199
5/3/2021 14:20,47,199
5/3/2021 14:25,47,199
5/3/2021 14:30,47,199
5/3/2021 14:35,47,199
5/3/2021 14:40,47,198
5/3/2021 14:45,47,198
5/3/2021 14:50,47,198
5/3/2021 14:55,47,198
5/3/2021 15:00,47,198
5/3/2021 15:05,47,197
5/3/2021 15:10,47,197
5/3/2021 15:15,47,197
5/3/2021 15:20,47,197
5/3/2021 15:25,47,197
5/3/2021 15:30,47,197
5/3/2021 15:35,47,197
5/3/2021 15:40,47,196
5/3/2021 15:45,47,196
5/3/2021 15:50,47,196
5/3/2021 15:55,47,196
5/3/2021 16:00,47,196
5/3/2021 16:05,47,195
5/3/2021 16:10,47,195
5/3/2021 16:15,47,196
5/3/2021 16:20,47,195
5/3/2021 16:25,47,195
5/3/2021 16:30,47,195
5/3/2021 16:35,47,194
5/3/2021 16:40,47,194
5/3/2021 16:45,47,194
5/3/2021 16:50,47,194
5/3/2021 16:55,47,194
5/3/2021 17:00,47,194
5/3/2021 17:05,47,194
5/3/2021 17:10,47,193
5/3/2021 17:15,47,193
5/3/2021 17:20,47,193
5/3/2021 17:25,47,193
5/3/2021 17:30,47,193
5/3/2021 17:35,47,192
5/3/2021 17:40,47,192
5/3/2021 17:45,47,192
5/3/2021 17:50,47,192
5/3/2021 17:55,47,192
5/3/2021 18:00,47,192
5/3/2021 18:05,47,192
5/3/2021 18:10,47,191
5/3/2021 18:15,47,191
5/3/2021 18:20,47,191
5/3/2021 18:25,47,191
5/3/2021 18:30,47,191
5/3/2021 18:35,47,191
5/3/2021 18:40,47,190
5/3/2021 18:45,47,190
5/3/2021 18:50,47,190
5/3/2021 18:55,47,190
5/3/2021 19:00,47,190
5/3/2021 19:05,47,190
5/3/2021 19:10,47,190
5/3/2021 19:15,47,189
5/3/2021 19:20,47,189
5/3/2021 19:25,47,189
5/3/2021 19:30,47,189
5/3/2021 19:35,47,189
5/3/2021 19:40,47,189
5/3/2021 19:45,47,189
5/3/2021 19:50,47,189
5/3/2021 19:55,47,188
5/3/2021 20:00,47,188
5/3/2021 20:05,47,188
5/3/2021 20:10,47,188
5/3/2021 20:15,47,188
5/3/2021 20:20,47,188
5/3/2021 20:25,47,188
5/3/2021 20:30,47,188
5/3/2021 20:35,47,187
5/3/2021 20:40,47,187
5/3/2021 20:45,47,187
5/3/2021 20:50,47,187
5/3/2021 20:55,47,187
5/3/2021 21:00,47,187
5/3/2021 21:05,47,187
5/3/2021 21:10,47,186
5/3/2021 21:15,47,186
5/3/2021 21:20,47,186
5/3/2021 21:25,47,186
5/3/2021 21:30,47,186
5/3/2021 21:35,47,186
5/3/2021 21:40,47,186
5/3/2021 21:45,47,186
5/3/2021 21:50,47,186
5/3/2021 21:55,47,186
5/3/2021 22:00,47,186
5/3/2021 22:05,47,186
5/3/2021 22:10,47,185
5/3/2021 22:15,47,185
5/3/2021 22:20,47,185
5/3/2021 22:25,47,185
5/3/2021 22:30,47,185
5/3/2021 22:35,47,185
5/3/2021 22:40,47,185
5/3/2021 22:45,47,185
5/3/2021 22:50,47,184
5/3/2021 22:55,47,184
5/3/2021 23:00,47,184
5/3/2021 23:05,47,184
5/3/2021 23:10,47,184
5/3/2021 23:15,47,184
5/3/2021 23:20,47,184
5/3/2021 23:25,47,184
5/3/2021 23:30,47,184
5/3/2021 23:35,47,184
5/3/2021 23:40,47,184
5/3/2021 23:45,47,184
5/3/2021 23:50,47,184
5/3/2021 23:55,47,183
5/4/2021 0:00,47,184
5/4/2021 0:05,47,183
5/4/2021 0:10,47,183
5/4/2021 0:15,47,183
5/4/2021 0:20,47,183
5/4/2021 0:25,47,183
5/4/2021 0:30,47,183
5/4/2021 0:35,47,183
5/4/2021 0:40,47,183
5/4/2021 0:45,47,183
5/4/2021 0:50,47,183
5/4/2021 0:55,47,183
5/4/2021 1:00,47,182
5/4/2021 1:05,47,183
5/4/2021 1:10,47,182
5/4/2021 1:15,47,182
5/4/2021 1:20,47,182
5/4/2021 1:25,47,182
5/4/2021 1:30,47,182
5/4/2021 1:35,47,182
5/4/2021 1:40,47,182
5/4/2021 1:45,47,182
5/4/2021 1:50,47,182
5/4/2021 1:55,47,182
5/4/2021 2:00,47,182
5/4/2021 2:05,47,182
5/4/2021 2:10,47,182
5/4/2021 2:15,47,182
5/4/2021 2:20,47,182
5/4/2021 2:25,47,182
5/4/2021 2:30,47,182
5/4/2021 2:35,47,182
5/4/2021 2:40,47,182
5/4/2021 2:45,47,182
5/4/2021 2:50,47,182
5/4/2021 2:55,47,182
5/4/2021 3:00,47,182
5/4/2021 3:05,47,182
5/4/2021 3:10,47,182
5/4/2021 3:15,47,182
5/4/2021 3:20,47,182
5/4/2021 3:25,47,181
5/4/2021 3:30,47,181
5/4/2021 3:35,47,182
5/4/2021 3:40,47,181
5/4/2021 3:45,47,181
5/4/2021 3:50,47,181
5/4/2021 3:55,47,181
5/4/2021 4:00,47,181
5/4/2021 4:05,47,181
5/4/2021 4:10,47,181
5/4/2021 4:15,47,181
5/4/2021 4:20,47,181
5/4/2021 4:25,47,181
5/4/2021 4:30,47,181
5/4/2021 4:35,47,181
5/4/2021 4:40,47,181
5/4/2021 4:45,47,181
5/4/2021 4:50,47,181
5/4/2021 4:55,47,181
5/4/2021 5:00,47,181
5/4/2021 5:05,47,181
5/4/2021 5:10,47,181
5/4/2021 5:15,47,181
5/4/2021 5:20,47,181
5/4/2021 5:25,47,181
5/4/2021 5:30,47,181
5/4/2021 5:35,47,181
5/4/2021 5:40,47,180
5/4/2021 5:45,47,181
5/4/2021 5:50,47,180
5/4/2021 5:55,47,180
5/4/2021 6:00,47,181
5/4/2021 6:05,47,180
5/4/2021 6:10,47,180
5/4/2021 6:15,47,181
5/4/2021 6:20,47,181
5/4/2021 6:25,47,180
5/4/2021 6:30,47,180
5/4/2021 6:35,47,181
5/4/2021 6:40,47,180
5/4/2021 6:45,47,180
5/4/2021 6:50,47,180
5/4/2021 6:55,47,180
5/4/2021 7:00,47,180
5/4/2021 7:05,47,180
5/4/2021 7:10,47,180
5/4/2021 7:15,47,180
5/4/2021 7:20,47,181
5/4/2021 7:25,47,180
5/4/2021 7:30,47,180
5/4/2021 7:35,47,180
5/4/2021 7:40,47,180
5/4/2021 7:45,47,180
5/4/2021 7:50,47,180
5/4/2021 7:55,47,180
5/4/2021 8:00,47,180
5/4/2021 8:05,47,180
5/4/2021 8:10,47,180
5/4/2021 8:15,47,180
5/4/2021 8:20,47,180
5/4/2021 8:25,47,180
5/4/2021 8:30,47,180
5/4/2021 8:35,47,180
5/4/2021 8:40,47,180
5/4/2021 8:45,47,180
5/4/2021 8:50,47,180
5/4/2021 8:55,47,180
5/4/2021 9:00,47,180
5/4/2021 9:05,47,180
5/4/2021 9:10,47,180
5/4/2021 9:15,47,180
5/4/2021 9:20,47,180
5/4/2021 9:25,47,180
5/4/2021 9:30,47,180
5/4/2021 9:35,47,180
5/4/2021 9:40,47,180
5/4/2021 9:45,47,179
5/4/2021 9:50,47,179
5/4/2021 9:55,47,180
5/4/2021 10:00,47,179
5/4/2021 10:05,47,179
5/4/2021 10:10,47,179
5/4/2021 10:15,47,179
5/4/2021 10:20,47,179
5/4/2021 10:25,47,178
5/4/2021 10:30,47,178
5/4/2021 10:35,47,179
5/4/2021 10:40,47,179
5/4/2021 10:45,47,178
5/4/2021 10:50,47,178
5/4/2021 10:55,47,178
5/4/2021 11:00,47,178
5/4/2021 11:05,47,178
5/4/2021 11:10,47,178
5/4/2021 11:15,47,178
5/4/2021 11:20,47,178
5/4/2021 11:25,47,178
5/4/2021 11:30,47,178
5/4/2021 11:35,47,178
5/4/2021 11:40,47,177
5/4/2021 11:45,47,177
5/4/2021 11:50,47,177
5/4/2021 11:55,47,177
5/4/2021 12:00,47,177
5/4/2021 12:05,47,177
5/4/2021 12:10,47,177
5/4/2021 12:15,47,177
5/4/2021 12:20,47,177
5/4/2021 12:25,47,177
5/4/2021 12:30,47,177
5/4/2021 12:35,47,176
5/4/2021 12:40,47,176
5/4/2021 12:45,47,176
5/4/2021 12:50,47,176
5/4/2021 12:55,47,176
5/4/2021 13:00,47,176
5/4/2021 13:05,47,176
5/4/2021 13:10,47,175
5/4/2021 13:15,47,175
5/4/2021 13:20,47,175
5/4/2021 13:25,47,175
5/4/2021 13:30,47,175
5/4/2021 13:35,47,175
5/4/2021 13:40,47,175
5/4/2021 13:45,47,175
5/4/2021 13:50,47,175
5/4/2021 13:55,47,174
5/4/2021 14:00,47,174
5/4/2021 14:05,47,174
5/4/2021 14:10,47,174
5/4/2021 14:15,47,174
5/4/2021 14:20,47,174
5/4/2021 14:25,47,173
5/4/2021 14:30,47,174
5/4/2021 14:35,47,173
5/4/2021 14:40,47,173
5/4/2021 14:45,47,173
5/4/2021 14:50,47,173
5/4/2021 14:55,47,173
5/4/2021 15:00,47,173
5/4/2021 15:05,47,173
5/4/2021 15:10,47,173
5/4/2021 15:15,47,173
5/4/2021 15:20,47,173
5/4/2021 15:25,47,172
5/4/2021 15:30,47,172
5/4/2021 15:35,47,172
5/4/2021 15:40,47,172
5/4/2021 15:45,47,172
5/4/2021 15:50,47,172
5/4/2021 15:55,47,172
5/4/2021 16:00,47,172
5/4/2021 16:05,47,172
5/4/2021 16:10,47,172
5/4/2021 16:15,47,172
5/4/2021 16:20,47,171
5/4/2021 16:25,47,171
5/4/2021 16:30,47,171
5/4/2021 16:35,47,171
5/4/2021 16:40,47,171
5/4/2021 16:45,47,171
5/4/2021 16:50,47,171
5/4/2021 16:55,47,171
5/4/2021 17:00,47,171
5/4/2021 17:05,47,171
5/4/2021 17:10,47,171
5/4/2021 17:15,47,171
5/4/2021 17:20,47,171
5/4/2021 17:25,47,171
5/4/2021 17:30,47,171
5/4/2021 17:35,47,171
5/4/2021 17:40,47,171
5/4/2021 17:45,47,171
5/4/2021 17:50,47,171
5/4/2021 17:55,47,170
5/4/2021 18:00,47,170
5/4/2021 18:05,47,170
5/4/2021 18:10,47,170
5/4/2021 18:15,47,170
5/4/2021 18:20,47,170
5/4/2021 18:25,47,170
5/4/2021 18:30,47,170
5/4/2021 18:35,47,170
5/4/2021 18:40,47,170
5/4/2021 18:45,47,171
5/4/2021 18:50,47,170
5/4/2021 18:55,47,170
5/4/2021 19:00,47,170
5/4/2021 19:05,47,170
5/4/2021 19:10,47,170
5/4/2021 19:15,47,170
5/4/2021 19:20,47,170
5/4/2021 19:25,47,171
5/4/2021 19:30,47,171
5/4/2021 19:35,47,171
5/4/2021 19:40,47,171
5/4/2021 19:45,47,171
5/4/2021 19:50,47,171
5/4/2021 19:55,47,171
5/4/2021 20:00,47,171
5/4/2021 20:05,47,171
5/4/2021 20:10,47,171
5/4/2021 20:15,47,171
5/4/2021 20:20,47,171
5/4/2021 20:25,47,172
5/4/2021 20:30,47,172
5/4/2021 20:35,47,172
5/4/2021 20:40,47,172
5/4/2021 20:45,47,172
5/4/2021 20:50,47,172
5/4/2021 20:55,47,172
5/4/2021 21:00,47,172
5/4/2021 21:05,47,172
5/4/2021 21:10,47,172
5/4/2021 21:15,47,172
5/4/2021 21:20,47,173
5/4/2021 21:25,47,173
5/4/2021 21:30,47,172
5/4/2021 21:35,47,173
5/4/2021 21:40,47,173
5/4/2021 21:45,47,173
5/4/2021 21:50,47,173
5/4/2021 21:55,47,173
5/4/2021 22:00,47,173
5/4/2021 22:05,47,173
5/4/2021 22:10,47,173
5/4/2021 22:15,47,173
5/4/2021 22:20,47,173
5/4/2021 22:25,47,173
5/4/2021 22:30,47,173
5/4/2021 22:35,47,173
5/4/2021 22:40,47,173
5/4/2021 22:45,47,173
5/4/2021 22:50,47,173
5/4/2021 22:55,47,173
5/4/2021 23:00,47,173
5/4/2021 23:05,47,174
5/4/2021 23:10,47,174
5/4/2021 23:15,47,174
5/4/2021 23:20,47,174
5/4/2021 23:25,47,174
5/4/2021 23:30,47,174
5/4/2021 23:35,47,174
5/4/2021 23:40,47,174
5/4/2021 23:45,47,174
5/4/2021 23:50,47,175
5/4/2021 23:55,47,175
5/5/2021 0:00,47,175
5/5/2021 0:05,47,176
5/5/2021 0:10,47,176
5/5/2021 0:15,47,176
5/5/2021 0:20,47,176
5/5/2021 0:25,47,176
5/5/2021 0:30,47,177
5/5/2021 0:35,47,177
5/5/2021 0:40,47,177
5/5/2021 0:45,47,177
5/5/2021 0:50,47,177
5/5/2021 0:55,47,177
5/5/2021 1:00,47,178
5/5/2021 1:05,47,178
5/5/2021 1:10,47,178
5/5/2021 1:15,47,178
5/5/2021 1:20,47,179
5/5/2021 1:25,47,179
5/5/2021 1:30,47,179
5/5/2021 1:35,47,179
5/5/2021 1:40,47,180
5/5/2021 1:45,47,180
5/5/2021 1:50,47,180
5/5/2021 1:55,47,180
5/5/2021 2:00,47,181
5/5/2021 2:05,47,181
5/5/2021 2:10,47,181
5/5/2021 2:15,47,181
5/5/2021 2:20,47,181
5/5/2021 2:25,47,182
5/5/2021 2:30,47,182
5/5/2021 2:35,47,182
5/5/2021 2:40,47,182
5/5/2021 2:45,47,182
5/5/2021 2:50,47,183
5/5/2021 2:55,47,183
5/5/2021 3:00,47,183
5/5/2021 3:05,47,183
5/5/2021 3:10,47,184
5/5/2021 3:15,47,184
5/5/2021 3:20,47,184
5/5/2021 3:25,47,184
5/5/2021 3:30,47,184
5/5/2021 3:35,47,185
5/5/2021 3:40,47,185
5/5/2021 3:45,47,185
5/5/2021 3:50,47,185
5/5/2021 3:55,47,186
5/5/2021 4:00,47,186
5/5/2021 4:05,47,186
5/5/2021 4:10,47,186
5/5/2021 4:15,47,186
5/5/2021 4:20,47,187
5/5/2021 4:25,47,187
5/5/2021 4:30,47,187
5/5/2021 4:35,47,188
5/5/2021 4:40,47,188
5/5/2021 4:45,47,188
5/5/2021 4:50,47,188
5/5/2021 4:55,47,188
5/5/2021 5:00,47,189
5/5/2021 5:05,47,189
5/5/2021 5:10,47,189
5/5/2021 5:15,47,189
5/5/2021 5:20,47,190
5/5/2021 5:25,47,190
5/5/2021 5:30,47,190
5/5/2021 5:35,47,190
5/5/2021 5:40,47,190
5/5/2021 5:45,47,191
5/5/2021 5:50,47,191
5/5/2021 5:55,47,191
5/5/2021 6:00,47,191
5/5/2021 6:05,47,191
5/5/2021 6:10,47,192
5/5/2021 6:15,47,192
5/5/2021 6:20,47,192
5/5/2021 6:25,47,192
5/5/2021 6:30,47,192
5/5/2021 6:35,47,192
5/5/2021 6:40,47,193
5/5/2021 6:45,47,193
5/5/2021 6:50,47,193
5/5/2021 6:55,47,193
5/5/2021 7:00,47,193
5/5/2021 7:05,47,194
5/5/2021 7:10,47,194
5/5/2021 7:15,47,194
5/5/2021 7:20,47,194
5/5/2021 7:25,47,194
5/5/2021 7:30,47,195
5/5/2021 7:35,47,195
5/5/2021 7:40,47,194
5/5/2021 7:45,47,195
5/5/2021 7:50,47,195
5/5/2021 7:55,47,195
5/5/2021 8:00,47,195
5/5/2021 8:05,47,195
5/5/2021 8:10,47,195
5/5/2021 8:15,47,196
5/5/2021 8:20,47,196
5/5/2021 8:25,47,195
5/5/2021 8:30,47,195
5/5/2021 8:35,47,196
5/5/2021 8:40,47,195
5/5/2021 8:45,47,196
5/5/2021 8:50,47,196
5/5/2021 8:55,47,196
5/5/2021 9:00,47,196
5/5/2021 9:05,47,196
5/5/2021 9:10,47,196
5/5/2021 9:15,47,196
5/5/2021 9:20,47,196
5/5/2021 9:25,47,196
5/5/2021 9:30,47,196
5/5/2021 9:35,47,196
5/5/2021 9:40,47,196
5/5/2021 9:45,47,196
5/5/2021 9:50,47,196
5/5/2021 9:55,47,196
5/5/2021 10:00,47,196
5/5/2021 10:05,47,196
5/5/2021 10:10,47,196
5/5/2021 10:15,47,195
5/5/2021 10:20,47,195
5/5/2021 10:25,47,195
5/5/2021 10:30,47,195
5/5/2021 10:35,47,195
5/5/2021 10:40,47,195
5/5/2021 10:45,47,195
5/5/2021 10:50,47,195
5/5/2021 10:55,47,194
5/5/2021 11:00,47,194
5/5/2021 11:05,47,194
5/5/2021 11:10,47,194
5/5/2021 11:15,47,194
5/5/2021 11:20,47,194
5/5/2021 11:25,47,193
5/5/2021 11:30,47,193
5/5/2021 11:35,47,193
5/5/2021 11:40,47,193
5/5/2021 11:45,47,193
5/5/2021 11:50,47,193
5/5/2021 11:55,47,193
5/5/2021 12:00,47,193
5/5/2021 12:05,47,192
5/5/2021 12:10,47,192
5/5/2021 12:15,47,192
5/5/2021 12:20,47,192
5/5/2021 12:25,47,192
5/5/2021 12:30,47,192
5/5/2021 12:35,47,192
5/5/2021 12:40,47,191
5/5/2021 12:45,47,191
5/5/2021 12:50,47,191
5/5/2021 12:55,47,191
5/5/2021 13:00,47,191
5/5/2021 13:05,47,191
5/5/2021 13:10,47,190
5/5/2021 13:15,47,190
5/5/2021 13:20,47,190
5/5/2021 13:25,47,190
5/5/2021 13:30,47,190
5/5/2021 13:35,47,190
5/5/2021 13:40,47,190
5/5/2021 13:45,47,189
5/5/2021 13:50,47,189
5/5/2021 13:55,47,189
5/5/2021 14:00,47,189
5/5/2021 14:05,47,189
5/5/2021 14:10,47,188
5/5/2021 14:15,47,188
5/5/2021 14:20,47,188
5/5/2021 14:25,47,188
5/5/2021 14:30,47,188
5/5/2021 14:35,47,188
5/5/2021 14:40,47,188
5/5/2021 14:45,47,187
5/5/2021 14:50,47,187
5/5/2021 14:55,47,187
5/5/2021 15:00,47,187
5/5/2021 15:05,47,187
5/5/2021 15:10,47,186
5/5/2021 15:15,47,186
5/5/2021 15:20,47,186
5/5/2021 15:25,47,186
5/5/2021 15:30,47,186
5/5/2021 15:35,47,186
5/5/2021 15:40,47,185
5/5/2021 15:45,47,185
5/5/2021 15:50,47,185
5/5/2021 15:55,47,185
5/5/2021 16:00,47,185
5/5/2021 16:05,47,184
5/5/2021 16:10,47,184
5/5/2021 16:15,47,184
5/5/2021 16:20,47,184
5/5/2021 16:25,47,183
5/5/2021 16:30,47,183
5/5/2021 16:35,47,183
5/5/2021 16:40,47,183
5/5/2021 16:45,47,183
5/5/2021 16:50,47,183
5/5/2021 16:55,47,183
5/5/2021 17:00,47,182
5/5/2021 17:05,47,182
5/5/2021 17:10,47,182
5/5/2021 17:15,47,182
5/5/2021 17:20,47,182
5/5/2021 17:25,47,181
5/5/2021 17:30,47,181
5/5/2021 17:35,47,181
5/5/2021 17:40,47,181
5/5/2021 17:45,47,181
5/5/2021 17:50,47,180
5/5/2021 17:55,47,180
5/5/2021 18:00,47,180
5/5/2021 18:05,47,180
5/5/2021 18:10,47,180
5/5/2021 18:15,47,180
5/5/2021 18:20,47,179
5/5/2021 18:25,47,179
5/5/2021 18:30,47,179
5/5/2021 18:35,47,179
5/5/2021 18:40,47,179
5/5/2021 18:45,47,179
5/5/2021 18:50,47,178
5/5/2021 18:55,47,178
5/5/2021 19:00,47,178
5/5/2021 19:05,47,178
5/5/2021 19:10,47,178
5/5/2021 19:15,47,178
5/5/2021 19:20,47,177
5/5/2021 19:25,47,177
5/5/2021 19:30,47,177
5/5/2021 19:35,47,177
5/5/2021 19:40,47,177
5/5/2021 19:45,47,177
5/5/2021 19:50,47,177
5/5/2021 19:55,47,177
5/5/2021 20:00,47,177
5/5/2021 20:05,47,176
5/5/2021 20:10,47,176
5/5/2021 20:15,47,176
5/5/2021 20:20,47,176
5/5/2021 20:25,47,176
5/5/2021 20:30,47,175
5/5/2021 20:35,47,175
5/5/2021 20:40,47,175
5/5/2021 20:45,47,175
5/5/2021 20:50,47,175
5/5/2021 20:55,47,175
5/5/2021 21:00,47,175
5/5/2021 21:05,47,175
5/5/2021 21:10,47,175
5/5/2021 21:15,47,174
5/5/2021 21:20,47,174
5/5/2021 21:25,47,174
5/5/2021 21:30,47,174
5/5/2021 21:35,47,174
5/5/2021 21:40,47,174
5/5/2021 21:45,47,174
5/5/2021 21:50,47,174
5/5/2021 21:55,47,174
5/5/2021 22:00,47,174
5/5/2021 22:05,47,174
5/5/2021 22:10,47,174
5/5/2021 22:15,47,173
5/5/2021 22:20,47,174
5/5/2021 22:25,47,174
5/5/2021 22:30,47,173
5/5/2021 22:35,47,173
5/5/2021 22:40,47,173
5/5/2021 22:45,47,173
5/5/2021 22:50,47,173
5/5/2021 22:55,47,173
5/5/2021 23:00,47,173
5/5/2021 23:05,47,173
5/5/2021 23:10,47,173
5/5/2021 23:15,47,173
5/5/2021 23:20,47,173
5/5/2021 23:25,47,173
5/5/2021 23:30,47,173
5/5/2021 23:35,47,173
5/5/2021 23:40,47,173
5/5/2021 23:45,47,173
5/5/2021 23:50,47,172
5/5/2021 23:55,47,172
5/6/2021 0:00,47,173
5/6/2021 0:05,47,172
5/6/2021 0:10,47,173
5/6/2021 0:15,47,172
5/6/2021 0:20,47,172
5/6/2021 0:25,47,172
5/6/2021 0:30,47,172
5/6/2021 0:35,47,172
5/6/2021 0:40,47,172
5/6/2021 0:45,47,172
5/6/2021 0:50,47,172
5/6/2021 0:55,47,172
5/6/2021 1:00,47,172
5/6/2021 1:05,47,172
5/6/2021 1:10,47,172
5/6/2021 1:15,47,172
5/6/2021 1:20,47,172
5/6/2021 1:25,47,172
5/6/2021 1:30,47,172
5/6/2021 1:35,47,172
5/6/2021 1:40,47,172
5/6/2021 1:45,47,172
5/6/2021 1:50,47,172
5/6/2021 1:55,47,172
5/6/2021 2:00,47,172
5/6/2021 2:05,47,172
5/6/2021 2:10,47,172
5/6/2021 2:15,47,172
5/6/2021 2:20,47,172
5/6/2021 2:25,47,172
5/6/2021 2:30,47,172
5/6/2021 2:35,47,172
5/6/2021 2:40,47,172
5/6/2021 2:45,47,172
5/6/2021 2:50,47,172
5/6/2021 2:55,47,172
5/6/2021 3:00,47,172
5/6/2021 3:05,47,172
5/6/2021 3:10,47,172
5/6/2021 3:15,47,172
5/6/2021 3:20,47,172
5/6/2021 3:25,47,172
5/6/2021 3:30,47,172
5/6/2021 3:35,47,172
5/6/2021 3:40,47,172
5/6/2021 3:45,47,172
5/6/2021 3:50,47,172
5/6/2021 3:55,47,172
5/6/2021 4:00,47,172
5/6/2021 4:05,47,172
5/6/2021 4:10,47,172
5/6/2021 4:15,47,172
5/6/2021 4:20,47,172
5/6/2021 4:25,47,172
5/6/2021 4:30,47,172
5/6/2021 4:35,47,172
5/6/2021 4:40,47,172
5/6/2021 4:45,47,172
5/6/2021 4:50,47,172
5/6/2021 4:55,47,172
5/6/2021 5:00,47,172
5/6/2021 5:05,47,172
5/6/2021 5:10,47,172
5/6/2021 5:15,47,172
5/6/2021 5:20,47,172
5/6/2021 5:25,47,172
5/6/2021 5:30,47,172
5/6/2021 5:35,47,172
5/6/2021 5:40,47,172
5/6/2021 5:45,47,172
5/6/2021 5:50,47,172
5/6/2021 5:55,47,172
5/6/2021 6:00,47,173
5/6/2021 6:05,47,172
5/6/2021 6:10,47,172
5/6/2021 6:15,47,172
5/6/2021 6:20,47,173
5/6/2021 6:25,47,173
5/6/2021 6:30,47,173
5/6/2021 6:35,47,173
5/6/2021 6:40,47,173
5/6/2021 6:45,47,173
5/6/2021 6:50,47,173
5/6/2021 6:55,47,173
5/6/2021 7:00,47,173
5/6/2021 7:05,47,173
5/6/2021 7:10,47,173
5/6/2021 7:15,47,173
5/6/2021 7:20,47,173
5/6/2021 7:25,47,173
5/6/2021 7:30,47,173
5/6/2021 7:35,47,173
5/6/2021 7:40,47,173
5/6/2021 7:45,47,173
5/6/2021 7:50,47,173
5/6/2021 7:55,47,173
5/6/2021 8:00,47,173
5/6/2021 8:05,47,173
5/6/2021 8:10,47,173
5/6/2021 8:15,47,173
5/6/2021 8:20,47,173
5/6/2021 8:25,47,173
5/6/2021 8:30,47,173
5/6/2021 8:35,47,173
5/6/2021 8:40,47,173
5/6/2021 8:45,47,174
5/6/2021 8:50,47,173
5/6/2021 8:55,47,173
5/6/2021 9:00,47,174
5/6/2021 9:05,47,174
5/6/2021 9:10,47,174
5/6/2021 9:15,47,174
5/6/2021 9:20,47,174
5/6/2021 9:25,47,174
5/6/2021 9:30,47,174
5/6/2021 9:35,47,174
5/6/2021 9:40,47,174
5/6/2021 9:45,47,174
5/6/2021 9:50,47,174
5/6/2021 9:55,47,174
5/6/2021 10:00,47,174
5/6/2021 10:05,47,174
5/6/2021 10:10,47,174
5/6/2021 10:15,47,174
5/6/2021 10:20,47,174
5/6/2021 10:25,47,174
5/6/2021 10:30,47,174
5/6/2021 10:35,47,174
5/6/2021 10:40,47,174
5/6/2021 10:45,47,174
5/6/2021 10:50,47,174
5/6/2021 10:55,47,174
5/6/2021 11:00,47,174
5/6/2021 11:05,47,174
5/6/2021 11:10,47,174
5/6/2021 11:15,47,174
5/6/2021 11:20,47,174
5/6/2021 11:25,47,174
5/6/2021 11:30,47,174
5/6/2021 11:35,47,174
5/6/2021 11:40,47,174
5/6/2021 11:45,47,173
5/6/2021 11:50,47,173
5/6/2021 11:55,47,174
5/6/2021 12:00,47,173
5/6/2021 12:05,47,173
5/6/2021 12:10,47,173
5/6/2021 12:15,47,173
5/6/2021 12:20,47,173
5/6/2021 12:25,47,173
5/6/2021 12:30,47,173
5/6/2021 12:35,47,173
5/6/2021 12:40,47,173
5/6/2021 12:45,47,173
5/6/2021 12:50,47,173
5/6/2021 12:55,47,174
5/6/2021 13:00,47,174
5/6/2021 13:05,47,173
5/6/2021 13:10,47,174
5/6/2021 13:15,47,174
5/6/2021 13:20,47,174
5/6/2021 13:25,47,173
5/6/2021 13:30,47,173
5/6/2021 13:35,47,173
5/6/2021 13:40,47,173
5/6/2021 13:45,47,173
5/6/2021 13:50,47,174
5/6/2021 13:55,47,173
5/6/2021 14:00,47,173
5/6/2021 14:05,47,173
5/6/2021 14:10,47,173
5/6/2021 14:15,47,173
5/6/2021 14:20,47,173
5/6/2021 14:25,47,173
5/6/2021 14:30,47,173
5/6/2021 14:35,47,173
5/6/2021 14:40,47,172
5/6/2021 14:45,47,172
5/6/2021 14:50,47,173
5/6/2021 14:55,47,173
5/6/2021 15:00,47,173
5/6/2021 15:05,47,173
5/6/2021 15:10,47,173
5/6/2021 15:15,47,173
5/6/2021 15:20,47,173
5/6/2021 15:25,47,173
5/6/2021 15:30,47,173
5/6/2021 15:35,47,172
5/6/2021 15:40,47,173
5/6/2021 15:45,47,173
5/6/2021 15:50,47,173
5/6/2021 15:55,47,173
5/6/2021 16:00,47,173
5/6/2021 16:05,47,173
5/6/2021 16:10,47,173
5/6/2021 16:15,47,173
5/6/2021 16:20,47,173
5/6/2021 16:25,47,173
5/6/2021 16:30,47,172
5/6/2021 16:35,47,172
5/6/2021 16:40,47,172
5/6/2021 16:45,47,172
5/6/2021 16:50,47,172
5/6/2021 16:55,47,172
5/6/2021 17:00,47,172
5/6/2021 17:05,47,172
5/6/2021 17:10,47,172
5/6/2021 17:15,47,172
5/6/2021 17:20,47,172
5/6/2021 17:25,47,172
5/6/2021 17:30,47,172
5/6/2021 17:35,47,172
5/6/2021 17:40,47,172
5/6/2021 17:45,47,172
5/6/2021 17:50,47,172
5/6/2021 17:55,47,173
5/6/2021 18:00,47,173
5/6/2021 18:05,47,172
5/6/2021 18:10,47,173
5/6/2021 18:15,47,173
5/6/2021 18:20,47,173
5/6/2021 18:25,47,173
5/6/2021 18:30,47,173
5/6/2021 18:35,47,173
5/6/2021 18:40,47,173
5/6/2021 18:45,47,173
5/6/2021 18:50,47,173
5/6/2021 18:55,47,174
5/6/2021 19:00,47,174
5/6/2021 19:05,47,174
5/6/2021 19:10,47,174
5/6/2021 19:15,47,174
5/6/2021 19:20,47,174
5/6/2021 19:25,47,174
5/6/2021 19:30,47,174
5/6/2021 19:35,47,175
5/6/2021 19:40,47,175
5/6/2021 19:45,47,175
5/6/2021 19:50,47,175
5/6/2021 19:55,47,175
5/6/2021 20:00,47,175
5/6/2021 20:05,47,176
5/6/2021 20:10,47,176
5/6/2021 20:15,47,176
5/6/2021 20:20,47,176
5/6/2021 20:25,47,176
5/6/2021 20:30,47,176
5/6/2021 20:35,47,176
5/6/2021 20:40,47,177
5/6/2021 20:45,47,177
5/6/2021 20:50,47,177
5/6/2021 20:55,47,177
5/6/2021 21:00,47,177
5/6/2021 21:05,47,177
5/6/2021 21:10,47,178
5/6/2021 21:15,47,178
5/6/2021 21:20,47,178
5/6/2021 21:25,47,178
5/6/2021 21:30,47,178
5/6/2021 21:35,47,179
5/6/2021 21:40,47,178
5/6/2021 21:45,47,179
5/6/2021 21:50,47,179
5/6/2021 21:55,47,179
5/6/2021 22:00,47,179
5/6/2021 22:05,47,179
5/6/2021 22:10,47,180
5/6/2021 22:15,47,180
5/6/2021 22:20,47,180
5/6/2021 22:25,47,180
5/6/2021 22:30,47,181
5/6/2021 22:35,47,180
5/6/2021 22:40,47,181
5/6/2021 22:45,47,181
5/6/2021 22:50,47,182
5/6/2021 22:55,47,182
5/6/2021 23:00,47,182
5/6/2021 23:05,47,182
5/6/2021 23:10,47,183
5/6/2021 23:15,47,183
5/6/2021 23:20,47,184
5/6/2021 23:25,47,184
5/6/2021 23:30,47,184
5/6/2021 23:35,47,185
5/6/2021 23:40,47,185
5/6/2021 23:45,47,186
5/6/2021 23:50,47,186
5/6/2021 23:55,47,186
5/7/2021 0:00,47,187
5/7/2021 0:05,47,187
5/7/2021 0:10,47,187
5/7/2021 0:15,47,188
5/7/2021 0:20,47,188
5/7/2021 0:25,47,189
5/7/2021 0:30,47,189
5/7/2021 0:35,47,189
5/7/2021 0:40,47,190
5/7/2021 0:45,47,190
5/7/2021 0:50,47,191
5/7/2021 0:55,47,191
5/7/2021 1:00,47,192
5/7/2021 1:05,47,192
5/7/2021 1:10,47,193
5/7/2021 1:15,47,193
5/7/2021 1:20,47,194
5/7/2021 1:25,47,194
5/7/2021 1:30,47,195
5/7/2021 1:35,47,195
5/7/2021 1:40,47,195
5/7/2021 1:45,47,196
5/7/2021 1:50,47,196
5/7/2021 1:55,47,196
5/7/2021 2:00,47,197
5/7/2021 2:05,47,198
5/7/2021 2:10,47,199
5/7/2021 2:15,47,199
5/7/2021 2:20,47,199
5/7/2021 2:25,47,200
5/7/2021 2:30,47,200
5/7/2021 2:35,47,201
5/7/2021 2:40,47,201
5/7/2021 2:45,47,202
5/7/2021 2:50,47,202
5/7/2021 2:55,47,203
5/7/2021 3:00,47,203
5/7/2021 3:05,47,204
5/7/2021 3:10,47,204
5/7/2021 3:15,47,205
5/7/2021 3:20,47,205
5/7/2021 3:25,47,206
5/7/2021 3:30,47,206
5/7/2021 3:35,47,207
5/7/2021 3:40,47,207
5/7/2021 3:45,47,208
5/7/2021 3:50,47,208
5/7/2021 3:55,47,209
5/7/2021 4:00,47,210
5/7/2021 4:05,47,210
5/7/2021 4:10,47,211
5/7/2021 4:15,47,211
5/7/2021 4:20,47,212
5/7/2021 4:25,47,212
5/7/2021 4:30,47,213
5/7/2021 4:35,47,213
5/7/2021 4:40,47,214
5/7/2021 4:45,47,214
5/7/2021 4:50,47,215
5/7/2021 4:55,47,215
5/7/2021 5:00,47,216
5/7/2021 5:05,47,216
5/7/2021 5:10,47,217
5/7/2021 5:15,47,217
5/7/2021 5:20,47,218
5/7/2021 5:25,47,219
5/7/2021 5:30,47,219
5/7/2021 5:35,47,220
5/7/2021 5:40,47,220
5/7/2021 5:45,47,220
5/7/2021 5:50,47,221
5/7/2021 5:55,47,221
5/7/2021 6:00,47,222
5/7/2021 6:05,47,222
5/7/2021 6:10,47,223
5/7/2021 6:15,47,224
5/7/2021 6:20,47,224
5/7/2021 6:25,47,224
5/7/2021 6:30,47,225
5/7/2021 6:35,47,225
5/7/2021 6:40,47,226
5/7/2021 6:45,47,226
5/7/2021 6:50,47,227
5/7/2021 6:55,47,227
5/7/2021 7:00,47,228
5/7/2021 7:05,47,228
5/7/2021 7:10,47,228
5/7/2021 7:15,47,229
5/7/2021 7:20,47,229
5/7/2021 7:25,47,229
5/7/2021 7:30,47,230
5/7/2021 7:35,47,230
5/7/2021 7:40,47,231
5/7/2021 7:45,47,231
5/7/2021 7:50,47,231
5/7/2021 7:55,47,231
5/7/2021 8:00,47,232
5/7/2021 8:05,47,232
5/7/2021 8:10,47,232
5/7/2021 8:15,47,233
5/7/2021 8:20,47,233
5/7/2021 8:25,47,234
5/7/2021 8:30,47,234
5/7/2021 8:35,47,234
5/7/2021 8:40,47,234
5/7/2021 8:45,47,234
5/7/2021 8:50,47,235
5/7/2021 8:55,47,235
5/7/2021 9:00,47,235
5/7/2021 9:05,47,235
5/7/2021 9:10,47,235
5/7/2021 9:15,47,236
5/7/2021 9:20,47,236
5/7/2021 9:25,47,236
5/7/2021 9:30,47,236
5/7/2021 9:35,47,236
5/7/2021 9:40,47,237
5/7/2021 9:45,47,237
5/7/2021 9:50,47,237
5/7/2021 9:55,47,237
5/7/2021 10:00,47,237
5/7/2021 10:05,47,237
5/7/2021 10:10,47,237
5/7/2021 10:15,47,237
5/7/2021 10:20,47,237
5/7/2021 10:25,47,237
5/7/2021 10:30,47,237
5/7/2021 10:35,47,237
5/7/2021 10:40,47,237
5/7/2021 10:45,47,237
5/7/2021 10:50,47,237
5/7/2021 10:55,47,237
5/7/2021 11:00,47,237
5/7/2021 11:05,47,237
5/7/2021 11:10,47,237
5/7/2021 11:15,47,237
5/7/2021 11:20,47,237
5/7/2021 11:25,47,237
5/7/2021 11:30,47,237
5/7/2021 11:35,47,237
5/7/2021 11:40,47,237
5/7/2021 11:45,47,237
5/7/2021 11:50,47,236
5/7/2021 11:55,47,236
5/7/2021 12:00,47,236
5/7/2021 12:05,47,236
5/7/2021 12:10,47,236
5/7/2021 12:15,47,235
5/7/2021 12:20,47,235
5/7/2021 12:25,47,235
5/7/2021 12:30,47,235
5/7/2021 12:35,47,235
5/7/2021 12:40,47,235
5/7/2021 12:45,47,235
5/7/2021 12:50,47,235
5/7/2021 12:55,47,235
5/7/2021 13:00,47,235
5/7/2021 13:05,47,235
5/7/2021 13:10,47,234
5/7/2021 13:15,47,234
5/7/2021 13:20,47,234
5/7/2021 13:25,47,233
5/7/2021 13:30,47,233
5/7/2021 13:35,47,233
5/7/2021 13:40,47,233
5/7/2021 13:45,47,233
5/7/2021 13:50,47,233
5/7/2021 13:55,47,232
5/7/2021 14:00,47,232
5/7/2021 14:05,47,232
5/7/2021 14:10,47,232
5/7/2021 14:15,47,231
5/7/2021 14:20,47,232
5/7/2021 14:25,47,232
5/7/2021 14:30,47,231
5/7/2021 14:35,47,232
5/7/2021 14:40,47,231
5/7/2021 14:45,47,231
5/7/2021 14:50,47,230
5/7/2021 14:55,47,230
5/7/2021 15:00,47,229
5/7/2021 15:05,47,229
5/7/2021 15:10,47,229
5/7/2021 15:15,47,229
5/7/2021 15:20,47,228
5/7/2021 15:25,47,228
5/7/2021 15:30,47,228
5/7/2021 15:35,47,227
5/7/2021 15:40,47,227
5/7/2021 15:45,47,227
5/7/2021 15:50,47,226
5/7/2021 15:55,47,226
5/7/2021 16:00,47,226
5/7/2021 16:05,47,226
5/7/2021 16:10,47,225
5/7/2021 16:15,47,225
5/7/2021 16:20,47,225
5/7/2021 16:25,47,224
5/7/2021 16:30,47,224
5/7/2021 16:35,47,224
5/7/2021 16:40,47,224
5/7/2021 16:45,47,223
5/7/2021 16:50,47,223
5/7/2021 16:55,47,223
5/7/2021 17:00,47,222
5/7/2021 17:05,47,222
5/7/2021 17:10,47,222
5/7/2021 17:15,47,221
5/7/2021 17:20,47,221
5/7/2021 17:25,47,221
5/7/2021 17:30,47,221
5/7/2021 17:35,47,220
5/7/2021 17:40,47,220
5/7/2021 17:45,47,219
5/7/2021 17:50,47,219
5/7/2021 17:55,47,219
5/7/2021 18:00,47,219
5/7/2021 18:05,47,218
5/7/2021 18:10,47,217
5/7/2021 18:15,47,217
5/7/2021 18:20,47,217
5/7/2021 18:25,47,217
5/7/2021 18:30,47,216
5/7/2021 18:35,47,216
5/7/2021 18:40,47,216
5/7/2021 18:45,47,215
5/7/2021 18:50,47,215
5/7/2021 18:55,47,215
5/7/2021 19:00,47,215
5/7/2021 19:05,47,214
5/7/2021 19:10,47,214
5/7/2021 19:15,47,214
5/7/2021 19:20,47,213
5/7/2021 19:25,47,213
5/7/2021 19:30,47,212
5/7/2021 19:35,47,212
5/7/2021 19:40,47,212
5/7/2021 19:45,47,211
5/7/2021 19:50,47,211
5/7/2021 19:55,47,211
5/7/2021 20:00,47,211
5/7/2021 20:05,47,211
5/7/2021 20:10,47,211
5/7/2021 20:15,47,210
5/7/2021 20:20,47,210
5/7/2021 20:25,47,210
5/7/2021 20:30,47,209
5/7/2021 20:35,47,209
5/7/2021 20:40,47,209
5/7/2021 20:45,47,209
5/7/2021 20:50,47,208
5/7/2021 20:55,47,208
5/7/2021 21:00,47,208
5/7/2021 21:05,47,207
5/7/2021 21:10,47,207
5/7/2021 21:15,47,207
5/7/2021 21:20,47,207
5/7/2021 21:25,47,206
5/7/2021 21:30,47,206
5/7/2021 21:35,47,206
5/7/2021 21:40,47,206
5/7/2021 21:45,47,206
5/7/2021 21:50,47,205
5/7/2021 21:55,47,205
5/7/2021 22:00,47,205
5/7/2021 22:05,47,205
5/7/2021 22:10,47,205
5/7/2021 22:15,47,205
5/7/2021 22:20,47,204
5/7/2021 22:25,47,204
5/7/2021 22:30,47,204
5/7/2021 22:35,47,204
5/7/2021 22:40,47,203
5/7/2021 22:45,47,203
5/7/2021 22:50,47,203
5/7/2021 22:55,47,203
5/7/2021 23:00,47,203
5/7/2021 23:05,47,203
5/7/2021 23:10,47,203
5/7/2021 23:15,47,202
5/7/2021 23:20,47,202
5/7/2021 23:25,47,202
5/7/2021 23:30,47,202
5/7/2021 23:35,47,202
5/7/2021 23:40,47,202
5/7/2021 23:45,47,201
5/7/2021 23:50,47,201
5/7/2021 23:55,47,201
5/8/2021 0:00,47,201
5/8/2021 0:05,47,201
5/8/2021 0:10,47,201
5/8/2021 0:15,47,200
5/8/2021 0:20,47,200
5/8/2021 0:25,47,200
5/8/2021 0:30,47,200
5/8/2021 0:35,47,200
5/8/2021 0:40,47,200
5/8/2021 0:45,47,200
5/8/2021 0:50,47,199
5/8/2021 0:55,47,199
5/8/2021 1:00,47,199
5/8/2021 1:05,47,199
5/8/2021 1:10,47,199
5/8/2021 1:15,47,199
5/8/2021 1:20,47,199
5/8/2021 1:25,47,198
5/8/2021 1:30,47,198
5/8/2021 1:35,47,199
5/8/2021 1:40,47,198
5/8/2021 1:45,47,198
5/8/2021 1:50,47,198
5/8/2021 1:55,47,198
5/8/2021 2:00,47,198
5/8/2021 2:05,47,198
5/8/2021 2:10,47,197
5/8/2021 2:15,47,197
5/8/2021 2:20,47,197
5/8/2021 2:25,47,197
5/8/2021 2:30,47,197
5/8/2021 2:35,47,197
5/8/2021 2:40,47,197
5/8/2021 2:45,47,197
5/8/2021 2:50,47,196
5/8/2021 2:55,47,196
5/8/2021 3:00,47,196
5/8/2021 3:05,47,196
5/8/2021 3:10,47,196
5/8/2021 3:15,47,196
5/8/2021 3:20,47,196
5/8/2021 3:25,47,196
5/8/2021 3:30,47,195
5/8/2021 3:35,47,196
5/8/2021 3:40,47,196
5/8/2021 3:45,47,196
5/8/2021 3:50,47,195
5/8/2021 3:55,47,195
5/8/2021 4:00,47,195
5/8/2021 4:05,47,195
5/8/2021 4:10,47,195
5/8/2021 4:15,47,195
5/8/2021 4:20,47,195
5/8/2021 4:25,47,195
5/8/2021 4:30,47,195
5/8/2021 4:35,47,195
5/8/2021 4:40,47,195
5/8/2021 4:45,47,195
5/8/2021 4:50,47,194
5/8/2021 4:55,47,194
5/8/2021 5:00,47,194
5/8/2021 5:05,47,194
5/8/2021 5:10,47,194
5/8/2021 5:15,47,194
5/8/2021 5:20,47,194
5/8/2021 5:25,47,194
5/8/2021 5:30,47,194
5/8/2021 5:35,47,194
5/8/2021 5:40,47,194
5/8/2021 5:45,47,193
5/8/2021 5:50,47,193
5/8/2021 5:55,47,193
5/8/2021 6:00,47,193
5/8/2021 6:05,47,193
5/8/2021 6:10,47,193
5/8/2021 6:15,47,193
5/8/2021 6:20,47,193
5/8/2021 6:25,47,193
5/8/2021 6:30,47,193
5/8/2021 6:35,47,192
5/8/2021 6:40,47,192
5/8/2021 6:45,47,192
5/8/2021 6:50,47,192
5/8/2021 6:55,47,192
5/8/2021 7:00,47,192
5/8/2021 7:05,47,192
5/8/2021 7:10,47,191
5/8/2021 7:15,47,192
5/8/2021 7:20,47,191
5/8/2021 7:25,47,191
5/8/2021 7:30,47,191
5/8/2021 7:35,47,191
5/8/2021 7:40,47,191
5/8/2021 7:45,47,191
5/8/2021 7:50,47,190
5/8/2021 7:55,47,190
5/8/2021 8:00,47,190
5/8/2021 8:05,47,190
5/8/2021 8:10,47,190
5/8/2021 8:15,47,190
5/8/2021 8:20,47,189
5/8/2021 8:25,47,189
5/8/2021 8:30,47,189
5/8/2021 8:35,47,189
5/8/2021 8:40,47,189
5/8/2021 8:45,47,188
5/8/2021 8:50,47,188
5/8/2021 8:55,47,188
5/8/2021 9:00,47,188
5/8/2021 9:05,47,188
5/8/2021 9:10,47,187
5/8/2021 9:15,47,187
5/8/2021 9:20,47,187
5/8/2021 9:25,47,186
5/8/2021 9:30,47,186
5/8/2021 9:35,47,186
5/8/2021 9:40,47,186
5/8/2021 9:45,47,186
5/8/2021 9:50,47,186
5/8/2021 9:55,47,185
5/8/2021 10:00,47,185
5/8/2021 10:05,47,185
5/8/2021 10:10,47,185
5/8/2021 10:15,47,184
5/8/2021 10:20,47,184
5/8/2021 10:25,47,184
5/8/2021 10:30,47,184
5/8/2021 10:35,47,184
5/8/2021 10:40,47,184
5/8/2021 10:45,47,183
5/8/2021 10:50,47,183
5/8/2021 10:55,47,183
5/8/2021 11:00,47,183
5/8/2021 11:05,47,183
5/8/2021 11:10,47,182
5/8/2021 11:15,47,182
5/8/2021 11:20,47,182
5/8/2021 11:25,47,182
5/8/2021 11:30,47,182
5/8/2021 11:35,47,181
5/8/2021 11:40,47,181
5/8/2021 11:45,47,181
5/8/2021 11:50,47,181
5/8/2021 11:55,47,181
5/8/2021 12:00,47,181
5/8/2021 12:05,47,180
5/8/2021 12:10,47,180
5/8/2021 12:15,47,180
5/8/2021 12:20,47,180
5/8/2021 12:25,47,180
5/8/2021 12:30,47,179
5/8/2021 12:35,47,179
5/8/2021 12:40,47,179
5/8/2021 12:45,47,179
5/8/2021 12:50,47,179
5/8/2021 12:55,47,179
5/8/2021 13:00,47,178
5/8/2021 13:05,47,178
5/8/2021 13:10,47,178
5/8/2021 13:15,47,178
5/8/2021 13:20,47,178
5/8/2021 13:25,47,177
5/8/2021 13:30,47,177
5/8/2021 13:35,47,177
5/8/2021 13:40,47,177
5/8/2021 13:45,47,177
5/8/2021 13:50,47,177
5/8/2021 13:55,47,177
5/8/2021 14:00,47,176
5/8/2021 14:05,47,176
5/8/2021 14:10,47,176
5/8/2021 14:15,47,176
5/8/2021 14:20,47,175
5/8/2021 14:25,47,175
5/8/2021 14:30,47,175
5/8/2021 14:35,47,175
5/8/2021 14:40,47,175
5/8/2021 14:45,47,175
5/8/2021 14:50,47,175
5/8/2021 14:55,47,174
5/8/2021 15:00,47,174
5/8/2021 15:05,47,174
5/8/2021 15:10,47,174
5/8/2021 15:15,47,174
5/8/2021 15:20,47,174
5/8/2021 15:25,47,173
5/8/2021 15:30,47,173
5/8/2021 15:35,47,173
5/8/2021 15:40,47,173
5/8/2021 15:45,47,173
5/8/2021 15:50,47,173
5/8/2021 15:55,47,172
5/8/2021 16:00,47,172
5/8/2021 16:05,47,172
5/8/2021 16:10,47,172
5/8/2021 16:15,47,172
5/8/2021 16:20,47,172
5/8/2021 16:25,47,171
5/8/2021 16:30,47,171
5/8/2021 16:35,47,171
5/8/2021 16:40,47,171
5/8/2021 16:45,47,170
5/8/2021 16:50,47,171
5/8/2021 16:55,47,170
5/8/2021 17:00,47,170
5/8/2021 17:05,47,170
5/8/2021 17:10,47,170
5/8/2021 17:15,47,169
5/8/2021 17:20,47,169
5/8/2021 17:25,47,169
5/8/2021 17:30,47,169
5/8/2021 17:35,47,169
5/8/2021 17:40,47,168
5/8/2021 17:45,47,168
5/8/2021 17:50,47,168
5/8/2021 17:55,47,168
5/8/2021 18:00,47,168
5/8/2021 18:05,47,167
5/8/2021 18:10,47,167
5/8/2021 18:15,47,167
5/8/2021 18:20,47,166
5/8/2021 18:25,47,167
5/8/2021 18:30,47,166
5/8/2021 18:35,47,166
5/8/2021 18:40,47,166
5/8/2021 18:45,47,166
5/8/2021 18:50,47,166
5/8/2021 18:55,47,166
5/8/2021 19:00,47,165
5/8/2021 19:05,47,165
5/8/2021 19:10,47,165
5/8/2021 19:15,47,165
5/8/2021 19:20,47,165
5/8/2021 19:25,47,165
5/8/2021 19:30,47,165
5/8/2021 19:35,47,164
5/8/2021 19:40,47,164
5/8/2021 19:45,47,164
5/8/2021 19:50,47,164
5/8/2021 19:55,47,164
5/8/2021 20:00,47,164
5/8/2021 20:05,47,163
5/8/2021 20:10,47,163
5/8/2021 20:15,47,163
5/8/2021 20:20,47,163
5/8/2021 20:25,47,163
5/8/2021 20:30,47,163
5/8/2021 20:35,47,163
5/8/2021 20:40,47,163
5/8/2021 20:45,47,162
5/8/2021 20:50,47,162
5/8/2021 20:55,47,162
5/8/2021 21:00,47,162
5/8/2021 21:05,47,162
5/8/2021 21:10,47,162
5/8/2021 21:15,47,162
5/8/2021 21:20,47,162
5/8/2021 21:25,47,162
5/8/2021 21:30,47,161
5/8/2021 21:35,47,161
5/8/2021 21:40,47,161
5/8/2021 21:45,47,161
5/8/2021 21:50,47,161
5/8/2021 21:55,47,161
5/8/2021 22:00,47,161
5/8/2021 22:05,47,161
5/8/2021 22:10,47,160
5/8/2021 22:15,47,160
5/8/2021 22:20,47,160
5/8/2021 22:25,47,160
5/8/2021 22:30,47,160
5/8/2021 22:35,47,160
5/8/2021 22:40,47,160
5/8/2021 22:45,47,160
5/8/2021 22:50,47,160
5/8/2021 22:55,47,159
5/8/2021 23:00,47,159
5/8/2021 23:05,47,159
5/8/2021 23:10,47,159
5/8/2021 23:15,47,159
5/8/2021 23:20,47,159
5/8/2021 23:25,47,159
5/8/2021 23:30,47,158
5/8/2021 23:35,47,158
5/8/2021 23:40,47,158
5/8/2021 23:45,47,158
5/8/2021 23:50,47,158
5/8/2021 23:55,47,158
5/9/2021 0:00,47,158
5/9/2021 0:05,47,157
5/9/2021 0:10,47,157
5/9/2021 0:15,47,157
5/9/2021 0:20,47,157
5/9/2021 0:25,47,157
5/9/2021 0:30,47,157
5/9/2021 0:35,47,157
5/9/2021 0:40,47,157
5/9/2021 0:45,47,156
5/9/2021 0:50,47,156
5/9/2021 0:55,47,156
5/9/2021 1:00,47,156
5/9/2021 1:05,47,156
5/9/2021 1:10,47,156
5/9/2021 1:15,47,156
5/9/2021 1:20,47,156
5/9/2021 1:25,47,156
5/9/2021 1:30,47,156
5/9/2021 1:35,47,156
5/9/2021 1:40,47,156
5/9/2021 1:45,47,155
5/9/2021 1:50,47,155
5/9/2021 1:55,47,155
5/9/2021 2:00,47,155
5/9/2021 2:05,47,155
5/9/2021 2:10,47,155
5/9/2021 2:15,47,155
5/9/2021 2:20,47,155
5/9/2021 2:25,47,154
5/9/2021 2:30,47,154
5/9/2021 2:35,47,154
5/9/2021 2:40,47,154
5/9/2021 2:45,47,154
5/9/2021 2:50,47,154
5/9/2021 2:55,47,154
5/9/2021 3:00,47,154
5/9/2021 3:05,47,154
5/9/2021 3:10,47,153
5/9/2021 3:15,47,153
5/9/2021 3:20,47,153
5/9/2021 3:25,47,153
5/9/2021 3:30,47,153
5/9/2021 3:35,47,153
5/9/2021 3:40,47,153
5/9/2021 3:45,47,153
5/9/2021 3:50,47,152
5/9/2021 3:55,47,152
5/9/2021 4:00,47,152
5/9/2021 4:05,47,152
5/9/2021 4:10,47,152
5/9/2021 4:15,47,152
5/9/2021 4:20,47,152
5/9/2021 4:25,47,152
5/9/2021 4:30,47,152
5/9/2021 4:35,47,152
5/9/2021 4:40,47,152
5/9/2021 4:45,47,152
5/9/2021 4:50,47,151
5/9/2021 4:55,47,151
5/9/2021 5:00,47,151
5/9/2021 5:05,47,151
5/9/2021 5:10,47,151
5/9/2021 5:15,47,151
5/9/2021 5:20,47,151
5/9/2021 5:25,47,151
5/9/2021 5:30,47,150
5/9/2021 5:35,47,150
5/9/2021 5:40,47,150
5/9/2021 5:45,47,150
5/9/2021 5:50,47,150
5/9/2021 5:55,47,150
5/9/2021 6:00,47,150
5/9/2021 6:05,47,150
5/9/2021 6:10,47,150
5/9/2021 6:15,47,149
5/9/2021 6:20,47,149
5/9/2021 6:25,47,149
5/9/2021 6:30,47,149
5/9/2021 6:35,47,149
5/9/2021 6:40,47,149
5/9/2021 6:45,47,149
5/9/2021 6:50,47,149
5/9/2021 6:55,47,149
5/9/2021 7:00,47,149
5/9/2021 7:05,47,148
5/9/2021 7:10,47,148
5/9/2021 7:15,47,148
5/9/2021 7:20,47,148
5/9/2021 7:25,47,148
5/9/2021 7:30,47,148
5/9/2021 7:35,47,148
5/9/2021 7:40,47,148
5/9/2021 7:45,47,148
5/9/2021 7:50,47,148
5/9/2021 7:55,47,148
5/9/2021 8:00,47,148
5/9/2021 8:05,47,148
5/9/2021 8:10,47,148
5/9/2021 8:15,47,148
5/9/2021 8:20,47,147
5/9/2021 8:25,47,147
5/9/2021 8:30,47,147
5/9/2021 8:35,47,147
5/9/2021 8:40,47,147
5/9/2021 8:45,47,147
5/9/2021 8:50,47,147
5/9/2021 8:55,47,147
5/9/2021 9:00,47,147
5/9/2021 9:05,47,147
5/9/2021 9:10,47,147
5/9/2021 9:15,47,147
5/9/2021 9:20,47,147
5/9/2021 9:25,47,147
5/9/2021 9:30,47,147
5/9/2021 9:35,47,146
5/9/2021 9:40,47,146
5/9/2021 9:45,47,146
5/9/2021 9:50,47,146
5/9/2021 9:55,47,146
5/9/2021 10:00,47,146
5/9/2021 10:05,47,146
5/9/2021 10:10,47,146
5/9/2021 10:15,47,146
5/9/2021 10:20,47,146
5/9/2021 10:25,47,146
5/9/2021 10:30,47,146
5/9/2021 10:35,47,146
5/9/2021 10:40,47,146
5/9/2021 10:45,47,146
5/9/2021 10:50,47,146
5/9/2021 10:55,47,146
5/9/2021 11:00,47,146
5/9/2021 11:05,47,146
5/9/2021 11:10,47,146
5/9/2021 11:15,47,146
5/9/2021 11:20,47,145
5/9/2021 11:25,47,146
5/9/2021 11:30,47,146
5/9/2021 11:35,47,145
5/9/2021 11:40,47,146
5/9/2021 11:45,47,145
5/9/2021 11:50,47,145
5/9/2021 11:55,47,145
5/9/2021 12:00,47,145
5/9/2021 12:05,47,145
5/9/2021 12:10,47,145
5/9/2021 12:15,47,145
5/9/2021 12:20,47,145
5/9/2021 12:25,47,145
5/9/2021 12:30,47,145
5/9/2021 12:35,47,145
5/9/2021 12:40,47,144
5/9/2021 12:45,47,144
5/9/2021 12:50,47,144
5/9/2021 12:55,47,144
5/9/2021 13:00,47,144
5/9/2021 13:05,47,144
5/9/2021 13:10,47,144
5/9/2021 13:15,47,144
5/9/2021 13:20,47,144
5/9/2021 13:25,47,144
5/9/2021 13:30,47,144
5/9/2021 13:35,47,144
5/9/2021 13:40,47,143
5/9/2021 13:45,47,143
5/9/2021 13:50,47,143
5/9/2021 13:55,47,143
5/9/2021 14:00,47,143
5/9/2021 14:05,47,143
5/9/2021 14:10,47,143
5/9/2021 14:15,47,143
5/9/2021 14:20,47,143
5/9/2021 14:25,47,142
5/9/2021 14:30,47,142
5/9/2021 14:35,47,143
5/9/2021 14:40,47,142
5/9/2021 14:45,47,142
5/9/2021 14:50,47,142
5/9/2021 14:55,47,142
5/9/2021 15:00,47,142
5/9/2021 15:05,47,142
5/9/2021 15:10,47,142
5/9/2021 15:15,47,142
5/9/2021 15:20,47,142
5/9/2021 15:25,47,141
5/9/2021 15:30,47,141
5/9/2021 15:35,47,141
5/9/2021 15:40,47,141
5/9/2021 15:45,47,141
5/9/2021 15:50,47,141
5/9/2021 15:55,47,141
5/9/2021 16:00,47,141
5/9/2021 16:05,47,140
5/9/2021 16:10,47,140
5/9/2021 16:15,47,140
5/9/2021 16:20,47,140
5/9/2021 16:25,47,140
5/9/2021 16:30,47,140
5/9/2021 16:35,47,140
5/9/2021 16:40,47,140
5/9/2021 16:45,47,140
5/9/2021 16:50,47,140
5/9/2021 16:55,47,140
5/9/2021 17:00,47,139
5/9/2021 17:05,47,139
5/9/2021 17:10,47,139
5/9/2021 17:15,47,139
5/9/2021 17:20,47,139
5/9/2021 17:25,47,139
5/9/2021 17:30,47,139
5/9/2021 17:35,47,139
5/9/2021 17:40,47,139
5/9/2021 17:45,47,139
5/9/2021 17:50,47,139
5/9/2021 17:55,47,139
5/9/2021 18:00,47,138
5/9/2021 18:05,47,138
5/9/2021 18:10,47,138
5/9/2021 18:15,47,138
5/9/2021 18:20,47,138
5/9/2021 18:25,47,138
5/9/2021 18:30,47,138
5/9/2021 18:35,47,138
5/9/2021 18:40,47,138
5/9/2021 18:45,47,138
5/9/2021 18:50,47,138
5/9/2021 18:55,47,138
5/9/2021 19:00,47,138
5/9/2021 19:05,47,138
5/9/2021 19:10,47,138
5/9/2021 19:15,47,137
5/9/2021 19:20,47,137
5/9/2021 19:25,47,137
5/9/2021 19:30,47,138
5/9/2021 19:35,47,137
5/9/2021 19:40,47,137
5/9/2021 19:45,47,137
5/9/2021 19:50,47,137
5/9/2021 19:55,47,137
5/9/2021 20:00,47,137
5/9/2021 20:05,47,137
5/9/2021 20:10,47,137
5/9/2021 20:15,47,137
5/9/2021 20:20,47,137
5/9/2021 20:25,47,137
5/9/2021 20:30,47,137
5/9/2021 20:35,47,137
5/9/2021 20:40,47,137
5/9/2021 20:45,47,137
5/9/2021 20:50,47,137
5/9/2021 20:55,47,137
5/9/2021 21:00,47,137
5/9/2021 21:05,47,137
5/9/2021 21:10,47,137
5/9/2021 21:15,47,137
5/9/2021 21:20,47,138
5/9/2021 21:25,47,137
5/9/2021 21:30,47,138
5/9/2021 21:35,47,138
5/9/2021 21:40,47,138
5/9/2021 21:45,47,138
5/9/2021 21:50,47,138
5/9/2021 21:55,47,138
5/9/2021 22:00,47,138
5/9/2021 22:05,47,138
5/9/2021 22:10,47,138
5/9/2021 22:15,47,138
5/9/2021 22:20,47,139
5/9/2021 22:25,47,139
5/9/2021 22:30,47,139
5/9/2021 22:35,47,139
5/9/2021 22:40,47,139
5/9/2021 22:45,47,139
5/9/2021 22:50,47,139
5/9/2021 22:55,47,139
5/9/2021 23:00,47,139
5/9/2021 23:05,47,139
5/9/2021 23:10,47,140
5/9/2021 23:15,47,140
5/9/2021 23:20,47,140
5/9/2021 23:25,47,140
5/9/2021 23:30,47,140
5/9/2021 23:35,47,140
5/9/2021 23:40,47,140
5/9/2021 23:45,47,140
5/9/2021 23:50,47,140
5/9/2021 23:55,47,140
5/10/2021 0:00,47,140
5/10/2021 0:05,47,141
5/10/2021 0:10,47,141
5/10/2021 0:15,47,141
5/10/2021 0:20,47,141
5/10/2021 0:25,47,141
5/10/2021 0:30,47,141
5/10/2021 0:35,47,141
5/10/2021 0:40,47,141
5/10/2021 0:45,47,142
5/10/2021 0:50,47,142
5/10/2021 0:55,47,142
5/10/2021 1:00,47,142
5/10/2021 1:05,47,142
5/10/2021 1:10,47,142
5/10/2021 1:15,47,142
5/10/2021 1:20,47,142
5/10/2021 1:25,47,142
5/10/2021 1:30,47,143
5/10/2021 1:35,47,143
5/10/2021 1:40,47,143
5/10/2021 1:45,47,143
5/10/2021 1:50,47,143
5/10/2021 1:55,47,143
5/10/2021 2:00,47,143
5/10/2021 2:05,47,143
5/10/2021 2:10,47,144
5/10/2021 2:15,47,144
5/10/2021 2:20,47,144
5/10/2021 2:25,47,144
5/10/2021 2:30,47,144
5/10/2021 2:35,47,144
5/10/2021 2:40,47,145
5/10/2021 2:45,47,145
5/10/2021 2:50,47,145
5/10/2021 2:55,47,145
5/10/2021 3:00,47,146
5/10/2021 3:05,47,146
5/10/2021 3:10,47,146
5/10/2021 3:15,47,146
5/10/2021 3:20,47,147
5/10/2021 3:25,47,147
5/10/2021 3:30,47,147
5/10/2021 3:35,47,147
5/10/2021 3:40,47,147
5/10/2021 3:45,47,148
5/10/2021 3:50,47,148
5/10/2021 3:55,47,148
5/10/2021 4:00,47,148
5/10/2021 4:05,47,148
5/10/2021 4:10,47,149
5/10/2021 4:15,47,149
5/10/2021 4:20,47,149
5/10/2021 4:25,47,149
5/10/2021 4:30,47,149
5/10/2021 4:35,47,150
5/10/2021 4:40,47,150
5/10/2021 4:45,47,150
5/10/2021 4:50,47,150
5/10/2021 4:55,47,150
5/10/2021 5:00,47,150
5/10/2021 5:05,47,150
5/10/2021 5:10,47,150
5/10/2021 5:15,47,150
5/10/2021 5:20,47,151
5/10/2021 5:25,47,151
5/10/2021 5:30,47,151
5/10/2021 5:35,47,151
5/10/2021 5:40,47,151
5/10/2021 5:45,47,151
5/10/2021 5:50,47,151
5/10/2021 5:55,47,151
5/10/2021 6:00,47,151
5/10/2021 6:05,47,152
5/10/2021 6:10,47,152
5/10/2021 6:15,47,152
5/10/2021 6:20,47,152
5/10/2021 6:25,47,152
5/10/2021 6:30,47,152
5/10/2021 6:35,47,152
5/10/2021 6:40,47,153
5/10/2021 6:45,47,153
5/10/2021 6:50,47,153
5/10/2021 6:55,47,153
5/10/2021 7:00,47,153
5/10/2021 7:05,47,153
5/10/2021 7:10,47,154
5/10/2021 7:15,47,154
5/10/2021 7:20,47,154
5/10/2021 7:25,47,154
5/10/2021 7:30,47,154
5/10/2021 7:35,47,154
5/10/2021 7:40,47,154
5/10/2021 7:45,47,154
5/10/2021 7:50,47,155
5/10/2021 7:55,47,155
5/10/2021 8:00,47,155
5/10/2021 8:05,47,155
5/10/2021 8:10,47,155
5/10/2021 8:15,47,155
5/10/2021 8:20,47,156
5/10/2021 8:25,47,156
5/10/2021 8:30,47,156
5/10/2021 8:35,47,156
5/10/2021 8:40,47,156
5/10/2021 8:45,47,156
5/10/2021 8:50,47,156
5/10/2021 8:55,47,156
5/10/2021 9:00,47,157
5/10/2021 9:05,47,157
5/10/2021 9:10,47,157
5/10/2021 9:15,47,157
5/10/2021 9:20,47,157
5/10/2021 9:25,47,157
5/10/2021 9:30,47,157
5/10/2021 9:35,47,157
5/10/2021 9:40,47,157
5/10/2021 9:45,47,157
5/10/2021 9:50,47,157
5/10/2021 9:55,47,158
5/10/2021 10:00,47,158
5/10/2021 10:05,47,158
5/10/2021 10:10,47,158
5/10/2021 10:15,47,158
5/10/2021 10:20,47,158
5/10/2021 10:25,47,158
5/10/2021 10:30,47,158
5/10/2021 10:35,47,158
5/10/2021 10:40,47,158
5/10/2021 10:45,47,158
5/10/2021 10:50,47,158
5/10/2021 10:55,47,158
5/10/2021 11:00,47,158
5/10/2021 11:05,47,158
5/10/2021 11:10,47,158
5/10/2021 11:15,47,158
5/10/2021 11:20,47,158
5/10/2021 11:25,47,158
5/10/2021 11:30,47,158
5/10/2021 11:35,47,158
5/10/2021 11:40,47,158
5/10/2021 11:45,47,158
5/10/2021 11:50,47,158
5/10/2021 11:55,47,158
5/10/2021 12:00,47,158
5/10/2021 12:05,47,158
5/10/2021 12:10,47,158
5/10/2021 12:15,47,158
5/10/2021 12:20,47,158
5/10/2021 12:25,47,158
5/10/2021 12:30,47,158
5/10/2021 12:35,47,158
5/10/2021 12:40,47,158
5/10/2021 12:45,47,157
5/10/2021 12:50,47,157
5/10/2021 12:55,47,157
5/10/2021 13:00,47,157
5/10/2021 13:05,47,157
5/10/2021 13:10,47,157
5/10/2021 13:15,47,157
5/10/2021 13:20,47,157
5/10/2021 13:25,47,157
5/10/2021 13:30,47,157
5/10/2021 13:35,47,157
5/10/2021 13:40,47,157
5/10/2021 13:45,47,157
5/10/2021 13:50,47,157
5/10/2021 13:55,47,157
5/10/2021 14:00,47,157
5/10/2021 14:05,47,157
5/10/2021 14:10,47,157
5/10/2021 14:15,47,156
5/10/2021 14:20,47,156
5/10/2021 14:25,47,156
5/10/2021 14:30,47,156
5/10/2021 14:35,47,156
5/10/2021 14:40,47,156
5/10/2021 14:45,47,156
5/10/2021 14:50,47,156
5/10/2021 14:55,47,156
5/10/2021 15:00,47,156
5/10/2021 15:05,47,156
5/10/2021 15:10,47,156
5/10/2021 15:15,47,155
5/10/2021 15:20,47,155
5/10/2021 15:25,47,155
5/10/2021 15:30,47,155
5/10/2021 15:35,47,155
5/10/2021 15:40,47,155
5/10/2021 15:45,47,155
5/10/2021 15:50,47,155
5/10/2021 15:55,47,155
5/10/2021 16:00,47,155
5/10/2021 16:05,47,154
5/10/2021 16:10,47,154
5/10/2021 16:15,47,154
5/10/2021 16:20,47,154
5/10/2021 16:25,47,154
5/10/2021 16:30,47,154
5/10/2021 16:35,47,154
5/10/2021 16:40,47,154
5/10/2021 16:45,47,153
5/10/2021 16:50,47,153
5/10/2021 16:55,47,153
5/10/2021 17:00,47,153
5/10/2021 17:05,47,153
5/10/2021 17:10,47,153
5/10/2021 17:15,47,153
5/10/2021 17:20,47,153
5/10/2021 17:25,47,153
5/10/2021 17:30,47,153
5/10/2021 17:35,47,153
5/10/2021 17:40,47,153
5/10/2021 17:45,47,153
5/10/2021 17:50,47,152
5/10/2021 17:55,47,152
5/10/2021 18:00,47,152
5/10/2021 18:05,47,152
5/10/2021 18:10,47,152
5/10/2021 18:15,47,152
5/10/2021 18:20,47,152
5/10/2021 18:25,47,152
5/10/2021 18:30,47,152
5/10/2021 18:35,47,152
5/10/2021 18:40,47,152
5/10/2021 18:45,47,152
5/10/2021 18:50,47,152
5/10/2021 18:55,47,152
5/10/2021 19:00,47,152
5/10/2021 19:05,47,152
5/10/2021 19:10,47,152
5/10/2021 19:15,47,152
5/10/2021 19:20,47,152
5/10/2021 19:25,47,152
5/10/2021 19:30,47,152
5/10/2021 19:35,47,152
5/10/2021 19:40,47,152
5/10/2021 19:45,47,152
5/10/2021 19:50,47,152
5/10/2021 19:55,47,152
5/10/2021 20:00,47,152
5/10/2021 20:05,47,152
5/10/2021 20:10,47,151
5/10/2021 20:15,47,152
5/10/2021 20:20,47,151
5/10/2021 20:25,47,152
5/10/2021 20:30,47,151
5/10/2021 20:35,47,152
5/10/2021 20:40,47,152
5/10/2021 20:45,47,152
5/10/2021 20:50,47,152
5/10/2021 20:55,47,152
5/10/2021 21:00,47,152
5/10/2021 21:05,47,151
5/10/2021 21:10,47,152
5/10/2021 21:15,47,152
5/10/2021 21:20,47,152
5/10/2021 21:25,47,152
5/10/2021 21:30,47,152
5/10/2021 21:35,47,152
5/10/2021 21:40,47,152
5/10/2021 21:45,47,152
5/10/2021 21:50,47,152
5/10/2021 21:55,47,152
5/10/2021 22:00,47,152
5/10/2021 22:05,47,152
5/10/2021 22:10,47,152
5/10/2021 22:15,47,152
5/10/2021 22:20,47,152
5/10/2021 22:25,47,152
5/10/2021 22:30,47,152
5/10/2021 22:35,47,152
5/10/2021 22:40,47,153
5/10/2021 22:45,47,153
5/10/2021 22:50,47,153
5/10/2021 22:55,47,153
5/10/2021 23:00,47,153
5/10/2021 23:05,47,153
5/10/2021 23:10,47,153
5/10/2021 23:15,47,153
5/10/2021 23:20,47,153
5/10/2021 23:25,47,153
5/10/2021 23:30,47,153
5/10/2021 23:35,47,153
5/10/2021 23:40,47,153
5/10/2021 23:45,47,153
5/10/2021 23:50,47,154
5/10/2021 23:55,47,154
5/11/2021 0:00,47,154
5/11/2021 0:05,47,154
5/11/2021 0:10,47,154
5/11/2021 0:15,47,154
5/11/2021 0:20,47,154
5/11/2021 0:25,47,154
5/11/2021 0:30,47,154
5/11/2021 0:35,47,154
5/11/2021 0:40,47,155
5/11/2021 0:45,47,155
5/11/2021 0:50,47,155
5/11/2021 0:55,47,155
5/11/2021 1:00,47,155
5/11/2021 1:05,47,155
5/11/2021 1:10,47,155
5/11/2021 1:15,47,156
5/11/2021 1:20,47,156
5/11/2021 1:25,47,156
5/11/2021 1:30,47,156
5/11/2021 1:35,47,156
5/11/2021 1:40,47,156
5/11/2021 1:45,47,156
5/11/2021 1:50,47,156
5/11/2021 1:55,47,157
5/11/2021 2:00,47,157
5/11/2021 2:05,47,157
5/11/2021 2:10,47,157
5/11/2021 2:15,47,157
5/11/2021 2:20,47,157
5/11/2021 2:25,47,157
5/11/2021 2:30,47,158
5/11/2021 2:35,47,158
5/11/2021 2:40,47,158
5/11/2021 2:45,47,158
5/11/2021 2:50,47,158
5/11/2021 2:55,47,158
5/11/2021 3:00,47,159
5/11/2021 3:05,47,159
5/11/2021 3:10,47,159
5/11/2021 3:15,47,159
5/11/2021 3:20,47,159
5/11/2021 3:25,47,159
5/11/2021 3:30,47,160
5/11/2021 3:35,47,160
5/11/2021 3:40,47,160
5/11/2021 3:45,47,160
5/11/2021 3:50,47,160
5/11/2021 3:55,47,160
5/11/2021 4:00,47,161
5/11/2021 4:05,47,161
5/11/2021 4:10,47,161
5/11/2021 4:15,47,161
5/11/2021 4:20,47,162
5/11/2021 4:25,47,162
5/11/2021 4:30,47,162
5/11/2021 4:35,47,162
5/11/2021 4:40,47,163
5/11/2021 4:45,47,163
5/11/2021 4:50,47,163
5/11/2021 4:55,47,163
5/11/2021 5:00,47,163
5/11/2021 5:05,47,163
5/11/2021 5:10,47,163
5/11/2021 5:15,47,164
5/11/2021 5:20,47,164
5/11/2021 5:25,47,164
5/11/2021 5:30,47,164
5/11/2021 5:35,47,164
5/11/2021 5:40,47,165
5/11/2021 5:45,47,165
5/11/2021 5:50,47,165
5/11/2021 5:55,47,165
5/11/2021 6:00,47,165
5/11/2021 6:05,47,165
5/11/2021 6:10,47,166
5/11/2021 6:15,47,166
5/11/2021 6:20,47,166
5/11/2021 6:25,47,166
5/11/2021 6:30,47,166
5/11/2021 6:35,47,167
5/11/2021 6:40,47,167
5/11/2021 6:45,47,167
5/11/2021 6:50,47,167
5/11/2021 6:55,47,167
5/11/2021 7:00,47,168
5/11/2021 7:05,47,168
5/11/2021 7:10,47,168
5/11/2021 7:15,47,168
5/11/2021 7:20,47,168
5/11/2021 7:25,47,169
5/11/2021 7:30,47,169
5/11/2021 7:35,47,169
5/11/2021 7:40,47,169
5/11/2021 7:45,47,169
5/11/2021 7:50,47,169
5/11/2021 7:55,47,170
5/11/2021 8:00,47,170
5/11/2021 8:05,47,170
5/11/2021 8:10,47,170
5/11/2021 8:15,47,170
5/11/2021 8:20,47,170
5/11/2021 8:25,47,171
5/11/2021 8:30,47,171
5/11/2021 8:35,47,171
5/11/2021 8:40,47,171
5/11/2021 8:45,47,171
5/11/2021 8:50,47,171
5/11/2021 8:55,47,171
5/11/2021 9:00,47,172
5/11/2021 9:05,47,172
5/11/2021 9:10,47,172
5/11/2021 9:15,47,172
5/11/2021 9:20,47,172
5/11/2021 9:25,47,172
5/11/2021 9:30,47,172
5/11/2021 9:35,47,172
5/11/2021 9:40,47,172
5/11/2021 9:45,47,173
5/11/2021 9:50,47,173
5/11/2021 9:55,47,173
5/11/2021 10:00,47,173
5/11/2021 10:05,47,173
5/11/2021 10:10,47,173
5/11/2021 10:15,47,173
5/11/2021 10:20,47,173
5/11/2021 10:25,47,173
5/11/2021 10:30,47,173
5/11/2021 10:35,47,174
5/11/2021 10:40,47,173
5/11/2021 10:45,47,174
5/11/2021 10:50,47,174
5/11/2021 10:55,47,174
5/11/2021 11:00,47,174
5/11/2021 11:05,47,173
5/11/2021 11:10,47,173
5/11/2021 11:15,47,174
5/11/2021 11:20,47,174
5/11/2021 11:25,47,173
5/11/2021 11:30,47,174
5/11/2021 11:35,47,174
5/11/2021 11:40,47,174
5/11/2021 11:45,47,173
5/11/2021 11:50,47,174
5/11/2021 11:55,47,174
5/11/2021 12:00,47,173
5/11/2021 12:05,47,173
5/11/2021 12:10,47,173
5/11/2021 12:15,47,173
5/11/2021 12:20,47,173
5/11/2021 12:25,47,174
5/11/2021 12:30,47,173
5/11/2021 12:35,47,173
5/11/2021 12:40,47,173
5/11/2021 12:45,47,173
5/11/2021 12:50,47,173
5/11/2021 12:55,47,173
5/11/2021 13:00,47,173
5/11/2021 13:05,47,173
5/11/2021 13:10,47,173
5/11/2021 13:15,47,173
5/11/2021 13:20,47,173
5/11/2021 13:25,47,173
5/11/2021 13:30,47,173
5/11/2021 13:35,47,173
5/11/2021 13:40,47,172
5/11/2021 13:45,47,172
5/11/2021 13:50,47,172
5/11/2021 13:55,47,172
5/11/2021 14:00,47,172
5/11/2021 14:05,47,172
5/11/2021 14:10,47,172
5/11/2021 14:15,47,172
5/11/2021 14:20,47,172
5/11/2021 14:25,47,172
5/11/2021 14:30,47,171
5/11/2021 14:35,47,171
5/11/2021 14:40,47,171
5/11/2021 14:45,47,171
5/11/2021 14:50,47,171
5/11/2021 14:55,47,171
5/11/2021 15:00,47,171
5/11/2021 15:05,47,171
5/11/2021 15:10,47,171
5/11/2021 15:15,47,171
5/11/2021 15:20,47,171
5/11/2021 15:25,47,171
5/11/2021 15:30,47,171
5/11/2021 15:35,47,170
5/11/2021 15:40,47,170
5/11/2021 15:45,47,171
5/11/2021 15:50,47,170
5/11/2021 15:55,47,170
5/11/2021 16:00,47,170
5/11/2021 16:05,47,170
5/11/2021 16:10,47,170
5/11/2021 16:15,47,170
5/11/2021 16:20,47,170
5/11/2021 16:25,47,170
5/11/2021 16:30,47,170
5/11/2021 16:35,47,170
5/11/2021 16:40,47,170
5/11/2021 16:45,47,170
5/11/2021 16:50,47,169
5/11/2021 16:55,47,169
5/11/2021 17:00,47,169
5/11/2021 17:05,47,169
5/11/2021 17:10,47,169
5/11/2021 17:15,47,169
5/11/2021 17:20,47,169
5/11/2021 17:25,47,169
5/11/2021 17:30,47,169
5/11/2021 17:35,47,169
5/11/2021 17:40,47,169
5/11/2021 17:45,47,169
5/11/2021 17:50,47,169
5/11/2021 17:55,47,169
5/11/2021 18:00,47,169
5/11/2021 18:05,47,169
5/11/2021 18:10,47,169
5/11/2021 18:15,47,169
5/11/2021 18:20,47,169
5/11/2021 18:25,47,169
5/11/2021 18:30,47,169
5/11/2021 18:35,47,169
5/11/2021 18:40,47,169
5/11/2021 18:45,47,169
5/11/2021 18:50,47,169
5/11/2021 18:55,47,169
5/11/2021 19:00,47,169
5/11/2021 19:05,47,169
5/11/2021 19:10,47,169
5/11/2021 19:15,47,170
5/11/2021 19:20,47,170
5/11/2021 19:25,47,170
5/11/2021 19:30,47,170
5/11/2021 19:35,47,170
5/11/2021 19:40,47,170
5/11/2021 19:45,47,170
5/11/2021 19:50,47,170
5/11/2021 19:55,47,170
5/11/2021 20:00,47,170
5/11/2021 20:05,47,171
5/11/2021 20:10,47,171
5/11/2021 20:15,47,171
5/11/2021 20:20,47,171
5/11/2021 20:25,47,171
5/11/2021 20:30,47,171
5/11/2021 20:35,47,171
5/11/2021 20:40,47,172
5/11/2021 20:45,47,172
5/11/2021 20:50,47,172
5/11/2021 20:55,47,172
5/11/2021 21:00,47,172
5/11/2021 21:05,47,172
5/11/2021 21:10,47,172
5/11/2021 21:15,47,173
5/11/2021 21:20,47,173
5/11/2021 21:25,47,173
5/11/2021 21:30,47,173
5/11/2021 21:35,47,173
5/11/2021 21:40,47,174
5/11/2021 21:45,47,174
5/11/2021 21:50,47,174
5/11/2021 21:55,47,174
5/11/2021 22:00,47,174
5/11/2021 22:05,47,174
5/11/2021 22:10,47,174
5/11/2021 22:15,47,174
5/11/2021 22:20,47,174
5/11/2021 22:25,47,175
5/11/2021 22:30,47,175
5/11/2021 22:35,47,175
5/11/2021 22:40,47,175
5/11/2021 22:45,47,175
5/11/2021 22:50,47,175
5/11/2021 22:55,47,176
5/11/2021 23:00,47,176
5/11/2021 23:05,47,176
5/11/2021 23:10,47,176
5/11/2021 23:15,47,177
5/11/2021 23:20,47,177
5/11/2021 23:25,47,177
5/11/2021 23:30,47,178
5/11/2021 23:35,47,178
5/11/2021 23:40,47,178
5/11/2021 23:45,47,179
5/11/2021 23:50,47,179
5/11/2021 23:55,47,179
5/12/2021 0:00,47,180
5/12/2021 0:05,47,180
5/12/2021 0:10,47,181
5/12/2021 0:15,47,181
5/12/2021 0:20,47,181
5/12/2021 0:25,47,181
5/12/2021 0:30,47,182
5/12/2021 0:35,47,182
5/12/2021 0:40,47,183
5/12/2021 0:45,47,183
5/12/2021 0:50,47,184
5/12/2021 0:55,47,184
5/12/2021 1:00,47,185
5/12/2021 1:05,47,185
5/12/2021 1:10,47,185
5/12/2021 1:15,47,186
5/12/2021 1:20,47,186
5/12/2021 1:25,47,187
5/12/2021 1:30,47,187
5/12/2021 1:35,47,187
5/12/2021 1:40,47,188
5/12/2021 1:45,47,188
5/12/2021 1:50,47,189
5/12/2021 1:55,47,189
5/12/2021 2:00,47,190
5/12/2021 2:05,47,190
5/12/2021 2:10,47,191
5/12/2021 2:15,47,191
5/12/2021 2:20,47,192
5/12/2021 2:25,47,192
5/12/2021 2:30,47,193
5/12/2021 2:35,47,193
5/12/2021 2:40,47,193
5/12/2021 2:45,47,194
5/12/2021 2:50,47,194
5/12/2021 2:55,47,195
5/12/2021 3:00,47,195
5/12/2021 3:05,47,196
5/12/2021 3:10,47,196
5/12/2021 3:15,47,197
5/12/2021 3:20,47,197
5/12/2021 3:25,47,198
5/12/2021 3:30,47,198
5/12/2021 3:35,47,199
5/12/2021 3:40,47,199
5/12/2021 3:45,47,200
5/12/2021 3:50,47,200
5/12/2021 3:55,47,201
5/12/2021 4:00,47,202
5/12/2021 4:05,47,202
5/12/2021 4:10,47,203
5/12/2021 4:15,47,203
5/12/2021 4:20,47,204
5/12/2021 4:25,47,204
5/12/2021 4:30,47,205
5/12/2021 4:35,47,205
5/12/2021 4:40,47,206
5/12/2021 4:45,47,206
5/12/2021 4:50,47,207
5/12/2021 4:55,47,207
5/12/2021 5:00,47,208
5/12/2021 5:05,47,208
5/12/2021 5:10,47,209
5/12/2021 5:15,47,209
5/12/2021 5:20,47,210
5/12/2021 5:25,47,211
5/12/2021 5:30,47,211
5/12/2021 5:35,47,212
5/12/2021 5:40,47,212
5/12/2021 5:45,47,212
5/12/2021 5:50,47,213
5/12/2021 5:55,47,214
5/12/2021 6:00,47,214
5/12/2021 6:05,47,215
5/12/2021 6:10,47,215
5/12/2021 6:15,47,216
5/12/2021 6:20,47,216
5/12/2021 6:25,47,217
5/12/2021 6:30,47,217
5/12/2021 6:35,47,217
5/12/2021 6:40,47,218
5/12/2021 6:45,47,218
5/12/2021 6:50,47,219
5/12/2021 6:55,47,219
5/12/2021 7:00,47,220
5/12/2021 7:05,47,220
5/12/2021 7:10,47,220
5/12/2021 7:15,47,221
5/12/2021 7:20,47,221
5/12/2021 7:25,47,222
5/12/2021 7:30,47,222
5/12/2021 7:35,47,222
5/12/2021 7:40,47,223
5/12/2021 7:45,47,223
5/12/2021 7:50,47,223
5/12/2021 7:55,47,224
5/12/2021 8:00,47,224
5/12/2021 8:05,47,224
5/12/2021 8:10,47,225
5/12/2021 8:15,47,225
5/12/2021 8:20,47,225
5/12/2021 8:25,47,226
5/12/2021 8:30,47,226
5/12/2021 8:35,47,226
5/12/2021 8:40,47,227
5/12/2021 8:45,47,227
5/12/2021 8:50,47,227
5/12/2021 8:55,47,228
5/12/2021 9:00,47,228
5/12/2021 9:05,47,228
5/12/2021 9:10,47,228
5/12/2021 9:15,47,228
5/12/2021 9:20,47,228
5/12/2021 9:25,47,229
5/12/2021 9:30,47,229
5/12/2021 9:35,47,229
5/12/2021 9:40,47,229
5/12/2021 9:45,47,230
5/12/2021 9:50,47,229
5/12/2021 9:55,47,230
5/12/2021 10:00,47,230
5/12/2021 10:05,47,230
5/12/2021 10:10,47,230
5/12/2021 10:15,47,230
5/12/2021 10:20,47,230
5/12/2021 10:25,47,230
5/12/2021 10:30,47,230
5/12/2021 10:35,47,231
5/12/2021 10:40,47,231
5/12/2021 10:45,47,230
5/12/2021 10:50,47,231
5/12/2021 10:55,47,231
5/12/2021 11:00,47,231
5/12/2021 11:05,47,231
5/12/2021 11:10,47,231
5/12/2021 11:15,47,231
5/12/2021 11:20,47,231
5/12/2021 11:25,47,231
5/12/2021 11:30,47,231
5/12/2021 11:35,47,231
5/12/2021 11:40,47,231
5/12/2021 11:45,47,231
5/12/2021 11:50,47,232
5/12/2021 11:55,47,232
5/12/2021 12:00,47,232
5/12/2021 12:05,47,232
5/12/2021 12:10,47,232
5/12/2021 12:15,47,231
5/12/2021 12:20,47,232
5/12/2021 12:25,47,232
5/12/2021 12:30,47,232
5/12/2021 12:35,47,232
5/12/2021 12:40,47,232
5/12/2021 12:45,47,232
5/12/2021 12:50,47,232
5/12/2021 12:55,47,232
5/12/2021 13:00,47,232
5/12/2021 13:05,47,232
5/12/2021 13:10,47,232
5/12/2021 13:15,47,232
5/12/2021 13:20,47,232
5/12/2021 13:25,47,232
5/12/2021 13:30,47,232
5/12/2021 13:35,47,232
5/12/2021 13:40,47,232
5/12/2021 13:45,47,232
5/12/2021 13:50,47,232
5/12/2021 13:55,47,231
5/12/2021 14:00,47,232
5/12/2021 14:05,47,231
5/12/2021 14:10,47,232
5/12/2021 14:15,47,232
5/12/2021 14:20,47,231
5/12/2021 14:25,47,231
5/12/2021 14:30,47,232
5/12/2021 14:35,47,231
5/12/2021 14:40,47,231
5/12/2021 14:45,47,231
5/12/2021 14:50,47,231
5/12/2021 14:55,47,231
5/12/2021 15:00,47,231
5/12/2021 15:05,47,231
5/12/2021 15:10,47,231
5/12/2021 15:15,47,231
5/12/2021 15:20,47,231
5/12/2021 15:25,47,231
5/12/2021 15:30,47,231
5/12/2021 15:35,47,231
5/12/2021 15:40,47,231
5/12/2021 15:45,47,231
5/12/2021 15:50,47,231
5/12/2021 15:55,47,231
5/12/2021 16:00,47,231
5/12/2021 16:05,47,231
5/12/2021 16:10,47,230
5/12/2021 16:15,47,231
5/12/2021 16:20,47,231
5/12/2021 16:25,47,231
5/12/2021 16:30,47,230
5/12/2021 16:35,47,231
5/12/2021 16:40,47,230
5/12/2021 16:45,47,230
5/12/2021 16:50,47,231
5/12/2021 16:55,47,230
5/12/2021 17:00,47,230
5/12/2021 17:05,47,230
5/12/2021 17:10,47,230
5/12/2021 17:15,47,230
5/12/2021 17:20,47,230
5/12/2021 17:25,47,230
5/12/2021 17:30,47,230
5/12/2021 17:35,47,230
5/12/2021 17:40,47,230
5/12/2021 17:45,47,230
5/12/2021 17:50,47,230
5/12/2021 17:55,47,230
5/12/2021 18:00,47,230
5/12/2021 18:05,47,230
5/12/2021 18:10,47,230
5/12/2021 18:15,47,230
5/12/2021 18:20,47,230
5/12/2021 18:25,47,230
5/12/2021 18:30,47,230
5/12/2021 18:35,47,230
5/12/2021 18:40,47,230
5/12/2021 18:45,47,230
5/12/2021 18:50,47,230
5/12/2021 18:55,47,230
5/12/2021 19:00,47,230
5/12/2021 19:05,47,230
5/12/2021 19:10,47,230
5/12/2021 19:15,47,230
5/12/2021 19:20,47,230
5/12/2021 19:25,47,230
5/12/2021 19:30,47,230
5/12/2021 19:35,47,230
5/12/2021 19:40,47,230
5/12/2021 19:45,47,230
5/12/2021 19:50,47,231
5/12/2021 19:55,47,230
5/12/2021 20:00,47,231
5/12/2021 20:05,47,231
5/12/2021 20:10,47,231
5/12/2021 20:15,47,231
5/12/2021 20:20,47,231
5/12/2021 20:25,47,231
5/12/2021 20:30,47,231
5/12/2021 20:35,47,231
5/12/2021 20:40,47,231
5/12/2021 20:45,47,232
5/12/2021 20:50,47,231
5/12/2021 20:55,47,232
5/12/2021 21:00,47,232
5/12/2021 21:05,47,232
5/12/2021 21:10,47,232
5/12/2021 21:15,47,232
5/12/2021 21:20,47,232
5/12/2021 21:25,47,232
5/12/2021 21:30,47,232
5/12/2021 21:35,47,232
5/12/2021 21:40,47,232
5/12/2021 21:45,47,233
5/12/2021 21:50,47,233
5/12/2021 21:55,47,233
5/12/2021 22:00,47,233
5/12/2021 22:05,47,233
5/12/2021 22:10,47,233
5/12/2021 22:15,47,233
5/12/2021 22:20,47,234
5/12/2021 22:25,47,234
5/12/2021 22:30,47,234
5/12/2021 22:35,47,234
5/12/2021 22:40,47,234
5/12/2021 22:45,47,234
5/12/2021 22:50,47,234
5/12/2021 22:55,47,235
5/12/2021 23:00,47,235
5/12/2021 23:05,47,235
5/12/2021 23:10,47,235
5/12/2021 23:15,47,235
5/12/2021 23:20,47,236
5/12/2021 23:25,47,236
5/12/2021 23:30,47,236
5/12/2021 23:35,47,236
5/12/2021 23:40,47,236
5/12/2021 23:45,47,237
5/12/2021 23:50,47,237
5/12/2021 23:55,47,237
5/13/2021 0:00,47,237
5/13/2021 0:05,47,238
5/13/2021 0:10,47,237
5/13/2021 0:15,47,238
5/13/2021 0:20,47,238
5/13/2021 0:25,47,238
5/13/2021 0:30,47,238
5/13/2021 0:35,47,238
5/13/2021 0:40,47,239
5/13/2021 0:45,47,239
5/13/2021 0:50,47,240
5/13/2021 0:55,47,240
5/13/2021 1:00,47,240
5/13/2021 1:05,47,240
5/13/2021 1:10,47,240
5/13/2021 1:15,47,241
5/13/2021 1:20,47,241
5/13/2021 1:25,47,241
5/13/2021 1:30,47,242
5/13/2021 1:35,47,242
5/13/2021 1:40,47,242
5/13/2021 1:45,47,242
5/13/2021 1:50,47,243
5/13/2021 1:55,47,243
5/13/2021 2:00,47,243
5/13/2021 2:05,47,243
5/13/2021 2:10,47,244
5/13/2021 2:15,47,244
5/13/2021 2:20,47,244
5/13/2021 2:25,47,244
5/13/2021 2:30,47,245
5/13/2021 2:35,47,245
5/13/2021 2:40,47,245
5/13/2021 2:45,47,246
5/13/2021 2:50,47,246
5/13/2021 2:55,47,246
5/13/2021 3:00,47,247
5/13/2021 3:05,47,247
5/13/2021 3:10,47,247
5/13/2021 3:15,47,247
5/13/2021 3:20,47,248
5/13/2021 3:25,47,248
5/13/2021 3:30,47,248
5/13/2021 3:35,47,249
5/13/2021 3:40,47,249
5/13/2021 3:45,47,249
5/13/2021 3:50,47,249
5/13/2021 3:55,47,250
5/13/2021 4:00,47,250
5/13/2021 4:05,47,251
5/13/2021 4:10,47,251
5/13/2021 4:15,47,251
5/13/2021 4:20,47,252
5/13/2021 4:25,47,252
5/13/2021 4:30,47,252
5/13/2021 4:35,47,253
5/13/2021 4:40,47,253
5/13/2021 4:45,47,253
5/13/2021 4:50,47,253
5/13/2021 4:55,47,254
5/13/2021 5:00,47,254
5/13/2021 5:05,47,254
5/13/2021 5:10,47,254
5/13/2021 5:15,47,255
5/13/2021 5:20,47,255
5/13/2021 5:25,47,256
5/13/2021 5:30,47,256
5/13/2021 5:35,47,256
5/13/2021 5:40,47,257
5/13/2021 5:45,47,257
5/13/2021 5:50,47,257
5/13/2021 5:55,47,257
5/13/2021 6:00,47,257
5/13/2021 6:05,47,258
5/13/2021 6:10,47,258
5/13/2021 6:15,47,258
5/13/2021 6:20,47,258
5/13/2021 6:25,47,259
5/13/2021 6:30,47,259
5/13/2021 6:35,47,259
5/13/2021 6:40,47,259
5/13/2021 6:45,47,259
5/13/2021 6:50,47,260
5/13/2021 6:55,47,260
5/13/2021 7:00,47,261
5/13/2021 7:05,47,261
5/13/2021 7:10,47,261
5/13/2021 7:15,47,261
5/13/2021 7:20,47,261
5/13/2021 7:25,47,261
5/13/2021 7:30,47,261
5/13/2021 7:35,47,262
5/13/2021 7:40,47,262
5/13/2021 7:45,47,262
5/13/2021 7:50,47,262
5/13/2021 7:55,47,262
5/13/2021 8:00,47,262
5/13/2021 8:05,47,263
5/13/2021 8:10,47,263
5/13/2021 8:15,47,263
5/13/2021 8:20,47,263
5/13/2021 8:25,47,263
5/13/2021 8:30,47,263
5/13/2021 8:35,47,263
5/13/2021 8:40,47,264
5/13/2021 8:45,47,264
5/13/2021 8:50,47,264
5/13/2021 8:55,47,264
5/13/2021 9:00,47,264
5/13/2021 9:05,47,264
5/13/2021 9:10,47,264
5/13/2021 9:15,47,264
5/13/2021 9:20,47,264
5/13/2021 9:25,47,264
5/13/2021 9:30,47,264
5/13/2021 9:35,47,264
5/13/2021 9:40,47,264
5/13/2021 9:45,47,264
5/13/2021 9:50,47,264
5/13/2021 9:55,47,264
5/13/2021 10:00,47,264
5/13/2021 10:05,47,264
5/13/2021 10:10,47,264
5/13/2021 10:15,47,264
5/13/2021 10:20,47,264
5/13/2021 10:25,47,264
5/13/2021 10:30,47,264
5/13/2021 10:35,47,264
5/13/2021 10:40,47,264
5/13/2021 10:45,47,263
5/13/2021 10:50,47,263
5/13/2021 10:55,47,263
5/13/2021 11:00,47,263
5/13/2021 11:05,47,263
5/13/2021 11:10,47,263
5/13/2021 11:15,47,263
5/13/2021 11:20,47,263
5/13/2021 11:25,47,263
5/13/2021 11:30,47,263
5/13/2021 11:35,47,263
5/13/2021 11:40,47,263
5/13/2021 11:45,47,262
5/13/2021 11:50,47,263
5/13/2021 11:55,47,262
5/13/2021 12:00,47,262
5/13/2021 12:05,47,262
5/13/2021 12:10,47,262
5/13/2021 12:15,47,262
5/13/2021 12:20,47,262
5/13/2021 12:25,47,262
5/13/2021 12:30,47,262
5/13/2021 12:35,47,261
5/13/2021 12:40,47,262
5/13/2021 12:45,47,261
5/13/2021 12:50,47,261
5/13/2021 12:55,47,261
5/13/2021 13:00,47,260
5/13/2021 13:05,47,260
5/13/2021 13:10,47,260
5/13/2021 13:15,47,260
5/13/2021 13:20,47,259
5/13/2021 13:25,47,259
5/13/2021 13:30,47,259
5/13/2021 13:35,47,259
5/13/2021 13:40,47,259
5/13/2021 13:45,47,258
5/13/2021 13:50,47,258
5/13/2021 13:55,47,258
5/13/2021 14:00,47,258
5/13/2021 14:05,47,258
5/13/2021 14:10,47,258
5/13/2021 14:15,47,257
5/13/2021 14:20,47,257
5/13/2021 14:25,47,256
5/13/2021 14:30,47,256
5/13/2021 14:35,47,256
5/13/2021 14:40,47,256
5/13/2021 14:45,47,256
5/13/2021 14:50,47,256
5/13/2021 14:55,47,255
5/13/2021 15:00,47,255
5/13/2021 15:05,47,255
5/13/2021 15:10,47,255
5/13/2021 15:15,47,254
5/13/2021 15:20,47,254
5/13/2021 15:25,47,254
5/13/2021 15:30,47,254
5/13/2021 15:35,47,253
5/13/2021 15:40,47,253
5/13/2021 15:45,47,253
5/13/2021 15:50,47,253
5/13/2021 15:55,47,252
5/13/2021 16:00,47,252
5/13/2021 16:05,47,252
5/13/2021 16:10,47,252
5/13/2021 16:15,47,251
5/13/2021 16:20,47,251
5/13/2021 16:25,47,251
5/13/2021 16:30,47,251
5/13/2021 16:35,47,251
5/13/2021 16:40,47,250
5/13/2021 16:45,47,251
5/13/2021 16:50,47,250
5/13/2021 16:55,47,250
5/13/2021 17:00,47,250
5/13/2021 17:05,47,250
5/13/2021 17:10,47,250
5/13/2021 17:15,47,249
5/13/2021 17:20,47,249
5/13/2021 17:25,47,249
5/13/2021 17:30,47,249
5/13/2021 17:35,47,249
5/13/2021 17:40,47,249
5/13/2021 17:45,47,249
5/13/2021 17:50,47,249
5/13/2021 17:55,47,249
5/13/2021 18:00,47,249
5/13/2021 18:05,47,249
5/13/2021 18:10,47,248
5/13/2021 18:15,47,249
5/13/2021 18:20,47,249
5/13/2021 18:25,47,248
5/13/2021 18:30,47,249
5/13/2021 18:35,47,249
5/13/2021 18:40,47,249
5/13/2021 18:45,47,249
5/13/2021 18:50,47,249
5/13/2021 18:55,47,249
5/13/2021 19:00,47,249
5/13/2021 19:05,47,250
5/13/2021 19:10,47,249
5/13/2021 19:15,47,250
5/13/2021 19:20,47,250
5/13/2021 19:25,47,250
5/13/2021 19:30,47,250
5/13/2021 19:35,47,251
5/13/2021 19:40,47,251
5/13/2021 19:45,47,251
5/13/2021 19:50,47,251
5/13/2021 19:55,47,252
5/13/2021 20:00,47,252
5/13/2021 20:05,47,253
5/13/2021 20:10,47,253
5/13/2021 20:15,47,253
5/13/2021 20:20,47,254
5/13/2021 20:25,47,254
5/13/2021 20:30,47,255
5/13/2021 20:35,47,255
5/13/2021 20:40,47,255
5/13/2021 20:45,47,255
5/13/2021 20:50,47,256
5/13/2021 20:55,47,256
5/13/2021 21:00,47,257
5/13/2021 21:05,47,257
5/13/2021 21:10,47,257
5/13/2021 21:15,47,258
5/13/2021 21:20,47,258
5/13/2021 21:25,47,259
5/13/2021 21:30,47,259
5/13/2021 21:35,47,260
5/13/2021 21:40,47,260
5/13/2021 21:45,47,261
5/13/2021 21:50,47,262
5/13/2021 21:55,47,262
5/13/2021 22:00,47,263
5/13/2021 22:05,47,263
5/13/2021 22:10,47,264
5/13/2021 22:15,47,264
5/13/2021 22:20,47,265
5/13/2021 22:25,47,265
5/13/2021 22:30,47,266
5/13/2021 22:35,47,267
5/13/2021 22:40,47,267
5/13/2021 22:45,47,267
5/13/2021 22:50,47,268
5/13/2021 22:55,47,269
5/13/2021 23:00,47,269
5/13/2021 23:05,47,270
5/13/2021 23:10,47,270
5/13/2021 23:15,47,271
5/13/2021 23:20,47,272
5/13/2021 23:25,47,273
5/13/2021 23:30,47,273
5/13/2021 23:35,47,274
5/13/2021 23:40,47,275
5/13/2021 23:45,47,275
5/13/2021 23:50,47,276
5/13/2021 23:55,47,277
5/14/2021 0:00,47,277
5/14/2021 0:05,47,278
5/14/2021 0:10,47,278
5/14/2021 0:15,47,280
5/14/2021 0:20,47,280
5/14/2021 0:25,47,281
5/14/2021 0:30,47,282
5/14/2021 0:35,47,283
5/14/2021 0:40,47,283
5/14/2021 0:45,47,284
5/14/2021 0:50,47,285
5/14/2021 0:55,47,286
5/14/2021 1:00,47,286
5/14/2021 1:05,47,287
5/14/2021 1:10,47,288
5/14/2021 1:15,47,289
5/14/2021 1:20,47,289
5/14/2021 1:25,47,290
5/14/2021 1:30,47,291
5/14/2021 1:35,47,292
5/14/2021 1:40,47,292
5/14/2021 1:45,47,293
5/14/2021 1:50,47,294
5/14/2021 1:55,47,295
5/14/2021 2:00,47,296
5/14/2021 2:05,47,296
5/14/2021 2:10,47,297
5/14/2021 2:15,47,298
5/14/2021 2:20,47,299
5/14/2021 2:25,47,300
5/14/2021 2:30,47,300
5/14/2021 2:35,47,301
5/14/2021 2:40,47,302
5/14/2021 2:45,47,303
5/14/2021 2:50,47,304
5/14/2021 2:55,47,305
5/14/2021 3:00,47,306
5/14/2021 3:05,47,306
5/14/2021 3:10,47,307
5/14/2021 3:15,47,308
5/14/2021 3:20,47,309
5/14/2021 3:25,47,310
5/14/2021 3:30,47,311
5/14/2021 3:35,47,311
5/14/2021 3:40,47,312
5/14/2021 3:45,47,313
5/14/2021 3:50,47,314
5/14/2021 3:55,47,315
5/14/2021 4:00,47,315
5/14/2021 4:05,47,316
5/14/2021 4:10,47,317
5/14/2021 4:15,47,317
5/14/2021 4:20,47,318
5/14/2021 4:25,47,319
5/14/2021 4:30,47,320
5/14/2021 4:35,47,320
5/14/2021 4:40,47,321
5/14/2021 4:45,47,322
5/14/2021 4:50,47,322
5/14/2021 4:55,47,324
5/14/2021 5:00,47,324
5/14/2021 5:05,47,325
5/14/2021 5:10,47,326
5/14/2021 5:15,47,326
5/14/2021 5:20,47,327
5/14/2021 5:25,47,327
5/14/2021 5:30,47,328
5/14/2021 5:35,47,328
5/14/2021 5:40,47,329
5/14/2021 5:45,47,330
5/14/2021 5:50,47,330
5/14/2021 5:55,47,331
5/14/2021 6:00,47,331
5/14/2021 6:05,47,331
5/14/2021 6:10,47,332
5/14/2021 6:15,47,332
5/14/2021 6:20,47,333
5/14/2021 6:25,47,333
5/14/2021 6:30,47,333
5/14/2021 6:35,47,333
5/14/2021 6:40,47,334
5/14/2021 6:45,47,334
5/14/2021 6:50,47,334
5/14/2021 6:55,47,335
5/14/2021 7:00,47,334
5/14/2021 7:05,47,335
5/14/2021 7:10,47,335
5/14/2021 7:15,47,335
5/14/2021 7:20,47,335
5/14/2021 7:25,47,335
5/14/2021 7:30,47,335
5/14/2021 7:35,47,335
5/14/2021 7:40,47,335
5/14/2021 7:45,47,336
5/14/2021 7:50,47,336
5/14/2021 7:55,47,336
5/14/2021 8:00,47,336
5/14/2021 8:05,47,336
5/14/2021 8:10,47,336
5/14/2021 8:15,47,336
5/14/2021 8:20,47,335
5/14/2021 8:25,47,336
5/14/2021 8:30,47,336
5/14/2021 8:35,47,335
5/14/2021 8:40,47,336
5/14/2021 8:45,47,335
5/14/2021 8:50,47,336
5/14/2021 8:55,47,336
5/14/2021 9:00,47,336
5/14/2021 9:05,47,336
5/14/2021 9:10,47,335
5/14/2021 9:15,47,336
5/14/2021 9:20,47,335
5/14/2021 9:25,47,335
5/14/2021 9:30,47,335
5/14/2021 9:35,47,335
5/14/2021 9:40,47,335
5/14/2021 9:45,47,334
5/14/2021 9:50,47,335
5/14/2021 9:55,47,334
5/14/2021 10:00,47,334
5/14/2021 10:05,47,334
5/14/2021 10:10,47,333
5/14/2021 10:15,47,333
5/14/2021 10:20,47,333
5/14/2021 10:25,47,333
5/14/2021 10:30,47,333
5/14/2021 10:35,47,332
5/14/2021 10:40,47,332
5/14/2021 10:45,47,332
5/14/2021 10:50,47,332
5/14/2021 10:55,47,331
5/14/2021 11:00,47,331
5/14/2021 11:05,47,331
5/14/2021 11:10,47,331
5/14/2021 11:15,47,330
5/14/2021 11:20,47,330
5/14/2021 11:25,47,330
5/14/2021 11:30,47,330
5/14/2021 11:35,47,329
5/14/2021 11:40,47,329
5/14/2021 11:45,47,328
5/14/2021 11:50,47,328
5/14/2021 11:55,47,328
5/14/2021 12:00,47,327
5/14/2021 12:05,47,327
5/14/2021 12:10,47,326
5/14/2021 12:15,47,326
5/14/2021 12:20,47,325
5/14/2021 12:25,47,325
5/14/2021 12:30,47,324
5/14/2021 12:35,47,324
5/14/2021 12:40,47,323
5/14/2021 12:45,47,323
5/14/2021 12:50,47,322
5/14/2021 12:55,47,322
5/14/2021 13:00,47,322
5/14/2021 13:05,47,321
5/14/2021 13:10,47,321
5/14/2021 13:15,47,320
5/14/2021 13:20,47,320
5/14/2021 13:25,47,319
5/14/2021 13:30,47,319
5/14/2021 13:35,47,318
5/14/2021 13:40,47,318
5/14/2021 13:45,47,317
5/14/2021 13:50,47,317
5/14/2021 13:55,47,317
5/14/2021 14:00,47,316
5/14/2021 14:05,47,316
5/14/2021 14:10,47,316
5/14/2021 14:15,47,315
5/14/2021 14:20,47,315
5/14/2021 14:25,47,314
5/14/2021 14:30,47,313
5/14/2021 14:35,47,313
5/14/2021 14:40,47,313
5/14/2021 14:45,47,312
5/14/2021 14:50,47,311
5/14/2021 14:55,47,311
5/14/2021 15:00,47,311
5/14/2021 15:05,47,311
5/14/2021 15:10,47,310
5/14/2021 15:15,47,310
5/14/2021 15:20,47,309
5/14/2021 15:25,47,309
5/14/2021 15:30,47,308
5/14/2021 15:35,47,308
5/14/2021 15:40,47,308
5/14/2021 15:45,47,307
5/14/2021 15:50,47,307
5/14/2021 15:55,47,307
5/14/2021 16:00,47,306
5/14/2021 16:05,47,306
5/14/2021 16:10,47,305
5/14/2021 16:15,47,305
5/14/2021 16:20,47,305
5/14/2021 16:25,47,305
5/14/2021 16:30,47,304
5/14/2021 16:35,47,304
5/14/2021 16:40,47,304
5/14/2021 16:45,47,304
5/14/2021 16:50,47,304
5/14/2021 16:55,47,303
5/14/2021 17:00,47,303
5/14/2021 17:05,47,302
5/14/2021 17:10,47,302
5/14/2021 17:15,47,302
5/14/2021 17:20,47,302
5/14/2021 17:25,47,301
5/14/2021 17:30,47,301
5/14/2021 17:35,47,301
5/14/2021 17:40,47,301
5/14/2021 17:45,47,300
5/14/2021 17:50,47,300
5/14/2021 17:55,47,300
5/14/2021 18:00,47,300
5/14/2021 18:05,47,300
5/14/2021 18:10,47,301
5/14/2021 18:15,47,300
5/14/2021 18:20,47,300
5/14/2021 18:25,47,300
5/14/2021 18:30,47,300
5/14/2021 18:35,47,299
5/14/2021 18:40,47,300
5/14/2021 18:45,47,300
5/14/2021 18:50,47,300
5/14/2021 18:55,47,300
5/14/2021 19:00,47,300
5/14/2021 19:05,47,300
5/14/2021 19:10,47,300
5/14/2021 19:15,47,300
5/14/2021 19:20,47,300
5/14/2021 19:25,47,301
5/14/2021 19:30,47,301
5/14/2021 19:35,47,302
5/14/2021 19:40,47,302
5/14/2021 19:45,47,302
5/14/2021 19:50,47,302
5/14/2021 19:55,47,302
5/14/2021 20:00,47,303
5/14/2021 20:05,47,303
5/14/2021 20:10,47,303
5/14/2021 20:15,47,303
5/14/2021 20:20,47,304
5/14/2021 20:25,47,304
5/14/2021 20:30,47,305
5/14/2021 20:35,47,305
5/14/2021 20:40,47,305
5/14/2021 20:45,47,305
5/14/2021 20:50,47,306
5/14/2021 20:55,47,306
5/14/2021 21:00,47,306
5/14/2021 21:05,47,307
5/14/2021 21:10,47,307
5/14/2021 21:15,47,308
5/14/2021 21:20,47,308
5/14/2021 21:25,47,309
5/14/2021 21:30,47,309
5/14/2021 21:35,47,310
5/14/2021 21:40,47,310
5/14/2021 21:45,47,310
5/14/2021 21:50,47,311
5/14/2021 21:55,47,312
5/14/2021 22:00,47,312
5/14/2021 22:05,47,313
5/14/2021 22:10,47,313
5/14/2021 22:15,47,314
5/14/2021 22:20,47,314
5/14/2021 22:25,47,316
5/14/2021 22:30,47,316
5/14/2021 22:35,47,316
5/14/2021 22:40,47,317
5/14/2021 22:45,47,318
5/14/2021 22:50,47,318
5/14/2021 22:55,47,319
5/14/2021 23:00,47,320
5/14/2021 23:05,47,320
5/14/2021 23:10,47,321
5/14/2021 23:15,47,322
5/14/2021 23:20,47,322
5/14/2021 23:25,47,323
5/14/2021 23:30,47,324
5/14/2021 23:35,47,325
5/14/2021 23:40,47,326
5/14/2021 23:45,47,326
5/14/2021 23:50,47,327
5/14/2021 23:55,47,327
5/15/2021 0:00,47,328
5/15/2021 0:05,47,329
5/15/2021 0:10,47,329
5/15/2021 0:15,47,330
5/15/2021 0:20,47,330
5/15/2021 0:25,47,332
5/15/2021 0:30,47,333
5/15/2021 0:35,47,333
5/15/2021 0:40,47,333
5/15/2021 0:45,47,334
5/15/2021 0:50,47,335
5/15/2021 0:55,47,336
5/15/2021 1:00,47,338
5/15/2021 1:05,47,338
5/15/2021 1:10,47,339
5/15/2021 1:15,47,339
5/15/2021 1:20,47,340
5/15/2021 1:25,47,342
5/15/2021 1:30,47,342
5/15/2021 1:35,47,343
5/15/2021 1:40,47,343
5/15/2021 1:45,47,344
5/15/2021 1:50,47,346
5/15/2021 1:55,47,346
5/15/2021 2:00,47,347
5/15/2021 2:05,47,348
5/15/2021 2:10,47,349
5/15/2021 2:15,47,349
5/15/2021 2:20,47,350
5/15/2021 2:25,47,351
5/15/2021 2:30,47,351
5/15/2021 2:35,47,352
5/15/2021 2:40,47,353
5/15/2021 2:45,47,355
5/15/2021 2:50,47,355
5/15/2021 2:55,47,356
5/15/2021 3:00,47,356
5/15/2021 3:05,47,356
5/15/2021 3:10,47,357
5/15/2021 3:15,47,358
5/15/2021 3:20,47,359
5/15/2021 3:25,47,359
5/15/2021 3:30,47,360
5/15/2021 3:35,47,361
5/15/2021 3:40,47,362
5/15/2021 3:45,47,362
5/15/2021 3:50,47,362
5/15/2021 3:55,47,363
5/15/2021 4:00,47,365
5/15/2021 4:05,47,365
5/15/2021 4:10,47,366
5/15/2021 4:15,47,366
5/15/2021 4:20,47,367
5/15/2021 4:25,47,367
5/15/2021 4:30,47,367
5/15/2021 4:35,47,368
5/15/2021 4:40,47,369
5/15/2021 4:45,47,369
5/15/2021 4:50,47,370
5/15/2021 4:55,47,370
5/15/2021 5:00,47,371
5/15/2021 5:05,47,371
5/15/2021 5:10,47,371
5/15/2021 5:15,47,372
5/15/2021 5:20,47,371
5/15/2021 5:25,47,373
5/15/2021 5:30,47,373
5/15/2021 5:35,47,373
5/15/2021 5:40,47,373
5/15/2021 5:45,47,373
5/15/2021 5:50,47,374
5/15/2021 5:55,47,374
5/15/2021 6:00,47,374
5/15/2021 6:05,47,375
5/15/2021 6:10,47,376
5/15/2021 6:15,47,376
5/15/2021 6:20,47,376
5/15/2021 6:25,47,376
5/15/2021 6:30,47,376
5/15/2021 6:35,47,376
5/15/2021 6:40,47,377
5/15/2021 6:45,47,378
5/15/2021 6:50,47,377
5/15/2021 6:55,47,377
5/15/2021 7:00,47,377
5/15/2021 7:05,47,377
5/15/2021 7:10,47,377
5/15/2021 7:15,47,377
5/15/2021 7:20,47,377
5/15/2021 7:25,47,378
5/15/2021 7:30,47,378
5/15/2021 7:35,47,379
5/15/2021 7:40,47,379
5/15/2021 7:45,47,378
5/15/2021 7:50,47,378
5/15/2021 7:55,47,378
5/15/2021 8:00,47,378
5/15/2021 8:05,47,378
5/15/2021 8:10,47,378
5/15/2021 8:15,47,377
5/15/2021 8:20,47,377
5/15/2021 8:25,47,378
5/15/2021 8:30,47,377
5/15/2021 8:35,47,376
5/15/2021 8:40,47,376
5/15/2021 8:45,47,376
5/15/2021 8:50,47,376
5/15/2021 8:55,47,376
5/15/2021 9:00,47,376
5/15/2021 9:05,47,375
5/15/2021 9:10,47,375
5/15/2021 9:15,47,375
5/15/2021 9:20,47,374
5/15/2021 9:25,47,373
5/15/2021 9:30,47,373
5/15/2021 9:35,47,373
5/15/2021 9:40,47,372
5/15/2021 9:45,47,372
5/15/2021 9:50,47,372
5/15/2021 9:55,47,372
5/15/2021 10:00,47,371
5/15/2021 10:05,47,371
5/15/2021 10:10,47,371
5/15/2021 10:15,47,370
5/15/2021 10:20,47,370
5/15/2021 10:25,47,370
5/15/2021 10:30,47,369
5/15/2021 10:35,47,369
5/15/2021 10:40,47,368
5/15/2021 10:45,47,369
5/15/2021 10:50,47,368
5/15/2021 10:55,47,368
5/15/2021 11:00,47,368
5/15/2021 11:05,47,368
5/15/2021 11:10,47,367
5/15/2021 11:15,47,367
5/15/2021 11:20,47,366
5/15/2021 11:25,47,366
5/15/2021 11:30,47,366
5/15/2021 11:35,47,365
5/15/2021 11:40,47,364
5/15/2021 11:45,47,364
5/15/2021 11:50,47,363
5/15/2021 11:55,47,363
5/15/2021 12:00,47,362
5/15/2021 12:05,47,362
5/15/2021 12:10,47,361
5/15/2021 12:15,47,360
5/15/2021 12:20,47,360
5/15/2021 12:25,47,359
5/15/2021 12:30,47,359
5/15/2021 12:35,47,358
5/15/2021 12:40,47,358
5/15/2021 12:45,47,357
5/15/2021 12:50,47,356
5/15/2021 12:55,47,356
5/15/2021 13:00,47,356
5/15/2021 13:05,47,355
5/15/2021 13:10,47,354
5/15/2021 13:15,47,354
5/15/2021 13:20,47,354
5/15/2021 13:25,47,354
5/15/2021 13:30,47,353
5/15/2021 13:35,47,353
5/15/2021 13:40,47,351
5/15/2021 13:45,47,351
5/15/2021 13:50,47,350
5/15/2021 13:55,47,349
5/15/2021 14:00,47,349
5/15/2021 14:05,47,349
5/15/2021 14:10,47,348
5/15/2021 14:15,47,347
5/15/2021 14:20,47,347
5/15/2021 14:25,47,347
5/15/2021 14:30,47,346
5/15/2021 14:35,47,345
5/15/2021 14:40,47,345
5/15/2021 14:45,47,345
5/15/2021 14:50,47,343
5/15/2021 14:55,47,344
5/15/2021 15:00,47,343
5/15/2021 15:05,47,342
5/15/2021 15:10,47,341
5/15/2021 15:15,47,341
5/15/2021 15:20,47,340
5/15/2021 15:25,47,340
5/15/2021 15:30,47,340
5/15/2021 15:35,47,339
5/15/2021 15:40,47,339
5/15/2021 15:45,47,339
5/15/2021 15:50,47,338
5/15/2021 15:55,47,338
5/15/2021 16:00,47,337
5/15/2021 16:05,47,337
5/15/2021 16:10,47,337
5/15/2021 16:15,47,336
5/15/2021 16:20,47,335
5/15/2021 16:25,47,335
5/15/2021 16:30,47,335
5/15/2021 16:35,47,335
5/15/2021 16:40,47,334
5/15/2021 16:45,47,334
5/15/2021 16:50,47,333
5/15/2021 16:55,47,333
5/15/2021 17:00,47,332
5/15/2021 17:05,47,332
5/15/2021 17:10,47,332
5/15/2021 17:15,47,332
5/15/2021 17:20,47,331
5/15/2021 17:25,47,331
5/15/2021 17:30,47,331
5/15/2021 17:35,47,331
5/15/2021 17:40,47,330
5/15/2021 17:45,47,331
5/15/2021 17:50,47,331
5/15/2021 17:55,47,331
5/15/2021 18:00,47,330
5/15/2021 18:05,47,330
5/15/2021 18:10,47,330
5/15/2021 18:15,47,331
5/15/2021 18:20,47,330
5/15/2021 18:25,47,330
5/15/2021 18:30,47,331
5/15/2021 18:35,47,330
5/15/2021 18:40,47,330
5/15/2021 18:45,47,330
5/15/2021 18:50,47,331
5/15/2021 18:55,47,331
5/15/2021 19:00,47,331
5/15/2021 19:05,47,331
5/15/2021 19:10,47,331
5/15/2021 19:15,47,331
5/15/2021 19:20,47,331
5/15/2021 19:25,47,331
5/15/2021 19:30,47,332
5/15/2021 19:35,47,332
5/15/2021 19:40,47,332
5/15/2021 19:45,47,333
5/15/2021 19:50,47,333
5/15/2021 19:55,47,334
5/15/2021 20:00,47,334
5/15/2021 20:05,47,335
5/15/2021 20:10,47,335
5/15/2021 20:15,47,335
5/15/2021 20:20,47,336
5/15/2021 20:25,47,336
5/15/2021 20:30,47,337
5/15/2021 20:35,47,337
5/15/2021 20:40,47,338
5/15/2021 20:45,47,338
5/15/2021 20:50,47,340
5/15/2021 20:55,47,339
5/15/2021 21:00,47,340
5/15/2021 21:05,47,340
5/15/2021 21:10,47,341
5/15/2021 21:15,47,342
5/15/2021 21:20,47,342
5/15/2021 21:25,47,342
5/15/2021 21:30,47,342
5/15/2021 21:35,47,343
5/15/2021 21:40,47,344
5/15/2021 21:45,47,345
5/15/2021 21:50,47,345
5/15/2021 21:55,47,346
5/15/2021 22:00,47,346
5/15/2021 22:05,47,347
5/15/2021 22:10,47,348
5/15/2021 22:15,47,349
5/15/2021 22:20,47,349
5/15/2021 22:25,47,350
5/15/2021 22:30,47,351
5/15/2021 22:35,47,352
5/15/2021 22:40,47,352
5/15/2021 22:45,47,353
5/15/2021 22:50,47,354
5/15/2021 22:55,47,355
5/15/2021 23:00,47,355
5/15/2021 23:05,47,356
5/15/2021 23:10,47,357
5/15/2021 23:15,47,357
5/15/2021 23:20,47,359
5/15/2021 23:25,47,359
5/15/2021 23:30,47,360
5/15/2021 23:35,47,361
5/15/2021 23:40,47,362
5/15/2021 23:45,47,363
5/15/2021 23:50,47,363
5/15/2021 23:55,47,364
5/16/2021 0:00,47,365
5/16/2021 0:05,47,367
5/16/2021 0:10,47,367
5/16/2021 0:15,47,368
5/16/2021 0:20,47,368
5/16/2021 0:25,47,370
5/16/2021 0:30,47,371
5/16/2021 0:35,47,372
5/16/2021 0:40,47,373
5/16/2021 0:45,47,374
5/16/2021 0:50,47,375
5/16/2021 0:55,47,375
5/16/2021 1:00,47,377
5/16/2021 1:05,47,377
5/16/2021 1:10,47,379
5/16/2021 1:15,47,379
5/16/2021 1:20,47,381
5/16/2021 1:25,47,382
5/16/2021 1:30,47,383
5/16/2021 1:35,47,384
5/16/2021 1:40,47,385
5/16/2021 1:45,47,386
5/16/2021 1:50,47,387
5/16/2021 1:55,47,388
5/16/2021 2:00,47,388
5/16/2021 2:05,47,389
5/16/2021 2:10,47,391
5/16/2021 2:15,47,392
5/16/2021 2:20,47,392
5/16/2021 2:25,47,394
5/16/2021 2:30,47,395
5/16/2021 2:35,47,396
5/16/2021 2:40,47,397
5/16/2021 2:45,47,398
5/16/2021 2:50,47,399
5/16/2021 2:55,47,399
5/16/2021 3:00,47,401
5/16/2021 3:05,47,401
5/16/2021 3:10,47,402
5/16/2021 3:15,47,403
5/16/2021 3:20,47,405
5/16/2021 3:25,47,405
5/16/2021 3:30,47,407
5/16/2021 3:35,47,408
5/16/2021 3:40,47,408
5/16/2021 3:45,47,409
5/16/2021 3:50,47,409
5/16/2021 3:55,47,410
5/16/2021 4:00,47,411
5/16/2021 4:05,47,413
5/16/2021 4:10,47,413
5/16/2021 4:15,47,413
5/16/2021 4:20,47,414
5/16/2021 4:25,47,415
5/16/2021 4:30,47,416
5/16/2021 4:35,47,415
5/16/2021 4:40,47,417
5/16/2021 4:45,47,417
5/16/2021 4:50,47,418
5/16/2021 4:55,47,419
5/16/2021 5:00,47,419
5/16/2021 5:05,47,420
5/16/2021 5:10,47,420
5/16/2021 5:15,47,420
5/16/2021 5:20,47,421
5/16/2021 5:25,47,421
5/16/2021 5:30,47,421
5/16/2021 5:35,47,422
5/16/2021 5:40,47,422
5/16/2021 5:45,47,423
5/16/2021 5:50,47,424
5/16/2021 5:55,47,423
5/16/2021 6:00,47,423
5/16/2021 6:05,47,424
5/16/2021 6:10,47,424
5/16/2021 6:15,47,425
5/16/2021 6:20,47,425
5/16/2021 6:25,47,425
5/16/2021 6:30,47,425
5/16/2021 6:35,47,426
5/16/2021 6:40,47,426
5/16/2021 6:45,47,426
5/16/2021 6:50,47,426
5/16/2021 6:55,47,426
5/16/2021 7:00,47,427
5/16/2021 7:05,47,426
5/16/2021 7:10,47,427
5/16/2021 7:15,47,427
5/16/2021 7:20,47,427
5/16/2021 7:25,47,426
5/16/2021 7:30,47,426
5/16/2021 7:35,47,426
5/16/2021 7:40,47,426
5/16/2021 7:45,47,425
5/16/2021 7:50,47,426
5/16/2021 7:55,47,426
5/16/2021 8:00,47,426
5/16/2021 8:05,47,426
5/16/2021 8:10,47,426
5/16/2021 8:15,47,425
5/16/2021 8:20,47,425
5/16/2021 8:25,47,425
5/16/2021 8:30,47,426
5/16/2021 8:35,47,424
5/16/2021 8:40,47,425
5/16/2021 8:45,47,424
5/16/2021 8:50,47,423
5/16/2021 8:55,47,423
5/16/2021 9:00,47,424
5/16/2021 9:05,47,422
5/16/2021 9:10,47,422
5/16/2021 9:15,47,422
5/16/2021 9:20,47,420
5/16/2021 9:25,47,421
5/16/2021 9:30,47,421
5/16/2021 9:35,47,421
5/16/2021 9:40,47,420
5/16/2021 9:45,47,419
5/16/2021 9:50,47,420
5/16/2021 9:55,47,420
5/16/2021 10:00,47,419
5/16/2021 10:05,47,419
5/16/2021 10:10,47,418
5/16/2021 10:15,47,417
5/16/2021 10:20,47,417
5/16/2021 10:25,47,418
5/16/2021 10:30,47,417
5/16/2021 10:35,47,416
5/16/2021 10:40,47,415
5/16/2021 10:45,47,414
5/16/2021 10:50,47,414
5/16/2021 10:55,47,413
5/16/2021 11:00,47,412
5/16/2021 11:05,47,412
5/16/2021 11:10,47,412
5/16/2021 11:15,47,411
5/16/2021 11:20,47,411
5/16/2021 11:25,47,410
5/16/2021 11:30,47,409
5/16/2021 11:35,47,409
5/16/2021 11:40,47,409
5/16/2021 11:45,47,409
5/16/2021 11:50,47,408
5/16/2021 11:55,47,406
5/16/2021 12:00,47,407
5/16/2021 12:05,47,406
5/16/2021 12:10,47,406
5/16/2021 12:15,47,405
5/16/2021 12:20,47,404
5/16/2021 12:25,47,403
5/16/2021 12:30,47,402
5/16/2021 12:35,47,403
5/16/2021 12:40,47,401
5/16/2021 12:45,47,400
5/16/2021 12:50,47,400
5/16/2021 12:55,47,400
5/16/2021 13:00,47,399
5/16/2021 13:05,47,398
5/16/2021 13:10,47,398
5/16/2021 13:15,47,397
5/16/2021 13:20,47,396
5/16/2021 13:25,47,396
5/16/2021 13:30,47,396
5/16/2021 13:35,47,395
5/16/2021 13:40,47,394
5/16/2021 13:45,47,395
5/16/2021 13:50,47,393
5/16/2021 13:55,47,392
5/16/2021 14:00,47,392
5/16/2021 14:05,47,391
5/16/2021 14:10,47,390
5/16/2021 14:15,47,390
5/16/2021 14:20,47,389
5/16/2021 14:25,47,389
5/16/2021 14:30,47,389
5/16/2021 14:35,47,388
5/16/2021 14:40,47,388
5/16/2021 14:45,47,388
5/16/2021 14:50,47,387
5/16/2021 14:55,47,387
5/16/2021 15:00,47,387
5/16/2021 15:05,47,386
5/16/2021 15:10,47,386
5/16/2021 15:15,47,385
5/16/2021 15:20,47,384
5/16/2021 15:25,47,383
5/16/2021 15:30,47,383
5/16/2021 15:35,47,382
5/16/2021 15:40,47,383
5/16/2021 15:45,47,382
5/16/2021 15:50,47,382
5/16/2021 15:55,47,381
5/16/2021 16:00,47,381
5/16/2021 16:05,47,380
5/16/2021 16:10,47,380
5/16/2021 16:15,47,381
5/16/2021 16:20,47,379
5/16/2021 16:25,47,380
5/16/2021 16:30,47,379
5/16/2021 16:35,47,379
5/16/2021 16:40,47,380
5/16/2021 16:45,47,379
5/16/2021 16:50,47,379
5/16/2021 16:55,47,379
5/16/2021 17:00,47,379
5/16/2021 17:05,47,378
5/16/2021 17:10,47,379
5/16/2021 17:15,47,378
5/16/2021 17:20,47,379
5/16/2021 17:25,47,379
5/16/2021 17:30,47,379
5/16/2021 17:35,47,379
5/16/2021 17:40,47,379
5/16/2021 17:45,47,379
5/16/2021 17:50,47,378
5/16/2021 17:55,47,379
5/16/2021 18:00,47,380
5/16/2021 18:05,47,378
5/16/2021 18:10,47,379
5/16/2021 18:15,47,379
5/16/2021 18:20,47,380
5/16/2021 18:25,47,380
5/16/2021 18:30,47,380
5/16/2021 18:35,47,381
5/16/2021 18:40,47,380
5/16/2021 18:45,47,381
5/16/2021 18:50,47,382
5/16/2021 18:55,47,382
5/16/2021 19:00,47,383
5/16/2021 19:05,47,383
5/16/2021 19:10,47,383
5/16/2021 19:15,47,383
5/16/2021 19:20,47,384
5/16/2021 19:25,47,385
5/16/2021 19:30,47,387
5/16/2021 19:35,47,387
5/16/2021 19:40,47,388
5/16/2021 19:45,47,389
5/16/2021 19:50,47,389
5/16/2021 19:55,47,390
5/16/2021 20:00,47,390
5/16/2021 20:05,47,391
5/16/2021 20:10,47,391
5/16/2021 20:15,47,393
5/16/2021 20:20,47,393
5/16/2021 20:25,47,394
5/16/2021 20:30,47,395
5/16/2021 20:35,47,396
5/16/2021 20:40,47,397
5/16/2021 20:45,47,398
5/16/2021 20:50,47,398
5/16/2021 20:55,47,400
5/16/2021 21:00,47,401
5/16/2021 21:05,47,402
5/16/2021 21:10,47,403
5/16/2021 21:15,47,404
5/16/2021 21:20,47,405
5/16/2021 21:25,47,405
5/16/2021 21:30,47,407
5/16/2021 21:35,47,408
5/16/2021 21:40,47,409
5/16/2021 21:45,47,409
5/16/2021 21:50,47,411
5/16/2021 21:55,47,412
5/16/2021 22:00,47,414
5/16/2021 22:05,47,414
5/16/2021 22:10,47,416
5/16/2021 22:15,47,417
5/16/2021 22:20,47,418
5/16/2021 22:25,47,419
5/16/2021 22:30,47,422
5/16/2021 22:35,47,423
5/16/2021 22:40,47,424
5/16/2021 22:45,47,426
5/16/2021 22:50,47,427
5/16/2021 22:55,47,428
5/16/2021 23:00,47,430
5/16/2021 23:05,47,432
5/16/2021 23:10,47,433
5/16/2021 23:15,47,434
5/16/2021 23:20,47,435
5/16/2021 23:25,47,436
5/16/2021 23:30,47,438
5/16/2021 23:35,47,439
5/16/2021 23:40,47,440
5/16/2021 23:45,47,441
5/16/2021 23:50,47,443
5/16/2021 23:55,47,444
5/17/2021 0:00,47,446
5/17/2021 0:05,47,448
5/17/2021 0:10,47,448
5/17/2021 0:15,47,450
5/17/2021 0:20,47,452
5/17/2021 0:25,47,452
5/17/2021 0:30,47,455
5/17/2021 0:35,47,456
5/17/2021 0:40,47,457
5/17/2021 0:45,47,459
5/17/2021 0:50,47,463
5/17/2021 0:55,47,462
5/17/2021 1:00,47,463
5/17/2021 1:05,47,465
5/17/2021 1:10,47,467
5/17/2021 1:15,47,467
5/17/2021 1:20,47,469
5/17/2021 1:25,47,471
5/17/2021 1:30,47,472
5/17/2021 1:35,47,474
5/17/2021 1:40,47,476
5/17/2021 1:45,47,476
5/17/2021 1:50,47,478
5/17/2021 1:55,47,480
5/17/2021 2:00,47,481
5/17/2021 2:05,47,482
5/17/2021 2:10,47,483
5/17/2021 2:15,47,484
5/17/2021 2:20,47,485
5/17/2021 2:25,47,487
5/17/2021 2:30,47,489
5/17/2021 2:35,47,490
5/17/2021 2:40,47,491
5/17/2021 2:45,47,494
5/17/2021 2:50,47,493
5/17/2021 2:55,47,494
5/17/2021 3:00,47,494
5/17/2021 3:05,47,496
5/17/2021 3:10,47,498
5/17/2021 3:15,47,498
5/17/2021 3:20,47,500
5/17/2021 3:25,47,500
5/17/2021 3:30,47,502
5/17/2021 3:35,47,502
5/17/2021 3:40,47,503
5/17/2021 3:45,47,503
5/17/2021 3:50,47,504
5/17/2021 3:55,47,505
5/17/2021 4:00,47,507
5/17/2021 4:05,47,508
5/17/2021 4:10,47,508
5/17/2021 4:15,47,509
5/17/2021 4:20,47,510
5/17/2021 4:25,47,511
5/17/2021 4:30,47,513
5/17/2021 4:35,47,512
5/17/2021 4:40,47,513
5/17/2021 4:45,47,513
5/17/2021 4:50,47,514
5/17/2021 4:55,47,514
5/17/2021 5:00,47,516
5/17/2021 5:05,47,515
5/17/2021 5:10,47,515
5/17/2021 5:15,47,515
5/17/2021 5:20,47,516
5/17/2021 5:25,47,516
5/17/2021 5:30,47,515
5/17/2021 5:35,47,516
5/17/2021 5:40,47,516
5/17/2021 5:45,47,516
5/17/2021 5:50,47,519
5/17/2021 5:55,47,518
5/17/2021 6:00,47,519
5/17/2021 6:05,47,518
5/17/2021 6:10,47,518
5/17/2021 6:15,47,518
5/17/2021 6:20,47,517
5/17/2021 6:25,47,516
5/17/2021 6:30,47,519
5/17/2021 6:35,47,519
5/17/2021 6:40,47,519
5/17/2021 6:45,47,520
5/17/2021 6:50,47,518
5/17/2021 6:55,47,519
5/17/2021 7:00,47,519
5/17/2021 7:05,47,520
5/17/2021 7:10,47,519
5/17/2021 7:15,47,520
5/17/2021 7:20,47,520
5/17/2021 7:25,47,520
5/17/2021 7:30,47,521
5/17/2021 7:35,47,519
5/17/2021 7:40,47,520
5/17/2021 7:45,47,520
5/17/2021 7:50,47,520
5/17/2021 7:55,47,519
5/17/2021 8:00,47,519
5/17/2021 8:05,47,520
5/17/2021 8:10,47,520
5/17/2021 8:15,47,522
5/17/2021 8:20,47,519
5/17/2021 8:25,47,521
5/17/2021 8:30,47,520
5/17/2021 8:35,47,520
5/17/2021 8:40,47,520
5/17/2021 8:45,47,521
5/17/2021 8:50,47,521
5/17/2021 8:55,47,520
5/17/2021 9:00,47,520
5/17/2021 9:05,47,523
5/17/2021 9:10,47,521
5/17/2021 9:15,47,521
5/17/2021 9:20,47,521
5/17/2021 9:25,47,521
5/17/2021 9:30,47,523
5/17/2021 9:35,47,522
5/17/2021 9:40,47,523
5/17/2021 9:45,47,522
5/17/2021 9:50,47,522
5/17/2021 9:55,47,521
5/17/2021 10:00,47,521
5/17/2021 10:05,47,522
5/17/2021 10:10,47,521
5/17/2021 10:15,47,521
5/17/2021 10:20,47,521
5/17/2021 10:25,47,522
5/17/2021 10:30,47,521
5/17/2021 10:35,47,521
5/17/2021 10:40,47,520
5/17/2021 10:45,47,522
5/17/2021 10:50,47,522
5/17/2021 10:55,47,520
5/17/2021 11:00,47,521
5/17/2021 11:05,47,521
5/17/2021 11:10,47,520
5/17/2021 11:15,47,521
5/17/2021 11:20,47,521
5/17/2021 11:25,47,520
5/17/2021 11:30,47,522
5/17/2021 11:35,47,522
5/17/2021 11:40,47,520
5/17/2021 11:45,47,519
5/17/2021 11:50,47,518
5/17/2021 11:55,47,517
5/17/2021 12:00,47,519
5/17/2021 12:05,47,517
5/17/2021 12:10,47,518
5/17/2021 12:15,47,519
5/17/2021 12:20,47,518
5/17/2021 12:25,47,517
5/17/2021 12:30,47,517
5/17/2021 12:35,47,516
5/17/2021 12:40,47,516
5/17/2021 12:45,47,516
5/17/2021 12:50,47,517
5/17/2021 12:55,47,516
5/17/2021 13:00,47,515
5/17/2021 13:05,47,517
5/17/2021 13:10,47,515
5/17/2021 13:15,47,514
5/17/2021 13:20,47,515
5/17/2021 13:25,47,514
5/17/2021 13:30,47,514
5/17/2021 13:35,47,513
5/17/2021 13:40,47,512
5/17/2021 13:45,47,514
5/17/2021 13:50,47,512
5/17/2021 13:55,47,512
5/17/2021 14:00,47,513
5/17/2021 14:05,47,513
5/17/2021 14:10,47,513
5/17/2021 14:15,47,510
5/17/2021 14:20,47,511
5/17/2021 14:25,47,511
5/17/2021 14:30,47,513
5/17/2021 14:35,47,511
5/17/2021 14:40,47,511
5/17/2021 14:45,47,512
5/17/2021 14:50,47,512
5/17/2021 14:55,47,511
5/17/2021 15:00,47,511
5/17/2021 15:05,47,510
5/17/2021 15:10,47,511
5/17/2021 15:15,47,510
5/17/2021 15:20,47,511
5/17/2021 15:25,47,509
5/17/2021 15:30,47,509
5/17/2021 15:35,47,510
5/17/2021 15:40,47,509
5/17/2021 15:45,47,508
5/17/2021 15:50,47,506
5/17/2021 15:55,47,506
5/17/2021 16:00,47,507
5/17/2021 16:05,47,507
5/17/2021 16:10,47,506
5/17/2021 16:15,47,506
5/17/2021 16:20,47,508
5/17/2021 16:25,47,506
5/17/2021 16:30,47,507
5/17/2021 16:35,47,505
5/17/2021 16:40,47,506
5/17/2021 16:45,47,505
5/17/2021 16:50,47,506
5/17/2021 16:55,47,504
5/17/2021 17:00,47,505
5/17/2021 17:05,47,504
5/17/2021 17:10,47,503
5/17/2021 17:15,47,504
5/17/2021 17:20,47,504
5/17/2021 17:25,47,504
5/17/2021 17:30,47,503
5/17/2021 17:35,47,505
5/17/2021 17:40,47,502
5/17/2021 17:45,47,503
5/17/2021 17:50,47,502
5/17/2021 17:55,47,503
5/17/2021 18:00,47,503
5/17/2021 18:05,47,502
5/17/2021 18:10,47,503
5/17/2021 18:15,47,502
5/17/2021 18:20,47,502
5/17/2021 18:25,47,503
5/17/2021 18:30,47,501
5/17/2021 18:35,47,504
5/17/2021 18:40,47,503
5/17/2021 18:45,47,502
5/17/2021 18:50,47,503
5/17/2021 18:55,47,503
5/17/2021 19:00,47,502
5/17/2021 19:05,47,503
5/17/2021 19:10,47,503
5/17/2021 19:15,47,503
5/17/2021 19:20,47,501
5/17/2021 19:25,47,503
5/17/2021 19:30,47,502
5/17/2021 19:35,47,503
5/17/2021 19:40,47,504
5/17/2021 19:45,47,503
5/17/2021 19:50,47,504
5/17/2021 19:55,47,502
5/17/2021 20:00,47,503
5/17/2021 20:05,47,503
5/17/2021 20:10,47,503
5/17/2021 20:15,47,505
5/17/2021 20:20,47,504
5/17/2021 20:25,47,503
5/17/2021 20:30,47,505
5/17/2021 20:35,47,503
5/17/2021 20:40,47,505
5/17/2021 20:45,47,505
5/17/2021 20:50,47,505
5/17/2021 20:55,47,505
5/17/2021 21:00,47,505
5/17/2021 21:05,47,507
5/17/2021 21:10,47,506
5/17/2021 21:15,47,506
5/17/2021 21:20,47,507
5/17/2021 21:25,47,509
5/17/2021 21:30,47,507
5/17/2021 21:35,47,508
5/17/2021 21:40,47,509
5/17/2021 21:45,47,507
5/17/2021 21:50,47,509
5/17/2021 21:55,47,510
5/17/2021 22:00,47,510
5/17/2021 22:05,47,512
5/17/2021 22:10,47,511
5/17/2021 22:15,47,511
5/17/2021 22:20,47,511
5/17/2021 22:25,47,511
5/17/2021 22:30,47,511
5/17/2021 22:35,47,511
5/17/2021 22:40,47,513
5/17/2021 22:45,47,513
5/17/2021 22:50,47,512
5/17/2021 22:55,47,513
5/17/2021 23:00,47,513
5/17/2021 23:05,47,513
5/17/2021 23:10,47,512
5/17/2021 23:15,47,513
5/17/2021 23:20,47,515
5/17/2021 23:25,47,515
5/17/2021 23:30,47,515
5/17/2021 23:35,47,516
5/17/2021 23:40,47,517
5/17/2021 23:45,47,515
5/17/2021 23:50,47,517
5/17/2021 23:55,47,518
5/18/2021 0:00,47,518
5/18/2021 0:05,47,518
5/18/2021 0:10,47,517
5/18/2021 0:15,47,517
5/18/2021 0:20,47,517
5/18/2021 0:25,47,518
5/18/2021 0:30,47,517
5/18/2021 0:35,47,519
5/18/2021 0:40,47,521
5/18/2021 0:45,47,521
5/18/2021 0:50,47,519
5/18/2021 0:55,47,519
5/18/2021 1:00,47,519
5/18/2021 1:05,47,521
5/18/2021 1:10,47,520
5/18/2021 1:15,47,521
5/18/2021 1:20,47,521
5/18/2021 1:25,47,522
5/18/2021 1:30,47,523
5/18/2021 1:35,47,523
5/18/2021 1:40,47,523
5/18/2021 1:45,47,523
5/18/2021 1:50,47,525
5/18/2021 1:55,47,525
5/18/2021 2:00,47,524
5/18/2021 2:05,47,526
5/18/2021 2:10,47,525
5/18/2021 2:15,47,524
5/18/2021 2:20,47,527
5/18/2021 2:25,47,526
5/18/2021 2:30,47,528
5/18/2021 2:35,47,528
5/18/2021 2:40,47,528
5/18/2021 2:45,47,528
5/18/2021 2:50,47,529
5/18/2021 2:55,47,530
5/18/2021 3:00,47,530
5/18/2021 3:05,47,530
5/18/2021 3:10,47,531
5/18/2021 3:15,47,533
5/18/2021 3:20,47,533
5/18/2021 3:25,47,534
5/18/2021 3:30,47,533
5/18/2021 3:35,47,535
5/18/2021 3:40,47,535
5/18/2021 3:45,47,532
5/18/2021 3:50,47,534
5/18/2021 3:55,47,533
5/18/2021 4:00,47,537
5/18/2021 4:05,47,535
5/18/2021 4:10,47,536
5/18/2021 4:15,47,536
5/18/2021 4:20,47,537
5/18/2021 4:25,47,537
5/18/2021 4:30,47,536
5/18/2021 4:35,47,537
5/18/2021 4:40,47,538
5/18/2021 4:45,47,537
5/18/2021 4:50,47,537
5/18/2021 4:55,47,537
5/18/2021 5:00,47,539
5/18/2021 5:05,47,538
5/18/2021 5:10,47,536
5/18/2021 5:15,47,538
5/18/2021 5:20,47,539
5/18/2021 5:25,47,537
5/18/2021 5:30,47,537
5/18/2021 5:35,47,538
5/18/2021 5:40,47,538
5/18/2021 5:45,47,537
5/18/2021 5:50,47,540
5/18/2021 5:55,47,541
5/18/2021 6:00,47,538
5/18/2021 6:05,47,540
5/18/2021 6:10,47,538
5/18/2021 6:15,47,538
5/18/2021 6:20,47,537
5/18/2021 6:25,47,540
5/18/2021 6:30,47,539
5/18/2021 6:35,47,538
5/18/2021 6:40,47,539
5/18/2021 6:45,47,538
5/18/2021 6:50,47,536
5/18/2021 6:55,47,540
5/18/2021 7:00,47,537
5/18/2021 7:05,47,537
5/18/2021 7:10,47,536
5/18/2021 7:15,47,536
5/18/2021 7:20,47,536
5/18/2021 7:25,47,536
5/18/2021 7:30,47,536
5/18/2021 7:35,47,533
5/18/2021 7:40,47,536
5/18/2021 7:45,47,533
5/18/2021 7:50,47,535
5/18/2021 7:55,47,535
5/18/2021 8:00,47,530
5/18/2021 8:05,47,533
5/18/2021 8:10,47,533
5/18/2021 8:15,47,531
5/18/2021 8:20,47,531
5/18/2021 8:25,47,527
5/18/2021 8:30,47,530
5/18/2021 8:35,47,528
5/18/2021 8:40,47,529
5/18/2021 8:45,47,527
5/18/2021 8:50,47,527
5/18/2021 8:55,47,527
5/18/2021 9:00,47,525
5/18/2021 9:05,47,524
5/18/2021 9:10,47,523
5/18/2021 9:15,47,525
5/18/2021 9:20,47,523
5/18/2021 9:25,47,521
5/18/2021 9:30,47,521
5/18/2021 9:35,47,521
5/18/2021 9:40,47,517
5/18/2021 9:45,47,518
5/18/2021 9:50,47,518
5/18/2021 9:55,47,518
5/18/2021 10:00,47,515
5/18/2021 10:05,47,514
5/18/2021 10:10,47,512
5/18/2021 10:15,47,512
5/18/2021 10:20,47,513
5/18/2021 10:25,47,511
5/18/2021 10:30,47,511
5/18/2021 10:35,47,510
5/18/2021 10:40,47,509
5/18/2021 10:45,47,509
5/18/2021 10:50,47,508
5/18/2021 10:55,47,507
5/18/2021 11:00,47,507
5/18/2021 11:05,47,504
5/18/2021 11:10,47,504
5/18/2021 11:15,47,503
5/18/2021 11:20,47,503
5/18/2021 11:25,47,502
5/18/2021 11:30,47,502
5/18/2021 11:35,47,499
5/18/2021 11:40,47,499
5/18/2021 11:45,47,497
5/18/2021 11:50,47,496
5/18/2021 11:55,47,495
5/18/2021 12:00,47,494
5/18/2021 12:05,47,491
5/18/2021 12:10,47,490
5/18/2021 12:15,47,490
5/18/2021 12:20,47,489
5/18/2021 12:25,47,488
5/18/2021 12:30,47,485
5/18/2021 12:35,47,485
5/18/2021 12:40,47,484
5/18/2021 12:45,47,484
5/18/2021 12:50,47,483
5/18/2021 12:55,47,481
5/18/2021 13:00,47,481
5/18/2021 13:05,47,480
5/18/2021 13:10,47,478
5/18/2021 13:15,47,477
5/18/2021 13:20,47,475
5/18/2021 13:25,47,474
5/18/2021 13:30,47,471
5/18/2021 13:35,47,470
5/18/2021 13:40,47,471
5/18/2021 13:45,47,469
5/18/2021 13:50,47,467
5/18/2021 13:55,47,465
5/18/2021 14:00,47,466
5/18/2021 14:05,47,463
5/18/2021 14:10,47,462
5/18/2021 14:15,47,461
5/18/2021 14:20,47,461
5/18/2021 14:25,47,459
5/18/2021 14:30,47,459
5/18/2021 14:35,47,457
5/18/2021 14:40,47,459
5/18/2021 14:45,47,456
5/18/2021 14:50,47,454
5/18/2021 14:55,47,452
5/18/2021 15:00,47,452
5/18/2021 15:05,47,450
5/18/2021 15:10,47,448
5/18/2021 15:15,47,450
5/18/2021 15:20,47,447
5/18/2021 15:25,47,448
5/18/2021 15:30,47,447
5/18/2021 15:35,47,444
5/18/2021 15:40,47,445
5/18/2021 15:45,47,443
5/18/2021 15:50,47,441
5/18/2021 15:55,47,440
5/18/2021 16:00,47,440
5/18/2021 16:05,47,439
5/18/2021 16:10,47,438
5/18/2021 16:15,47,438
5/18/2021 16:20,47,436
5/18/2021 16:25,47,435
5/18/2021 16:30,47,433
5/18/2021 16:35,47,434
5/18/2021 16:40,47,431
5/18/2021 16:45,47,432
5/18/2021 16:50,47,430
5/18/2021 16:55,47,430
5/18/2021 17:00,47,429
5/18/2021 17:05,47,428
5/18/2021 17:10,47,427
5/18/2021 17:15,47,426
5/18/2021 17:20,47,425
5/18/2021 17:25,47,425
5/18/2021 17:30,47,424
5/18/2021 17:35,47,422
5/18/2021 17:40,47,422
5/18/2021 17:45,47,421
5/18/2021 17:50,47,420
5/18/2021 17:55,47,419
5/18/2021 18:00,47,418
5/18/2021 18:05,47,417
5/18/2021 18:10,47,416
5/18/2021 18:15,47,414
5/18/2021 18:20,47,414
5/18/2021 18:25,47,414
5/18/2021 18:30,47,414
5/18/2021 18:35,47,413
5/18/2021 18:40,47,413
5/18/2021 18:45,47,411
5/18/2021 18:50,47,410
5/18/2021 18:55,47,408
5/18/2021 19:00,47,408
5/18/2021 19:05,47,408
5/18/2021 19:10,47,406
5/18/2021 19:15,47,406
5/18/2021 19:20,47,405
5/18/2021 19:25,47,405
5/18/2021 19:30,47,403
5/18/2021 19:35,47,402
5/18/2021 19:40,47,400
5/18/2021 19:45,47,400
5/18/2021 19:50,47,401
5/18/2021 19:55,47,400
5/18/2021 20:00,47,399
5/18/2021 20:05,47,398
5/18/2021 20:10,47,397
5/18/2021 20:15,47,397
5/18/2021 20:20,47,397
5/18/2021 20:25,47,396
5/18/2021 20:30,47,396
5/18/2021 20:35,47,394
5/18/2021 20:40,47,394
5/18/2021 20:45,47,395
5/18/2021 20:50,47,393
5/18/2021 20:55,47,390
5/18/2021 21:00,47,391
5/18/2021 21:05,47,390
5/18/2021 21:10,47,389
5/18/2021 21:15,47,389
5/18/2021 21:20,47,387
5/18/2021 21:25,47,387
5/18/2021 21:30,47,386
5/18/2021 21:35,47,385
5/18/2021 21:40,47,385
5/18/2021 21:45,47,384
5/18/2021 21:50,47,383
5/18/2021 21:55,47,382
5/18/2021 22:00,47,382
5/18/2021 22:05,47,382
5/18/2021 22:10,47,380
5/18/2021 22:15,47,380
5/18/2021 22:20,47,380
5/18/2021 22:25,47,379
5/18/2021 22:30,47,377
5/18/2021 22:35,47,376
5/18/2021 22:40,47,377
5/18/2021 22:45,47,375
5/18/2021 22:50,47,376
5/18/2021 22:55,47,374
5/18/2021 23:00,47,373
5/18/2021 23:05,47,373
5/18/2021 23:10,47,373
5/18/2021 23:15,47,372
5/18/2021 23:20,47,371
5/18/2021 23:25,47,371
5/18/2021 23:30,47,370
5/18/2021 23:35,47,369
5/18/2021 23:40,47,368
5/18/2021 23:45,47,368
5/18/2021 23:50,47,368
5/18/2021 23:55,47,366
5/19/2021 0:00,47,365
5/19/2021 0:05,47,366
5/19/2021 0:10,47,364
5/19/2021 0:15,47,363
5/19/2021 0:20,47,365
5/19/2021 0:25,47,363
5/19/2021 0:30,47,363
5/19/2021 0:35,47,363
5/19/2021 0:40,47,361
5/19/2021 0:45,47,360
5/19/2021 0:50,47,360
5/19/2021 0:55,47,359
5/19/2021 1:00,47,358
5/19/2021 1:05,47,358
5/19/2021 1:10,47,356
5/19/2021 1:15,47,357
5/19/2021 1:20,47,356
5/19/2021 1:25,47,355
5/19/2021 1:30,47,354
5/19/2021 1:35,47,353
5/19/2021 1:40,47,353
5/19/2021 1:45,47,353
5/19/2021 1:50,47,352
5/19/2021 1:55,47,352
5/19/2021 2:00,47,350
5/19/2021 2:05,47,350
5/19/2021 2:10,47,350
5/19/2021 2:15,47,350
5/19/2021 2:20,47,348
5/19/2021 2:25,47,349
5/19/2021 2:30,47,347
5/19/2021 2:35,47,348
5/19/2021 2:40,47,347
5/19/2021 2:45,47,345
5/19/2021 2:50,47,345
5/19/2021 2:55,47,344
5/19/2021 3:00,47,344
5/19/2021 3:05,47,344
5/19/2021 3:10,47,343
5/19/2021 3:15,47,343
5/19/2021 3:20,47,342
5/19/2021 3:25,47,343
5/19/2021 3:30,47,341
5/19/2021 3:35,47,340
5/19/2021 3:40,47,340
5/19/2021 3:45,47,339
5/19/2021 3:50,47,339
5/19/2021 3:55,47,339
5/19/2021 4:00,47,338
5/19/2021 4:05,47,337
5/19/2021 4:10,47,336
5/19/2021 4:15,47,336
5/19/2021 4:20,47,335
5/19/2021 4:25,47,335
5/19/2021 4:30,47,335
5/19/2021 4:35,47,334
5/19/2021 4:40,47,333
5/19/2021 4:45,47,333
5/19/2021 4:50,47,332
5/19/2021 4:55,47,332
5/19/2021 5:00,47,331
5/19/2021 5:05,47,330
5/19/2021 5:10,47,330
5/19/2021 5:15,47,329
5/19/2021 5:20,47,328
5/19/2021 5:25,47,329
5/19/2021 5:30,47,328
5/19/2021 5:35,47,327
5/19/2021 5:40,47,326
5/19/2021 5:45,47,326
5/19/2021 5:50,47,325
5/19/2021 5:55,47,326
5/19/2021 6:00,47,326
5/19/2021 6:05,47,325
5/19/2021 6:10,47,324
5/19/2021 6:15,47,322
5/19/2021 6:20,47,322
5/19/2021 6:25,47,322
5/19/2021 6:30,47,321
5/19/2021 6:35,47,321
5/19/2021 6:40,47,320
5/19/2021 6:45,47,319
5/19/2021 6:50,47,319
5/19/2021 6:55,47,318
5/19/2021 7:00,47,318
5/19/2021 7:05,47,318
5/19/2021 7:10,47,316
5/19/2021 7:15,47,316
5/19/2021 7:20,47,316
5/19/2021 7:25,47,316
5/19/2021 7:30,47,315
5/19/2021 7:35,47,314
5/19/2021 7:40,47,314
5/19/2021 7:45,47,313
5/19/2021 7:50,47,312
5/19/2021 7:55,47,312
5/19/2021 8:00,47,311
5/19/2021 8:05,47,311
5/19/2021 8:10,47,310
5/19/2021 8:15,47,310
5/19/2021 8:20,47,309
5/19/2021 8:25,47,308
5/19/2021 8:30,47,308
5/19/2021 8:35,47,308
5/19/2021 8:40,47,307
5/19/2021 8:45,47,307
5/19/2021 8:50,47,307
5/19/2021 8:55,47,306
5/19/2021 9:00,47,305
5/19/2021 9:05,47,305
5/19/2021 9:10,47,304
5/19/2021 9:15,47,303
5/19/2021 9:20,47,304
5/19/2021 9:25,47,304
5/19/2021 9:30,47,303
5/19/2021 9:35,47,303
5/19/2021 9:40,47,302
5/19/2021 9:45,47,302
5/19/2021 9:50,47,300
5/19/2021 9:55,47,300
5/19/2021 10:00,47,300
5/19/2021 10:05,47,299
5/19/2021 10:10,47,299
5/19/2021 10:15,47,299
5/19/2021 10:20,47,298
5/19/2021 10:25,47,298
5/19/2021 10:30,47,297
5/19/2021 10:35,47,297
5/19/2021 10:40,47,296
5/19/2021 10:45,47,296
5/19/2021 10:50,47,295
5/19/2021 10:55,47,295
5/19/2021 11:00,47,294
5/19/2021 11:05,47,294
5/19/2021 11:10,47,294
5/19/2021 11:15,47,294
5/19/2021 11:20,47,294
5/19/2021 11:25,47,293
5/19/2021 11:30,47,293
5/19/2021 11:35,47,292
5/19/2021 11:40,47,292
5/19/2021 11:45,47,291
5/19/2021 11:50,47,291
5/19/2021 11:55,47,290
5/19/2021 12:00,47,290
5/19/2021 12:05,47,289
5/19/2021 12:10,47,289
5/19/2021 12:15,47,288
5/19/2021 12:20,47,287
5/19/2021 12:25,47,288
5/19/2021 12:30,47,286
5/19/2021 12:35,47,286
5/19/2021 12:40,47,285
5/19/2021 12:45,47,285
5/19/2021 12:50,47,284
5/19/2021 12:55,47,284
5/19/2021 13:00,47,284
5/19/2021 13:05,47,283
5/19/2021 13:10,47,283
5/19/2021 13:15,47,282
5/19/2021 13:20,47,282
5/19/2021 13:25,47,281
5/19/2021 13:30,47,281
5/19/2021 13:35,47,280
5/19/2021 13:40,47,280
5/19/2021 13:45,47,280
5/19/2021 13:50,47,279
5/19/2021 13:55,47,279
5/19/2021 14:00,47,279
5/19/2021 14:05,47,278
5/19/2021 14:10,47,278
5/19/2021 14:15,47,277
5/19/2021 14:20,47,277
5/19/2021 14:25,47,277
5/19/2021 14:30,47,276
5/19/2021 14:35,47,275
5/19/2021 14:40,47,274
5/19/2021 14:45,47,274
5/19/2021 14:50,47,273
5/19/2021 14:55,47,273
5/19/2021 15:00,47,273
5/19/2021 15:05,47,272
5/19/2021 15:10,47,272
5/19/2021 15:15,47,271
5/19/2021 15:20,47,271
5/19/2021 15:25,47,271
5/19/2021 15:30,47,270
5/19/2021 15:35,47,269
5/19/2021 15:40,47,269
5/19/2021 15:45,47,269
5/19/2021 15:50,47,269
5/19/2021 15:55,47,268
5/19/2021 16:00,47,268
5/19/2021 16:05,47,267
5/19/2021 16:10,47,267
5/19/2021 16:15,47,267
5/19/2021 16:20,47,266
5/19/2021 16:25,47,266
5/19/2021 16:30,47,265
5/19/2021 16:35,47,264
5/19/2021 16:40,47,264
5/19/2021 16:45,47,264
5/19/2021 16:50,47,263
5/19/2021 16:55,47,263
5/19/2021 17:00,47,263
5/19/2021 17:05,47,262
5/19/2021 17:10,47,262
5/19/2021 17:15,47,261
5/19/2021 17:20,47,261
5/19/2021 17:25,47,261
5/19/2021 17:30,47,261
5/19/2021 17:35,47,260
5/19/2021 17:40,47,260
5/19/2021 17:45,47,259
5/19/2021 17:50,47,259
5/19/2021 17:55,47,258
5/19/2021 18:00,47,259
5/19/2021 18:05,47,258
5/19/2021 18:10,47,257
5/19/2021 18:15,47,257
5/19/2021 18:20,47,257
5/19/2021 18:25,47,256
5/19/2021 18:30,47,256
5/19/2021 18:35,47,256
5/19/2021 18:40,47,255
5/19/2021 18:45,47,255
5/19/2021 18:50,47,254
5/19/2021 18:55,47,254
5/19/2021 19:00,47,254
5/19/2021 19:05,47,254
5/19/2021 19:10,47,253
5/19/2021 19:15,47,253
5/19/2021 19:20,47,253
5/19/2021 19:25,47,253
5/19/2021 19:30,47,252
5/19/2021 19:35,47,252
5/19/2021 19:40,47,251
5/19/2021 19:45,47,251
5/19/2021 19:50,47,251
5/19/2021 19:55,47,251
5/19/2021 20:00,47,250
5/19/2021 20:05,47,250
5/19/2021 20:10,47,250
5/19/2021 20:15,47,249
5/19/2021 20:20,47,249
5/19/2021 20:25,47,250
5/19/2021 20:30,47,249
5/19/2021 20:35,47,249
5/19/2021 20:40,47,249
5/19/2021 20:45,47,248
5/19/2021 20:50,47,247
5/19/2021 20:55,47,248
5/19/2021 21:00,47,247
5/19/2021 21:05,47,247
5/19/2021 21:10,47,247
5/19/2021 21:15,47,246
5/19/2021 21:20,47,246
5/19/2021 21:25,47,246
5/19/2021 21:30,47,245
5/19/2021 21:35,47,245
5/19/2021 21:40,47,245
5/19/2021 21:45,47,245
5/19/2021 21:50,47,245
5/19/2021 21:55,47,245
5/19/2021 22:00,47,244
5/19/2021 22:05,47,244
5/19/2021 22:10,47,244
5/19/2021 22:15,47,244
5/19/2021 22:20,47,244
5/19/2021 22:25,47,243
5/19/2021 22:30,47,244
5/19/2021 22:35,47,243
5/19/2021 22:40,47,244
5/19/2021 22:45,47,243
5/19/2021 22:50,47,243
5/19/2021 22:55,47,243
5/19/2021 23:00,47,242
5/19/2021 23:05,47,242
5/19/2021 23:10,47,243
5/19/2021 23:15,47,243
5/19/2021 23:20,47,242
5/19/2021 23:25,47,242
5/19/2021 23:30,47,241
5/19/2021 23:35,47,241
5/19/2021 23:40,47,242
5/19/2021 23:45,47,241
5/19/2021 23:50,47,241
5/19/2021 23:55,47,241
5/20/2021 0:00,47,240
5/20/2021 0:05,47,240
5/20/2021 0:10,47,240
5/20/2021 0:15,47,240
5/20/2021 0:20,47,240
5/20/2021 0:25,47,239
5/20/2021 0:30,47,239
5/20/2021 0:35,47,239
5/20/2021 0:40,47,239
5/20/2021 0:45,47,239
5/20/2021 0:50,47,239
5/20/2021 0:55,47,238
5/20/2021 1:00,47,238
5/20/2021 1:05,47,239
5/20/2021 1:10,47,238
5/20/2021 1:15,47,238
5/20/2021 1:20,47,238
5/20/2021 1:25,47,237
5/20/2021 1:30,47,237
5/20/2021 1:35,47,237
5/20/2021 1:40,47,236
5/20/2021 1:45,47,236
5/20/2021 1:50,47,236
5/20/2021 1:55,47,236
5/20/2021 2:00,47,237
5/20/2021 2:05,47,236
5/20/2021 2:10,47,236
5/20/2021 2:15,47,235
5/20/2021 2:20,47,235
5/20/2021 2:25,47,235
5/20/2021 2:30,47,235
5/20/2021 2:35,47,235
5/20/2021 2:40,47,235
5/20/2021 2:45,47,235
5/20/2021 2:50,47,234
5/20/2021 2:55,47,234
5/20/2021 3:00,47,234
5/20/2021 3:05,47,233
5/20/2021 3:10,47,234
5/20/2021 3:15,47,233
5/20/2021 3:20,47,233
5/20/2021 3:25,47,233
5/20/2021 3:30,47,233
5/20/2021 3:35,47,233
5/20/2021 3:40,47,233
5/20/2021 3:45,47,233
5/20/2021 3:50,47,232
5/20/2021 3:55,47,232
5/20/2021 4:00,47,232
5/20/2021 4:05,47,232
5/20/2021 4:10,47,231
5/20/2021 4:15,47,231
5/20/2021 4:20,47,231
5/20/2021 4:25,47,231
5/20/2021 4:30,47,231
5/20/2021 4:35,47,231
5/20/2021 4:40,47,231
5/20/2021 4:45,47,231
5/20/2021 4:50,47,231
5/20/2021 4:55,47,231
5/20/2021 5:00,47,230
5/20/2021 5:05,47,230
5/20/2021 5:10,47,230
5/20/2021 5:15,47,229
5/20/2021 5:20,47,229
5/20/2021 5:25,47,229
5/20/2021 5:30,47,229
5/20/2021 5:35,47,229
5/20/2021 5:40,47,229
5/20/2021 5:45,47,228
5/20/2021 5:50,47,228
5/20/2021 5:55,47,228
5/20/2021 6:00,47,228
5/20/2021 6:05,47,228
5/20/2021 6:10,47,228
5/20/2021 6:15,47,228
5/20/2021 6:20,47,227
5/20/2021 6:25,47,227
5/20/2021 6:30,47,226
5/20/2021 6:35,47,226
5/20/2021 6:40,47,226
5/20/2021 6:45,47,226
5/20/2021 6:50,47,225
5/20/2021 6:55,47,226
5/20/2021 7:00,47,225
5/20/2021 7:05,47,225
5/20/2021 7:10,47,225
5/20/2021 7:15,47,224
5/20/2021 7:20,47,224
5/20/2021 7:25,47,224
5/20/2021 7:30,47,224
5/20/2021 7:35,47,224
5/20/2021 7:40,47,224
5/20/2021 7:45,47,224
5/20/2021 7:50,47,223
5/20/2021 7:55,47,223
5/20/2021 8:00,47,223
5/20/2021 8:05,47,223
5/20/2021 8:10,47,222
5/20/2021 8:15,47,222
5/20/2021 8:20,47,222
5/20/2021 8:25,47,222
5/20/2021 8:30,47,222
5/20/2021 8:35,47,221
5/20/2021 8:40,47,222
5/20/2021 8:45,47,222
5/20/2021 8:50,47,221
5/20/2021 8:55,47,221
5/20/2021 9:00,47,221
5/20/2021 9:05,47,221
5/20/2021 9:10,47,221
5/20/2021 9:15,47,220
5/20/2021 9:20,47,220
5/20/2021 9:25,47,220
5/20/2021 9:30,47,219
5/20/2021 9:35,47,220
5/20/2021 9:40,47,220
5/20/2021 9:45,47,219
5/20/2021 9:50,47,219
5/20/2021 9:55,47,219
5/20/2021 10:00,47,218
5/20/2021 10:05,47,219
5/20/2021 10:10,47,218
5/20/2021 10:15,47,218
5/20/2021 10:20,47,218
5/20/2021 10:25,47,218
5/20/2021 10:30,47,217
5/20/2021 10:35,47,217
5/20/2021 10:40,47,217
5/20/2021 10:45,47,217
5/20/2021 10:50,47,216
5/20/2021 10:55,47,216
5/20/2021 11:00,47,216
5/20/2021 11:05,47,215
5/20/2021 11:10,47,215
5/20/2021 11:15,47,215
5/20/2021 11:20,47,215
5/20/2021 11:25,47,214
5/20/2021 11:30,47,214
5/20/2021 11:35,47,214
5/20/2021 11:40,47,214
5/20/2021 11:45,47,214
5/20/2021 11:50,47,214
5/20/2021 11:55,47,213
5/20/2021 12:00,47,213
5/20/2021 12:05,47,213
5/20/2021 12:10,47,213
5/20/2021 12:15,47,212
5/20/2021 12:20,47,212
5/20/2021 12:25,47,212
5/20/2021 12:30,47,212
5/20/2021 12:35,47,211
5/20/2021 12:40,47,211
5/20/2021 12:45,47,211
5/20/2021 12:50,47,210
5/20/2021 12:55,47,210
5/20/2021 13:00,47,210
5/20/2021 13:05,47,209
5/20/2021 13:10,47,210
5/20/2021 13:15,47,209
5/20/2021 13:20,47,209
5/20/2021 13:25,47,209
5/20/2021 13:30,47,208
5/20/2021 13:35,47,209
5/20/2021 13:40,47,208
5/20/2021 13:45,47,208
5/20/2021 13:50,47,207
5/20/2021 13:55,47,207
5/20/2021 14:00,47,206
5/20/2021 14:05,47,207
5/20/2021 14:10,47,206
5/20/2021 14:15,47,206
5/20/2021 14:20,47,206
5/20/2021 14:25,47,205
5/20/2021 14:30,47,205
5/20/2021 14:35,47,205
5/20/2021 14:40,47,205
5/20/2021 14:45,47,205
5/20/2021 14:50,47,205
5/20/2021 14:55,47,205
5/20/2021 15:00,47,204
5/20/2021 15:05,47,204
5/20/2021 15:10,47,203
5/20/2021 15:15,47,204
5/20/2021 15:20,47,203
5/20/2021 15:25,47,203
5/20/2021 15:30,47,203
5/20/2021 15:35,47,202
5/20/2021 15:40,47,203
5/20/2021 15:45,47,202
5/20/2021 15:50,47,202
5/20/2021 15:55,47,202
5/20/2021 16:00,47,202
5/20/2021 16:05,47,201
5/20/2021 16:10,47,201
5/20/2021 16:15,47,201
5/20/2021 16:20,47,201
5/20/2021 16:25,47,201
5/20/2021 16:30,47,200
5/20/2021 16:35,47,200
5/20/2021 16:40,47,200
5/20/2021 16:45,47,200
5/20/2021 16:50,47,200
5/20/2021 16:55,47,199
5/20/2021 17:00,47,199
5/20/2021 17:05,47,199
5/20/2021 17:10,47,199
5/20/2021 17:15,47,199
5/20/2021 17:20,47,199
5/20/2021 17:25,47,198
5/20/2021 17:30,47,198
5/20/2021 17:35,47,198
5/20/2021 17:40,47,198
5/20/2021 17:45,47,197
5/20/2021 17:50,47,197
5/20/2021 17:55,47,197
5/20/2021 18:00,47,197
5/20/2021 18:05,47,197
5/20/2021 18:10,47,197
5/20/2021 18:15,47,197
5/20/2021 18:20,47,197
5/20/2021 18:25,47,197
5/20/2021 18:30,47,197
5/20/2021 18:35,47,197
5/20/2021 18:40,47,196
5/20/2021 18:45,47,196
5/20/2021 18:50,47,196
5/20/2021 18:55,47,196
5/20/2021 19:00,47,196
5/20/2021 19:05,47,196
5/20/2021 19:10,47,196
5/20/2021 19:15,47,196
5/20/2021 19:20,47,196
5/20/2021 19:25,47,196
5/20/2021 19:30,47,196
5/20/2021 19:35,47,196
5/20/2021 19:40,47,196
5/20/2021 19:45,47,195
5/20/2021 19:50,47,195
5/20/2021 19:55,47,195
5/20/2021 20:00,47,195
5/20/2021 20:05,47,195
5/20/2021 20:10,47,195
5/20/2021 20:15,47,195
5/20/2021 20:20,47,195
5/20/2021 20:25,47,195
5/20/2021 20:30,47,195
5/20/2021 20:35,47,194
5/20/2021 20:40,47,194
5/20/2021 20:45,47,195
5/20/2021 20:50,47,194
5/20/2021 20:55,47,194
5/20/2021 21:00,47,194
5/20/2021 21:05,47,194
5/20/2021 21:10,47,194
5/20/2021 21:15,47,194
5/20/2021 21:20,47,194
5/20/2021 21:25,47,194
5/20/2021 21:30,47,194
5/20/2021 21:35,47,194
5/20/2021 21:40,47,194
5/20/2021 21:45,47,195
5/20/2021 21:50,47,194
5/20/2021 21:55,47,194
5/20/2021 22:00,47,195
5/20/2021 22:05,47,194
5/20/2021 22:10,47,194
5/20/2021 22:15,47,194
5/20/2021 22:20,47,194
5/20/2021 22:25,47,195
5/20/2021 22:30,47,195
5/20/2021 22:35,47,195
5/20/2021 22:40,47,195
5/20/2021 22:45,47,194
5/20/2021 22:50,47,195
5/20/2021 22:55,47,195
5/20/2021 23:00,47,194
5/20/2021 23:05,47,194
5/20/2021 23:10,47,195
5/20/2021 23:15,47,195
5/20/2021 23:20,47,195
5/20/2021 23:25,47,195
5/20/2021 23:30,47,195
5/20/2021 23:35,47,195
5/20/2021 23:40,47,195
5/20/2021 23:45,47,195
5/20/2021 23:50,47,195
5/20/2021 23:55,47,195
5/21/2021 0:00,47,195
5/21/2021 0:05,47,195
5/21/2021 0:10,47,195
5/21/2021 0:15,47,195
5/21/2021 0:20,47,195
5/21/2021 0:25,47,195
5/21/2021 0:30,47,195
5/21/2021 0:35,47,195
5/21/2021 0:40,47,196
5/21/2021 0:45,47,196
5/21/2021 0:50,47,196
5/21/2021 0:55,47,196
5/21/2021 1:00,47,196
5/21/2021 1:05,47,196
5/21/2021 1:10,47,196
5/21/2021 1:15,47,196
5/21/2021 1:20,47,196
5/21/2021 1:25,47,196
5/21/2021 1:30,47,196
5/21/2021 1:35,47,197
5/21/2021 1:40,47,197
5/21/2021 1:45,47,197
5/21/2021 1:50,47,197
5/21/2021 1:55,47,197
5/21/2021 2:00,47,197
5/21/2021 2:05,47,197
5/21/2021 2:10,47,198
5/21/2021 2:15,47,197
5/21/2021 2:20,47,198
5/21/2021 2:25,47,198
5/21/2021 2:30,47,198
5/21/2021 2:35,47,198
5/21/2021 2:40,47,198
5/21/2021 2:45,47,199
5/21/2021 2:50,47,199
5/21/2021 2:55,47,199
5/21/2021 3:00,47,199
5/21/2021 3:05,47,199
5/21/2021 3:10,47,199
5/21/2021 3:15,47,199
5/21/2021 3:20,47,199
5/21/2021 3:25,47,200
5/21/2021 3:30,47,200
5/21/2021 3:35,47,200
5/21/2021 3:40,47,201
5/21/2021 3:45,47,201
5/21/2021 3:50,47,201
5/21/2021 3:55,47,201
5/21/2021 4:00,47,201
5/21/2021 4:05,47,201
5/21/2021 4:10,47,201
5/21/2021 4:15,47,201
5/21/2021 4:20,47,202
5/21/2021 4:25,47,202
5/21/2021 4:30,47,202
5/21/2021 4:35,47,202
5/21/2021 4:40,47,202
5/21/2021 4:45,47,203
5/21/2021 4:50,47,203
5/21/2021 4:55,47,203
5/21/2021 5:00,47,203
5/21/2021 5:05,47,203
5/21/2021 5:10,47,204
5/21/2021 5:15,47,204
5/21/2021 5:20,47,204
5/21/2021 5:25,47,204
5/21/2021 5:30,47,204
5/21/2021 5:35,47,204
5/21/2021 5:40,47,204
5/21/2021 5:45,47,205
5/21/2021 5:50,47,205
5/21/2021 5:55,47,205
5/21/2021 6:00,47,205
5/21/2021 6:05,47,205
5/21/2021 6:10,47,205
5/21/2021 6:15,47,206
5/21/2021 6:20,47,206
5/21/2021 6:25,47,206
5/21/2021 6:30,47,206
5/21/2021 6:35,47,206
5/21/2021 6:40,47,206
5/21/2021 6:45,47,206
5/21/2021 6:50,47,206
5/21/2021 6:55,47,207
5/21/2021 7:00,47,207
5/21/2021 7:05,47,207
5/21/2021 7:10,47,207
5/21/2021 7:15,47,206
5/21/2021 7:20,47,207
5/21/2021 7:25,47,207
5/21/2021 7:30,47,207
5/21/2021 7:35,47,207
5/21/2021 7:40,47,207
5/21/2021 7:45,47,207
5/21/2021 7:50,47,207
5/21/2021 7:55,47,207
5/21/2021 8:00,47,207
5/21/2021 8:05,47,207
5/21/2021 8:10,47,207
5/21/2021 8:15,47,207
5/21/2021 8:20,47,207
5/21/2021 8:25,47,207
5/21/2021 8:30,47,207
5/21/2021 8:35,47,208
5/21/2021 8:40,47,207
5/21/2021 8:45,47,207
5/21/2021 8:50,47,207
5/21/2021 8:55,47,207
5/21/2021 9:00,47,207
5/21/2021 9:05,47,207
5/21/2021 9:10,47,207
5/21/2021 9:15,47,207
5/21/2021 9:20,47,207
5/21/2021 9:25,47,207
5/21/2021 9:30,47,206
5/21/2021 9:35,47,207
5/21/2021 9:40,47,206
5/21/2021 9:45,47,207
5/21/2021 9:50,47,207
5/21/2021 9:55,47,207
5/21/2021 10:00,47,207
5/21/2021 10:05,47,207
5/21/2021 10:10,47,207
5/21/2021 10:15,47,207
5/21/2021 10:20,47,207
5/21/2021 10:25,47,207
5/21/2021 10:30,47,206
5/21/2021 10:35,47,206
5/21/2021 10:40,47,206
5/21/2021 10:45,47,206
5/21/2021 10:50,47,206
5/21/2021 10:55,47,205
5/21/2021 11:00,47,206
5/21/2021 11:05,47,205
5/21/2021 11:10,47,205
5/21/2021 11:15,47,205
5/21/2021 11:20,47,205
5/21/2021 11:25,47,205
5/21/2021 11:30,47,205
5/21/2021 11:35,47,205
5/21/2021 11:40,47,204
5/21/2021 11:45,47,204
5/21/2021 11:50,47,204
5/21/2021 11:55,47,204
5/21/2021 12:00,47,204
5/21/2021 12:05,47,204
5/21/2021 12:10,47,203
5/21/2021 12:15,47,203
5/21/2021 12:20,47,203
5/21/2021 12:25,47,203
5/21/2021 12:30,47,203
5/21/2021 12:35,47,203
5/21/2021 12:40,47,203
5/21/2021 12:45,47,203
5/21/2021 12:50,47,202
5/21/2021 12:55,47,202
5/21/2021 13:00,47,202
5/21/2021 13:05,47,202
5/21/2021 13:10,47,202
5/21/2021 13:15,47,201
5/21/2021 13:20,47,201
5/21/2021 13:25,47,200
5/21/2021 13:30,47,201
5/21/2021 13:35,47,200
5/21/2021 13:40,47,200
5/21/2021 13:45,47,200
5/21/2021 13:50,47,200
5/21/2021 13:55,47,200
5/21/2021 14:00,47,200
5/21/2021 14:05,47,200
5/21/2021 14:10,47,199
5/21/2021 14:15,47,199
5/21/2021 14:20,47,199
5/21/2021 14:25,47,199
5/21/2021 14:30,47,199
5/21/2021 14:35,47,199
5/21/2021 14:40,47,198
5/21/2021 14:45,47,198
5/21/2021 14:50,47,198
5/21/2021 14:55,47,198
5/21/2021 15:00,47,197
5/21/2021 15:05,47,197
5/21/2021 15:10,47,197
5/21/2021 15:15,47,197
5/21/2021 15:20,47,197
5/21/2021 15:25,47,197
5/21/2021 15:30,47,196
5/21/2021 15:35,47,196
5/21/2021 15:40,47,196
5/21/2021 15:45,47,196
5/21/2021 15:50,47,196
5/21/2021 15:55,47,196
5/21/2021 16:00,47,195
5/21/2021 16:05,47,195
5/21/2021 16:10,47,195
5/21/2021 16:15,47,194
5/21/2021 16:20,47,194
5/21/2021 16:25,47,194
5/21/2021 16:30,47,194
5/21/2021 16:35,47,194
5/21/2021 16:40,47,193
5/21/2021 16:45,47,193
5/21/2021 16:50,47,193
5/21/2021 16:55,47,193
5/21/2021 17:00,47,193
5/21/2021 17:05,47,193
5/21/2021 17:10,47,192
5/21/2021 17:15,47,192
5/21/2021 17:20,47,192
5/21/2021 17:25,47,192
5/21/2021 17:30,47,192
5/21/2021 17:35,47,192
5/21/2021 17:40,47,192
5/21/2021 17:45,47,192
5/21/2021 17:50,47,192
5/21/2021 17:55,47,191
5/21/2021 18:00,47,191
5/21/2021 18:05,47,191
5/21/2021 18:10,47,191
5/21/2021 18:15,47,191
5/21/2021 18:20,47,191
5/21/2021 18:25,47,190
5/21/2021 18:30,47,190
5/21/2021 18:35,47,190
5/21/2021 18:40,47,190
5/21/2021 18:45,47,190
5/21/2021 18:50,47,190
5/21/2021 18:55,47,190
5/21/2021 19:00,47,190
5/21/2021 19:05,47,190
5/21/2021 19:10,47,190
5/21/2021 19:15,47,189
5/21/2021 19:20,47,189
5/21/2021 19:25,47,189
5/21/2021 19:30,47,189
5/21/2021 19:35,47,189
5/21/2021 19:40,47,189
5/21/2021 19:45,47,189
5/21/2021 19:50,47,189
5/21/2021 19:55,47,189
5/21/2021 20:00,47,189
5/21/2021 20:05,47,189
5/21/2021 20:10,47,189
5/21/2021 20:15,47,189
5/21/2021 20:20,47,189
5/21/2021 20:25,47,190
5/21/2021 20:30,47,190
5/21/2021 20:35,47,190
5/21/2021 20:40,47,190
5/21/2021 20:45,47,190
5/21/2021 20:50,47,190
5/21/2021 20:55,47,190
5/21/2021 21:00,47,190
5/21/2021 21:05,47,190
5/21/2021 21:10,47,190
5/21/2021 21:15,47,190
5/21/2021 21:20,47,190
5/21/2021 21:25,47,191
5/21/2021 21:30,47,191
5/21/2021 21:35,47,191
5/21/2021 21:40,47,191
5/21/2021 21:45,47,191
5/21/2021 21:50,47,191
5/21/2021 21:55,47,191
5/21/2021 22:00,47,192
5/21/2021 22:05,47,191
5/21/2021 22:10,47,192
5/21/2021 22:15,47,192
5/21/2021 22:20,47,192
5/21/2021 22:25,47,193
5/21/2021 22:30,47,193
5/21/2021 22:35,47,193
5/21/2021 22:40,47,193
5/21/2021 22:45,47,193
5/21/2021 22:50,47,194
5/21/2021 22:55,47,194
5/21/2021 23:00,47,194
5/21/2021 23:05,47,194
5/21/2021 23:10,47,194
5/21/2021 23:15,47,194
5/21/2021 23:20,47,195
5/21/2021 23:25,47,195
5/21/2021 23:30,47,195
5/21/2021 23:35,47,196
5/21/2021 23:40,47,196
5/21/2021 23:45,47,196
5/21/2021 23:50,47,196
5/21/2021 23:55,47,196
5/22/2021 0:00,47,196
5/22/2021 0:05,47,197
5/22/2021 0:10,47,197
5/22/2021 0:15,47,197
5/22/2021 0:20,47,197
5/22/2021 0:25,47,198
5/22/2021 0:30,47,198
5/22/2021 0:35,47,198
5/22/2021 0:40,47,198
5/22/2021 0:45,47,198
5/22/2021 0:50,47,199
5/22/2021 0:55,47,199
5/22/2021 1:00,47,199
5/22/2021 1:05,47,200
5/22/2021 1:10,47,199
5/22/2021 1:15,47,200
5/22/2021 1:20,47,200
5/22/2021 1:25,47,200
5/22/2021 1:30,47,201
5/22/2021 1:35,47,201
5/22/2021 1:40,47,201
5/22/2021 1:45,47,202
5/22/2021 1:50,47,202
5/22/2021 1:55,47,202
5/22/2021 2:00,47,202
5/22/2021 2:05,47,202
5/22/2021 2:10,47,203
5/22/2021 2:15,47,203
5/22/2021 2:20,47,203
5/22/2021 2:25,47,204
5/22/2021 2:30,47,204
5/22/2021 2:35,47,204
5/22/2021 2:40,47,204
5/22/2021 2:45,47,205
5/22/2021 2:50,47,205
5/22/2021 2:55,47,206
5/22/2021 3:00,47,206
5/22/2021 3:05,47,206
5/22/2021 3:10,47,206
5/22/2021 3:15,47,207
5/22/2021 3:20,47,207
5/22/2021 3:25,47,207
5/22/2021 3:30,47,208
5/22/2021 3:35,47,208
5/22/2021 3:40,47,209
5/22/2021 3:45,47,209
5/22/2021 3:50,47,209
5/22/2021 3:55,47,210
5/22/2021 4:00,47,210
5/22/2021 4:05,47,211
5/22/2021 4:10,47,211
5/22/2021 4:15,47,211
5/22/2021 4:20,47,212
5/22/2021 4:25,47,212
5/22/2021 4:30,47,212
5/22/2021 4:35,47,213
5/22/2021 4:40,47,214
5/22/2021 4:45,47,214
5/22/2021 4:50,47,214
5/22/2021 4:55,47,215
5/22/2021 5:00,47,215
5/22/2021 5:05,47,215
5/22/2021 5:10,47,215
5/22/2021 5:15,47,216
5/22/2021 5:20,47,216
5/22/2021 5:25,47,217
5/22/2021 5:30,47,217
5/22/2021 5:35,47,216
5/22/2021 5:40,47,217
5/22/2021 5:45,47,217
5/22/2021 5:50,47,218
5/22/2021 5:55,47,218
5/22/2021 6:00,47,219
5/22/2021 6:05,47,218
5/22/2021 6:10,47,218
5/22/2021 6:15,47,220
5/22/2021 6:20,47,219
5/22/2021 6:25,47,219
5/22/2021 6:30,47,220
5/22/2021 6:35,47,220
5/22/2021 6:40,47,220
5/22/2021 6:45,47,220
5/22/2021 6:50,47,220
5/22/2021 6:55,47,221
5/22/2021 7:00,47,221
5/22/2021 7:05,47,221
5/22/2021 7:10,47,222
5/22/2021 7:15,47,222
5/22/2021 7:20,47,222
5/22/2021 7:25,47,222
5/22/2021 7:30,47,222
5/22/2021 7:35,47,223
5/22/2021 7:40,47,222
5/22/2021 7:45,47,223
5/22/2021 7:50,47,223
5/22/2021 7:55,47,223
5/22/2021 8:00,47,223
5/22/2021 8:05,47,223
5/22/2021 8:10,47,224
5/22/2021 8:15,47,223
5/22/2021 8:20,47,223
5/22/2021 8:25,47,224
5/22/2021 8:30,47,224
5/22/2021 8:35,47,224
5/22/2021 8:40,47,224
5/22/2021 8:45,47,224
5/22/2021 8:50,47,225
5/22/2021 8:55,47,224
5/22/2021 9:00,47,225
5/22/2021 9:05,47,225
5/22/2021 9:10,47,225
5/22/2021 9:15,47,225
5/22/2021 9:20,47,225
5/22/2021 9:25,47,225
5/22/2021 9:30,47,226
5/22/2021 9:35,47,225
5/22/2021 9:40,47,225
5/22/2021 9:45,47,225
5/22/2021 9:50,47,226
5/22/2021 9:55,47,225
5/22/2021 10:00,47,225
5/22/2021 10:05,47,225
5/22/2021 10:10,47,225
5/22/2021 10:15,47,225
5/22/2021 10:20,47,224
5/22/2021 10:25,47,225
5/22/2021 10:30,47,225
5/22/2021 10:35,47,224
5/22/2021 10:40,47,225
5/22/2021 10:45,47,224
5/22/2021 10:50,47,224
5/22/2021 10:55,47,224
5/22/2021 11:00,47,224
5/22/2021 11:05,47,224
5/22/2021 11:10,47,224
5/22/2021 11:15,47,223
5/22/2021 11:20,47,223
5/22/2021 11:25,47,223
5/22/2021 11:30,47,223
5/22/2021 11:35,47,223
5/22/2021 11:40,47,223
5/22/2021 11:45,47,223
5/22/2021 11:50,47,223
5/22/2021 11:55,47,223
5/22/2021 12:00,47,223
5/22/2021 12:05,47,223
5/22/2021 12:10,47,222
5/22/2021 12:15,47,223
5/22/2021 12:20,47,223
5/22/2021 12:25,47,223
5/22/2021 12:30,47,222
5/22/2021 12:35,47,222
5/22/2021 12:40,47,222
5/22/2021 12:45,47,222
5/22/2021 12:50,47,221
5/22/2021 12:55,47,222
5/22/2021 13:00,47,221
5/22/2021 13:05,47,222
5/22/2021 13:10,47,221
5/22/2021 13:15,47,220
5/22/2021 13:20,47,220
5/22/2021 13:25,47,220
5/22/2021 13:30,47,220
5/22/2021 13:35,47,220
5/22/2021 13:40,47,220
5/22/2021 13:45,47,220
5/22/2021 13:50,47,219
5/22/2021 13:55,47,219
5/22/2021 14:00,47,220
5/22/2021 14:05,47,219
5/22/2021 14:10,47,218
5/22/2021 14:15,47,219
5/22/2021 14:20,47,218
5/22/2021 14:25,47,218
5/22/2021 14:30,47,218
5/22/2021 14:35,47,218
5/22/2021 14:40,47,217
5/22/2021 14:45,47,217
5/22/2021 14:50,47,217
5/22/2021 14:55,47,217
5/22/2021 15:00,47,217
5/22/2021 15:05,47,217
5/22/2021 15:10,47,217
5/22/2021 15:15,47,216
5/22/2021 15:20,47,216
5/22/2021 15:25,47,216
5/22/2021 15:30,47,216
5/22/2021 15:35,47,216
5/22/2021 15:40,47,216
5/22/2021 15:45,47,216
5/22/2021 15:50,47,215
5/22/2021 15:55,47,215
5/22/2021 16:00,47,215
5/22/2021 16:05,47,215
5/22/2021 16:10,47,215
5/22/2021 16:15,47,214
5/22/2021 16:20,47,215
5/22/2021 16:25,47,214
5/22/2021 16:30,47,214
5/22/2021 16:35,47,214
5/22/2021 16:40,47,214
5/22/2021 16:45,47,213
5/22/2021 16:50,47,213
5/22/2021 16:55,47,213
5/22/2021 17:00,47,213
5/22/2021 17:05,47,213
5/22/2021 17:10,47,213
5/22/2021 17:15,47,213
5/22/2021 17:20,47,213
5/22/2021 17:25,47,213
5/22/2021 17:30,47,212
5/22/2021 17:35,47,213
5/22/2021 17:40,47,212
5/22/2021 17:45,47,212
5/22/2021 17:50,47,212
5/22/2021 17:55,47,212
5/22/2021 18:00,47,212
5/22/2021 18:05,47,212
5/22/2021 18:10,47,213
5/22/2021 18:15,47,212
5/22/2021 18:20,47,212
5/22/2021 18:25,47,212
5/22/2021 18:30,47,212
5/22/2021 18:35,47,213
5/22/2021 18:40,47,212
5/22/2021 18:45,47,212
5/22/2021 18:50,47,212
5/22/2021 18:55,47,213
5/22/2021 19:00,47,213
5/22/2021 19:05,47,212
5/22/2021 19:10,47,212
5/22/2021 19:15,47,212
5/22/2021 19:20,47,213
5/22/2021 19:25,47,213
5/22/2021 19:30,47,213
5/22/2021 19:35,47,213
5/22/2021 19:40,47,213
5/22/2021 19:45,47,213
5/22/2021 19:50,47,213
5/22/2021 19:55,47,213
5/22/2021 20:00,47,214
5/22/2021 20:05,47,214
5/22/2021 20:10,47,214
5/22/2021 20:15,47,214
5/22/2021 20:20,47,214
5/22/2021 20:25,47,214
5/22/2021 20:30,47,215
5/22/2021 20:35,47,215
5/22/2021 20:40,47,215
5/22/2021 20:45,47,215
5/22/2021 20:50,47,215
5/22/2021 20:55,47,216
5/22/2021 21:00,47,216
5/22/2021 21:05,47,216
5/22/2021 21:10,47,216
5/22/2021 21:15,47,217
5/22/2021 21:20,47,216
5/22/2021 21:25,47,217
5/22/2021 21:30,47,217
5/22/2021 21:35,47,217
5/22/2021 21:40,47,217
5/22/2021 21:45,47,217
5/22/2021 21:50,47,217
5/22/2021 21:55,47,217
5/22/2021 22:00,47,218
5/22/2021 22:05,47,218
5/22/2021 22:10,47,218
5/22/2021 22:15,47,219
5/22/2021 22:20,47,219
5/22/2021 22:25,47,219
5/22/2021 22:30,47,219
5/22/2021 22:35,47,220
5/22/2021 22:40,47,220
5/22/2021 22:45,47,220
5/22/2021 22:50,47,220
5/22/2021 22:55,47,220
5/22/2021 23:00,47,221
5/22/2021 23:05,47,221
5/22/2021 23:10,47,222
5/22/2021 23:15,47,222
5/22/2021 23:20,47,222
5/22/2021 23:25,47,222
5/22/2021 23:30,47,223
5/22/2021 23:35,47,223
5/22/2021 23:40,47,224
5/22/2021 23:45,47,224
5/22/2021 23:50,47,224
5/22/2021 23:55,47,224
5/23/2021 0:00,47,224
5/23/2021 0:05,47,225
5/23/2021 0:10,47,225
5/23/2021 0:15,47,225
5/23/2021 0:20,47,225
5/23/2021 0:25,47,226
5/23/2021 0:30,47,226
5/23/2021 0:35,47,226
5/23/2021 0:40,47,227
5/23/2021 0:45,47,227
5/23/2021 0:50,47,227
5/23/2021 0:55,47,227
5/23/2021 1:00,47,227
5/23/2021 1:05,47,228
5/23/2021 1:10,47,228
5/23/2021 1:15,47,228
5/23/2021 1:20,47,229
5/23/2021 1:25,47,229
5/23/2021 1:30,47,229
5/23/2021 1:35,47,230
5/23/2021 1:40,47,230
5/23/2021 1:45,47,230
5/23/2021 1:50,47,231
5/23/2021 1:55,47,230
5/23/2021 2:00,47,231
5/23/2021 2:05,47,231
5/23/2021 2:10,47,232
5/23/2021 2:15,47,232
5/23/2021 2:20,47,232
5/23/2021 2:25,47,233
5/23/2021 2:30,47,233
5/23/2021 2:35,47,234
5/23/2021 2:40,47,234
5/23/2021 2:45,47,235
5/23/2021 2:50,47,235
5/23/2021 2:55,47,236
5/23/2021 3:00,47,237
5/23/2021 3:05,47,237
5/23/2021 3:10,47,238
5/23/2021 3:15,47,238
5/23/2021 3:20,47,239
5/23/2021 3:25,47,239
5/23/2021 3:30,47,240
5/23/2021 3:35,47,240
5/23/2021 3:40,47,241
5/23/2021 3:45,47,241
5/23/2021 3:50,47,242
5/23/2021 3:55,47,242
5/23/2021 4:00,47,243
5/23/2021 4:05,47,244
5/23/2021 4:10,47,244
5/23/2021 4:15,47,244
5/23/2021 4:20,47,246
5/23/2021 4:25,47,246
5/23/2021 4:30,47,246
5/23/2021 4:35,47,247
5/23/2021 4:40,47,247
5/23/2021 4:45,47,248
5/23/2021 4:50,47,249
5/23/2021 4:55,47,249
5/23/2021 5:00,47,250
5/23/2021 5:05,47,250
5/23/2021 5:10,47,250
5/23/2021 5:15,47,250
5/23/2021 5:20,47,252
5/23/2021 5:25,47,252
5/23/2021 5:30,47,252
5/23/2021 5:35,47,254
5/23/2021 5:40,47,253
5/23/2021 5:45,47,254
5/23/2021 5:50,47,254
5/23/2021 5:55,47,255
5/23/2021 6:00,47,255
5/23/2021 6:05,47,255
5/23/2021 6:10,47,256
5/23/2021 6:15,47,256
5/23/2021 6:20,47,257
5/23/2021 6:25,47,257
5/23/2021 6:30,47,258
5/23/2021 6:35,47,258
5/23/2021 6:40,47,258
5/23/2021 6:45,47,259
5/23/2021 6:50,47,259
5/23/2021 6:55,47,259
5/23/2021 7:00,47,259
5/23/2021 7:05,47,260
5/23/2021 7:10,47,261
5/23/2021 7:15,47,260
5/23/2021 7:20,47,260
5/23/2021 7:25,47,261
5/23/2021 7:30,47,261
5/23/2021 7:35,47,261
5/23/2021 7:40,47,262
5/23/2021 7:45,47,262
5/23/2021 7:50,47,262
5/23/2021 7:55,47,262
5/23/2021 8:00,47,262
5/23/2021 8:05,47,263
5/23/2021 8:10,47,263
5/23/2021 8:15,47,263
5/23/2021 8:20,47,263
5/23/2021 8:25,47,263
5/23/2021 8:30,47,263
5/23/2021 8:35,47,263
5/23/2021 8:40,47,264
5/23/2021 8:45,47,264
5/23/2021 8:50,47,264
5/23/2021 8:55,47,264
5/23/2021 9:00,47,264
5/23/2021 9:05,47,264
5/23/2021 9:10,47,264
5/23/2021 9:15,47,265
5/23/2021 9:20,47,264
5/23/2021 9:25,47,264
5/23/2021 9:30,47,264
5/23/2021 9:35,47,264
5/23/2021 9:40,47,265
5/23/2021 9:45,47,265
5/23/2021 9:50,47,265
5/23/2021 9:55,47,265
5/23/2021 10:00,47,264
5/23/2021 10:05,47,264
5/23/2021 10:10,47,264
5/23/2021 10:15,47,265
5/23/2021 10:20,47,265
5/23/2021 10:25,47,265
5/23/2021 10:30,47,265
5/23/2021 10:35,47,265
5/23/2021 10:40,47,265
5/23/2021 10:45,47,264
5/23/2021 10:50,47,265
5/23/2021 10:55,47,265
5/23/2021 11:00,47,265
5/23/2021 11:05,47,265
5/23/2021 11:10,47,265
5/23/2021 11:15,47,265
5/23/2021 11:20,47,264
5/23/2021 11:25,47,265
5/23/2021 11:30,47,265
5/23/2021 11:35,47,265
5/23/2021 11:40,47,265
5/23/2021 11:45,47,264
5/23/2021 11:50,47,265
5/23/2021 11:55,47,265
5/23/2021 12:00,47,264
5/23/2021 12:05,47,265
5/23/2021 12:10,47,265
5/23/2021 12:15,47,265
5/23/2021 12:20,47,264
5/23/2021 12:25,47,264
5/23/2021 12:30,47,265
5/23/2021 12:35,47,264
5/23/2021 12:40,47,264
5/23/2021 12:45,47,264
5/23/2021 12:50,47,264
5/23/2021 12:55,47,264
5/23/2021 13:00,47,263
5/23/2021 13:05,47,263
5/23/2021 13:10,47,263
5/23/2021 13:15,47,264
5/23/2021 13:20,47,263
5/23/2021 13:25,47,263
5/23/2021 13:30,47,263
5/23/2021 13:35,47,263
5/23/2021 13:40,47,263
5/23/2021 13:45,47,263
5/23/2021 13:50,47,263
5/23/2021 13:55,47,262
5/23/2021 14:00,47,263
5/23/2021 14:05,47,262
5/23/2021 14:10,47,262
5/23/2021 14:15,47,262
5/23/2021 14:20,47,261
5/23/2021 14:25,47,261
5/23/2021 14:30,47,262
5/23/2021 14:35,47,262
5/23/2021 14:40,47,261
5/23/2021 14:45,47,262
5/23/2021 14:50,47,262
5/23/2021 14:55,47,261
5/23/2021 15:00,47,261
5/23/2021 15:05,47,261
5/23/2021 15:10,47,260
5/23/2021 15:15,47,261
5/23/2021 15:20,47,261
5/23/2021 15:25,47,260
5/23/2021 15:30,47,261
5/23/2021 15:35,47,260
5/23/2021 15:40,47,260
5/23/2021 15:45,47,260
5/23/2021 15:50,47,260
5/23/2021 15:55,47,259
5/23/2021 16:00,47,260
5/23/2021 16:05,47,259
5/23/2021 16:10,47,259
5/23/2021 16:15,47,259
5/23/2021 16:20,47,259
5/23/2021 16:25,47,259
5/23/2021 16:30,47,259
5/23/2021 16:35,47,259
5/23/2021 16:40,47,260
5/23/2021 16:45,47,260
5/23/2021 16:50,47,260
5/23/2021 16:55,47,260
5/23/2021 17:00,47,259
5/23/2021 17:05,47,259
5/23/2021 17:10,47,259
5/23/2021 17:15,47,259
5/23/2021 17:20,47,259
5/23/2021 17:25,47,260
5/23/2021 17:30,47,258
5/23/2021 17:35,47,259
5/23/2021 17:40,47,260
5/23/2021 17:45,47,259
5/23/2021 17:50,47,259
5/23/2021 17:55,47,259
5/23/2021 18:00,47,260
5/23/2021 18:05,47,259
5/23/2021 18:10,47,259
5/23/2021 18:15,47,260
5/23/2021 18:20,47,260
5/23/2021 18:25,47,260
5/23/2021 18:30,47,260
5/23/2021 18:35,47,260
5/23/2021 18:40,47,260
5/23/2021 18:45,47,261
5/23/2021 18:50,47,260
5/23/2021 18:55,47,261
5/23/2021 19:00,47,260
5/23/2021 19:05,47,261
5/23/2021 19:10,47,261
5/23/2021 19:15,47,261
5/23/2021 19:20,47,261
5/23/2021 19:25,47,262
5/23/2021 19:30,47,262
5/23/2021 19:35,47,261
5/23/2021 19:40,47,262
5/23/2021 19:45,47,262
5/23/2021 19:50,47,262
5/23/2021 19:55,47,263
5/23/2021 20:00,47,263
5/23/2021 20:05,47,263
5/23/2021 20:10,47,263
5/23/2021 20:15,47,264
5/23/2021 20:20,47,264
5/23/2021 20:25,47,264
5/23/2021 20:30,47,264
5/23/2021 20:35,47,264
5/23/2021 20:40,47,265
5/23/2021 20:45,47,265
5/23/2021 20:50,47,266
5/23/2021 20:55,47,266
5/23/2021 21:00,47,266
5/23/2021 21:05,47,266
5/23/2021 21:10,47,265
5/23/2021 21:15,47,266
5/23/2021 21:20,47,266
5/23/2021 21:25,47,267
5/23/2021 21:30,47,267
5/23/2021 21:35,47,267
5/23/2021 21:40,47,267
5/23/2021 21:45,47,267
5/23/2021 21:50,47,268
5/23/2021 21:55,47,268
5/23/2021 22:00,47,269
5/23/2021 22:05,47,270
5/23/2021 22:10,47,270
5/23/2021 22:15,47,270
5/23/2021 22:20,47,270
5/23/2021 22:25,47,270
5/23/2021 22:30,47,271
5/23/2021 22:35,47,271
5/23/2021 22:40,47,272
5/23/2021 22:45,47,272
5/23/2021 22:50,47,274
5/23/2021 22:55,47,274
5/23/2021 23:00,47,275
5/23/2021 23:05,47,275
5/23/2021 23:10,47,276
5/23/2021 23:15,47,276
5/23/2021 23:20,47,276
5/23/2021 23:25,47,277
5/23/2021 23:30,47,279
5/23/2021 23:35,47,278
5/23/2021 23:40,47,279
5/23/2021 23:45,47,280
5/23/2021 23:50,47,281
5/23/2021 23:55,47,282
5/24/2021 0:00,47,282
5/24/2021 0:05,47,283
5/24/2021 0:10,47,284
5/24/2021 0:15,47,285
5/24/2021 0:20,47,286
5/24/2021 0:25,47,286
5/24/2021 0:30,47,287
5/24/2021 0:35,47,289
5/24/2021 0:40,47,289
5/24/2021 0:45,47,290
5/24/2021 0:50,47,290
5/24/2021 0:55,47,291
5/24/2021 1:00,47,292
5/24/2021 1:05,47,293
5/24/2021 1:10,47,294
5/24/2021 1:15,47,295
5/24/2021 1:20,47,295
5/24/2021 1:25,47,297
5/24/2021 1:30,47,297
5/24/2021 1:35,47,298
5/24/2021 1:40,47,299
5/24/2021 1:45,47,300
5/24/2021 1:50,47,301
5/24/2021 1:55,47,302
5/24/2021 2:00,47,302
5/24/2021 2:05,47,303
5/24/2021 2:10,47,305
5/24/2021 2:15,47,306
5/24/2021 2:20,47,307
5/24/2021 2:25,47,308
5/24/2021 2:30,47,309
5/24/2021 2:35,47,310
5/24/2021 2:40,47,311
5/24/2021 2:45,47,311
5/24/2021 2:50,47,312
5/24/2021 2:55,47,313
5/24/2021 3:00,47,314
5/24/2021 3:05,47,316
5/24/2021 3:10,47,317
5/24/2021 3:15,47,317
5/24/2021 3:20,47,318
5/24/2021 3:25,47,319
5/24/2021 3:30,47,320
5/24/2021 3:35,47,322
5/24/2021 3:40,47,322
5/24/2021 3:45,47,323
5/24/2021 3:50,47,324
5/24/2021 3:55,47,325
5/24/2021 4:00,47,325
5/24/2021 4:05,47,326
5/24/2021 4:10,47,326
5/24/2021 4:15,47,328
5/24/2021 4:20,47,329
5/24/2021 4:25,47,330
5/24/2021 4:30,47,330
5/24/2021 4:35,47,331
5/24/2021 4:40,47,332
5/24/2021 4:45,47,333
5/24/2021 4:50,47,334
5/24/2021 4:55,47,334
5/24/2021 5:00,47,335
5/24/2021 5:05,47,337
5/24/2021 5:10,47,336
5/24/2021 5:15,47,338
5/24/2021 5:20,47,337
5/24/2021 5:25,47,339
5/24/2021 5:30,47,339
5/24/2021 5:35,47,341
5/24/2021 5:40,47,341
5/24/2021 5:45,47,341
5/24/2021 5:50,47,342
5/24/2021 5:55,47,342
5/24/2021 6:00,47,343
5/24/2021 6:05,47,343
5/24/2021 6:10,47,343
5/24/2021 6:15,47,345
5/24/2021 6:20,47,344
5/24/2021 6:25,47,345
5/24/2021 6:30,47,345
5/24/2021 6:35,47,346
5/24/2021 6:40,47,347
5/24/2021 6:45,47,347
5/24/2021 6:50,47,347
5/24/2021 6:55,47,347
5/24/2021 7:00,47,349
5/24/2021 7:05,47,348
5/24/2021 7:10,47,348
5/24/2021 7:15,47,349
5/24/2021 7:20,47,348
5/24/2021 7:25,47,349
5/24/2021 7:30,47,349
5/24/2021 7:35,47,349
5/24/2021 7:40,47,350
5/24/2021 7:45,47,350
5/24/2021 7:50,47,349
5/24/2021 7:55,47,351
5/24/2021 8:00,47,352
5/24/2021 8:05,47,350
5/24/2021 8:10,47,350
5/24/2021 8:15,47,351
5/24/2021 8:20,47,351
5/24/2021 8:25,47,351
5/24/2021 8:30,47,351
5/24/2021 8:35,47,351
5/24/2021 8:40,47,352
5/24/2021 8:45,47,352
5/24/2021 8:50,47,351
5/24/2021 8:55,47,351
5/24/2021 9:00,47,351
5/24/2021 9:05,47,351
5/24/2021 9:10,47,352
5/24/2021 9:15,47,351
5/24/2021 9:20,47,351
5/24/2021 9:25,47,351
5/24/2021 9:30,47,351
5/24/2021 9:35,47,351
5/24/2021 9:40,47,351
5/24/2021 9:45,47,350
5/24/2021 9:50,47,350
5/24/2021 9:55,47,350
5/24/2021 10:00,47,349
5/24/2021 10:05,47,349
5/24/2021 10:10,47,349
5/24/2021 10:15,47,348
5/24/2021 10:20,47,348
5/24/2021 10:25,47,349
5/24/2021 10:30,47,349
5/24/2021 10:35,47,348
5/24/2021 10:40,47,348
5/24/2021 10:45,47,349
5/24/2021 10:50,47,348
5/24/2021 10:55,47,348
5/24/2021 11:00,47,347
5/24/2021 11:05,47,348
5/24/2021 11:10,47,347
5/24/2021 11:15,47,347
5/24/2021 11:20,47,346
5/24/2021 11:25,47,347
5/24/2021 11:30,47,346
5/24/2021 11:35,47,346
5/24/2021 11:40,47,345
5/24/2021 11:45,47,344
5/24/2021 11:50,47,345
5/24/2021 11:55,47,343
5/24/2021 12:00,47,343
5/24/2021 12:05,47,344
5/24/2021 12:10,47,343
5/24/2021 12:15,47,343
5/24/2021 12:20,47,343
5/24/2021 12:25,47,342
5/24/2021 12:30,47,342
5/24/2021 12:35,47,342
5/24/2021 12:40,47,341
5/24/2021 12:45,47,341
5/24/2021 12:50,47,340
5/24/2021 12:55,47,340
5/24/2021 13:00,47,340
5/24/2021 13:05,47,339
5/24/2021 13:10,47,339
5/24/2021 13:15,47,339
5/24/2021 13:20,47,338
5/24/2021 13:25,47,338
5/24/2021 13:30,47,338
5/24/2021 13:35,47,336
5/24/2021 13:40,47,338
5/24/2021 13:45,47,336
5/24/2021 13:50,47,336
5/24/2021 13:55,47,335
5/24/2021 14:00,47,335
5/24/2021 14:05,47,334
5/24/2021 14:10,47,334
5/24/2021 14:15,47,334
5/24/2021 14:20,47,333
5/24/2021 14:25,47,333
5/24/2021 14:30,47,333
5/24/2021 14:35,47,332
5/24/2021 14:40,47,332
5/24/2021 14:45,47,332
5/24/2021 14:50,47,330
5/24/2021 14:55,47,330
5/24/2021 15:00,47,330
5/24/2021 15:05,47,328
5/24/2021 15:10,47,329
5/24/2021 15:15,47,329
5/24/2021 15:20,47,328
5/24/2021 15:25,47,327
5/24/2021 15:30,47,327
5/24/2021 15:35,47,326
5/24/2021 15:40,47,326
5/24/2021 15:45,47,326
5/24/2021 15:50,47,326
5/24/2021 15:55,47,325
5/24/2021 16:00,47,324
5/24/2021 16:05,47,325
5/24/2021 16:10,47,324
5/24/2021 16:15,47,323
5/24/2021 16:20,47,323
5/24/2021 16:25,47,323
5/24/2021 16:30,47,322
5/24/2021 16:35,47,322
5/24/2021 16:40,47,322
5/24/2021 16:45,47,321
5/24/2021 16:50,47,321
5/24/2021 16:55,47,320
5/24/2021 17:00,47,320
5/24/2021 17:05,47,320
5/24/2021 17:10,47,320
5/24/2021 17:15,47,318
5/24/2021 17:20,47,318
5/24/2021 17:25,47,318
5/24/2021 17:30,47,317
5/24/2021 17:35,47,317
5/24/2021 17:40,47,316
5/24/2021 17:45,47,316
5/24/2021 17:50,47,317
5/24/2021 17:55,47,316
5/24/2021 18:00,47,315
5/24/2021 18:05,47,315
5/24/2021 18:10,47,315
5/24/2021 18:15,47,315
5/24/2021 18:20,47,314
5/24/2021 18:25,47,314
5/24/2021 18:30,47,314
5/24/2021 18:35,47,314
5/24/2021 18:40,47,313
5/24/2021 18:45,47,313
5/24/2021 18:50,47,313
5/24/2021 18:55,47,312
5/24/2021 19:00,47,312
5/24/2021 19:05,47,312
5/24/2021 19:10,47,312
5/24/2021 19:15,47,311
5/24/2021 19:20,47,311
5/24/2021 19:25,47,310
5/24/2021 19:30,47,310
5/24/2021 19:35,47,310
5/24/2021 19:40,47,310
5/24/2021 19:45,47,310
5/24/2021 19:50,47,309
5/24/2021 19:55,47,309
5/24/2021 20:00,47,308
5/24/2021 20:05,47,308
5/24/2021 20:10,47,308
5/24/2021 20:15,47,308
5/24/2021 20:20,47,308
5/24/2021 20:25,47,308
5/24/2021 20:30,47,308
5/24/2021 20:35,47,307
5/24/2021 20:40,47,307
5/24/2021 20:45,47,307
5/24/2021 20:50,47,307
5/24/2021 20:55,47,307
5/24/2021 21:00,47,306
5/24/2021 21:05,47,306
5/24/2021 21:10,47,306
5/24/2021 21:15,47,306
5/24/2021 21:20,47,306
5/24/2021 21:25,47,305
5/24/2021 21:30,47,305
5/24/2021 21:35,47,306
5/24/2021 21:40,47,305
5/24/2021 21:45,47,305
5/24/2021 21:50,47,305
5/24/2021 21:55,47,305
5/24/2021 22:00,47,304
5/24/2021 22:05,47,305
5/24/2021 22:10,47,304
5/24/2021 22:15,47,303
5/24/2021 22:20,47,304
5/24/2021 22:25,47,304
5/24/2021 22:30,47,303
5/24/2021 22:35,47,304
5/24/2021 22:40,47,304
5/24/2021 22:45,47,304
5/24/2021 22:50,47,305
5/24/2021 22:55,47,304
5/24/2021 23:00,47,304
5/24/2021 23:05,47,304
5/24/2021 23:10,47,304
5/24/2021 23:15,47,304
5/24/2021 23:20,47,304
5/24/2021 23:25,47,303
5/24/2021 23:30,47,305
5/24/2021 23:35,47,304
5/24/2021 23:40,47,304
5/24/2021 23:45,47,304
5/24/2021 23:50,47,304
5/24/2021 23:55,47,303
5/25/2021 0:00,47,304
5/25/2021 0:05,47,304
5/25/2021 0:10,47,304
5/25/2021 0:15,47,304
5/25/2021 0:20,47,305
5/25/2021 0:25,47,304
5/25/2021 0:30,47,304
5/25/2021 0:35,47,304
5/25/2021 0:40,47,305
5/25/2021 0:45,47,305
5/25/2021 0:50,47,305
5/25/2021 0:55,47,305
5/25/2021 1:00,47,306
5/25/2021 1:05,47,305
5/25/2021 1:10,47,305
5/25/2021 1:15,47,306
5/25/2021 1:20,47,306
5/25/2021 1:25,47,306
5/25/2021 1:30,47,306
5/25/2021 1:35,47,306
5/25/2021 1:40,47,306
5/25/2021 1:45,47,306
5/25/2021 1:50,47,306
5/25/2021 1:55,47,306
5/25/2021 2:00,47,306
5/25/2021 2:05,47,307
5/25/2021 2:10,47,307
5/25/2021 2:15,47,307
5/25/2021 2:20,47,307
5/25/2021 2:25,47,307
5/25/2021 2:30,47,307
5/25/2021 2:35,47,308
5/25/2021 2:40,47,308
5/25/2021 2:45,47,308
5/25/2021 2:50,47,308
5/25/2021 2:55,47,308
5/25/2021 3:00,47,308
5/25/2021 3:05,47,308
5/25/2021 3:10,47,309
5/25/2021 3:15,47,309
5/25/2021 3:20,47,309
5/25/2021 3:25,47,309
5/25/2021 3:30,47,309
5/25/2021 3:35,47,310
5/25/2021 3:40,47,309
5/25/2021 3:45,47,310
5/25/2021 3:50,47,310
5/25/2021 3:55,47,310
5/25/2021 4:00,47,311
5/25/2021 4:05,47,311
5/25/2021 4:10,47,310
5/25/2021 4:15,47,311
5/25/2021 4:20,47,311
5/25/2021 4:25,47,311
5/25/2021 4:30,47,312
5/25/2021 4:35,47,311
5/25/2021 4:40,47,312
5/25/2021 4:45,47,312
5/25/2021 4:50,47,312
5/25/2021 4:55,47,312
5/25/2021 5:00,47,313
5/25/2021 5:05,47,312
5/25/2021 5:10,47,313
5/25/2021 5:15,47,314
5/25/2021 5:20,47,313
5/25/2021 5:25,47,313
5/25/2021 5:30,47,314
5/25/2021 5:35,47,314
5/25/2021 5:40,47,313
5/25/2021 5:45,47,314
5/25/2021 5:50,47,315
5/25/2021 5:55,47,315
5/25/2021 6:00,47,315
5/25/2021 6:05,47,315
5/25/2021 6:10,47,316
5/25/2021 6:15,47,315
5/25/2021 6:20,47,315
5/25/2021 6:25,47,316
5/25/2021 6:30,47,316
5/25/2021 6:35,47,316
5/25/2021 6:40,47,316
5/25/2021 6:45,47,316
5/25/2021 6:50,47,317
5/25/2021 6:55,47,317
5/25/2021 7:00,47,317
5/25/2021 7:05,47,317
5/25/2021 7:10,47,317
5/25/2021 7:15,47,318
5/25/2021 7:20,47,317
5/25/2021 7:25,47,317
5/25/2021 7:30,47,317
5/25/2021 7:35,47,318
5/25/2021 7:40,47,319
5/25/2021 7:45,47,319
5/25/2021 7:50,47,318
5/25/2021 7:55,47,319
5/25/2021 8:00,47,319
5/25/2021 8:05,47,320
5/25/2021 8:10,47,319
5/25/2021 8:15,47,319
5/25/2021 8:20,47,319
5/25/2021 8:25,47,319
5/25/2021 8:30,47,319
5/25/2021 8:35,47,319
5/25/2021 8:40,47,319
5/25/2021 8:45,47,319
5/25/2021 8:50,47,319
5/25/2021 8:55,47,319
5/25/2021 9:00,47,320
5/25/2021 9:05,47,319
5/25/2021 9:10,47,320
5/25/2021 9:15,47,319
5/25/2021 9:20,47,319
5/25/2021 9:25,47,319
5/25/2021 9:30,47,320
5/25/2021 9:35,47,319
5/25/2021 9:40,47,319
5/25/2021 9:45,47,319
5/25/2021 9:50,47,319
5/25/2021 9:55,47,319
5/25/2021 10:00,47,319
5/25/2021 10:05,47,318
5/25/2021 10:10,47,319
5/25/2021 10:15,47,319
5/25/2021 10:20,47,318
5/25/2021 10:25,47,318
5/25/2021 10:30,47,318
5/25/2021 10:35,47,318
5/25/2021 10:40,47,317
5/25/2021 10:45,47,317
5/25/2021 10:50,47,317
5/25/2021 10:55,47,318
5/25/2021 11:00,47,317
5/25/2021 11:05,47,318
5/25/2021 11:10,47,317
5/25/2021 11:15,47,317
5/25/2021 11:20,47,317
5/25/2021 11:25,47,317
5/25/2021 11:30,47,317
5/25/2021 11:35,47,316
5/25/2021 11:40,47,317
5/25/2021 11:45,47,316
5/25/2021 11:50,47,316
5/25/2021 11:55,47,315
5/25/2021 12:00,47,316
5/25/2021 12:05,47,316
5/25/2021 12:10,47,315
5/25/2021 12:15,47,315
5/25/2021 12:20,47,315
5/25/2021 12:25,47,316
5/25/2021 12:30,47,313
5/25/2021 12:35,47,313
5/25/2021 12:40,47,314
5/25/2021 12:45,47,314
5/25/2021 12:50,47,314
5/25/2021 12:55,47,313
5/25/2021 13:00,47,312
5/25/2021 13:05,47,312
5/25/2021 13:10,47,313
5/25/2021 13:15,47,313
5/25/2021 13:20,47,312
5/25/2021 13:25,47,312
5/25/2021 13:30,47,312
5/25/2021 13:35,47,312
5/25/2021 13:40,47,312
5/25/2021 13:45,47,312
5/25/2021 13:50,47,311
5/25/2021 13:55,47,312
5/25/2021 14:00,47,311
5/25/2021 14:05,47,311
5/25/2021 14:10,47,310
5/25/2021 14:15,47,310
5/25/2021 14:20,47,310
5/25/2021 14:25,47,310
5/25/2021 14:30,47,310
5/25/2021 14:35,47,310
5/25/2021 14:40,47,310
5/25/2021 14:45,47,310
5/25/2021 14:50,47,310
5/25/2021 14:55,47,310
5/25/2021 15:00,47,309
5/25/2021 15:05,47,309
5/25/2021 15:10,47,309
5/25/2021 15:15,47,309
5/25/2021 15:20,47,309
5/25/2021 15:25,47,308
5/25/2021 15:30,47,307
5/25/2021 15:35,47,309
5/25/2021 15:40,47,308
5/25/2021 15:45,47,308
5/25/2021 15:50,47,307
5/25/2021 15:55,47,308
5/25/2021 16:00,47,307
5/25/2021 16:05,47,307
5/25/2021 16:10,47,307
5/25/2021 16:15,47,307
5/25/2021 16:20,47,307
5/25/2021 16:25,47,307
5/25/2021 16:30,47,307
5/25/2021 16:35,47,307
5/25/2021 16:40,47,306
5/25/2021 16:45,47,306
5/25/2021 16:50,47,306
5/25/2021 16:55,47,305
5/25/2021 17:00,47,306
5/25/2021 17:05,47,306
5/25/2021 17:10,47,306
5/25/2021 17:15,47,305
5/25/2021 17:20,47,306
5/25/2021 17:25,47,305
5/25/2021 17:30,47,306
5/25/2021 17:35,47,306
5/25/2021 17:40,47,305
5/25/2021 17:45,47,304
5/25/2021 17:50,47,305
5/25/2021 17:55,47,305
5/25/2021 18:00,47,305
5/25/2021 18:05,47,305
5/25/2021 18:10,47,305
5/25/2021 18:15,47,305
5/25/2021 18:20,47,306
5/25/2021 18:25,47,305
5/25/2021 18:30,47,305
5/25/2021 18:35,47,305
5/25/2021 18:40,47,305
5/25/2021 18:45,47,305
5/25/2021 18:50,47,305
5/25/2021 18:55,47,305
5/25/2021 19:00,47,305
5/25/2021 19:05,47,305
5/25/2021 19:10,47,305
5/25/2021 19:15,47,305
5/25/2021 19:20,47,305
5/25/2021 19:25,47,305
5/25/2021 19:30,47,306
5/25/2021 19:35,47,305
5/25/2021 19:40,47,305
5/25/2021 19:45,47,306
5/25/2021 19:50,47,306
5/25/2021 19:55,47,307
5/25/2021 20:00,47,306
5/25/2021 20:05,47,307
5/25/2021 20:10,47,308
5/25/2021 20:15,47,307
5/25/2021 20:20,47,307
5/25/2021 20:25,47,308
5/25/2021 20:30,47,309
5/25/2021 20:35,47,308
5/25/2021 20:40,47,308
5/25/2021 20:45,47,308
5/25/2021 20:50,47,309
5/25/2021 20:55,47,309
5/25/2021 21:00,47,309
5/25/2021 21:05,47,309
5/25/2021 21:10,47,310
5/25/2021 21:15,47,310
5/25/2021 21:20,47,310
5/25/2021 21:25,47,311
5/25/2021 21:30,47,311
5/25/2021 21:35,47,312
5/25/2021 21:40,47,312
5/25/2021 21:45,47,313
5/25/2021 21:50,47,313
5/25/2021 21:55,47,313
5/25/2021 22:00,47,314
5/25/2021 22:05,47,314
5/25/2021 22:10,47,314
5/25/2021 22:15,47,315
5/25/2021 22:20,47,316
5/25/2021 22:25,47,316
5/25/2021 22:30,47,316
5/25/2021 22:35,47,317
5/25/2021 22:40,47,317
5/25/2021 22:45,47,317
5/25/2021 22:50,47,318
5/25/2021 22:55,47,320
5/25/2021 23:00,47,319
5/25/2021 23:05,47,320
5/25/2021 23:10,47,320
5/25/2021 23:15,47,320
5/25/2021 23:20,47,322
5/25/2021 23:25,47,321
5/25/2021 23:30,47,322
5/25/2021 23:35,47,322
5/25/2021 23:40,47,323
5/25/2021 23:45,47,324
5/25/2021 23:50,47,323
5/25/2021 23:55,47,325
5/26/2021 0:00,47,325
5/26/2021 0:05,47,326
5/26/2021 0:10,47,326
5/26/2021 0:15,47,326
5/26/2021 0:20,47,328
5/26/2021 0:25,47,328
5/26/2021 0:30,47,329
5/26/2021 0:35,47,330
5/26/2021 0:40,47,329
5/26/2021 0:45,47,329
5/26/2021 0:50,47,331
5/26/2021 0:55,47,332
5/26/2021 1:00,47,332
5/26/2021 1:05,47,333
5/26/2021 1:10,47,333
5/26/2021 1:15,47,333
5/26/2021 1:20,47,335
5/26/2021 1:25,47,336
5/26/2021 1:30,47,336
5/26/2021 1:35,47,337
5/26/2021 1:40,47,337
5/26/2021 1:45,47,338
5/26/2021 1:50,47,339
5/26/2021 1:55,47,340
5/26/2021 2:00,47,341
5/26/2021 2:05,47,341
5/26/2021 2:10,47,342
5/26/2021 2:15,47,341
5/26/2021 2:20,47,342
5/26/2021 2:25,47,342
5/26/2021 2:30,47,344
5/26/2021 2:35,47,345
5/26/2021 2:40,47,345
5/26/2021 2:45,47,346
5/26/2021 2:50,47,347
5/26/2021 2:55,47,348
5/26/2021 3:00,47,348
5/26/2021 3:05,47,349
5/26/2021 3:10,47,350
5/26/2021 3:15,47,350
5/26/2021 3:20,47,351
5/26/2021 3:25,47,352
5/26/2021 3:30,47,352
5/26/2021 3:35,47,354
5/26/2021 3:40,47,354
5/26/2021 3:45,47,355
5/26/2021 3:50,47,354
5/26/2021 3:55,47,356
5/26/2021 4:00,47,357
5/26/2021 4:05,47,357
5/26/2021 4:10,47,357
5/26/2021 4:15,47,359
5/26/2021 4:20,47,359
5/26/2021 4:25,47,359
5/26/2021 4:30,47,360
5/26/2021 4:35,47,361
5/26/2021 4:40,47,361
5/26/2021 4:45,47,362
5/26/2021 4:50,47,362
5/26/2021 4:55,47,363
5/26/2021 5:00,47,364
5/26/2021 5:05,47,363
5/26/2021 5:10,47,364
5/26/2021 5:15,47,365
5/26/2021 5:20,47,365
5/26/2021 5:25,47,367
5/26/2021 5:30,47,366
5/26/2021 5:35,47,366
5/26/2021 5:40,47,367
5/26/2021 5:45,47,367
5/26/2021 5:50,47,368
5/26/2021 5:55,47,368
5/26/2021 6:00,47,369
5/26/2021 6:05,47,369
5/26/2021 6:10,47,370
5/26/2021 6:15,47,370
5/26/2021 6:20,47,370
5/26/2021 6:25,47,369
5/26/2021 6:30,47,371
5/26/2021 6:35,47,371
5/26/2021 6:40,47,371
5/26/2021 6:45,47,372
5/26/2021 6:50,47,372
5/26/2021 6:55,47,373
5/26/2021 7:00,47,372
5/26/2021 7:05,47,373
5/26/2021 7:10,47,373
5/26/2021 7:15,47,373
5/26/2021 7:20,47,373
5/26/2021 7:25,47,373
5/26/2021 7:30,47,373
5/26/2021 7:35,47,373
5/26/2021 7:40,47,373
5/26/2021 7:45,47,374
5/26/2021 7:50,47,374
5/26/2021 7:55,47,374
5/26/2021 8:00,47,373
5/26/2021 8:05,47,373
5/26/2021 8:10,47,375
5/26/2021 8:15,47,374
5/26/2021 8:20,47,374
5/26/2021 8:25,47,373
5/26/2021 8:30,47,374
5/26/2021 8:35,47,375
5/26/2021 8:40,47,375
5/26/2021 8:45,47,373
5/26/2021 8:50,47,374
5/26/2021 8:55,47,374
5/26/2021 9:00,47,374
5/26/2021 9:05,47,374
5/26/2021 9:10,47,374
5/26/2021 9:15,47,374
5/26/2021 9:20,47,372
5/26/2021 9:25,47,373
5/26/2021 9:30,47,373
5/26/2021 9:35,47,374
5/26/2021 9:40,47,373
5/26/2021 9:45,47,373
5/26/2021 9:50,47,374
5/26/2021 9:55,47,373
5/26/2021 10:00,47,373
5/26/2021 10:05,47,372
5/26/2021 10:10,47,373
5/26/2021 10:15,47,371
5/26/2021 10:20,47,372
5/26/2021 10:25,47,372
5/26/2021 10:30,47,371
5/26/2021 10:35,47,371
5/26/2021 10:40,47,371
5/26/2021 10:45,47,372
5/26/2021 10:50,47,372
5/26/2021 10:55,47,372
5/26/2021 11:00,47,371
5/26/2021 11:05,47,370
5/26/2021 11:10,47,371
5/26/2021 11:15,47,370
5/26/2021 11:20,47,370
5/26/2021 11:25,47,370
5/26/2021 11:30,47,370
5/26/2021 11:35,47,369
5/26/2021 11:40,47,369
5/26/2021 11:45,47,370
5/26/2021 11:50,47,369
5/26/2021 11:55,47,370
5/26/2021 12:00,47,369
5/26/2021 12:05,47,369
5/26/2021 12:10,47,367
5/26/2021 12:15,47,367
5/26/2021 12:20,47,366
5/26/2021 12:25,47,367
5/26/2021 12:30,47,366
5/26/2021 12:35,47,366
5/26/2021 12:40,47,366
5/26/2021 12:45,47,366
5/26/2021 12:50,47,365
5/26/2021 12:55,47,365
5/26/2021 13:00,47,364
5/26/2021 13:05,47,364
5/26/2021 13:10,47,363
5/26/2021 13:15,47,364
5/26/2021 13:20,47,364
5/26/2021 13:25,47,362
5/26/2021 13:30,47,362
5/26/2021 13:35,47,362
5/26/2021 13:40,47,362
5/26/2021 13:45,47,361
5/26/2021 13:50,47,360
5/26/2021 13:55,47,361
5/26/2021 14:00,47,360
5/26/2021 14:05,47,360
5/26/2021 14:10,47,360
5/26/2021 14:15,47,358
5/26/2021 14:20,47,358
5/26/2021 14:25,47,357
5/26/2021 14:30,47,358
5/26/2021 14:35,47,358
5/26/2021 14:40,47,357
5/26/2021 14:45,47,357
5/26/2021 14:50,47,357
5/26/2021 14:55,47,356
5/26/2021 15:00,47,356
5/26/2021 15:05,47,356
5/26/2021 15:10,47,354
5/26/2021 15:15,47,355
5/26/2021 15:20,47,354
5/26/2021 15:25,47,354
5/26/2021 15:30,47,353
5/26/2021 15:35,47,353
5/26/2021 15:40,47,353
5/26/2021 15:45,47,351
5/26/2021 15:50,47,351
5/26/2021 15:55,47,351
5/26/2021 16:00,47,351
5/26/2021 16:05,47,350
5/26/2021 16:10,47,349
5/26/2021 16:15,47,349
5/26/2021 16:20,47,349
5/26/2021 16:25,47,349
5/26/2021 16:30,47,348
5/26/2021 16:35,47,348
5/26/2021 16:40,47,348
5/26/2021 16:45,47,348
5/26/2021 16:50,47,347
5/26/2021 16:55,47,346
5/26/2021 17:00,47,346
5/26/2021 17:05,47,345
5/26/2021 17:10,47,344
5/26/2021 17:15,47,344
5/26/2021 17:20,47,344
5/26/2021 17:25,47,344
5/26/2021 17:30,47,343
5/26/2021 17:35,47,344
5/26/2021 17:40,47,343
5/26/2021 17:45,47,342
5/26/2021 17:50,47,341
5/26/2021 17:55,47,341
5/26/2021 18:00,47,341
5/26/2021 18:05,47,342
5/26/2021 18:10,47,341
5/26/2021 18:15,47,340
5/26/2021 18:20,47,340
5/26/2021 18:25,47,340
5/26/2021 18:30,47,339
5/26/2021 18:35,47,339
5/26/2021 18:40,47,338
5/26/2021 18:45,47,339
5/26/2021 18:50,47,337
5/26/2021 18:55,47,338
5/26/2021 19:00,47,338
5/26/2021 19:05,47,337
5/26/2021 19:10,47,337
5/26/2021 19:15,47,338
5/26/2021 19:20,47,337
5/26/2021 19:25,47,336
5/26/2021 19:30,47,336
5/26/2021 19:35,47,336
5/26/2021 19:40,47,335
5/26/2021 19:45,47,335
5/26/2021 19:50,47,336
5/26/2021 19:55,47,335
5/26/2021 20:00,47,335
5/26/2021 20:05,47,335
5/26/2021 20:10,47,334
5/26/2021 20:15,47,333
5/26/2021 20:20,47,334
5/26/2021 20:25,47,334
5/26/2021 20:30,47,334
5/26/2021 20:35,47,333
5/26/2021 20:40,47,334
5/26/2021 20:45,47,333
5/26/2021 20:50,47,333
5/26/2021 20:55,47,334
5/26/2021 21:00,47,332
5/26/2021 21:05,47,332
5/26/2021 21:10,47,332
5/26/2021 21:15,47,332
5/26/2021 21:20,47,332
5/26/2021 21:25,47,332
5/26/2021 21:30,47,332
5/26/2021 21:35,47,332
5/26/2021 21:40,47,332
5/26/2021 21:45,47,332
5/26/2021 21:50,47,332
5/26/2021 21:55,47,333
5/26/2021 22:00,47,331
5/26/2021 22:05,47,331
5/26/2021 22:10,47,333
5/26/2021 22:15,47,332
5/26/2021 22:20,47,333
5/26/2021 22:25,47,332
5/26/2021 22:30,47,333
5/26/2021 22:35,47,331
5/26/2021 22:40,47,333
5/26/2021 22:45,47,333
5/26/2021 22:50,47,333
5/26/2021 22:55,47,334
5/26/2021 23:00,47,333
5/26/2021 23:05,47,334
5/26/2021 23:10,47,333
5/26/2021 23:15,47,333
5/26/2021 23:20,47,332
5/26/2021 23:25,47,333
5/26/2021 23:30,47,334
5/26/2021 23:35,47,333
5/26/2021 23:40,47,334
5/26/2021 23:45,47,333
5/26/2021 23:50,47,334
5/26/2021 23:55,47,334
5/27/2021 0:00,47,335
5/27/2021 0:05,47,335
5/27/2021 0:10,47,335
5/27/2021 0:15,47,335
5/27/2021 0:20,47,336
5/27/2021 0:25,47,335
5/27/2021 0:30,47,335
5/27/2021 0:35,47,336
5/27/2021 0:40,47,336
5/27/2021 0:45,47,337
5/27/2021 0:50,47,337
5/27/2021 0:55,47,337
5/27/2021 1:00,47,338
5/27/2021 1:05,47,339
5/27/2021 1:10,47,339
5/27/2021 1:15,47,339
5/27/2021 1:20,47,339
5/27/2021 1:25,47,341
5/27/2021 1:30,47,340
5/27/2021 1:35,47,341
5/27/2021 1:40,47,342
5/27/2021 1:45,47,341
5/27/2021 1:50,47,342
5/27/2021 1:55,47,343
5/27/2021 2:00,47,343
5/27/2021 2:05,47,345
5/27/2021 2:10,47,344
5/27/2021 2:15,47,344
5/27/2021 2:20,47,345
5/27/2021 2:25,47,346
5/27/2021 2:30,47,347
5/27/2021 2:35,47,348
5/27/2021 2:40,47,348
5/27/2021 2:45,47,348
5/27/2021 2:50,47,349
5/27/2021 2:55,47,350
5/27/2021 3:00,47,351
5/27/2021 3:05,47,353
5/27/2021 3:10,47,353
5/27/2021 3:15,47,353
5/27/2021 3:20,47,355
5/27/2021 3:25,47,355
5/27/2021 3:30,47,355
5/27/2021 3:35,47,357
5/27/2021 3:40,47,359
5/27/2021 3:45,47,359
5/27/2021 3:50,47,359
5/27/2021 3:55,47,361
5/27/2021 4:00,47,363
5/27/2021 4:05,47,363
5/27/2021 4:10,47,363
5/27/2021 4:15,47,365
5/27/2021 4:20,47,366
5/27/2021 4:25,47,366
5/27/2021 4:30,47,368
5/27/2021 4:35,47,369
5/27/2021 4:40,47,369
5/27/2021 4:45,47,370
5/27/2021 4:50,47,371
5/27/2021 4:55,47,371
5/27/2021 5:00,47,374
5/27/2021 5:05,47,374
5/27/2021 5:10,47,375
5/27/2021 5:15,47,377
5/27/2021 5:20,47,378
5/27/2021 5:25,47,378
5/27/2021 5:30,47,381
5/27/2021 5:35,47,380
5/27/2021 5:40,47,382
5/27/2021 5:45,47,384
5/27/2021 5:50,47,386
5/27/2021 5:55,47,387
5/27/2021 6:00,47,388
5/27/2021 6:05,47,388
5/27/2021 6:10,47,390
5/27/2021 6:15,47,391
5/27/2021 6:20,47,392
5/27/2021 6:25,47,394
5/27/2021 6:30,47,395
5/27/2021 6:35,47,396
5/27/2021 6:40,47,396
5/27/2021 6:45,47,398
5/27/2021 6:50,47,399
5/27/2021 6:55,47,400
5/27/2021 7:00,47,401
5/27/2021 7:05,47,402
5/27/2021 7:10,47,402
5/27/2021 7:15,47,403
5/27/2021 7:20,47,406
5/27/2021 7:25,47,408
5/27/2021 7:30,47,409
5/27/2021 7:35,47,408
5/27/2021 7:40,47,410
5/27/2021 7:45,47,411
5/27/2021 7:50,47,413
5/27/2021 7:55,47,413
5/27/2021 8:00,47,415
5/27/2021 8:05,47,416
5/27/2021 8:10,47,417
5/27/2021 8:15,47,419
5/27/2021 8:20,47,421
5/27/2021 8:25,47,421
5/27/2021 8:30,47,422
5/27/2021 8:35,47,423
5/27/2021 8:40,47,424
5/27/2021 8:45,47,426
5/27/2021 8:50,47,427
5/27/2021 8:55,47,429
5/27/2021 9:00,47,430
5/27/2021 9:05,47,430
5/27/2021 9:10,47,433
5/27/2021 9:15,47,433
5/27/2021 9:20,47,435
5/27/2021 9:25,47,437
5/27/2021 9:30,47,436
5/27/2021 9:35,47,438
5/27/2021 9:40,47,439
5/27/2021 9:45,47,440
5/27/2021 9:50,47,443
5/27/2021 9:55,47,442
5/27/2021 10:00,47,444
5/27/2021 10:05,47,444
5/27/2021 10:10,47,446
5/27/2021 10:15,47,447
5/27/2021 10:20,47,448
5/27/2021 10:25,47,450
5/27/2021 10:30,47,451
5/27/2021 10:35,47,452
5/27/2021 10:40,47,452
5/27/2021 10:45,47,453
5/27/2021 10:50,47,456
5/27/2021 10:55,47,456
5/27/2021 11:00,47,457
5/27/2021 11:05,47,458
5/27/2021 11:10,47,459
5/27/2021 11:15,47,460
5/27/2021 11:20,47,461
5/27/2021 11:25,47,463
5/27/2021 11:30,47,463
5/27/2021 11:35,47,464
5/27/2021 11:40,47,464
5/27/2021 11:45,47,466
5/27/2021 11:50,47,468
5/27/2021 11:55,47,467
5/27/2021 12:00,47,468
5/27/2021 12:05,47,470
5/27/2021 12:10,47,471
5/27/2021 12:15,47,471
5/27/2021 12:20,47,471
5/27/2021 12:25,47,472
5/27/2021 12:30,47,473
5/27/2021 12:35,47,473
5/27/2021 12:40,47,474
5/27/2021 12:45,47,476
5/27/2021 12:50,47,476
5/27/2021 12:55,47,477
5/27/2021 13:00,47,478
5/27/2021 13:05,47,478
5/27/2021 13:10,47,477
5/27/2021 13:15,47,478
5/27/2021 13:20,47,478
5/27/2021 13:25,47,478
5/27/2021 13:30,47,479
5/27/2021 13:35,47,479
5/27/2021 13:40,47,479
5/27/2021 13:45,47,479
5/27/2021 13:50,47,481
5/27/2021 13:55,47,480
5/27/2021 14:00,47,478
5/27/2021 14:05,47,479
5/27/2021 14:10,47,481
5/27/2021 14:15,47,480
5/27/2021 14:20,47,481
5/27/2021 14:25,47,481
5/27/2021 14:30,47,480
5/27/2021 14:35,47,480
5/27/2021 14:40,47,480
5/27/2021 14:45,47,480
5/27/2021 14:50,47,480
5/27/2021 14:55,47,481
5/27/2021 15:00,47,480
5/27/2021 15:05,47,479
5/27/2021 15:10,47,481
5/27/2021 15:15,47,481
5/27/2021 15:20,47,481
5/27/2021 15:25,47,480
5/27/2021 15:30,47,481
5/27/2021 15:35,47,482
5/27/2021 15:40,47,481
5/27/2021 15:45,47,480
5/27/2021 15:50,47,481
5/27/2021 15:55,47,480
5/27/2021 16:00,47,480
5/27/2021 16:05,47,481
5/27/2021 16:10,47,481
5/27/2021 16:15,47,479
5/27/2021 16:20,47,480
5/27/2021 16:25,47,478
5/27/2021 16:30,47,478
5/27/2021 16:35,47,478
5/27/2021 16:40,47,480
5/27/2021 16:45,47,478
5/27/2021 16:50,47,478
5/27/2021 16:55,47,480
5/27/2021 17:00,47,479
5/27/2021 17:05,47,479
5/27/2021 17:10,47,478
5/27/2021 17:15,47,478
5/27/2021 17:20,47,476
5/27/2021 17:25,47,476
5/27/2021 17:30,47,475
5/27/2021 17:35,47,475
5/27/2021 17:40,47,475
5/27/2021 17:45,47,474
5/27/2021 17:50,47,474
5/27/2021 17:55,47,474
5/27/2021 18:00,47,473
5/27/2021 18:05,47,473
5/27/2021 18:10,47,472
5/27/2021 18:15,47,471
5/27/2021 18:20,47,472
5/27/2021 18:25,47,471
5/27/2021 18:30,47,471
5/27/2021 18:35,47,471
5/27/2021 18:40,47,471
5/27/2021 18:45,47,469
5/27/2021 18:50,47,469
5/27/2021 18:55,47,469
5/27/2021 19:00,47,467
5/27/2021 19:05,47,467
5/27/2021 19:10,47,467
5/27/2021 19:15,47,466
5/27/2021 19:20,47,466
5/27/2021 19:25,47,468
5/27/2021 19:30,47,465
5/27/2021 19:35,47,465
5/27/2021 19:40,47,465
5/27/2021 19:45,47,465
5/27/2021 19:50,47,464
5/27/2021 19:55,47,464
5/27/2021 20:00,47,463
5/27/2021 20:05,47,463
5/27/2021 20:10,47,462
5/27/2021 20:15,47,463
5/27/2021 20:20,47,460
5/27/2021 20:25,47,460
5/27/2021 20:30,47,460
5/27/2021 20:35,47,462
5/27/2021 20:40,47,460
5/27/2021 20:45,47,460
5/27/2021 20:50,47,458
5/27/2021 20:55,47,459
5/27/2021 21:00,47,459
5/27/2021 21:05,47,457
5/27/2021 21:10,47,457
5/27/2021 21:15,47,456
5/27/2021 21:20,47,456
5/27/2021 21:25,47,456
5/27/2021 21:30,47,456
5/27/2021 21:35,47,456
5/27/2021 21:40,47,455
5/27/2021 21:45,47,454
5/27/2021 21:50,47,454
5/27/2021 21:55,47,455
5/27/2021 22:00,47,454
5/27/2021 22:05,47,454
5/27/2021 22:10,47,453
5/27/2021 22:15,47,453
5/27/2021 22:20,47,454
5/27/2021 22:25,47,452
5/27/2021 22:30,47,452
5/27/2021 22:35,47,450
5/27/2021 22:40,47,450
5/27/2021 22:45,47,451
5/27/2021 22:50,47,450
5/27/2021 22:55,47,450
5/27/2021 23:00,47,449
5/27/2021 23:05,47,449
5/27/2021 23:10,47,449
5/27/2021 23:15,47,448
5/27/2021 23:20,47,449
5/27/2021 23:25,47,447
5/27/2021 23:30,47,447
5/27/2021 23:35,47,447
5/27/2021 23:40,47,445
5/27/2021 23:45,47,446
5/27/2021 23:50,47,445
5/27/2021 23:55,47,445
5/28/2021 0:00,47,445
5/28/2021 0:05,47,444
5/28/2021 0:10,47,445
5/28/2021 0:15,47,443
5/28/2021 0:20,47,444
5/28/2021 0:25,47,442
5/28/2021 0:30,47,445
5/28/2021 0:35,47,441
5/28/2021 0:40,47,442
5/28/2021 0:45,47,441
5/28/2021 0:50,47,441
5/28/2021 0:55,47,440
5/28/2021 1:00,47,439
5/28/2021 1:05,47,440
5/28/2021 1:10,47,440
5/28/2021 1:15,47,440
5/28/2021 1:20,47,439
5/28/2021 1:25,47,440
5/28/2021 1:30,47,438
5/28/2021 1:35,47,438
5/28/2021 1:40,47,437
5/28/2021 1:45,47,437
5/28/2021 1:50,47,436
5/28/2021 1:55,47,436
5/28/2021 2:00,47,435
5/28/2021 2:05,47,435
5/28/2021 2:10,47,435
5/28/2021 2:15,47,435
5/28/2021 2:20,47,433
5/28/2021 2:25,47,433
5/28/2021 2:30,47,433
5/28/2021 2:35,47,432
5/28/2021 2:40,47,431
5/28/2021 2:45,47,432
5/28/2021 2:50,47,430
5/28/2021 2:55,47,430
5/28/2021 3:00,47,429
5/28/2021 3:05,47,429
5/28/2021 3:10,47,428
5/28/2021 3:15,47,428
5/28/2021 3:20,47,428
5/28/2021 3:25,47,427
5/28/2021 3:30,47,428
5/28/2021 3:35,47,425
5/28/2021 3:40,47,426
5/28/2021 3:45,47,424
5/28/2021 3:50,47,423
5/28/2021 3:55,47,423
5/28/2021 4:00,47,423
5/28/2021 4:05,47,422
5/28/2021 4:10,47,421
5/28/2021 4:15,47,422
5/28/2021 4:20,47,420
5/28/2021 4:25,47,420
5/28/2021 4:30,47,419
5/28/2021 4:35,47,418
5/28/2021 4:40,47,419
5/28/2021 4:45,47,417
5/28/2021 4:50,47,415
5/28/2021 4:55,47,415
5/28/2021 5:00,47,414
5/28/2021 5:05,47,414
5/28/2021 5:10,47,413
5/28/2021 5:15,47,412
5/28/2021 5:20,47,412
5/28/2021 5:25,47,411
5/28/2021 5:30,47,409
5/28/2021 5:35,47,409
5/28/2021 5:40,47,408
5/28/2021 5:45,47,408
5/28/2021 5:50,47,408
5/28/2021 5:55,47,406
5/28/2021 6:00,47,406
5/28/2021 6:05,47,404
5/28/2021 6:10,47,403
5/28/2021 6:15,47,404
5/28/2021 6:20,47,403
5/28/2021 6:25,47,402
5/28/2021 6:30,47,400
5/28/2021 6:35,47,400
5/28/2021 6:40,47,399
5/28/2021 6:45,47,398
5/28/2021 6:50,47,397
5/28/2021 6:55,47,397
5/28/2021 7:00,47,396
5/28/2021 7:05,47,394
5/28/2021 7:10,47,394
5/28/2021 7:15,47,393
5/28/2021 7:20,47,392
5/28/2021 7:25,47,391
5/28/2021 7:30,47,390
5/28/2021 7:35,47,389
5/28/2021 7:40,47,389
5/28/2021 7:45,47,387
5/28/2021 7:50,47,386
5/28/2021 7:55,47,386
5/28/2021 8:00,47,385
5/28/2021 8:05,47,384
5/28/2021 8:10,47,383
5/28/2021 8:15,47,382
5/28/2021 8:20,47,382
5/28/2021 8:25,47,380
5/28/2021 8:30,47,379
5/28/2021 8:35,47,379
5/28/2021 8:40,47,377
5/28/2021 8:45,47,377
5/28/2021 8:50,47,376
5/28/2021 8:55,47,376
5/28/2021 9:00,47,375
5/28/2021 9:05,47,374
5/28/2021 9:10,47,373
5/28/2021 9:15,47,371
5/28/2021 9:20,47,370
5/28/2021 9:25,47,370
5/28/2021 9:30,47,369
5/28/2021 9:35,47,368
5/28/2021 9:40,47,367
5/28/2021 9:45,47,367
5/28/2021 9:50,47,366
5/28/2021 9:55,47,364
5/28/2021 10:00,47,364
5/28/2021 10:05,47,362
5/28/2021 10:10,47,362
5/28/2021 10:15,47,361
5/28/2021 10:20,47,360
5/28/2021 10:25,47,360
5/28/2021 10:30,47,359
5/28/2021 10:35,47,358
5/28/2021 10:40,47,358
5/28/2021 10:45,47,356
5/28/2021 10:50,47,355
5/28/2021 10:55,47,355
5/28/2021 11:00,47,353
5/28/2021 11:05,47,353
5/28/2021 11:10,47,351
5/28/2021 11:15,47,351
5/28/2021 11:20,47,351
5/28/2021 11:25,47,350
5/28/2021 11:30,47,349
5/28/2021 11:35,47,348
5/28/2021 11:40,47,347
5/28/2021 11:45,47,347
5/28/2021 11:50,47,346
5/28/2021 11:55,47,345
5/28/2021 12:00,47,344
5/28/2021 12:05,47,343
5/28/2021 12:10,47,343
5/28/2021 12:15,47,342
5/28/2021 12:20,47,341
5/28/2021 12:25,47,340
5/28/2021 12:30,47,339
5/28/2021 12:35,47,338
5/28/2021 12:40,47,338
5/28/2021 12:45,47,337
5/28/2021 12:50,47,337
5/28/2021 12:55,47,337
5/28/2021 13:00,47,336
5/28/2021 13:05,47,334
5/28/2021 13:10,47,335
5/28/2021 13:15,47,333
5/28/2021 13:20,47,333
5/28/2021 13:25,47,331
5/28/2021 13:30,47,331
5/28/2021 13:35,47,330
5/28/2021 13:40,47,330
5/28/2021 13:45,47,329
5/28/2021 13:50,47,327
5/28/2021 13:55,47,328
5/28/2021 14:00,47,326
5/28/2021 14:05,47,325
5/28/2021 14:10,47,325
5/28/2021 14:15,47,325
5/28/2021 14:20,47,324
5/28/2021 14:25,47,325
5/28/2021 14:30,47,324
5/28/2021 14:35,47,322
5/28/2021 14:40,47,321
5/28/2021 14:45,47,321
5/28/2021 14:50,47,321
5/28/2021 14:55,47,321
5/28/2021 15:00,47,320
5/28/2021 15:05,47,318
5/28/2021 15:10,47,318
5/28/2021 15:15,47,317
5/28/2021 15:20,47,317
5/28/2021 15:25,47,316
5/28/2021 15:30,47,315
5/28/2021 15:35,47,315
5/28/2021 15:40,47,314
5/28/2021 15:45,47,314
5/28/2021 15:50,47,313
5/28/2021 15:55,47,313
5/28/2021 16:00,47,313
5/28/2021 16:05,47,311
5/28/2021 16:10,47,311
5/28/2021 16:15,47,311
5/28/2021 16:20,47,310
5/28/2021 16:25,47,310
5/28/2021 16:30,47,309
5/28/2021 16:35,47,309
5/28/2021 16:40,47,309
5/28/2021 16:45,47,308
5/28/2021 16:50,47,307
5/28/2021 16:55,47,306
5/28/2021 17:00,47,306
5/28/2021 17:05,47,305
5/28/2021 17:10,47,306
5/28/2021 17:15,47,305
5/28/2021 17:20,47,305
5/28/2021 17:25,47,304
5/28/2021 17:30,47,304
5/28/2021 17:35,47,302
5/28/2021 17:40,47,303
5/28/2021 17:45,47,302
5/28/2021 17:50,47,302
5/28/2021 17:55,47,302
5/28/2021 18:00,47,302
5/28/2021 18:05,47,301
5/28/2021 18:10,47,300
5/28/2021 18:15,47,300
5/28/2021 18:20,47,300
5/28/2021 18:25,47,300
5/28/2021 18:30,47,300
5/28/2021 18:35,47,300
5/28/2021 18:40,47,299
5/28/2021 18:45,47,299
5/28/2021 18:50,47,299
5/28/2021 18:55,47,299
5/28/2021 19:00,47,298
5/28/2021 19:05,47,298
5/28/2021 19:10,47,298
5/28/2021 19:15,47,297
5/28/2021 19:20,47,297
5/28/2021 19:25,47,297
5/28/2021 19:30,47,297
5/28/2021 19:35,47,296
5/28/2021 19:40,47,297
5/28/2021 19:45,47,296
5/28/2021 19:50,47,297
5/28/2021 19:55,47,296
5/28/2021 20:00,47,296
5/28/2021 20:05,47,296
5/28/2021 20:10,47,295
5/28/2021 20:15,47,295
5/28/2021 20:20,47,295
5/28/2021 20:25,47,295
5/28/2021 20:30,47,294
5/28/2021 20:35,47,294
5/28/2021 20:40,47,294
5/28/2021 20:45,47,293
5/28/2021 20:50,47,294
5/28/2021 20:55,47,293
5/28/2021 21:00,47,294
5/28/2021 21:05,47,294
5/28/2021 21:10,47,293
5/28/2021 21:15,47,293
5/28/2021 21:20,47,293
5/28/2021 21:25,47,294
5/28/2021 21:30,47,294
5/28/2021 21:35,47,293
5/28/2021 21:40,47,293
5/28/2021 21:45,47,293
5/28/2021 21:50,47,294
5/28/2021 21:55,47,294
5/28/2021 22:00,47,293
5/28/2021 22:05,47,293
5/28/2021 22:10,47,293
5/28/2021 22:15,47,293
5/28/2021 22:20,47,293
5/28/2021 22:25,47,294
5/28/2021 22:30,47,293
5/28/2021 22:35,47,293
5/28/2021 22:40,47,293
5/28/2021 22:45,47,293
5/28/2021 22:50,47,293
5/28/2021 22:55,47,293
5/28/2021 23:00,47,293
5/28/2021 23:05,47,294
5/28/2021 23:10,47,293
5/28/2021 23:15,47,293
5/28/2021 23:20,47,293
5/28/2021 23:25,47,294
5/28/2021 23:30,47,293
5/28/2021 23:35,47,294
5/28/2021 23:40,47,293
5/28/2021 23:45,47,294
5/28/2021 23:50,47,294
5/28/2021 23:55,47,294
5/29/2021 0:00,47,293
5/29/2021 0:05,47,294
5/29/2021 0:10,47,295
5/29/2021 0:15,47,294
5/29/2021 0:20,47,294
5/29/2021 0:25,47,294
5/29/2021 0:30,47,295
5/29/2021 0:35,47,294
5/29/2021 0:40,47,295
5/29/2021 0:45,47,295
5/29/2021 0:50,47,295
5/29/2021 0:55,47,295
5/29/2021 1:00,47,295
5/29/2021 1:05,47,295
5/29/2021 1:10,47,296
5/29/2021 1:15,47,296
5/29/2021 1:20,47,296
5/29/2021 1:25,47,297
5/29/2021 1:30,47,296
5/29/2021 1:35,47,296
5/29/2021 1:40,47,296
5/29/2021 1:45,47,297
5/29/2021 1:50,47,296
5/29/2021 1:55,47,296
5/29/2021 2:00,47,297
5/29/2021 2:05,47,297
5/29/2021 2:10,47,297
5/29/2021 2:15,47,297
5/29/2021 2:20,47,297
5/29/2021 2:25,47,297
5/29/2021 2:30,47,297
5/29/2021 2:35,47,297
5/29/2021 2:40,47,297
5/29/2021 2:45,47,298
5/29/2021 2:50,47,298
5/29/2021 2:55,47,299
5/29/2021 3:00,47,299
5/29/2021 3:05,47,299
5/29/2021 3:10,47,299
5/29/2021 3:15,47,299
5/29/2021 3:20,47,299
5/29/2021 3:25,47,300
5/29/2021 3:30,47,300
5/29/2021 3:35,47,300
5/29/2021 3:40,47,300
5/29/2021 3:45,47,300
5/29/2021 3:50,47,300
5/29/2021 3:55,47,300
5/29/2021 4:00,47,301
5/29/2021 4:05,47,301
5/29/2021 4:10,47,302
5/29/2021 4:15,47,301
5/29/2021 4:20,47,302
5/29/2021 4:25,47,302
5/29/2021 4:30,47,301
5/29/2021 4:35,47,302
5/29/2021 4:40,47,302
5/29/2021 4:45,47,302
5/29/2021 4:50,47,302
5/29/2021 4:55,47,302
5/29/2021 5:00,47,302
5/29/2021 5:05,47,301
5/29/2021 5:10,47,302
5/29/2021 5:15,47,302
5/29/2021 5:20,47,301
5/29/2021 5:25,47,302
5/29/2021 5:30,47,302
5/29/2021 5:35,47,302
5/29/2021 5:40,47,302
5/29/2021 5:45,47,302
5/29/2021 5:50,47,301
5/29/2021 5:55,47,302
5/29/2021 6:00,47,302
5/29/2021 6:05,47,302
5/29/2021 6:10,47,302
5/29/2021 6:15,47,302
5/29/2021 6:20,47,301
5/29/2021 6:25,47,301
5/29/2021 6:30,47,302
5/29/2021 6:35,47,301
5/29/2021 6:40,47,302
5/29/2021 6:45,47,301
5/29/2021 6:50,47,301
5/29/2021 6:55,47,301
5/29/2021 7:00,47,301
5/29/2021 7:05,47,300
5/29/2021 7:10,47,300
5/29/2021 7:15,47,300
5/29/2021 7:20,47,300
5/29/2021 7:25,47,300
5/29/2021 7:30,47,299
5/29/2021 7:35,47,299
5/29/2021 7:40,47,298
5/29/2021 7:45,47,298
5/29/2021 7:50,47,298
5/29/2021 7:55,47,298
5/29/2021 8:00,47,297
5/29/2021 8:05,47,298
5/29/2021 8:10,47,297
5/29/2021 8:15,47,297
5/29/2021 8:20,47,296
5/29/2021 8:25,47,296
5/29/2021 8:30,47,295
5/29/2021 8:35,47,295
5/29/2021 8:40,47,295
5/29/2021 8:45,47,294
5/29/2021 8:50,47,294
5/29/2021 8:55,47,293
5/29/2021 9:00,47,293
5/29/2021 9:05,47,293
5/29/2021 9:10,47,293
5/29/2021 9:15,47,292
5/29/2021 9:20,47,292
5/29/2021 9:25,47,291
5/29/2021 9:30,47,291
5/29/2021 9:35,47,291
5/29/2021 9:40,47,290
5/29/2021 9:45,47,290
5/29/2021 9:50,47,289
5/29/2021 9:55,47,289
5/29/2021 10:00,47,290
5/29/2021 10:05,47,289
5/29/2021 10:10,47,288
5/29/2021 10:15,47,288
5/29/2021 10:20,47,288
5/29/2021 10:25,47,287
5/29/2021 10:30,47,287
5/29/2021 10:35,47,286
5/29/2021 10:40,47,286
5/29/2021 10:45,47,285
5/29/2021 10:50,47,285
5/29/2021 10:55,47,285
5/29/2021 11:00,47,284
5/29/2021 11:05,47,284
5/29/2021 11:10,47,283
5/29/2021 11:15,47,283
5/29/2021 11:20,47,284
5/29/2021 11:25,47,283
5/29/2021 11:30,47,282
5/29/2021 11:35,47,282
5/29/2021 11:40,47,282
5/29/2021 11:45,47,281
5/29/2021 11:50,47,281
5/29/2021 11:55,47,280
5/29/2021 12:00,47,280
5/29/2021 12:05,47,280
5/29/2021 12:10,47,279
5/29/2021 12:15,47,278
5/29/2021 12:20,47,279
5/29/2021 12:25,47,278
5/29/2021 12:30,47,278
5/29/2021 12:35,47,278
5/29/2021 12:40,47,277
5/29/2021 12:45,47,277
5/29/2021 12:50,47,277
5/29/2021 12:55,47,276
5/29/2021 13:00,47,276
5/29/2021 13:05,47,275
5/29/2021 13:10,47,275
5/29/2021 13:15,47,275
5/29/2021 13:20,47,274
5/29/2021 13:25,47,274
5/29/2021 13:30,47,274
5/29/2021 13:35,47,273
5/29/2021 13:40,47,273
5/29/2021 13:45,47,272
5/29/2021 13:50,47,272
5/29/2021 13:55,47,271
5/29/2021 14:00,47,271
5/29/2021 14:05,47,271
5/29/2021 14:10,47,270
5/29/2021 14:15,47,270
5/29/2021 14:20,47,269
5/29/2021 14:25,47,269
5/29/2021 14:30,47,269
5/29/2021 14:35,47,268
5/29/2021 14:40,47,268
5/29/2021 14:45,47,267
5/29/2021 14:50,47,267
5/29/2021 14:55,47,267
5/29/2021 15:00,47,267
5/29/2021 15:05,47,265
5/29/2021 15:10,47,265
5/29/2021 15:15,47,265
5/29/2021 15:20,47,265
5/29/2021 15:25,47,264
5/29/2021 15:30,47,264
5/29/2021 15:35,47,264
5/29/2021 15:40,47,263
5/29/2021 15:45,47,263
5/29/2021 15:50,47,262
5/29/2021 15:55,47,262
5/29/2021 16:00,47,262
5/29/2021 16:05,47,261
5/29/2021 16:10,47,261
5/29/2021 16:15,47,261
5/29/2021 16:20,47,260
5/29/2021 16:25,47,260
5/29/2021 16:30,47,260
5/29/2021 16:35,47,260
5/29/2021 16:40,47,259
5/29/2021 16:45,47,259
5/29/2021 16:50,47,259
5/29/2021 16:55,47,259
5/29/2021 17:00,47,258
5/29/2021 17:05,47,258
5/29/2021 17:10,47,258
5/29/2021 17:15,47,258
5/29/2021 17:20,47,257
5/29/2021 17:25,47,257
5/29/2021 17:30,47,257
5/29/2021 17:35,47,257
5/29/2021 17:40,47,256
5/29/2021 17:45,47,257
5/29/2021 17:50,47,257
5/29/2021 17:55,47,256
5/29/2021 18:00,47,256
5/29/2021 18:05,47,256
5/29/2021 18:10,47,256
5/29/2021 18:15,47,256
5/29/2021 18:20,47,255
5/29/2021 18:25,47,256
5/29/2021 18:30,47,255
5/29/2021 18:35,47,256
5/29/2021 18:40,47,256
5/29/2021 18:45,47,255
5/29/2021 18:50,47,255
5/29/2021 18:55,47,256
5/29/2021 19:00,47,255
5/29/2021 19:05,47,255
5/29/2021 19:10,47,255
5/29/2021 19:15,47,256
5/29/2021 19:20,47,255
5/29/2021 19:25,47,256
5/29/2021 19:30,47,256
5/29/2021 19:35,47,256
5/29/2021 19:40,47,256
5/29/2021 19:45,47,256
5/29/2021 19:50,47,256
5/29/2021 19:55,47,256
5/29/2021 20:00,47,256
5/29/2021 20:05,47,256
5/29/2021 20:10,47,256
5/29/2021 20:15,47,256
5/29/2021 20:20,47,256
5/29/2021 20:25,47,257
5/29/2021 20:30,47,257
5/29/2021 20:35,47,257
5/29/2021 20:40,47,257
5/29/2021 20:45,47,257
5/29/2021 20:50,47,258
5/29/2021 20:55,47,258
5/29/2021 21:00,47,258
5/29/2021 21:05,47,259
5/29/2021 21:10,47,258
5/29/2021 21:15,47,258
5/29/2021 21:20,47,259
5/29/2021 21:25,47,260
5/29/2021 21:30,47,260
5/29/2021 21:35,47,260
5/29/2021 21:40,47,260
5/29/2021 21:45,47,260
5/29/2021 21:50,47,260
5/29/2021 21:55,47,261
5/29/2021 22:00,47,260
5/29/2021 22:05,47,261
5/29/2021 22:10,47,261
5/29/2021 22:15,47,261
5/29/2021 22:20,47,261
5/29/2021 22:25,47,261
5/29/2021 22:30,47,261
5/29/2021 22:35,47,262
5/29/2021 22:40,47,262
5/29/2021 22:45,47,262
5/29/2021 22:50,47,262
5/29/2021 22:55,47,263
5/29/2021 23:00,47,263
5/29/2021 23:05,47,263
5/29/2021 23:10,47,263
5/29/2021 23:15,47,264
5/29/2021 23:20,47,264
5/29/2021 23:25,47,264
5/29/2021 23:30,47,265
5/29/2021 23:35,47,265
5/29/2021 23:40,47,266
5/29/2021 23:45,47,266
5/29/2021 23:50,47,266
5/29/2021 23:55,47,267
5/30/2021 0:00,47,268
5/30/2021 0:05,47,268
5/30/2021 0:10,47,268
5/30/2021 0:15,47,269
5/30/2021 0:20,47,269
5/30/2021 0:25,47,270
5/30/2021 0:30,47,270
5/30/2021 0:35,47,270
5/30/2021 0:40,47,272
5/30/2021 0:45,47,272
5/30/2021 0:50,47,272
5/30/2021 0:55,47,272
5/30/2021 1:00,47,273
5/30/2021 1:05,47,273
5/30/2021 1:10,47,274
5/30/2021 1:15,47,274
5/30/2021 1:20,47,275
5/30/2021 1:25,47,275
5/30/2021 1:30,47,276
5/30/2021 1:35,47,276
5/30/2021 1:40,47,277
5/30/2021 1:45,47,277
5/30/2021 1:50,47,278
5/30/2021 1:55,47,278
5/30/2021 2:00,47,279
5/30/2021 2:05,47,279
5/30/2021 2:10,47,280
5/30/2021 2:15,47,281
5/30/2021 2:20,47,282
5/30/2021 2:25,47,282
5/30/2021 2:30,47,282
5/30/2021 2:35,47,283
5/30/2021 2:40,47,284
5/30/2021 2:45,47,285
5/30/2021 2:50,47,286
5/30/2021 2:55,47,286
5/30/2021 3:00,47,286
5/30/2021 3:05,47,286
5/30/2021 3:10,47,287
5/30/2021 3:15,47,287
5/30/2021 3:20,47,288
5/30/2021 3:25,47,289
5/30/2021 3:30,47,290
5/30/2021 3:35,47,290
5/30/2021 3:40,47,290
5/30/2021 3:45,47,290
5/30/2021 3:50,47,291
5/30/2021 3:55,47,292
5/30/2021 4:00,47,293
5/30/2021 4:05,47,293
5/30/2021 4:10,47,293
5/30/2021 4:15,47,293
5/30/2021 4:20,47,295
5/30/2021 4:25,47,295
5/30/2021 4:30,47,296
5/30/2021 4:35,47,297
5/30/2021 4:40,47,297
5/30/2021 4:45,47,298
5/30/2021 4:50,47,298
5/30/2021 4:55,47,298
5/30/2021 5:00,47,299
5/30/2021 5:05,47,299
5/30/2021 5:10,47,300
5/30/2021 5:15,47,299
5/30/2021 5:20,47,301
5/30/2021 5:25,47,300
5/30/2021 5:30,47,301
5/30/2021 5:35,47,301
5/30/2021 5:40,47,302
5/30/2021 5:45,47,302
5/30/2021 5:50,47,302
5/30/2021 5:55,47,302
5/30/2021 6:00,47,303
5/30/2021 6:05,47,304
5/30/2021 6:10,47,304
5/30/2021 6:15,47,304
5/30/2021 6:20,47,305
5/30/2021 6:25,47,305
5/30/2021 6:30,47,304
5/30/2021 6:35,47,305
5/30/2021 6:40,47,305
5/30/2021 6:45,47,305
5/30/2021 6:50,47,305
5/30/2021 6:55,47,305
5/30/2021 7:00,47,305
5/30/2021 7:05,47,306
5/30/2021 7:10,47,306
5/30/2021 7:15,47,306
5/30/2021 7:20,47,306
5/30/2021 7:25,47,306
5/30/2021 7:30,47,306
5/30/2021 7:35,47,306
5/30/2021 7:40,47,306
5/30/2021 7:45,47,306
5/30/2021 7:50,47,306
5/30/2021 7:55,47,306
5/30/2021 8:00,47,306
5/30/2021 8:05,47,306
5/30/2021 8:10,47,307
5/30/2021 8:15,47,306
5/30/2021 8:20,47,307
5/30/2021 8:25,47,307
5/30/2021 8:30,47,306
5/30/2021 8:35,47,307
5/30/2021 8:40,47,307
5/30/2021 8:45,47,306
5/30/2021 8:50,47,306
5/30/2021 8:55,47,306
5/30/2021 9:00,47,306
5/30/2021 9:05,47,306
5/30/2021 9:10,47,306
5/30/2021 9:15,47,306
5/30/2021 9:20,47,307
5/30/2021 9:25,47,306
5/30/2021 9:30,47,306
5/30/2021 9:35,47,305
5/30/2021 9:40,47,305
5/30/2021 9:45,47,305
5/30/2021 9:50,47,305
5/30/2021 9:55,47,304
5/30/2021 10:00,47,304
5/30/2021 10:05,47,304
5/30/2021 10:10,47,304
5/30/2021 10:15,47,304
5/30/2021 10:20,47,304
5/30/2021 10:25,47,303
5/30/2021 10:30,47,303
5/30/2021 10:35,47,304
5/30/2021 10:40,47,303
5/30/2021 10:45,47,302
5/30/2021 10:50,47,302
5/30/2021 10:55,47,302
5/30/2021 11:00,47,302
5/30/2021 11:05,47,301
5/30/2021 11:10,47,301
5/30/2021 11:15,47,300
5/30/2021 11:20,47,301
5/30/2021 11:25,47,301
5/30/2021 11:30,47,300
5/30/2021 11:35,47,300
5/30/2021 11:40,47,300
5/30/2021 11:45,47,300
5/30/2021 11:50,47,299
5/30/2021 11:55,47,299
5/30/2021 12:00,47,299
5/30/2021 12:05,47,298
5/30/2021 12:10,47,298
5/30/2021 12:15,47,297
5/30/2021 12:20,47,297
5/30/2021 12:25,47,297
5/30/2021 12:30,47,296
5/30/2021 12:35,47,296
5/30/2021 12:40,47,295
5/30/2021 12:45,47,295
5/30/2021 12:50,47,296
5/30/2021 12:55,47,295
5/30/2021 13:00,47,295
5/30/2021 13:05,47,295
5/30/2021 13:10,47,294
5/30/2021 13:15,47,293
5/30/2021 13:20,47,293
5/30/2021 13:25,47,293
5/30/2021 13:30,47,293
5/30/2021 13:35,47,293
5/30/2021 13:40,47,292
5/30/2021 13:45,47,291
5/30/2021 13:50,47,291
5/30/2021 13:55,47,291
5/30/2021 14:00,47,290
5/30/2021 14:05,47,290
5/30/2021 14:10,47,289
5/30/2021 14:15,47,289
5/30/2021 14:20,47,289
5/30/2021 14:25,47,289
5/30/2021 14:30,47,287
5/30/2021 14:35,47,287
5/30/2021 14:40,47,287
5/30/2021 14:45,47,287
5/30/2021 14:50,47,287
5/30/2021 14:55,47,286
5/30/2021 15:00,47,286
5/30/2021 15:05,47,285
5/30/2021 15:10,47,285
5/30/2021 15:15,47,284
5/30/2021 15:20,47,284
5/30/2021 15:25,47,284
5/30/2021 15:30,47,284
5/30/2021 15:35,47,284
5/30/2021 15:40,47,283
5/30/2021 15:45,47,282
5/30/2021 15:50,47,282
5/30/2021 15:55,47,282
5/30/2021 16:00,47,281
5/30/2021 16:05,47,281
5/30/2021 16:10,47,281
5/30/2021 16:15,47,280
5/30/2021 16:20,47,280
5/30/2021 16:25,47,280
5/30/2021 16:30,47,278
5/30/2021 16:35,47,280
5/30/2021 16:40,47,278
5/30/2021 16:45,47,278
5/30/2021 16:50,47,278
5/30/2021 16:55,47,278
5/30/2021 17:00,47,277
5/30/2021 17:05,47,277
5/30/2021 17:10,47,276
5/30/2021 17:15,47,277
5/30/2021 17:20,47,275
5/30/2021 17:25,47,276
5/30/2021 17:30,47,275
5/30/2021 17:35,47,275
5/30/2021 17:40,47,275
5/30/2021 17:45,47,275
5/30/2021 17:50,47,274
5/30/2021 17:55,47,274
5/30/2021 18:00,47,273
5/30/2021 18:05,47,273
5/30/2021 18:10,47,273
5/30/2021 18:15,47,273
5/30/2021 18:20,47,273
5/30/2021 18:25,47,273
5/30/2021 18:30,47,272
5/30/2021 18:35,47,272
5/30/2021 18:40,47,272
5/30/2021 18:45,47,271
5/30/2021 18:50,47,271
5/30/2021 18:55,47,271
5/30/2021 19:00,47,271
5/30/2021 19:05,47,270
5/30/2021 19:10,47,271
5/30/2021 19:15,47,271
5/30/2021 19:20,47,270
5/30/2021 19:25,47,270
5/30/2021 19:30,47,270
5/30/2021 19:35,47,270
5/30/2021 19:40,47,270
5/30/2021 19:45,47,269
5/30/2021 19:50,47,269
5/30/2021 19:55,47,269
5/30/2021 20:00,47,269
5/30/2021 20:05,47,269
5/30/2021 20:10,47,269
5/30/2021 20:15,47,269
5/30/2021 20:20,47,269
5/30/2021 20:25,47,269
5/30/2021 20:30,47,269
5/30/2021 20:35,47,268
5/30/2021 20:40,47,269
5/30/2021 20:45,47,269
5/30/2021 20:50,47,269
5/30/2021 20:55,47,268
5/30/2021 21:00,47,268
5/30/2021 21:05,47,269
5/30/2021 21:10,47,269
5/30/2021 21:15,47,269
5/30/2021 21:20,47,269
5/30/2021 21:25,47,269
5/30/2021 21:30,47,269
5/30/2021 21:35,47,268
5/30/2021 21:40,47,269
5/30/2021 21:45,47,269
5/30/2021 21:50,47,270
5/30/2021 21:55,47,270
5/30/2021 22:00,47,270
5/30/2021 22:05,47,270
5/30/2021 22:10,47,270
5/30/2021 22:15,47,271
5/30/2021 22:20,47,271
5/30/2021 22:25,47,270
5/30/2021 22:30,47,271
5/30/2021 22:35,47,271
5/30/2021 22:40,47,272
5/30/2021 22:45,47,271
5/30/2021 22:50,47,271
5/30/2021 22:55,47,271
5/30/2021 23:00,47,272
5/30/2021 23:05,47,272
5/30/2021 23:10,47,272
5/30/2021 23:15,47,272
5/30/2021 23:20,47,272
5/30/2021 23:25,47,272
5/30/2021 23:30,47,273
5/30/2021 23:35,47,273
5/30/2021 23:40,47,273
5/30/2021 23:45,47,273
5/30/2021 23:50,47,273
5/30/2021 23:55,47,274
5/31/2021 0:00,47,273
5/31/2021 0:05,47,274
5/31/2021 0:10,47,273
5/31/2021 0:15,47,274
5/31/2021 0:20,47,274
5/31/2021 0:25,47,274
5/31/2021 0:30,47,275
5/31/2021 0:35,47,275
5/31/2021 0:40,47,274
5/31/2021 0:45,47,276
5/31/2021 0:50,47,276
5/31/2021 0:55,47,276
5/31/2021 1:00,47,276
5/31/2021 1:05,47,276
5/31/2021 1:10,47,276
5/31/2021 1:15,47,277
5/31/2021 1:20,47,278
5/31/2021 1:25,47,278
5/31/2021 1:30,47,278
5/31/2021 1:35,47,278
5/31/2021 1:40,47,279
5/31/2021 1:45,47,279
5/31/2021 1:50,47,279
5/31/2021 1:55,47,280
5/31/2021 2:00,47,280
5/31/2021 2:05,47,281
5/31/2021 2:10,47,281
5/31/2021 2:15,47,281
5/31/2021 2:20,47,282
5/31/2021 2:25,47,283
5/31/2021 2:30,47,283
5/31/2021 2:35,47,283
5/31/2021 2:40,47,283
5/31/2021 2:45,47,284
5/31/2021 2:50,47,285
5/31/2021 2:55,47,285
5/31/2021 3:00,47,286
5/31/2021 3:05,47,286
5/31/2021 3:10,47,286
5/31/2021 3:15,47,287
5/31/2021 3:20,47,288
5/31/2021 3:25,47,288
5/31/2021 3:30,47,288
5/31/2021 3:35,47,289
5/31/2021 3:40,47,289
5/31/2021 3:45,47,290
5/31/2021 3:50,47,290
5/31/2021 3:55,47,291
5/31/2021 4:00,47,292
5/31/2021 4:05,47,292
5/31/2021 4:10,47,292
5/31/2021 4:15,47,293
5/31/2021 4:20,47,294
5/31/2021 4:25,47,294
5/31/2021 4:30,47,294
5/31/2021 4:35,47,296
5/31/2021 4:40,47,296
5/31/2021 4:45,47,296
5/31/2021 4:50,47,297
5/31/2021 4:55,47,297
5/31/2021 5:00,47,298
5/31/2021 5:05,47,299
5/31/2021 5:10,47,299
5/31/2021 5:15,47,300
5/31/2021 5:20,47,300
5/31/2021 5:25,47,301
5/31/2021 5:30,47,301
5/31/2021 5:35,47,302
5/31/2021 5:40,47,303
5/31/2021 5:45,47,303
5/31/2021 5:50,47,304
5/31/2021 5:55,47,304
5/31/2021 6:00,47,305
5/31/2021 6:05,47,305
5/31/2021 6:10,47,305
5/31/2021 6:15,47,305
5/31/2021 6:20,47,306
5/31/2021 6:25,47,308
5/31/2021 6:30,47,308
5/31/2021 6:35,47,309
5/31/2021 6:40,47,310
5/31/2021 6:45,47,310
5/31/2021 6:50,47,309
5/31/2021 6:55,47,310
5/31/2021 7:00,47,311
5/31/2021 7:05,47,311
5/31/2021 7:10,47,312
5/31/2021 7:15,47,312
5/31/2021 7:20,47,313
5/31/2021 7:25,47,313
5/31/2021 7:30,47,313
5/31/2021 7:35,47,314
5/31/2021 7:40,47,314
5/31/2021 7:45,47,314
5/31/2021 7:50,47,314
5/31/2021 7:55,47,315
5/31/2021 8:00,47,316
5/31/2021 8:05,47,316
5/31/2021 8:10,47,316
5/31/2021 8:15,47,317
5/31/2021 8:20,47,318
5/31/2021 8:25,47,318
5/31/2021 8:30,47,319
5/31/2021 8:35,47,318
5/31/2021 8:40,47,319
5/31/2021 8:45,47,319
5/31/2021 8:50,47,319
5/31/2021 8:55,47,320
5/31/2021 9:00,47,319
5/31/2021 9:05,47,319
5/31/2021 9:10,47,320
5/31/2021 9:15,47,321
5/31/2021 9:20,47,321
5/31/2021 9:25,47,321
5/31/2021 9:30,47,321
5/31/2021 9:35,47,321
5/31/2021 9:40,47,321
5/31/2021 9:45,47,322
5/31/2021 9:50,47,322
5/31/2021 9:55,47,321
5/31/2021 10:00,47,322
5/31/2021 10:05,47,322
5/31/2021 10:10,47,323
5/31/2021 10:15,47,322
5/31/2021 10:20,47,322
5/31/2021 10:25,47,322
5/31/2021 10:30,47,322
5/31/2021 10:35,47,322
5/31/2021 10:40,47,323
5/31/2021 10:45,47,323
5/31/2021 10:50,47,323
5/31/2021 10:55,47,323
5/31/2021 11:00,47,322
5/31/2021 11:05,47,323
5/31/2021 11:10,47,324
5/31/2021 11:15,47,323
5/31/2021 11:20,47,323
5/31/2021 11:25,47,323
5/31/2021 11:30,47,324
5/31/2021 11:35,47,324
5/31/2021 11:40,47,324
5/31/2021 11:45,47,323
5/31/2021 11:50,47,324
5/31/2021 11:55,47,324
5/31/2021 12:00,47,324
5/31/2021 12:05,47,324
5/31/2021 12:10,47,324
5/31/2021 12:15,47,323
5/31/2021 12:20,47,324
5/31/2021 12:25,47,324
5/31/2021 12:30,47,323
5/31/2021 12:35,47,324
5/31/2021 12:40,47,324
5/31/2021 12:45,47,323
5/31/2021 12:50,47,323
5/31/2021 12:55,47,324
5/31/2021 13:00,47,323
5/31/2021 13:05,47,324
5/31/2021 13:10,47,323
5/31/2021 13:15,47,322
5/31/2021 13:20,47,323
5/31/2021 13:25,47,322
5/31/2021 13:30,47,322
5/31/2021 13:35,47,323
5/31/2021 13:40,47,323
5/31/2021 13:45,47,322
5/31/2021 13:50,47,322
5/31/2021 13:55,47,323
5/31/2021 14:00,47,323
5/31/2021 14:05,47,323
5/31/2021 14:10,47,323
5/31/2021 14:15,47,323
5/31/2021 14:20,47,323
5/31/2021 14:25,47,323
5/31/2021 14:30,47,323
5/31/2021 14:35,47,322
5/31/2021 14:40,47,323
5/31/2021 14:45,47,323
5/31/2021 14:50,47,322
5/31/2021 14:55,47,323
5/31/2021 15:00,47,323
5/31/2021 15:05,47,323
5/31/2021 15:10,47,322
5/31/2021 15:15,47,322
5/31/2021 15:20,47,322
5/31/2021 15:25,47,322
5/31/2021 15:30,47,322
5/31/2021 15:35,47,323
5/31/2021 15:40,47,322
5/31/2021 15:45,47,322
5/31/2021 15:50,47,323
5/31/2021 15:55,47,322
5/31/2021 16:00,47,323
5/31/2021 16:05,47,322
5/31/2021 16:10,47,323
5/31/2021 16:15,47,322
5/31/2021 16:20,47,323
5/31/2021 16:25,47,323
5/31/2021 16:30,47,323
5/31/2021 16:35,47,323
5/31/2021 16:40,47,322
5/31/2021 16:45,47,322
5/31/2021 16:50,47,323
5/31/2021 16:55,47,324
5/31/2021 17:00,47,324
5/31/2021 17:05,47,324
5/31/2021 17:10,47,324
5/31/2021 17:15,47,324
5/31/2021 17:20,47,324
5/31/2021 17:25,47,325
5/31/2021 17:30,47,325
5/31/2021 17:35,47,325
5/31/2021 17:40,47,325
5/31/2021 17:45,47,326
5/31/2021 17:50,47,327
5/31/2021 17:55,47,327
5/31/2021 18:00,47,327
5/31/2021 18:05,47,328
5/31/2021 18:10,47,327
5/31/2021 18:15,47,328
5/31/2021 18:20,47,328
5/31/2021 18:25,47,328
5/31/2021 18:30,47,329
5/31/2021 18:35,47,329
5/31/2021 18:40,47,330
5/31/2021 18:45,47,329
5/31/2021 18:50,47,331
5/31/2021 18:55,47,331
5/31/2021 19:00,47,332
5/31/2021 19:05,47,331
5/31/2021 19:10,47,332
5/31/2021 19:15,47,333
5/31/2021 19:20,47,333
5/31/2021 19:25,47,334
5/31/2021 19:30,47,335
5/31/2021 19:35,47,335
5/31/2021 19:40,47,335
5/31/2021 19:45,47,337
5/31/2021 19:50,47,338
5/31/2021 19:55,47,338
5/31/2021 20:00,47,338
5/31/2021 20:05,47,338
5/31/2021 20:10,47,339
5/31/2021 20:15,47,341
5/31/2021 20:20,47,342
5/31/2021 20:25,47,342
5/31/2021 20:30,47,343
5/31/2021 20:35,47,344
5/31/2021 20:40,47,345
5/31/2021 20:45,47,346
5/31/2021 20:50,47,346
5/31/2021 20:55,47,348
5/31/2021 21:00,47,348
5/31/2021 21:05,47,349
5/31/2021 21:10,47,350
5/31/2021 21:15,47,351
5/31/2021 21:20,47,352
5/31/2021 21:25,47,353
5/31/2021 21:30,47,354
5/31/2021 21:35,47,355
5/31/2021 21:40,47,357
5/31/2021 21:45,47,357
5/31/2021 21:50,47,358
5/31/2021 21:55,47,359
5/31/2021 22:00,47,359
5/31/2021 22:05,47,361
5/31/2021 22:10,47,361
5/31/2021 22:15,47,362
5/31/2021 22:20,47,364
5/31/2021 22:25,47,365
5/31/2021 22:30,47,366
5/31/2021 22:35,47,367
5/31/2021 22:40,47,368
5/31/2021 22:45,47,369
5/31/2021 22:50,47,370
5/31/2021 22:55,47,372
5/31/2021 23:00,47,373
5/31/2021 23:05,47,374
5/31/2021 23:10,47,375
5/31/2021 23:15,47,377
5/31/2021 23:20,47,377
5/31/2021 23:25,47,379
5/31/2021 23:30,47,381
5/31/2021 23:35,47,381
5/31/2021 23:40,47,383
5/31/2021 23:45,47,384
5/31/2021 23:50,47,385
5/31/2021 23:55,47,386
6/1/2021 0:00,47,386
6/1/2021 0:05,47,388
6/1/2021 0:10,47,391
6/1/2021 0:15,47,393
6/1/2021 0:20,47,393
6/1/2021 0:25,47,395
6/1/2021 0:30,47,396
6/1/2021 0:35,47,396
6/1/2021 0:40,47,396
6/1/2021 0:45,47,399
6/1/2021 0:50,47,400
6/1/2021 0:55,47,401
6/1/2021 1:00,47,404
6/1/2021 1:05,47,404
6/1/2021 1:10,47,406
6/1/2021 1:15,47,407
6/1/2021 1:20,47,409
6/1/2021 1:25,47,409
6/1/2021 1:30,47,412
6/1/2021 1:35,47,413
6/1/2021 1:40,47,414
6/1/2021 1:45,47,414
6/1/2021 1:50,47,418
6/1/2021 1:55,47,418
6/1/2021 2:00,47,420
6/1/2021 2:05,47,419
6/1/2021 2:10,47,422
6/1/2021 2:15,47,423
6/1/2021 2:20,47,423
6/1/2021 2:25,47,425
6/1/2021 2:30,47,427
6/1/2021 2:35,47,429
6/1/2021 2:40,47,429
6/1/2021 2:45,47,431
6/1/2021 2:50,47,431
6/1/2021 2:55,47,434
6/1/2021 3:00,47,435
6/1/2021 3:05,47,436
6/1/2021 3:10,47,437
6/1/2021 3:15,47,437
6/1/2021 3:20,47,439
6/1/2021 3:25,47,439
6/1/2021 3:30,47,442
6/1/2021 3:35,47,443
6/1/2021 3:40,47,445
6/1/2021 3:45,47,446
6/1/2021 3:50,47,445
6/1/2021 3:55,47,447
6/1/2021 4:00,47,448
6/1/2021 4:05,47,449
6/1/2021 4:10,47,451
6/1/2021 4:15,47,452
6/1/2021 4:20,47,453
6/1/2021 4:25,47,454
6/1/2021 4:30,47,454
6/1/2021 4:35,47,455
6/1/2021 4:40,47,456
6/1/2021 4:45,47,456
6/1/2021 4:50,47,459
6/1/2021 4:55,47,461
6/1/2021 5:00,47,461
6/1/2021 5:05,47,462
6/1/2021 5:10,47,462
6/1/2021 5:15,47,463
6/1/2021 5:20,47,465
6/1/2021 5:25,47,465
6/1/2021 5:30,47,466
6/1/2021 5:35,47,468
6/1/2021 5:40,47,468
6/1/2021 5:45,47,470
6/1/2021 5:50,47,470
6/1/2021 5:55,47,468
6/1/2021 6:00,47,471
6/1/2021 6:05,47,470
6/1/2021 6:10,47,471
6/1/2021 6:15,47,473
6/1/2021 6:20,47,473
6/1/2021 6:25,47,472
6/1/2021 6:30,47,473
6/1/2021 6:35,47,475
6/1/2021 6:40,47,474
6/1/2021 6:45,47,474
6/1/2021 6:50,47,476
6/1/2021 6:55,47,475
6/1/2021 7:00,47,478
6/1/2021 7:05,47,476
6/1/2021 7:10,47,477
6/1/2021 7:15,47,478
6/1/2021 7:20,47,478
6/1/2021 7:25,47,480
6/1/2021 7:30,47,479
6/1/2021 7:35,47,478
6/1/2021 7:40,47,479
6/1/2021 7:45,47,480
6/1/2021 7:50,47,478
6/1/2021 7:55,47,481
6/1/2021 8:00,47,481
6/1/2021 8:05,47,479
6/1/2021 8:10,47,480
6/1/2021 8:15,47,479
6/1/2021 8:20,47,480
6/1/2021 8:25,47,479
6/1/2021 8:30,47,479
6/1/2021 8:35,47,480
6/1/2021 8:40,47,478
6/1/2021 8:45,47,479
6/1/2021 8:50,47,480
6/1/2021 8:55,47,479
6/1/2021 9:00,47,478
6/1/2021 9:05,47,478
6/1/2021 9:10,47,480
6/1/2021 9:15,47,479
6/1/2021 9:20,47,478
6/1/2021 9:25,47,479
6/1/2021 9:30,47,476
6/1/2021 9:35,47,478
6/1/2021 9:40,47,476
6/1/2021 9:45,47,476
6/1/2021 9:50,47,477
6/1/2021 9:55,47,476
6/1/2021 10:00,47,475
6/1/2021 10:05,47,475
6/1/2021 10:10,47,474
6/1/2021 10:15,47,474
6/1/2021 10:20,47,475
6/1/2021 10:25,47,474
6/1/2021 10:30,47,474
6/1/2021 10:35,47,473
6/1/2021 10:40,47,472
6/1/2021 10:45,47,472
6/1/2021 10:50,47,471
6/1/2021 10:55,47,469
6/1/2021 11:00,47,470
6/1/2021 11:05,47,470
6/1/2021 11:10,47,469
6/1/2021 11:15,47,468
6/1/2021 11:20,47,470
6/1/2021 11:25,47,469
6/1/2021 11:30,47,467
6/1/2021 11:35,47,467
6/1/2021 11:40,47,467
6/1/2021 11:45,47,466
6/1/2021 11:50,47,466
6/1/2021 11:55,47,466
6/1/2021 12:00,47,463
6/1/2021 12:05,47,464
6/1/2021 12:10,47,463
6/1/2021 12:15,47,463
6/1/2021 12:20,47,463
6/1/2021 12:25,47,461
6/1/2021 12:30,47,461
6/1/2021 12:35,47,461
6/1/2021 12:40,47,461
6/1/2021 12:45,47,461
6/1/2021 12:50,47,460
6/1/2021 12:55,47,458
6/1/2021 13:00,47,457
6/1/2021 13:05,47,458
6/1/2021 13:10,47,458
6/1/2021 13:15,47,456
6/1/2021 13:20,47,457
6/1/2021 13:25,47,455
6/1/2021 13:30,47,455
6/1/2021 13:35,47,455
6/1/2021 13:40,47,454
6/1/2021 13:45,47,455
6/1/2021 13:50,47,454
6/1/2021 13:55,47,452
6/1/2021 14:00,47,453
6/1/2021 14:05,47,451
6/1/2021 14:10,47,451
6/1/2021 14:15,47,450
6/1/2021 14:20,47,450
6/1/2021 14:25,47,449
6/1/2021 14:30,47,449
6/1/2021 14:35,47,450
6/1/2021 14:40,47,448
6/1/2021 14:45,47,449
6/1/2021 14:50,47,448
6/1/2021 14:55,47,448
6/1/2021 15:00,47,447
6/1/2021 15:05,47,448
6/1/2021 15:10,47,447
6/1/2021 15:15,47,446
6/1/2021 15:20,47,447
6/1/2021 15:25,47,445
6/1/2021 15:30,47,445
6/1/2021 15:35,47,445
6/1/2021 15:40,47,444
6/1/2021 15:45,47,444
6/1/2021 15:50,47,445
6/1/2021 15:55,47,444
6/1/2021 16:00,47,444
6/1/2021 16:05,47,445
6/1/2021 16:10,47,444
6/1/2021 16:15,47,445
6/1/2021 16:20,47,446
6/1/2021 16:25,47,444
6/1/2021 16:30,47,444
6/1/2021 16:35,47,444
6/1/2021 16:40,47,445
6/1/2021 16:45,47,445
6/1/2021 16:50,47,445
6/1/2021 16:55,47,445
6/1/2021 17:00,47,444
6/1/2021 17:05,47,446
6/1/2021 17:10,47,447
6/1/2021 17:15,47,446
6/1/2021 17:20,47,446
6/1/2021 17:25,47,447
6/1/2021 17:30,47,447
6/1/2021 17:35,47,447
6/1/2021 17:40,47,448
6/1/2021 17:45,47,448
6/1/2021 17:50,47,449
6/1/2021 17:55,47,451
6/1/2021 18:00,47,450
6/1/2021 18:05,47,453
6/1/2021 18:10,47,453
6/1/2021 18:15,47,452
6/1/2021 18:20,47,455
6/1/2021 18:25,47,454
6/1/2021 18:30,47,455
6/1/2021 18:35,47,457
6/1/2021 18:40,47,458
6/1/2021 18:45,47,459
6/1/2021 18:50,47,460
6/1/2021 18:55,47,461
6/1/2021 19:00,47,461
6/1/2021 19:05,47,464
6/1/2021 19:10,47,464
6/1/2021 19:15,47,463
6/1/2021 19:20,47,465
6/1/2021 19:25,47,466
6/1/2021 19:30,47,469
6/1/2021 19:35,47,469
6/1/2021 19:40,47,470
6/1/2021 19:45,47,472
6/1/2021 19:50,47,473
6/1/2021 19:55,47,475
6/1/2021 20:00,47,475
6/1/2021 20:05,47,476
6/1/2021 20:10,47,479
6/1/2021 20:15,47,481
6/1/2021 20:20,47,481
6/1/2021 20:25,47,484
6/1/2021 20:30,47,486
6/1/2021 20:35,47,488
6/1/2021 20:40,47,488
6/1/2021 20:45,47,491
6/1/2021 20:50,47,492
6/1/2021 20:55,47,492
6/1/2021 21:00,47,496
6/1/2021 21:05,47,497
6/1/2021 21:10,47,497
6/1/2021 21:15,47,501
6/1/2021 21:20,47,501
6/1/2021 21:25,47,503
6/1/2021 21:30,47,505
6/1/2021 21:35,47,507
6/1/2021 21:40,47,509
6/1/2021 21:45,47,510
6/1/2021 21:50,47,512
6/1/2021 21:55,47,513
6/1/2021 22:00,47,516
6/1/2021 22:05,47,517
6/1/2021 22:10,47,519
6/1/2021 22:15,47,521
6/1/2021 22:20,47,523
6/1/2021 22:25,47,526
6/1/2021 22:30,47,527
6/1/2021 22:35,47,530
6/1/2021 22:40,47,533
6/1/2021 22:45,47,533
6/1/2021 22:50,47,535
6/1/2021 22:55,47,537
6/1/2021 23:00,47,539
6/1/2021 23:05,47,543
6/1/2021 23:10,47,545
6/1/2021 23:15,47,545
6/1/2021 23:20,47,546
6/1/2021 23:25,47,549
6/1/2021 23:30,47,550
6/1/2021 23:35,47,554
6/1/2021 23:40,47,553
6/1/2021 23:45,47,556
6/1/2021 23:50,47,560
6/1/2021 23:55,47,561
6/2/2021 0:00,47,567
6/2/2021 0:05,47,568
6/2/2021 0:10,47,570
6/2/2021 0:15,47,572
6/2/2021 0:20,47,573
6/2/2021 0:25,47,575
6/2/2021 0:30,47,577
6/2/2021 0:35,47,581
6/2/2021 0:40,47,582
6/2/2021 0:45,47,585
6/2/2021 0:50,47,585
6/2/2021 0:55,47,588
6/2/2021 1:00,47,592
6/2/2021 1:05,47,592
6/2/2021 1:10,47,594
6/2/2021 1:15,47,597
6/2/2021 1:20,47,598
6/2/2021 1:25,47,601
6/2/2021 1:30,47,601
6/2/2021 1:35,47,605
6/2/2021 1:40,47,606
6/2/2021 1:45,47,607
6/2/2021 1:50,47,609
6/2/2021 1:55,47,612
6/2/2021 2:00,47,614
6/2/2021 2:05,47,614
6/2/2021 2:10,47,616
6/2/2021 2:15,47,617
6/2/2021 2:20,47,621
6/2/2021 2:25,47,622
6/2/2021 2:30,47,622
6/2/2021 2:35,47,624
6/2/2021 2:40,47,626
6/2/2021 2:45,47,626
6/2/2021 2:50,47,626
6/2/2021 2:55,47,629
6/2/2021 3:00,47,630
6/2/2021 3:05,47,631
6/2/2021 3:10,47,632
6/2/2021 3:15,47,633
6/2/2021 3:20,47,635
6/2/2021 3:25,47,635
6/2/2021 3:30,47,635
6/2/2021 3:35,47,637
6/2/2021 3:40,47,637
6/2/2021 3:45,47,642
6/2/2021 3:50,47,639
6/2/2021 3:55,47,641
6/2/2021 4:00,47,642
6/2/2021 4:05,47,644
6/2/2021 4:10,47,642
6/2/2021 4:15,47,645
6/2/2021 4:20,47,645
6/2/2021 4:25,47,645
6/2/2021 4:30,47,646
6/2/2021 4:35,47,648
6/2/2021 4:40,47,646
6/2/2021 4:45,47,649
6/2/2021 4:50,47,647
6/2/2021 4:55,47,647
6/2/2021 5:00,47,649
6/2/2021 5:05,47,647
6/2/2021 5:10,47,649
6/2/2021 5:15,47,647
6/2/2021 5:20,47,649
6/2/2021 5:25,47,649
6/2/2021 5:30,47,647
6/2/2021 5:35,47,649
6/2/2021 5:40,47,647
6/2/2021 5:45,47,647
6/2/2021 5:50,47,647
6/2/2021 5:55,47,647
6/2/2021 6:00,47,647
6/2/2021 6:05,47,646
6/2/2021 6:10,47,649
6/2/2021 6:15,47,647
6/2/2021 6:20,47,647
6/2/2021 6:25,47,647
6/2/2021 6:30,47,645
6/2/2021 6:35,47,647
6/2/2021 6:40,47,645
6/2/2021 6:45,47,644
6/2/2021 6:50,47,646
6/2/2021 6:55,47,645
6/2/2021 7:00,47,644
6/2/2021 7:05,47,642
6/2/2021 7:10,47,644
6/2/2021 7:15,47,643
6/2/2021 7:20,47,641
6/2/2021 7:25,47,638
6/2/2021 7:30,47,642
6/2/2021 7:35,47,638
6/2/2021 7:40,47,638
6/2/2021 7:45,47,637
6/2/2021 7:50,47,634
6/2/2021 7:55,47,633
6/2/2021 8:00,47,633
6/2/2021 8:05,47,633
6/2/2021 8:10,47,630
6/2/2021 8:15,47,629
6/2/2021 8:20,47,629
6/2/2021 8:25,47,627
6/2/2021 8:30,47,627
6/2/2021 8:35,47,626
6/2/2021 8:40,47,622
6/2/2021 8:45,47,621
6/2/2021 8:50,47,621
6/2/2021 8:55,47,618
6/2/2021 9:00,47,617
6/2/2021 9:05,47,615
6/2/2021 9:10,47,614
6/2/2021 9:15,47,612
6/2/2021 9:20,47,612
6/2/2021 9:25,47,613
6/2/2021 9:30,47,611
6/2/2021 9:35,47,609
6/2/2021 9:40,47,608
6/2/2021 9:45,47,606
6/2/2021 9:50,47,606
6/2/2021 9:55,47,605
6/2/2021 10:00,47,604
6/2/2021 10:05,47,603
6/2/2021 10:10,47,599
6/2/2021 10:15,47,599
6/2/2021 10:20,47,598
6/2/2021 10:25,47,597
6/2/2021 10:30,47,596
6/2/2021 10:35,47,594
6/2/2021 10:40,47,594
6/2/2021 10:45,47,592
6/2/2021 10:50,47,591
6/2/2021 10:55,47,591
6/2/2021 11:00,47,589
6/2/2021 11:05,47,588
6/2/2021 11:10,47,587
6/2/2021 11:15,47,585
6/2/2021 11:20,47,584
6/2/2021 11:25,47,583
6/2/2021 11:30,47,582
6/2/2021 11:35,47,580
6/2/2021 11:40,47,579
6/2/2021 11:45,47,578
6/2/2021 11:50,47,577
6/2/2021 11:55,47,574
6/2/2021 12:00,47,573
6/2/2021 12:05,47,574
6/2/2021 12:10,47,573
6/2/2021 12:15,47,572
6/2/2021 12:20,47,570
6/2/2021 12:25,47,570
6/2/2021 12:30,47,569
6/2/2021 12:35,47,568
6/2/2021 12:40,47,566
6/2/2021 12:45,47,565
6/2/2021 12:50,47,565
6/2/2021 12:55,47,565
6/2/2021 13:00,47,564
6/2/2021 13:05,47,562
6/2/2021 13:10,47,561
6/2/2021 13:15,47,559
6/2/2021 13:20,47,558
6/2/2021 13:25,47,560
6/2/2021 13:30,47,559
6/2/2021 13:35,47,557
6/2/2021 13:40,47,557
6/2/2021 13:45,47,556
6/2/2021 13:50,47,555
6/2/2021 13:55,47,555
6/2/2021 14:00,47,553
6/2/2021 14:05,47,553
6/2/2021 14:10,47,553
6/2/2021 14:15,47,551
6/2/2021 14:20,47,550
6/2/2021 14:25,47,550
6/2/2021 14:30,47,550
6/2/2021 14:35,47,548
6/2/2021 14:40,47,547
6/2/2021 14:45,47,547
6/2/2021 14:50,47,546
6/2/2021 14:55,47,546
6/2/2021 15:00,47,545
6/2/2021 15:05,47,545
6/2/2021 15:10,47,545
6/2/2021 15:15,47,544
6/2/2021 15:20,47,544
6/2/2021 15:25,47,544
6/2/2021 15:30,47,544
6/2/2021 15:35,47,544
6/2/2021 15:40,47,543
6/2/2021 15:45,47,544
6/2/2021 15:50,47,544
6/2/2021 15:55,47,546
6/2/2021 16:00,47,544
6/2/2021 16:05,47,544
6/2/2021 16:10,47,543
6/2/2021 16:15,47,544
6/2/2021 16:20,47,543
6/2/2021 16:25,47,544
6/2/2021 16:30,47,544
6/2/2021 16:35,47,544
6/2/2021 16:40,47,545
6/2/2021 16:45,47,546
6/2/2021 16:50,47,546
6/2/2021 16:55,47,547
6/2/2021 17:00,47,545
6/2/2021 17:05,47,545
6/2/2021 17:10,47,547
6/2/2021 17:15,47,547
6/2/2021 17:20,47,546
6/2/2021 17:25,47,548
6/2/2021 17:30,47,549
6/2/2021 17:35,47,549
6/2/2021 17:40,47,551
6/2/2021 17:45,47,550
6/2/2021 17:50,47,551
6/2/2021 17:55,47,552
6/2/2021 18:00,47,554
6/2/2021 18:05,47,555
6/2/2021 18:10,47,555
6/2/2021 18:15,47,556
6/2/2021 18:20,47,556
6/2/2021 18:25,47,559
6/2/2021 18:30,47,558
6/2/2021 18:35,47,560
6/2/2021 18:40,47,561
6/2/2021 18:45,47,563
6/2/2021 18:50,47,564
6/2/2021 18:55,47,564
6/2/2021 19:00,47,566
6/2/2021 19:05,47,567
6/2/2021 19:10,47,569
6/2/2021 19:15,47,571
6/2/2021 19:20,47,573
6/2/2021 19:25,47,573
6/2/2021 19:30,47,574
6/2/2021 19:35,47,575
6/2/2021 19:40,47,578
6/2/2021 19:45,47,579
6/2/2021 19:50,47,582
6/2/2021 19:55,47,582
6/2/2021 20:00,47,583
6/2/2021 20:05,47,585
6/2/2021 20:10,47,588
6/2/2021 20:15,47,590
6/2/2021 20:20,47,592
6/2/2021 20:25,47,592
6/2/2021 20:30,47,595
6/2/2021 20:35,47,596
6/2/2021 20:40,47,597
6/2/2021 20:45,47,600
6/2/2021 20:50,47,602
6/2/2021 20:55,47,605
6/2/2021 21:00,47,604
6/2/2021 21:05,47,605
6/2/2021 21:10,47,609
6/2/2021 21:15,47,610
6/2/2021 21:20,47,611
6/2/2021 21:25,47,614
6/2/2021 21:30,47,616
6/2/2021 21:35,47,617
6/2/2021 21:40,47,621
6/2/2021 21:45,47,622
6/2/2021 21:50,47,623
6/2/2021 21:55,47,626
6/2/2021 22:00,47,626
6/2/2021 22:05,47,629
6/2/2021 22:10,47,631
6/2/2021 22:15,47,633
6/2/2021 22:20,47,635
6/2/2021 22:25,47,636
6/2/2021 22:30,47,639
6/2/2021 22:35,47,641
6/2/2021 22:40,47,643
6/2/2021 22:45,47,646
6/2/2021 22:50,47,646
6/2/2021 22:55,47,648
6/2/2021 23:00,47,652
6/2/2021 23:05,47,654
6/2/2021 23:10,47,655
6/2/2021 23:15,47,657
6/2/2021 23:20,47,659
6/2/2021 23:25,47,662
6/2/2021 23:30,47,665
6/2/2021 23:35,47,665
6/2/2021 23:40,47,670
6/2/2021 23:45,47,670
6/2/2021 23:50,47,672
6/2/2021 23:55,47,675
6/3/2021 0:00,47,675
6/3/2021 0:05,47,676
6/3/2021 0:10,47,680
6/3/2021 0:15,47,682
6/3/2021 0:20,47,686
6/3/2021 0:25,47,692
6/3/2021 0:30,47,692
6/3/2021 0:35,47,694
6/3/2021 0:40,47,696
6/3/2021 0:45,47,697
6/3/2021 0:50,47,704
6/3/2021 0:55,47,701
6/3/2021 1:00,47,703
6/3/2021 1:05,47,704
6/3/2021 1:10,47,707
6/3/2021 1:15,47,710
6/3/2021 1:20,47,712
6/3/2021 1:25,47,712
6/3/2021 1:30,47,714
6/3/2021 1:35,47,716
6/3/2021 1:40,47,717
6/3/2021 1:45,47,718
6/3/2021 1:50,47,720
6/3/2021 1:55,47,723
6/3/2021 2:00,47,724
6/3/2021 2:05,47,728
6/3/2021 2:10,47,726
6/3/2021 2:15,47,727
6/3/2021 2:20,47,729
6/3/2021 2:25,47,732
6/3/2021 2:30,47,734
6/3/2021 2:35,47,734
6/3/2021 2:40,47,735
6/3/2021 2:45,47,735
6/3/2021 2:50,47,738
6/3/2021 2:55,47,739
6/3/2021 3:00,47,741
6/3/2021 3:05,47,743
6/3/2021 3:10,47,742
6/3/2021 3:15,47,742
6/3/2021 3:20,47,743
6/3/2021 3:25,47,748
6/3/2021 3:30,47,747
6/3/2021 3:35,47,746
6/3/2021 3:40,47,752
6/3/2021 3:45,47,750
6/3/2021 3:50,47,751
6/3/2021 3:55,47,750
6/3/2021 4:00,47,750
6/3/2021 4:05,47,749
6/3/2021 4:10,47,750
6/3/2021 4:15,47,750
6/3/2021 4:20,47,751
6/3/2021 4:25,47,753
6/3/2021 4:30,47,753
6/3/2021 4:35,47,753
6/3/2021 4:40,47,755
6/3/2021 4:45,47,755
6/3/2021 4:50,47,753
6/3/2021 4:55,47,754
6/3/2021 5:00,47,757
6/3/2021 5:05,47,758
6/3/2021 5:10,47,758
6/3/2021 5:15,47,756
6/3/2021 5:20,47,754
6/3/2021 5:25,47,755
6/3/2021 5:30,47,754
6/3/2021 5:35,47,756
6/3/2021 5:40,47,754
6/3/2021 5:45,47,753
6/3/2021 5:50,47,753
6/3/2021 5:55,47,751
6/3/2021 6:00,47,752
6/3/2021 6:05,47,755
6/3/2021 6:10,47,752
6/3/2021 6:15,47,752
6/3/2021 6:20,47,755
6/3/2021 6:25,47,755
6/3/2021 6:30,47,744
6/3/2021 6:35,47,743
6/3/2021 6:40,47,749
6/3/2021 6:45,47,750
6/3/2021 6:50,47,752
6/3/2021 6:55,47,748
6/3/2021 7:00,47,748
6/3/2021 7:05,47,747
6/3/2021 7:10,47,743
6/3/2021 7:15,47,745
6/3/2021 7:20,47,744
6/3/2021 7:25,47,743
6/3/2021 7:30,47,742
6/3/2021 7:35,47,743
6/3/2021 7:40,47,738
6/3/2021 7:45,47,738
6/3/2021 7:50,47,736
6/3/2021 7:55,47,738
6/3/2021 8:00,47,736
6/3/2021 8:05,47,736
6/3/2021 8:10,47,734
6/3/2021 8:15,47,734
6/3/2021 8:20,47,731
6/3/2021 8:25,47,733
6/3/2021 8:30,47,731
6/3/2021 8:35,47,730
6/3/2021 8:40,47,730
6/3/2021 8:45,47,730
6/3/2021 8:50,47,731
6/3/2021 8:55,47,728
6/3/2021 9:00,47,725
6/3/2021 9:05,47,726
6/3/2021 9:10,47,725
6/3/2021 9:15,47,723
6/3/2021 9:20,47,721
6/3/2021 9:25,47,718
6/3/2021 9:30,47,717
6/3/2021 9:35,47,716
6/3/2021 9:40,47,712
6/3/2021 9:45,47,715
6/3/2021 9:50,47,712
6/3/2021 9:55,47,711
6/3/2021 10:00,47,710
6/3/2021 10:05,47,709
6/3/2021 10:10,47,708
6/3/2021 10:15,47,709
6/3/2021 10:20,47,706
6/3/2021 10:25,47,706
6/3/2021 10:30,47,703
6/3/2021 10:35,47,702
6/3/2021 10:40,47,700
6/3/2021 10:45,47,699
6/3/2021 10:50,47,697
6/3/2021 10:55,47,693
6/3/2021 11:00,47,694
6/3/2021 11:05,47,691
6/3/2021 11:10,47,693
6/3/2021 11:15,47,695
6/3/2021 11:20,47,691
6/3/2021 11:25,47,688
6/3/2021 11:30,47,687
6/3/2021 11:35,47,685
6/3/2021 11:40,47,686
6/3/2021 11:45,47,682
6/3/2021 11:50,47,683
6/3/2021 11:55,47,680
6/3/2021 12:00,47,681
6/3/2021 12:05,47,679
6/3/2021 12:10,47,676
6/3/2021 12:15,47,679
6/3/2021 12:20,47,676
6/3/2021 12:25,47,673
6/3/2021 12:30,47,673
6/3/2021 12:35,47,673
6/3/2021 12:40,47,670
6/3/2021 12:45,47,668
6/3/2021 12:50,47,667
6/3/2021 12:55,47,667
6/3/2021 13:00,47,667
6/3/2021 13:05,47,664
6/3/2021 13:10,47,664
6/3/2021 13:15,47,663
6/3/2021 13:20,47,660
6/3/2021 13:25,47,661
6/3/2021 13:30,47,660
6/3/2021 13:35,47,659
6/3/2021 13:40,47,657
6/3/2021 13:45,47,657
6/3/2021 13:50,47,657
6/3/2021 13:55,47,656
6/3/2021 14:00,47,654
6/3/2021 14:05,47,653
6/3/2021 14:10,47,652
6/3/2021 14:15,47,651
6/3/2021 14:20,47,652
6/3/2021 14:25,47,650
6/3/2021 14:30,47,647
6/3/2021 14:35,47,650
6/3/2021 14:40,47,646
6/3/2021 14:45,47,646
6/3/2021 14:50,47,645
6/3/2021 14:55,47,644
6/3/2021 15:00,47,644
6/3/2021 15:05,47,640
6/3/2021 15:10,47,643
6/3/2021 15:15,47,639
6/3/2021 15:20,47,639
6/3/2021 15:25,47,638
6/3/2021 15:30,47,639
6/3/2021 15:35,47,638
6/3/2021 15:40,47,637
6/3/2021 15:45,47,637
6/3/2021 15:50,47,636
6/3/2021 15:55,47,636
6/3/2021 16:00,47,634
6/3/2021 16:05,47,633
6/3/2021 16:10,47,634
6/3/2021 16:15,47,633
6/3/2021 16:20,47,633
6/3/2021 16:25,47,632
6/3/2021 16:30,47,631
6/3/2021 16:35,47,631
6/3/2021 16:40,47,632
6/3/2021 16:45,47,633
6/3/2021 16:50,47,630
6/3/2021 16:55,47,630
6/3/2021 17:00,47,629
6/3/2021 17:05,47,630
6/3/2021 17:10,47,628
6/3/2021 17:15,47,629
6/3/2021 17:20,47,627
6/3/2021 17:25,47,628
6/3/2021 17:30,47,629
6/3/2021 17:35,47,628
6/3/2021 17:40,47,628
6/3/2021 17:45,47,629
6/3/2021 17:50,47,628
6/3/2021 17:55,47,629
6/3/2021 18:00,47,630
6/3/2021 18:05,47,629
6/3/2021 18:10,47,631
6/3/2021 18:15,47,631
6/3/2021 18:20,47,629
6/3/2021 18:25,47,631
6/3/2021 18:30,47,632
6/3/2021 18:35,47,631
6/3/2021 18:40,47,632
6/3/2021 18:45,47,633
6/3/2021 18:50,47,633
6/3/2021 18:55,47,635
6/3/2021 19:00,47,633
6/3/2021 19:05,47,636
6/3/2021 19:10,47,638
6/3/2021 19:15,47,637
6/3/2021 19:20,47,638
6/3/2021 19:25,47,639
6/3/2021 19:30,47,639
6/3/2021 19:35,47,639
6/3/2021 19:40,47,641
6/3/2021 19:45,47,641
6/3/2021 19:50,47,642
6/3/2021 19:55,47,642
6/3/2021 20:00,47,641
6/3/2021 20:05,47,643
6/3/2021 20:10,47,645
6/3/2021 20:15,47,646
6/3/2021 20:20,47,646
6/3/2021 20:25,47,647
6/3/2021 20:30,47,650
6/3/2021 20:35,47,651
6/3/2021 20:40,47,650
6/3/2021 20:45,47,652
6/3/2021 20:50,47,653
6/3/2021 20:55,47,654
6/3/2021 21:00,47,656
6/3/2021 21:05,47,655
6/3/2021 21:10,47,657
6/3/2021 21:15,47,660
6/3/2021 21:20,47,661
6/3/2021 21:25,47,662
6/3/2021 21:30,47,665
6/3/2021 21:35,47,666
6/3/2021 21:40,47,666
6/3/2021 21:45,47,669
6/3/2021 21:50,47,668
6/3/2021 21:55,47,673
6/3/2021 22:00,47,672
6/3/2021 22:05,47,673
6/3/2021 22:10,47,675
6/3/2021 22:15,47,678
6/3/2021 22:20,47,679
6/3/2021 22:25,47,680
6/3/2021 22:30,47,681
6/3/2021 22:35,47,681
6/3/2021 22:40,47,686
6/3/2021 22:45,47,688
6/3/2021 22:50,47,689
6/3/2021 22:55,47,688
6/3/2021 23:00,47,691
6/3/2021 23:05,47,692
6/3/2021 23:10,47,692
6/3/2021 23:15,47,692
6/3/2021 23:20,47,696
6/3/2021 23:25,47,695
6/3/2021 23:30,47,696
6/3/2021 23:35,47,699
6/3/2021 23:40,47,703
6/3/2021 23:45,47,702
6/3/2021 23:50,47,704
6/3/2021 23:55,47,705
6/4/2021 0:00,47,707
6/4/2021 0:05,47,708
6/4/2021 0:10,47,710
6/4/2021 0:15,47,710
6/4/2021 0:20,47,712
6/4/2021 0:25,47,715
6/4/2021 0:30,47,716
6/4/2021 0:35,47,717
6/4/2021 0:40,47,716
6/4/2021 0:45,47,719
6/4/2021 0:50,47,721
6/4/2021 0:55,47,720
6/4/2021 1:00,47,723
6/4/2021 1:05,47,721
6/4/2021 1:10,47,725
6/4/2021 1:15,47,724
6/4/2021 1:20,47,726
6/4/2021 1:25,47,726
6/4/2021 1:30,47,729
6/4/2021 1:35,47,731
6/4/2021 1:40,47,731
6/4/2021 1:45,47,734
6/4/2021 1:50,47,734
6/4/2021 1:55,47,735
6/4/2021 2:00,47,736
6/4/2021 2:05,47,736
6/4/2021 2:10,47,738
6/4/2021 2:15,47,739
6/4/2021 2:20,47,736
6/4/2021 2:25,47,737
6/4/2021 2:30,47,739
6/4/2021 2:35,47,740
6/4/2021 2:40,47,740
6/4/2021 2:45,47,742
6/4/2021 2:50,47,741
6/4/2021 2:55,47,743
6/4/2021 3:00,47,739
6/4/2021 3:05,47,741
6/4/2021 3:10,47,743
6/4/2021 3:15,47,744
6/4/2021 3:20,47,746
6/4/2021 3:25,47,743
6/4/2021 3:30,47,746
6/4/2021 3:35,47,744
6/4/2021 3:40,47,744
6/4/2021 3:45,47,743
6/4/2021 3:50,47,744
6/4/2021 3:55,47,740
6/4/2021 4:00,47,742
6/4/2021 4:05,47,741
6/4/2021 4:10,47,739
6/4/2021 4:15,47,745
6/4/2021 4:20,47,741
6/4/2021 4:25,47,742
6/4/2021 4:30,47,741
6/4/2021 4:35,47,740
6/4/2021 4:40,47,740
6/4/2021 4:45,47,738
6/4/2021 4:50,47,738
6/4/2021 4:55,47,739
6/4/2021 5:00,47,736
6/4/2021 5:05,47,736
6/4/2021 5:10,47,733
6/4/2021 5:15,47,735
6/4/2021 5:20,47,732
6/4/2021 5:25,47,732
6/4/2021 5:30,47,735
6/4/2021 5:35,47,729
6/4/2021 5:40,47,729
6/4/2021 5:45,47,731
6/4/2021 5:50,47,731
6/4/2021 5:55,47,728
6/4/2021 6:00,47,728
6/4/2021 6:05,47,725
6/4/2021 6:10,47,726
6/4/2021 6:15,47,725
6/4/2021 6:20,47,721
6/4/2021 6:25,47,721
6/4/2021 6:30,47,720
6/4/2021 6:35,47,720
6/4/2021 6:40,47,718
6/4/2021 6:45,47,717
6/4/2021 6:50,47,715
6/4/2021 6:55,47,712
6/4/2021 7:00,47,713
6/4/2021 7:05,47,712
6/4/2021 7:10,47,710
6/4/2021 7:15,47,709
6/4/2021 7:20,47,707
6/4/2021 7:25,47,707
6/4/2021 7:30,47,702
6/4/2021 7:35,47,702
6/4/2021 7:40,47,703
6/4/2021 7:45,47,700
6/4/2021 7:50,47,699
6/4/2021 7:55,47,696
6/4/2021 8:00,47,694
6/4/2021 8:05,47,694
6/4/2021 8:10,47,690
6/4/2021 8:15,47,691
6/4/2021 8:20,47,687
6/4/2021 8:25,47,686
6/4/2021 8:30,47,685
6/4/2021 8:35,47,683
6/4/2021 8:40,47,683
6/4/2021 8:45,47,681
6/4/2021 8:50,47,680
6/4/2021 8:55,47,677
6/4/2021 9:00,47,676
6/4/2021 9:05,47,676
6/4/2021 9:10,47,674
6/4/2021 9:15,47,671
6/4/2021 9:20,47,672
6/4/2021 9:25,47,670
6/4/2021 9:30,47,665
6/4/2021 9:35,47,665
6/4/2021 9:40,47,665
6/4/2021 9:45,47,663
6/4/2021 9:50,47,660
6/4/2021 9:55,47,661
6/4/2021 10:00,47,660
6/4/2021 10:05,47,658
6/4/2021 10:10,47,656
6/4/2021 10:15,47,655
6/4/2021 10:20,47,651
6/4/2021 10:25,47,653
6/4/2021 10:30,47,650
6/4/2021 10:35,47,647
6/4/2021 10:40,47,646
6/4/2021 10:45,47,644
6/4/2021 10:50,47,641
6/4/2021 10:55,47,638
6/4/2021 11:00,47,639
6/4/2021 11:05,47,636
6/4/2021 11:10,47,637
6/4/2021 11:15,47,634
6/4/2021 11:20,47,633
6/4/2021 11:25,47,632
6/4/2021 11:30,47,631
6/4/2021 11:35,47,629
6/4/2021 11:40,47,626
6/4/2021 11:45,47,624
6/4/2021 11:50,47,623
6/4/2021 11:55,47,623
6/4/2021 12:00,47,621
6/4/2021 12:05,47,620
6/4/2021 12:10,47,614
6/4/2021 12:15,47,615
6/4/2021 12:20,47,616
6/4/2021 12:25,47,615
6/4/2021 12:30,47,613
6/4/2021 12:35,47,611
6/4/2021 12:40,47,609
6/4/2021 12:45,47,607
6/4/2021 12:50,47,607
6/4/2021 12:55,47,606
6/4/2021 13:00,47,602
6/4/2021 13:05,47,600
6/4/2021 13:10,47,598
6/4/2021 13:15,47,598
6/4/2021 13:20,47,596
6/4/2021 13:25,47,595
6/4/2021 13:30,47,594
6/4/2021 13:35,47,594
6/4/2021 13:40,47,593
6/4/2021 13:45,47,592
6/4/2021 13:50,47,590
6/4/2021 13:55,47,589
6/4/2021 14:00,47,589
6/4/2021 14:05,47,589
6/4/2021 14:10,47,587
6/4/2021 14:15,47,585
6/4/2021 14:20,47,585
6/4/2021 14:25,47,584
6/4/2021 14:30,47,583
6/4/2021 14:35,47,583
6/4/2021 14:40,47,580
6/4/2021 14:45,47,580
6/4/2021 14:50,47,578
6/4/2021 14:55,47,576
6/4/2021 15:00,47,576
6/4/2021 15:05,47,575
6/4/2021 15:10,47,574
6/4/2021 15:15,47,572
6/4/2021 15:20,47,570
6/4/2021 15:25,47,571
6/4/2021 15:30,47,568
6/4/2021 15:35,47,567
6/4/2021 15:40,47,567
6/4/2021 15:45,47,566
6/4/2021 15:50,47,562
6/4/2021 15:55,47,562
6/4/2021 16:00,47,562
6/4/2021 16:05,47,560
6/4/2021 16:10,47,558
6/4/2021 16:15,47,558
6/4/2021 16:20,47,557
6/4/2021 16:25,47,557
6/4/2021 16:30,47,555
6/4/2021 16:35,47,554
6/4/2021 16:40,47,553
6/4/2021 16:45,47,555
6/4/2021 16:50,47,550
6/4/2021 16:55,47,552
6/4/2021 17:00,47,550
6/4/2021 17:05,47,550
6/4/2021 17:10,47,550
6/4/2021 17:15,47,548
6/4/2021 17:20,47,548
6/4/2021 17:25,47,545
6/4/2021 17:30,47,546
6/4/2021 17:35,47,546
6/4/2021 17:40,47,544
6/4/2021 17:45,47,545
6/4/2021 17:50,47,545
6/4/2021 17:55,47,545
6/4/2021 18:00,47,543
6/4/2021 18:05,47,541
6/4/2021 18:10,47,543
6/4/2021 18:15,47,540
6/4/2021 18:20,47,540
6/4/2021 18:25,47,539
6/4/2021 18:30,47,541
6/4/2021 18:35,47,541
6/4/2021 18:40,47,539
6/4/2021 18:45,47,537
6/4/2021 18:50,47,538
6/4/2021 18:55,47,538
6/4/2021 19:00,47,538
6/4/2021 19:05,47,536
6/4/2021 19:10,47,535
6/4/2021 19:15,47,534
6/4/2021 19:20,47,536
6/4/2021 19:25,47,535
6/4/2021 19:30,47,533
6/4/2021 19:35,47,532
6/4/2021 19:40,47,533
6/4/2021 19:45,47,534
6/4/2021 19:50,47,532
6/4/2021 19:55,47,533
6/4/2021 20:00,47,533
6/4/2021 20:05,47,533
6/4/2021 20:10,47,532
6/4/2021 20:15,47,531
6/4/2021 20:20,47,530
6/4/2021 20:25,47,530
6/4/2021 20:30,47,531
6/4/2021 20:35,47,529
6/4/2021 20:40,47,528
6/4/2021 20:45,47,528
6/4/2021 20:50,47,528
6/4/2021 20:55,47,526
6/4/2021 21:00,47,526
6/4/2021 21:05,47,526
6/4/2021 21:10,47,526
6/4/2021 21:15,47,526
6/4/2021 21:20,47,525
6/4/2021 21:25,47,525
6/4/2021 21:30,47,526
6/4/2021 21:35,47,524
6/4/2021 21:40,47,524
6/4/2021 21:45,47,524
6/4/2021 21:50,47,524
6/4/2021 21:55,47,522
6/4/2021 22:00,47,522
6/4/2021 22:05,47,524
6/4/2021 22:10,47,523
6/4/2021 22:15,47,522
6/4/2021 22:20,47,522
6/4/2021 22:25,47,522
6/4/2021 22:30,47,522
6/4/2021 22:35,47,523
6/4/2021 22:40,47,521
6/4/2021 22:45,47,522
6/4/2021 22:50,47,519
6/4/2021 22:55,47,522
6/4/2021 23:00,47,520
6/4/2021 23:05,47,521
6/4/2021 23:10,47,520
6/4/2021 23:15,47,521
6/4/2021 23:20,47,521
6/4/2021 23:25,47,521
6/4/2021 23:30,47,520
6/4/2021 23:35,47,519
6/4/2021 23:40,47,521
6/4/2021 23:45,47,520
6/4/2021 23:50,47,519
6/4/2021 23:55,47,521
6/5/2021 0:00,47,520
6/5/2021 0:05,47,520
6/5/2021 0:10,47,520
6/5/2021 0:15,47,521
6/5/2021 0:20,47,520
6/5/2021 0:25,47,521
6/5/2021 0:30,47,521
6/5/2021 0:35,47,522
6/5/2021 0:40,47,520
6/5/2021 0:45,47,520
6/5/2021 0:50,47,521
6/5/2021 0:55,47,521
6/5/2021 1:00,47,520
6/5/2021 1:05,47,520
6/5/2021 1:10,47,520
6/5/2021 1:15,47,522
6/5/2021 1:20,47,522
6/5/2021 1:25,47,521
6/5/2021 1:30,47,523
6/5/2021 1:35,47,522
6/5/2021 1:40,47,523
6/5/2021 1:45,47,525
6/5/2021 1:50,47,524
6/5/2021 1:55,47,527
6/5/2021 2:00,47,524
6/5/2021 2:05,47,524
6/5/2021 2:10,47,525
6/5/2021 2:15,47,525
6/5/2021 2:20,47,524
6/5/2021 2:25,47,524
6/5/2021 2:30,47,525
6/5/2021 2:35,47,524
6/5/2021 2:40,47,524
6/5/2021 2:45,47,528
6/5/2021 2:50,47,527
6/5/2021 2:55,47,528
6/5/2021 3:00,47,526
6/5/2021 3:05,47,528
6/5/2021 3:10,47,528
6/5/2021 3:15,47,528
6/5/2021 3:20,47,529
6/5/2021 3:25,47,529
6/5/2021 3:30,47,530
6/5/2021 3:35,47,531
6/5/2021 3:40,47,529
6/5/2021 3:45,47,531
6/5/2021 3:50,47,531
6/5/2021 3:55,47,532
6/5/2021 4:00,47,531
6/5/2021 4:05,47,533
6/5/2021 4:10,47,532
6/5/2021 4:15,47,533
6/5/2021 4:20,47,534
6/5/2021 4:25,47,535
6/5/2021 4:30,47,534
6/5/2021 4:35,47,531
6/5/2021 4:40,47,532
6/5/2021 4:45,47,532
6/5/2021 4:50,47,533
6/5/2021 4:55,47,534
6/5/2021 5:00,47,534
6/5/2021 5:05,47,534
6/5/2021 5:10,47,538
6/5/2021 5:15,47,538
6/5/2021 5:20,47,539
6/5/2021 5:25,47,539
6/5/2021 5:30,47,541
6/5/2021 5:35,47,542
6/5/2021 5:40,47,541
6/5/2021 5:45,47,540
6/5/2021 5:50,47,539
6/5/2021 5:55,47,541
6/5/2021 6:00,47,540
6/5/2021 6:05,47,540
6/5/2021 6:10,47,541
6/5/2021 6:15,47,539
6/5/2021 6:20,47,543
6/5/2021 6:25,47,542
6/5/2021 6:30,47,543
6/5/2021 6:35,47,543
6/5/2021 6:40,47,540
6/5/2021 6:45,47,540
6/5/2021 6:50,47,541
6/5/2021 6:55,47,541
6/5/2021 7:00,47,540
6/5/2021 7:05,47,541
6/5/2021 7:10,47,542
6/5/2021 7:15,47,542
6/5/2021 7:20,47,542
6/5/2021 7:25,47,541
6/5/2021 7:30,47,541
6/5/2021 7:35,47,542
6/5/2021 7:40,47,542
6/5/2021 7:45,47,542
6/5/2021 7:50,47,541
6/5/2021 7:55,47,545
6/5/2021 8:00,47,543
6/5/2021 8:05,47,542
6/5/2021 8:10,47,544
6/5/2021 8:15,47,541
6/5/2021 8:20,47,542
6/5/2021 8:25,47,542
6/5/2021 8:30,47,541
6/5/2021 8:35,47,541
6/5/2021 8:40,47,541
6/5/2021 8:45,47,542
6/5/2021 8:50,47,542
6/5/2021 8:55,47,541
6/5/2021 9:00,47,540
6/5/2021 9:05,47,541
6/5/2021 9:10,47,539
6/5/2021 9:15,47,540
6/5/2021 9:20,47,541
6/5/2021 9:25,47,540
6/5/2021 9:30,47,541
6/5/2021 9:35,47,540
6/5/2021 9:40,47,540
6/5/2021 9:45,47,540
6/5/2021 9:50,47,542
6/5/2021 9:55,47,541
6/5/2021 10:00,47,540
6/5/2021 10:05,47,541
6/5/2021 10:10,47,540
6/5/2021 10:15,47,539
6/5/2021 10:20,47,539
6/5/2021 10:25,47,538
6/5/2021 10:30,47,539
6/5/2021 10:35,47,539
6/5/2021 10:40,47,539
6/5/2021 10:45,47,539
6/5/2021 10:50,47,539
6/5/2021 10:55,47,538
6/5/2021 11:00,47,539
6/5/2021 11:05,47,538
6/5/2021 11:10,47,537
6/5/2021 11:15,47,539
6/5/2021 11:20,47,539
6/5/2021 11:25,47,537
6/5/2021 11:30,47,537
6/5/2021 11:35,47,538
6/5/2021 11:40,47,535
6/5/2021 11:45,47,536
6/5/2021 11:50,47,536
6/5/2021 11:55,47,537
6/5/2021 12:00,47,535
6/5/2021 12:05,47,534
6/5/2021 12:10,47,534
6/5/2021 12:15,47,535
6/5/2021 12:20,47,534
6/5/2021 12:25,47,535
6/5/2021 12:30,47,534
6/5/2021 12:35,47,534
6/5/2021 12:40,47,532
6/5/2021 12:45,47,532
6/5/2021 12:50,47,533
6/5/2021 12:55,47,533
6/5/2021 13:00,47,534
6/5/2021 13:05,47,532
6/5/2021 13:10,47,534
6/5/2021 13:15,47,533
6/5/2021 13:20,47,534
6/5/2021 13:25,47,533
6/5/2021 13:30,47,532
6/5/2021 13:35,47,531
6/5/2021 13:40,47,532
6/5/2021 13:45,47,532
6/5/2021 13:50,47,530
6/5/2021 13:55,47,531
6/5/2021 14:00,47,532
6/5/2021 14:05,47,531
6/5/2021 14:10,47,530
6/5/2021 14:15,47,530
6/5/2021 14:20,47,528
6/5/2021 14:25,47,529
6/5/2021 14:30,47,528
6/5/2021 14:35,47,529
6/5/2021 14:40,47,529
6/5/2021 14:45,47,530
6/5/2021 14:50,47,531
6/5/2021 14:55,47,528
6/5/2021 15:00,47,529
6/5/2021 15:05,47,529
6/5/2021 15:10,47,528
6/5/2021 15:15,47,530
6/5/2021 15:20,47,530
6/5/2021 15:25,47,529
6/5/2021 15:30,47,530
6/5/2021 15:35,47,530
6/5/2021 15:40,47,531
6/5/2021 15:45,47,531
6/5/2021 15:50,47,532
6/5/2021 15:55,47,531
6/5/2021 16:00,47,530
6/5/2021 16:05,47,532
6/5/2021 16:10,47,530
6/5/2021 16:15,47,529
6/5/2021 16:20,47,529
6/5/2021 16:25,47,529
6/5/2021 16:30,47,531
6/5/2021 16:35,47,530
6/5/2021 16:40,47,531
6/5/2021 16:45,47,529
6/5/2021 16:50,47,530
6/5/2021 16:55,47,529
6/5/2021 17:00,47,530
6/5/2021 17:05,47,530
6/5/2021 17:10,47,530
6/5/2021 17:15,47,530
6/5/2021 17:20,47,530
6/5/2021 17:25,47,530
6/5/2021 17:30,47,529
6/5/2021 17:35,47,530
6/5/2021 17:40,47,531
6/5/2021 17:45,47,529
6/5/2021 17:50,47,529
6/5/2021 17:55,47,528
6/5/2021 18:00,47,528
6/5/2021 18:05,47,529
6/5/2021 18:10,47,529
6/5/2021 18:15,47,528
6/5/2021 18:20,47,529
6/5/2021 18:25,47,529
6/5/2021 18:30,47,529
6/5/2021 18:35,47,530
6/5/2021 18:40,47,528
6/5/2021 18:45,47,528
6/5/2021 18:50,47,528
6/5/2021 18:55,47,528
6/5/2021 19:00,47,527
6/5/2021 19:05,47,527
6/5/2021 19:10,47,527
6/5/2021 19:15,47,527
6/5/2021 19:20,47,527
6/5/2021 19:25,47,528
6/5/2021 19:30,47,525
6/5/2021 19:35,47,526
6/5/2021 19:40,47,524
6/5/2021 19:45,47,526
6/5/2021 19:50,47,525
6/5/2021 19:55,47,525
6/5/2021 20:00,47,524
6/5/2021 20:05,47,523
6/5/2021 20:10,47,522
6/5/2021 20:15,47,524
6/5/2021 20:20,47,522
6/5/2021 20:25,47,522
6/5/2021 20:30,47,522
6/5/2021 20:35,47,523
6/5/2021 20:40,47,522
6/5/2021 20:45,47,522
6/5/2021 20:50,47,521
6/5/2021 20:55,47,522
6/5/2021 21:00,47,520
6/5/2021 21:05,47,520
6/5/2021 21:10,47,519
6/5/2021 21:15,47,518
6/5/2021 21:20,47,518
6/5/2021 21:25,47,520
6/5/2021 21:30,47,518
6/5/2021 21:35,47,517
6/5/2021 21:40,47,517
6/5/2021 21:45,47,517
6/5/2021 21:50,47,516
6/5/2021 21:55,47,515
6/5/2021 22:00,47,515
6/5/2021 22:05,47,514
6/5/2021 22:10,47,514
6/5/2021 22:15,47,513
6/5/2021 22:20,47,515
6/5/2021 22:25,47,513
6/5/2021 22:30,47,514
6/5/2021 22:35,47,513
6/5/2021 22:40,47,511
6/5/2021 22:45,47,510
6/5/2021 22:50,47,511
6/5/2021 22:55,47,512
6/5/2021 23:00,47,510
6/5/2021 23:05,47,511
6/5/2021 23:10,47,510
6/5/2021 23:15,47,509
6/5/2021 23:20,47,510
6/5/2021 23:25,47,510
6/5/2021 23:30,47,509
6/5/2021 23:35,47,509
6/5/2021 23:40,47,507
6/5/2021 23:45,47,508
6/5/2021 23:50,47,506
6/5/2021 23:55,47,507
6/6/2021 0:00,47,508
6/6/2021 0:05,47,506
6/6/2021 0:10,47,507
6/6/2021 0:15,47,506
6/6/2021 0:20,47,505
6/6/2021 0:25,47,504
6/6/2021 0:30,47,504
6/6/2021 0:35,47,504
6/6/2021 0:40,47,503
6/6/2021 0:45,47,501
6/6/2021 0:50,47,502
6/6/2021 0:55,47,502
6/6/2021 1:00,47,500
6/6/2021 1:05,47,501
6/6/2021 1:10,47,500
6/6/2021 1:15,47,500
6/6/2021 1:20,47,499
6/6/2021 1:25,47,498
6/6/2021 1:30,47,500
6/6/2021 1:35,47,499
6/6/2021 1:40,47,497
6/6/2021 1:45,47,498
6/6/2021 1:50,47,497
6/6/2021 1:55,47,498
6/6/2021 2:00,47,497
6/6/2021 2:05,47,496
6/6/2021 2:10,47,496
6/6/2021 2:15,47,495
6/6/2021 2:20,47,494
6/6/2021 2:25,47,493
6/6/2021 2:30,47,494
6/6/2021 2:35,47,494
6/6/2021 2:40,47,492
6/6/2021 2:45,47,492
6/6/2021 2:50,47,492
6/6/2021 2:55,47,492
6/6/2021 3:00,47,492
6/6/2021 3:05,47,491
6/6/2021 3:10,47,491
6/6/2021 3:15,47,490
6/6/2021 3:20,47,490
6/6/2021 3:25,47,488
6/6/2021 3:30,47,490
6/6/2021 3:35,47,487
6/6/2021 3:40,47,488
6/6/2021 3:45,47,487
6/6/2021 3:50,47,488
6/6/2021 3:55,47,486
6/6/2021 4:00,47,487
6/6/2021 4:05,47,485
6/6/2021 4:10,47,486
6/6/2021 4:15,47,485
6/6/2021 4:20,47,485
6/6/2021 4:25,47,483
6/6/2021 4:30,47,482
6/6/2021 4:35,47,482
6/6/2021 4:40,47,482
6/6/2021 4:45,47,482
6/6/2021 4:50,47,481
6/6/2021 4:55,47,480
6/6/2021 5:00,47,480
6/6/2021 5:05,47,478
6/6/2021 5:10,47,478
6/6/2021 5:15,47,478
6/6/2021 5:20,47,476
6/6/2021 5:25,47,478
6/6/2021 5:30,47,477
6/6/2021 5:35,47,476
6/6/2021 5:40,47,477
6/6/2021 5:45,47,475
6/6/2021 5:50,47,473
6/6/2021 5:55,47,474
6/6/2021 6:00,47,473
6/6/2021 6:05,47,473
6/6/2021 6:10,47,472
6/6/2021 6:15,47,471
6/6/2021 6:20,47,470
6/6/2021 6:25,47,469
6/6/2021 6:30,47,469
6/6/2021 6:35,47,469
6/6/2021 6:40,47,467
6/6/2021 6:45,47,466
6/6/2021 6:50,47,465
6/6/2021 6:55,47,465
6/6/2021 7:00,47,463
6/6/2021 7:05,47,464
6/6/2021 7:10,47,463
6/6/2021 7:15,47,462
6/6/2021 7:20,47,461
6/6/2021 7:25,47,462
6/6/2021 7:30,47,461
6/6/2021 7:35,47,459
6/6/2021 7:40,47,458
6/6/2021 7:45,47,459
6/6/2021 7:50,47,457
6/6/2021 7:55,47,456
6/6/2021 8:00,47,456
6/6/2021 8:05,47,455
6/6/2021 8:10,47,455
6/6/2021 8:15,47,453
6/6/2021 8:20,47,454
6/6/2021 8:25,47,452
6/6/2021 8:30,47,451
6/6/2021 8:35,47,451
6/6/2021 8:40,47,451
6/6/2021 8:45,47,449
6/6/2021 8:50,47,448
6/6/2021 8:55,47,448
6/6/2021 9:00,47,447
6/6/2021 9:05,47,446
6/6/2021 9:10,47,444
6/6/2021 9:15,47,444
6/6/2021 9:20,47,443
6/6/2021 9:25,47,443
6/6/2021 9:30,47,442
6/6/2021 9:35,47,441
6/6/2021 9:40,47,441
6/6/2021 9:45,47,440
6/6/2021 9:50,47,440
6/6/2021 9:55,47,440
6/6/2021 10:00,47,439
6/6/2021 10:05,47,438
6/6/2021 10:10,47,436
6/6/2021 10:15,47,436
6/6/2021 10:20,47,435
6/6/2021 10:25,47,435
6/6/2021 10:30,47,434
6/6/2021 10:35,47,433
6/6/2021 10:40,47,433
6/6/2021 10:45,47,432
6/6/2021 10:50,47,430
6/6/2021 10:55,47,431
6/6/2021 11:00,47,430
6/6/2021 11:05,47,428
6/6/2021 11:10,47,428
6/6/2021 11:15,47,427
6/6/2021 11:20,47,426
6/6/2021 11:25,47,425
6/6/2021 11:30,47,424
6/6/2021 11:35,47,423
6/6/2021 11:40,47,423
6/6/2021 11:45,47,422
6/6/2021 11:50,47,421
6/6/2021 11:55,47,421
6/6/2021 12:00,47,419
6/6/2021 12:05,47,419
6/6/2021 12:10,47,418
6/6/2021 12:15,47,416
6/6/2021 12:20,47,417
6/6/2021 12:25,47,416
6/6/2021 12:30,47,415
6/6/2021 12:35,47,413
6/6/2021 12:40,47,412
6/6/2021 12:45,47,412
6/6/2021 12:50,47,410
6/6/2021 12:55,47,409
6/6/2021 13:00,47,409
6/6/2021 13:05,47,409
6/6/2021 13:10,47,409
6/6/2021 13:15,47,408
6/6/2021 13:20,47,406
6/6/2021 13:25,47,405
6/6/2021 13:30,47,406
6/6/2021 13:35,47,404
6/6/2021 13:40,47,404
6/6/2021 13:45,47,403
6/6/2021 13:50,47,403
6/6/2021 13:55,47,402
6/6/2021 14:00,47,400
6/6/2021 14:05,47,398
6/6/2021 14:10,47,399
6/6/2021 14:15,47,398
6/6/2021 14:20,47,398
6/6/2021 14:25,47,396
6/6/2021 14:30,47,396
6/6/2021 14:35,47,395
6/6/2021 14:40,47,394
6/6/2021 14:45,47,393
6/6/2021 14:50,47,393
6/6/2021 14:55,47,392
6/6/2021 15:00,47,392
6/6/2021 15:05,47,391
6/6/2021 15:10,47,390
6/6/2021 15:15,47,389
6/6/2021 15:20,47,390
6/6/2021 15:25,47,389
6/6/2021 15:30,47,388
6/6/2021 15:35,47,387
6/6/2021 15:40,47,387
6/6/2021 15:45,47,386
6/6/2021 15:50,47,386
6/6/2021 15:55,47,385
6/6/2021 16:00,47,384
6/6/2021 16:05,47,383
6/6/2021 16:10,47,383
6/6/2021 16:15,47,383
6/6/2021 16:20,47,381
6/6/2021 16:25,47,381
6/6/2021 16:30,47,380
6/6/2021 16:35,47,380
6/6/2021 16:40,47,379
6/6/2021 16:45,47,378
6/6/2021 16:50,47,377
6/6/2021 16:55,47,376
6/6/2021 17:00,47,376
6/6/2021 17:05,47,375
6/6/2021 17:10,47,375
6/6/2021 17:15,47,374
6/6/2021 17:20,47,373
6/6/2021 17:25,47,373
6/6/2021 17:30,47,372
6/6/2021 17:35,47,372
6/6/2021 17:40,47,372
6/6/2021 17:45,47,371
6/6/2021 17:50,47,370
6/6/2021 17:55,47,369
6/6/2021 18:00,47,369
6/6/2021 18:05,47,369
6/6/2021 18:10,47,369
6/6/2021 18:15,47,368
6/6/2021 18:20,47,367
6/6/2021 18:25,47,367
6/6/2021 18:30,47,366
6/6/2021 18:35,47,365
6/6/2021 18:40,47,365
6/6/2021 18:45,47,364
6/6/2021 18:50,47,364
6/6/2021 18:55,47,365
6/6/2021 19:00,47,364
6/6/2021 19:05,47,363
6/6/2021 19:10,47,363
6/6/2021 19:15,47,362
6/6/2021 19:20,47,361
6/6/2021 19:25,47,362
6/6/2021 19:30,47,360
6/6/2021 19:35,47,361
6/6/2021 19:40,47,359
6/6/2021 19:45,47,359
6/6/2021 19:50,47,360
6/6/2021 19:55,47,360
6/6/2021 20:00,47,359
6/6/2021 20:05,47,358
6/6/2021 20:10,47,358
6/6/2021 20:15,47,358
6/6/2021 20:20,47,356
6/6/2021 20:25,47,357
6/6/2021 20:30,47,356
6/6/2021 20:35,47,355
6/6/2021 20:40,47,355
6/6/2021 20:45,47,355
6/6/2021 20:50,47,354
6/6/2021 20:55,47,354
6/6/2021 21:00,47,353
6/6/2021 21:05,47,353
6/6/2021 21:10,47,352
6/6/2021 21:15,47,352
6/6/2021 21:20,47,352
6/6/2021 21:25,47,351
6/6/2021 21:30,47,350
6/6/2021 21:35,47,349
6/6/2021 21:40,47,349
6/6/2021 21:45,47,348
6/6/2021 21:50,47,349
6/6/2021 21:55,47,348
6/6/2021 22:00,47,347
6/6/2021 22:05,47,347
6/6/2021 22:10,47,347
6/6/2021 22:15,47,346
6/6/2021 22:20,47,346
6/6/2021 22:25,47,345
6/6/2021 22:30,47,345
6/6/2021 22:35,47,344
6/6/2021 22:40,47,344
6/6/2021 22:45,47,343
6/6/2021 22:50,47,343
6/6/2021 22:55,47,343
6/6/2021 23:00,47,342
6/6/2021 23:05,47,342
6/6/2021 23:10,47,341
6/6/2021 23:15,47,341
6/6/2021 23:20,47,340
6/6/2021 23:25,47,340
6/6/2021 23:30,47,340
6/6/2021 23:35,47,339
6/6/2021 23:40,47,339
6/6/2021 23:45,47,339
6/6/2021 23:50,47,338
6/6/2021 23:55,47,338
6/7/2021 0:00,47,337
6/7/2021 0:05,47,337
6/7/2021 0:10,47,336
6/7/2021 0:15,47,336
6/7/2021 0:20,47,336
6/7/2021 0:25,47,336
6/7/2021 0:30,47,335
6/7/2021 0:35,47,335
6/7/2021 0:40,47,334
6/7/2021 0:45,47,334
6/7/2021 0:50,47,333
6/7/2021 0:55,47,333
6/7/2021 1:00,47,333
6/7/2021 1:05,47,332
6/7/2021 1:10,47,331
6/7/2021 1:15,47,331
6/7/2021 1:20,47,331
6/7/2021 1:25,47,331
6/7/2021 1:30,47,330
6/7/2021 1:35,47,330
6/7/2021 1:40,47,329
6/7/2021 1:45,47,329
6/7/2021 1:50,47,330
6/7/2021 1:55,47,328
6/7/2021 2:00,47,328
6/7/2021 2:05,47,329
6/7/2021 2:10,47,328
6/7/2021 2:15,47,327
6/7/2021 2:20,47,326
6/7/2021 2:25,47,327
6/7/2021 2:30,47,326
6/7/2021 2:35,47,326
6/7/2021 2:40,47,325
6/7/2021 2:45,47,325
6/7/2021 2:50,47,324
6/7/2021 2:55,47,324
6/7/2021 3:00,47,324
6/7/2021 3:05,47,324
6/7/2021 3:10,47,322
6/7/2021 3:15,47,323
6/7/2021 3:20,47,324
6/7/2021 3:25,47,322
6/7/2021 3:30,47,323
6/7/2021 3:35,47,321
6/7/2021 3:40,47,321
6/7/2021 3:45,47,321
6/7/2021 3:50,47,321
6/7/2021 3:55,47,320
6/7/2021 4:00,47,320
6/7/2021 4:05,47,320
6/7/2021 4:10,47,319
6/7/2021 4:15,47,318
6/7/2021 4:20,47,318
6/7/2021 4:25,47,319
6/7/2021 4:30,47,318
6/7/2021 4:35,47,318
6/7/2021 4:40,47,316
6/7/2021 4:45,47,317
6/7/2021 4:50,47,316
6/7/2021 4:55,47,316
6/7/2021 5:00,47,316
6/7/2021 5:05,47,316
6/7/2021 5:10,47,314
6/7/2021 5:15,47,316
6/7/2021 5:20,47,315
6/7/2021 5:25,47,314
6/7/2021 5:30,47,314
6/7/2021 5:35,47,313
6/7/2021 5:40,47,313
6/7/2021 5:45,47,312
6/7/2021 5:50,47,312
6/7/2021 5:55,47,312
6/7/2021 6:00,47,312
6/7/2021 6:05,47,311
6/7/2021 6:10,47,311
6/7/2021 6:15,47,311
6/7/2021 6:20,47,310
6/7/2021 6:25,47,310
6/7/2021 6:30,47,310
6/7/2021 6:35,47,310
6/7/2021 6:40,47,310
6/7/2021 6:45,47,309
6/7/2021 6:50,47,310
6/7/2021 6:55,47,309
6/7/2021 7:00,47,308
6/7/2021 7:05,47,308
6/7/2021 7:10,47,307
6/7/2021 7:15,47,307
6/7/2021 7:20,47,307
6/7/2021 7:25,47,307
6/7/2021 7:30,47,306
6/7/2021 7:35,47,306
6/7/2021 7:40,47,305
6/7/2021 7:45,47,306
6/7/2021 7:50,47,305
6/7/2021 7:55,47,305
6/7/2021 8:00,47,305
6/7/2021 8:05,47,304
6/7/2021 8:10,47,304
6/7/2021 8:15,47,304
6/7/2021 8:20,47,303
6/7/2021 8:25,47,303
6/7/2021 8:30,47,303
6/7/2021 8:35,47,303
6/7/2021 8:40,47,303
6/7/2021 8:45,47,302
6/7/2021 8:50,47,302
6/7/2021 8:55,47,302
6/7/2021 9:00,47,301
6/7/2021 9:05,47,301
6/7/2021 9:10,47,301
6/7/2021 9:15,47,300
6/7/2021 9:20,47,300
6/7/2021 9:25,47,300
6/7/2021 9:30,47,300
6/7/2021 9:35,47,298
6/7/2021 9:40,47,299
6/7/2021 9:45,47,299
6/7/2021 9:50,47,298
6/7/2021 9:55,47,299
6/7/2021 10:00,47,298
6/7/2021 10:05,47,298
6/7/2021 10:10,47,297
6/7/2021 10:15,47,298
6/7/2021 10:20,47,297
6/7/2021 10:25,47,296
6/7/2021 10:30,47,297
6/7/2021 10:35,47,296
6/7/2021 10:40,47,297
6/7/2021 10:45,47,296
6/7/2021 10:50,47,296
6/7/2021 10:55,47,295
6/7/2021 11:00,47,295
6/7/2021 11:05,47,295
6/7/2021 11:10,47,295
6/7/2021 11:15,47,295
6/7/2021 11:20,47,294
6/7/2021 11:25,47,294
6/7/2021 11:30,47,294
6/7/2021 11:35,47,293
6/7/2021 11:40,47,293
6/7/2021 11:45,47,293
6/7/2021 11:50,47,292
6/7/2021 11:55,47,292
6/7/2021 12:00,47,292
6/7/2021 12:05,47,291
6/7/2021 12:10,47,292
6/7/2021 12:15,47,292
6/7/2021 12:20,47,292
6/7/2021 12:25,47,291
6/7/2021 12:30,47,291
6/7/2021 12:35,47,292
6/7/2021 12:40,47,290
6/7/2021 12:45,47,291
6/7/2021 12:50,47,290
6/7/2021 12:55,47,290
6/7/2021 13:00,47,290
6/7/2021 13:05,47,290
6/7/2021 13:10,47,289
6/7/2021 13:15,47,289
6/7/2021 13:20,47,290
6/7/2021 13:25,47,288
6/7/2021 13:30,47,288
6/7/2021 13:35,47,288
6/7/2021 13:40,47,288
6/7/2021 13:45,47,288
6/7/2021 13:50,47,288
6/7/2021 13:55,47,287
6/7/2021 14:00,47,287
6/7/2021 14:05,47,287
6/7/2021 14:10,47,288
6/7/2021 14:15,47,288
6/7/2021 14:20,47,287
6/7/2021 14:25,47,286
6/7/2021 14:30,47,287
6/7/2021 14:35,47,286
6/7/2021 14:40,47,286
6/7/2021 14:45,47,285
6/7/2021 14:50,47,285
6/7/2021 14:55,47,286
6/7/2021 15:00,47,285
6/7/2021 15:05,47,285
6/7/2021 15:10,47,284
6/7/2021 15:15,47,284
6/7/2021 15:20,47,284
6/7/2021 15:25,47,284
6/7/2021 15:30,47,283
6/7/2021 15:35,47,283
6/7/2021 15:40,47,283
6/7/2021 15:45,47,282
6/7/2021 15:50,47,283
6/7/2021 15:55,47,282
6/7/2021 16:00,47,282
6/7/2021 16:05,47,281
6/7/2021 16:10,47,281
6/7/2021 16:15,47,281
6/7/2021 16:20,47,281
6/7/2021 16:25,47,281
6/7/2021 16:30,47,280
6/7/2021 16:35,47,280
6/7/2021 16:40,47,279
6/7/2021 16:45,47,279
6/7/2021 16:50,47,279
6/7/2021 16:55,47,278
6/7/2021 17:00,47,278
6/7/2021 17:05,47,278
6/7/2021 17:10,47,278
6/7/2021 17:15,47,278
6/7/2021 17:20,47,277
6/7/2021 17:25,47,278
6/7/2021 17:30,47,277
6/7/2021 17:35,47,277
6/7/2021 17:40,47,277
6/7/2021 17:45,47,277
6/7/2021 17:50,47,276
6/7/2021 17:55,47,277
6/7/2021 18:00,47,276
6/7/2021 18:05,47,276
6/7/2021 18:10,47,276
6/7/2021 18:15,47,275
6/7/2021 18:20,47,276
6/7/2021 18:25,47,275
6/7/2021 18:30,47,276
6/7/2021 18:35,47,275
6/7/2021 18:40,47,274
6/7/2021 18:45,47,274
6/7/2021 18:50,47,274
6/7/2021 18:55,47,274
6/7/2021 19:00,47,273
6/7/2021 19:05,47,273
6/7/2021 19:10,47,273
6/7/2021 19:15,47,273
6/7/2021 19:20,47,273
6/7/2021 19:25,47,272
6/7/2021 19:30,47,273
6/7/2021 19:35,47,272
6/7/2021 19:40,47,272
6/7/2021 19:45,47,272
6/7/2021 19:50,47,272
6/7/2021 19:55,47,272
6/7/2021 20:00,47,271
6/7/2021 20:05,47,271
6/7/2021 20:10,47,271
6/7/2021 20:15,47,271
6/7/2021 20:20,47,271
6/7/2021 20:25,47,271
6/7/2021 20:30,47,270
6/7/2021 20:35,47,270
6/7/2021 20:40,47,270
6/7/2021 20:45,47,270
6/7/2021 20:50,47,270
6/7/2021 20:55,47,270
6/7/2021 21:00,47,269
6/7/2021 21:05,47,269
6/7/2021 21:10,47,269
6/7/2021 21:15,47,269
6/7/2021 21:20,47,269
6/7/2021 21:25,47,269
6/7/2021 21:30,47,269
6/7/2021 21:35,47,269
6/7/2021 21:40,47,269
6/7/2021 21:45,47,269
6/7/2021 21:50,47,269
6/7/2021 21:55,47,269
6/7/2021 22:00,47,269
6/7/2021 22:05,47,269
6/7/2021 22:10,47,269
6/7/2021 22:15,47,268
6/7/2021 22:20,47,268
6/7/2021 22:25,47,268
6/7/2021 22:30,47,269
6/7/2021 22:35,47,269
6/7/2021 22:40,47,268
6/7/2021 22:45,47,268
6/7/2021 22:50,47,268
6/7/2021 22:55,47,268
6/7/2021 23:00,47,268
6/7/2021 23:05,47,268
6/7/2021 23:10,47,268
6/7/2021 23:15,47,268
6/7/2021 23:20,47,267
6/7/2021 23:25,47,267
6/7/2021 23:30,47,267
6/7/2021 23:35,47,268
6/7/2021 23:40,47,268
6/7/2021 23:45,47,268
6/7/2021 23:50,47,267
6/7/2021 23:55,47,267
6/8/2021 0:00,47,267
6/8/2021 0:05,47,267
6/8/2021 0:10,47,267
6/8/2021 0:15,47,267
6/8/2021 0:20,47,267
6/8/2021 0:25,47,267
6/8/2021 0:30,47,267
6/8/2021 0:35,47,267
6/8/2021 0:40,47,267
6/8/2021 0:45,47,268
6/8/2021 0:50,47,267
6/8/2021 0:55,47,267
6/8/2021 1:00,47,267
6/8/2021 1:05,47,267
6/8/2021 1:10,47,267
6/8/2021 1:15,47,267
6/8/2021 1:20,47,267
6/8/2021 1:25,47,267
6/8/2021 1:30,47,267
6/8/2021 1:35,47,267
6/8/2021 1:40,47,267
6/8/2021 1:45,47,268
6/8/2021 1:50,47,268
6/8/2021 1:55,47,267
6/8/2021 2:00,47,268
6/8/2021 2:05,47,268
6/8/2021 2:10,47,267
6/8/2021 2:15,47,267
6/8/2021 2:20,47,268
6/8/2021 2:25,47,267
6/8/2021 2:30,47,267
6/8/2021 2:35,47,267
6/8/2021 2:40,47,267
6/8/2021 2:45,47,267
6/8/2021 2:50,47,267
6/8/2021 2:55,47,266
6/8/2021 3:00,47,266
6/8/2021 3:05,47,266
6/8/2021 3:10,47,266
6/8/2021 3:15,47,266
6/8/2021 3:20,47,265
6/8/2021 3:25,47,265
6/8/2021 3:30,47,265
6/8/2021 3:35,47,265
6/8/2021 3:40,47,265
6/8/2021 3:45,47,264
6/8/2021 3:50,47,264
6/8/2021 3:55,47,264
6/8/2021 4:00,47,264
6/8/2021 4:05,47,264
6/8/2021 4:10,47,263
6/8/2021 4:15,47,263
6/8/2021 4:20,47,263
6/8/2021 4:25,47,262
6/8/2021 4:30,47,263
6/8/2021 4:35,47,262
6/8/2021 4:40,47,262
6/8/2021 4:45,47,262
6/8/2021 4:50,47,262
6/8/2021 4:55,47,262
6/8/2021 5:00,47,261
6/8/2021 5:05,47,261
6/8/2021 5:10,47,261
6/8/2021 5:15,47,261
6/8/2021 5:20,47,261
6/8/2021 5:25,47,260
6/8/2021 5:30,47,260
6/8/2021 5:35,47,260
6/8/2021 5:40,47,259
6/8/2021 5:45,47,260
6/8/2021 5:50,47,259
6/8/2021 5:55,47,259
6/8/2021 6:00,47,259
6/8/2021 6:05,47,259
6/8/2021 6:10,47,258
6/8/2021 6:15,47,259
6/8/2021 6:20,47,258
6/8/2021 6:25,47,258
6/8/2021 6:30,47,257
6/8/2021 6:35,47,258
6/8/2021 6:40,47,257
6/8/2021 6:45,47,257
6/8/2021 6:50,47,257
6/8/2021 6:55,47,257
6/8/2021 7:00,47,256
6/8/2021 7:05,47,256
6/8/2021 7:10,47,256
6/8/2021 7:15,47,255
6/8/2021 7:20,47,256
6/8/2021 7:25,47,256
6/8/2021 7:30,47,255
6/8/2021 7:35,47,255
6/8/2021 7:40,47,255
6/8/2021 7:45,47,254
6/8/2021 7:50,47,254
6/8/2021 7:55,47,254
6/8/2021 8:00,47,253
6/8/2021 8:05,47,253
6/8/2021 8:10,47,253
6/8/2021 8:15,47,253
6/8/2021 8:20,47,252
6/8/2021 8:25,47,252
6/8/2021 8:30,47,252
6/8/2021 8:35,47,252
6/8/2021 8:40,47,251
6/8/2021 8:45,47,251
6/8/2021 8:50,47,251
6/8/2021 8:55,47,251
6/8/2021 9:00,47,251
6/8/2021 9:05,47,250
6/8/2021 9:10,47,250
6/8/2021 9:15,47,250
6/8/2021 9:20,47,250
6/8/2021 9:25,47,249
6/8/2021 9:30,47,249
6/8/2021 9:35,47,249
6/8/2021 9:40,47,248
6/8/2021 9:45,47,248
6/8/2021 9:50,47,249
6/8/2021 9:55,47,248
6/8/2021 10:00,47,247
6/8/2021 10:05,47,248
6/8/2021 10:10,47,247
6/8/2021 10:15,47,247
6/8/2021 10:20,47,247
6/8/2021 10:25,47,247
6/8/2021 10:30,47,246
6/8/2021 10:35,47,246
6/8/2021 10:40,47,246
6/8/2021 10:45,47,245
6/8/2021 10:50,47,245
6/8/2021 10:55,47,245
6/8/2021 11:00,47,245
6/8/2021 11:05,47,244
6/8/2021 11:10,47,244
6/8/2021 11:15,47,244
6/8/2021 11:20,47,243
6/8/2021 11:25,47,244
6/8/2021 11:30,47,243
6/8/2021 11:35,47,243
6/8/2021 11:40,47,242
6/8/2021 11:45,47,242
6/8/2021 11:50,47,242
6/8/2021 11:55,47,242
6/8/2021 12:00,47,241
6/8/2021 12:05,47,241
6/8/2021 12:10,47,241
6/8/2021 12:15,47,240
6/8/2021 12:20,47,240
6/8/2021 12:25,47,240
6/8/2021 12:30,47,239
6/8/2021 12:35,47,239
6/8/2021 12:40,47,239
6/8/2021 12:45,47,239
6/8/2021 12:50,47,238
6/8/2021 12:55,47,238
6/8/2021 13:00,47,238
6/8/2021 13:05,47,237
6/8/2021 13:10,47,237
6/8/2021 13:15,47,236
6/8/2021 13:20,47,236
6/8/2021 13:25,47,236
6/8/2021 13:30,47,236
6/8/2021 13:35,47,235
6/8/2021 13:40,47,235
6/8/2021 13:45,47,235
6/8/2021 13:50,47,235
6/8/2021 13:55,47,234
6/8/2021 14:00,47,234
6/8/2021 14:05,47,234
6/8/2021 14:10,47,233
6/8/2021 14:15,47,233
6/8/2021 14:20,47,233
6/8/2021 14:25,47,233
6/8/2021 14:30,47,233
6/8/2021 14:35,47,232
6/8/2021 14:40,47,232
6/8/2021 14:45,47,232
6/8/2021 14:50,47,231
6/8/2021 14:55,47,231
6/8/2021 15:00,47,230
6/8/2021 15:05,47,231
6/8/2021 15:10,47,230
6/8/2021 15:15,47,230
6/8/2021 15:20,47,229
6/8/2021 15:25,47,230
6/8/2021 15:30,47,229
6/8/2021 15:35,47,229
6/8/2021 15:40,47,229
6/8/2021 15:45,47,229
6/8/2021 15:50,47,228
6/8/2021 15:55,47,228
6/8/2021 16:00,47,227
6/8/2021 16:05,47,227
6/8/2021 16:10,47,227
6/8/2021 16:15,47,227
6/8/2021 16:20,47,226
6/8/2021 16:25,47,226
6/8/2021 16:30,47,226
6/8/2021 16:35,47,226
6/8/2021 16:40,47,225
6/8/2021 16:45,47,225
6/8/2021 16:50,47,225
6/8/2021 16:55,47,225
6/8/2021 17:00,47,225
6/8/2021 17:05,47,224
6/8/2021 17:10,47,224
6/8/2021 17:15,47,224
6/8/2021 17:20,47,223
6/8/2021 17:25,47,223
6/8/2021 17:30,47,223
6/8/2021 17:35,47,223
6/8/2021 17:40,47,223
6/8/2021 17:45,47,222
6/8/2021 17:50,47,222
6/8/2021 17:55,47,222
6/8/2021 18:00,47,222
6/8/2021 18:05,47,222
6/8/2021 18:10,47,221
6/8/2021 18:15,47,222
6/8/2021 18:20,47,221
6/8/2021 18:25,47,221
6/8/2021 18:30,47,221
6/8/2021 18:35,47,220
6/8/2021 18:40,47,221
6/8/2021 18:45,47,220
6/8/2021 18:50,47,221
6/8/2021 18:55,47,220
6/8/2021 19:00,47,220
6/8/2021 19:05,47,220
6/8/2021 19:10,47,219
6/8/2021 19:15,47,220
6/8/2021 19:20,47,219
6/8/2021 19:25,47,219
6/8/2021 19:30,47,219
6/8/2021 19:35,47,219
6/8/2021 19:40,47,218
6/8/2021 19:45,47,218
6/8/2021 19:50,47,219
6/8/2021 19:55,47,218
6/8/2021 20:00,47,219
6/8/2021 20:05,47,218
6/8/2021 20:10,47,218
6/8/2021 20:15,47,218
6/8/2021 20:20,47,218
6/8/2021 20:25,47,218
6/8/2021 20:30,47,218
6/8/2021 20:35,47,218
6/8/2021 20:40,47,218
6/8/2021 20:45,47,217
6/8/2021 20:50,47,218
6/8/2021 20:55,47,217
6/8/2021 21:00,47,217
6/8/2021 21:05,47,217
6/8/2021 21:10,47,218
6/8/2021 21:15,47,217
6/8/2021 21:20,47,217
6/8/2021 21:25,47,217
6/8/2021 21:30,47,218
6/8/2021 21:35,47,217
6/8/2021 21:40,47,217
6/8/2021 21:45,47,217
6/8/2021 21:50,47,217
6/8/2021 21:55,47,217
6/8/2021 22:00,47,217
6/8/2021 22:05,47,217
6/8/2021 22:10,47,217
6/8/2021 22:15,47,217
6/8/2021 22:20,47,218
6/8/2021 22:25,47,218
6/8/2021 22:30,47,218
6/8/2021 22:35,47,217
6/8/2021 22:40,47,218
6/8/2021 22:45,47,218
6/8/2021 22:50,47,218
6/8/2021 22:55,47,218
6/8/2021 23:00,47,218
6/8/2021 23:05,47,218
6/8/2021 23:10,47,218
6/8/2021 23:15,47,218
6/8/2021 23:20,47,218
6/8/2021 23:25,47,218
6/8/2021 23:30,47,218
6/8/2021 23:35,47,218
6/8/2021 23:40,47,218
6/8/2021 23:45,47,218
6/8/2021 23:50,47,218
6/8/2021 23:55,47,219
6/9/2021 0:00,47,218
6/9/2021 0:05,47,219
6/9/2021 0:10,47,219
6/9/2021 0:15,47,219
6/9/2021 0:20,47,219
6/9/2021 0:25,47,219
6/9/2021 0:30,47,219
6/9/2021 0:35,47,219
6/9/2021 0:40,47,219
6/9/2021 0:45,47,219
6/9/2021 0:50,47,219
6/9/2021 0:55,47,220
6/9/2021 1:00,47,220
6/9/2021 1:05,47,220
6/9/2021 1:10,47,220
6/9/2021 1:15,47,220
6/9/2021 1:20,47,220
6/9/2021 1:25,47,220
6/9/2021 1:30,47,220
6/9/2021 1:35,47,220
6/9/2021 1:40,47,220
6/9/2021 1:45,47,221
6/9/2021 1:50,47,221
6/9/2021 1:55,47,221
6/9/2021 2:00,47,221
6/9/2021 2:05,47,221
6/9/2021 2:10,47,221
6/9/2021 2:15,47,221
6/9/2021 2:20,47,222
6/9/2021 2:25,47,222
6/9/2021 2:30,47,222
6/9/2021 2:35,47,223
6/9/2021 2:40,47,222
6/9/2021 2:45,47,223
6/9/2021 2:50,47,223
6/9/2021 2:55,47,223
6/9/2021 3:00,47,223
6/9/2021 3:05,47,224
6/9/2021 3:10,47,224
6/9/2021 3:15,47,224
6/9/2021 3:20,47,224
6/9/2021 3:25,47,225
6/9/2021 3:30,47,224
6/9/2021 3:35,47,225
6/9/2021 3:40,47,225
6/9/2021 3:45,47,225
6/9/2021 3:50,47,225
6/9/2021 3:55,47,226
6/9/2021 4:00,47,226
6/9/2021 4:05,47,227
6/9/2021 4:10,47,227
6/9/2021 4:15,47,227
6/9/2021 4:20,47,227
6/9/2021 4:25,47,227
6/9/2021 4:30,47,227
6/9/2021 4:35,47,228
6/9/2021 4:40,47,228
6/9/2021 4:45,47,229
6/9/2021 4:50,47,229
6/9/2021 4:55,47,230
6/9/2021 5:00,47,229
6/9/2021 5:05,47,229
6/9/2021 5:10,47,230
6/9/2021 5:15,47,230
6/9/2021 5:20,47,230
6/9/2021 5:25,47,230
6/9/2021 5:30,47,231
6/9/2021 5:35,47,231
6/9/2021 5:40,47,231
6/9/2021 5:45,47,231
6/9/2021 5:50,47,232
6/9/2021 5:55,47,231
6/9/2021 6:00,47,233
6/9/2021 6:05,47,232
6/9/2021 6:10,47,233
6/9/2021 6:15,47,233
6/9/2021 6:20,47,233
6/9/2021 6:25,47,233
6/9/2021 6:30,47,233
6/9/2021 6:35,47,234
6/9/2021 6:40,47,234
6/9/2021 6:45,47,235
6/9/2021 6:50,47,235
6/9/2021 6:55,47,235
6/9/2021 7:00,47,235
6/9/2021 7:05,47,235
6/9/2021 7:10,47,236
6/9/2021 7:15,47,236
6/9/2021 7:20,47,236
6/9/2021 7:25,47,236
6/9/2021 7:30,47,237
6/9/2021 7:35,47,236
6/9/2021 7:40,47,237
6/9/2021 7:45,47,237
6/9/2021 7:50,47,237
6/9/2021 7:55,47,237
6/9/2021 8:00,47,238
6/9/2021 8:05,47,238
6/9/2021 8:10,47,238
6/9/2021 8:15,47,238
6/9/2021 8:20,47,238
6/9/2021 8:25,47,239
6/9/2021 8:30,47,239
6/9/2021 8:35,47,239
6/9/2021 8:40,47,239
6/9/2021 8:45,47,239
6/9/2021 8:50,47,239
6/9/2021 8:55,47,239
6/9/2021 9:00,47,239
6/9/2021 9:05,47,239
6/9/2021 9:10,47,239
6/9/2021 9:15,47,239
6/9/2021 9:20,47,240
6/9/2021 9:25,47,240
6/9/2021 9:30,47,239
6/9/2021 9:35,47,239
6/9/2021 9:40,47,240
6/9/2021 9:45,47,240
6/9/2021 9:50,47,239
6/9/2021 9:55,47,240
6/9/2021 10:00,47,240
6/9/2021 10:05,47,240
6/9/2021 10:10,47,240
6/9/2021 10:15,47,241
6/9/2021 10:20,47,240
6/9/2021 10:25,47,240
6/9/2021 10:30,47,241
6/9/2021 10:35,47,240
6/9/2021 10:40,47,240
6/9/2021 10:45,47,240
6/9/2021 10:50,47,240
6/9/2021 10:55,47,240
6/9/2021 11:00,47,240
6/9/2021 11:05,47,240
6/9/2021 11:10,47,240
6/9/2021 11:15,47,240
6/9/2021 11:20,47,240
6/9/2021 11:25,47,239
6/9/2021 11:30,47,239
6/9/2021 11:35,47,239
6/9/2021 11:40,47,239
6/9/2021 11:45,47,239
6/9/2021 11:50,47,239
6/9/2021 11:55,47,239
6/9/2021 12:00,47,239
6/9/2021 12:05,47,238
6/9/2021 12:10,47,238
6/9/2021 12:15,47,239
6/9/2021 12:20,47,239
6/9/2021 12:25,47,238
6/9/2021 12:30,47,239
6/9/2021 12:35,47,239
6/9/2021 12:40,47,238
6/9/2021 12:45,47,238
6/9/2021 12:50,47,237
6/9/2021 12:55,47,238
6/9/2021 13:00,47,238
6/9/2021 13:05,47,238
6/9/2021 13:10,47,237
6/9/2021 13:15,47,238
6/9/2021 13:20,47,238
6/9/2021 13:25,47,237
6/9/2021 13:30,47,237
6/9/2021 13:35,47,237
6/9/2021 13:40,47,237
6/9/2021 13:45,47,237
6/9/2021 13:50,47,237
6/9/2021 13:55,47,237
6/9/2021 14:00,47,237
6/9/2021 14:05,47,236
6/9/2021 14:10,47,236
6/9/2021 14:15,47,235
6/9/2021 14:20,47,235
6/9/2021 14:25,47,235
6/9/2021 14:30,47,235
6/9/2021 14:35,47,235
6/9/2021 14:40,47,235
6/9/2021 14:45,47,234
6/9/2021 14:50,47,234
6/9/2021 14:55,47,235
6/9/2021 15:00,47,234
6/9/2021 15:05,47,234
6/9/2021 15:10,47,233
6/9/2021 15:15,47,234
6/9/2021 15:20,47,233
6/9/2021 15:25,47,233
6/9/2021 15:30,47,232
6/9/2021 15:35,47,232
6/9/2021 15:40,47,232
6/9/2021 15:45,47,232
6/9/2021 15:50,47,232
6/9/2021 15:55,47,232
6/9/2021 16:00,47,232
6/9/2021 16:05,47,231
6/9/2021 16:10,47,232
6/9/2021 16:15,47,231
6/9/2021 16:20,47,231
6/9/2021 16:25,47,230
6/9/2021 16:30,47,231
6/9/2021 16:35,47,231
6/9/2021 16:40,47,230
6/9/2021 16:45,47,230
6/9/2021 16:50,47,230
6/9/2021 16:55,47,230
6/9/2021 17:00,47,230
6/9/2021 17:05,47,229
6/9/2021 17:10,47,230
6/9/2021 17:15,47,229
6/9/2021 17:20,47,229
6/9/2021 17:25,47,229
6/9/2021 17:30,47,229
6/9/2021 17:35,47,228
6/9/2021 17:40,47,228
6/9/2021 17:45,47,228
6/9/2021 17:50,47,227
6/9/2021 17:55,47,228
6/9/2021 18:00,47,228
6/9/2021 18:05,47,228
6/9/2021 18:10,47,228
6/9/2021 18:15,47,228
6/9/2021 18:20,47,228
6/9/2021 18:25,47,228
6/9/2021 18:30,47,227
6/9/2021 18:35,47,227
6/9/2021 18:40,47,227
6/9/2021 18:45,47,227
6/9/2021 18:50,47,227
6/9/2021 18:55,47,227
6/9/2021 19:00,47,227
6/9/2021 19:05,47,227
6/9/2021 19:10,47,226
6/9/2021 19:15,47,227
6/9/2021 19:20,47,226
6/9/2021 19:25,47,227
6/9/2021 19:30,47,226
6/9/2021 19:35,47,226
6/9/2021 19:40,47,227
6/9/2021 19:45,47,226
6/9/2021 19:50,47,226
6/9/2021 19:55,47,226
6/9/2021 20:00,47,226
6/9/2021 20:05,47,226
6/9/2021 20:10,47,226
6/9/2021 20:15,47,226
6/9/2021 20:20,47,226
6/9/2021 20:25,47,226
6/9/2021 20:30,47,226
6/9/2021 20:35,47,226
6/9/2021 20:40,47,226
6/9/2021 20:45,47,225
6/9/2021 20:50,47,225
6/9/2021 20:55,47,226
6/9/2021 21:00,47,226
6/9/2021 21:05,47,225
6/9/2021 21:10,47,226
6/9/2021 21:15,47,226
6/9/2021 21:20,47,225
6/9/2021 21:25,47,226
6/9/2021 21:30,47,226
6/9/2021 21:35,47,226
6/9/2021 21:40,47,225
6/9/2021 21:45,47,226
6/9/2021 21:50,47,225
6/9/2021 21:55,47,225
6/9/2021 22:00,47,225
6/9/2021 22:05,47,225
6/9/2021 22:10,47,225
6/9/2021 22:15,47,226
6/9/2021 22:20,47,225
6/9/2021 22:25,47,225
6/9/2021 22:30,47,226
6/9/2021 22:35,47,226
6/9/2021 22:40,47,226
6/9/2021 22:45,47,226
6/9/2021 22:50,47,226
6/9/2021 22:55,47,226
6/9/2021 23:00,47,226
6/9/2021 23:05,47,226
6/9/2021 23:10,47,226
6/9/2021 23:15,47,226
6/9/2021 23:20,47,226
6/9/2021 23:25,47,226
6/9/2021 23:30,47,226
6/9/2021 23:35,47,226
6/9/2021 23:40,47,226
6/9/2021 23:45,47,226
6/9/2021 23:50,47,226
6/9/2021 23:55,47,226
6/10/2021 0:00,47,227
6/10/2021 0:05,47,227
6/10/2021 0:10,47,227
6/10/2021 0:15,47,226
6/10/2021 0:20,47,227
6/10/2021 0:25,47,227
6/10/2021 0:30,47,227
6/10/2021 0:35,47,227
6/10/2021 0:40,47,227
6/10/2021 0:45,47,227
6/10/2021 0:50,47,227
6/10/2021 0:55,47,227
6/10/2021 1:00,47,227
6/10/2021 1:05,47,227
6/10/2021 1:10,47,227
6/10/2021 1:15,47,227
6/10/2021 1:20,47,228
6/10/2021 1:25,47,228
6/10/2021 1:30,47,228
6/10/2021 1:35,47,228
6/10/2021 1:40,47,228
6/10/2021 1:45,47,228
6/10/2021 1:50,47,228
6/10/2021 1:55,47,228
6/10/2021 2:00,47,229
6/10/2021 2:05,47,229
6/10/2021 2:10,47,229
6/10/2021 2:15,47,229
6/10/2021 2:20,47,229
6/10/2021 2:25,47,229
6/10/2021 2:30,47,229
6/10/2021 2:35,47,230
6/10/2021 2:40,47,230
6/10/2021 2:45,47,229
6/10/2021 2:50,47,230
6/10/2021 2:55,47,230
6/10/2021 3:00,47,230
6/10/2021 3:05,47,230
6/10/2021 3:10,47,230
6/10/2021 3:15,47,230
6/10/2021 3:20,47,230
6/10/2021 3:25,47,230
6/10/2021 3:30,47,230
6/10/2021 3:35,47,230
6/10/2021 3:40,47,230
6/10/2021 3:45,47,231
6/10/2021 3:50,47,230
6/10/2021 3:55,47,230
6/10/2021 4:00,47,230
6/10/2021 4:05,47,231
6/10/2021 4:10,47,230
6/10/2021 4:15,47,231
6/10/2021 4:20,47,231
6/10/2021 4:25,47,231
6/10/2021 4:30,47,231
6/10/2021 4:35,47,231
6/10/2021 4:40,47,231
6/10/2021 4:45,47,231
6/10/2021 4:50,47,231
6/10/2021 4:55,47,231
6/10/2021 5:00,47,231
6/10/2021 5:05,47,231
6/10/2021 5:10,47,231
6/10/2021 5:15,47,232
6/10/2021 5:20,47,231
6/10/2021 5:25,47,231
6/10/2021 5:30,47,231
6/10/2021 5:35,47,232
6/10/2021 5:40,47,231
6/10/2021 5:45,47,231
6/10/2021 5:50,47,231
6/10/2021 5:55,47,231
6/10/2021 6:00,47,232
6/10/2021 6:05,47,231
6/10/2021 6:10,47,231
6/10/2021 6:15,47,232
6/10/2021 6:20,47,232
6/10/2021 6:25,47,232
6/10/2021 6:30,47,231
6/10/2021 6:35,47,231
6/10/2021 6:40,47,231
6/10/2021 6:45,47,232
6/10/2021 6:50,47,231
6/10/2021 6:55,47,231
6/10/2021 7:00,47,232
6/10/2021 7:05,47,231
6/10/2021 7:10,47,231
6/10/2021 7:15,47,232
6/10/2021 7:20,47,232
6/10/2021 7:25,47,231
6/10/2021 7:30,47,231
6/10/2021 7:35,47,232
6/10/2021 7:40,47,231
6/10/2021 7:45,47,231
6/10/2021 7:50,47,231
6/10/2021 7:55,47,232
6/10/2021 8:00,47,231
6/10/2021 8:05,47,231
6/10/2021 8:10,47,231
6/10/2021 8:15,47,231
6/10/2021 8:20,47,231
6/10/2021 8:25,47,231
6/10/2021 8:30,47,231
6/10/2021 8:35,47,231
6/10/2021 8:40,47,231
6/10/2021 8:45,47,230
6/10/2021 8:50,47,231
6/10/2021 8:55,47,230
6/10/2021 9:00,47,231
6/10/2021 9:05,47,230
6/10/2021 9:10,47,230
6/10/2021 9:15,47,230
6/10/2021 9:20,47,230
6/10/2021 9:25,47,230
6/10/2021 9:30,47,230
6/10/2021 9:35,47,230
6/10/2021 9:40,47,230
6/10/2021 9:45,47,230
6/10/2021 9:50,47,229
6/10/2021 9:55,47,230
6/10/2021 10:00,47,229
6/10/2021 10:05,47,229
6/10/2021 10:10,47,228
6/10/2021 10:15,47,229
6/10/2021 10:20,47,228
6/10/2021 10:25,47,228
6/10/2021 10:30,47,229
6/10/2021 10:35,47,228
6/10/2021 10:40,47,228
6/10/2021 10:45,47,228
6/10/2021 10:50,47,228
6/10/2021 10:55,47,228
6/10/2021 11:00,47,228
6/10/2021 11:05,47,228
6/10/2021 11:10,47,227
6/10/2021 11:15,47,227
6/10/2021 11:20,47,226
6/10/2021 11:25,47,227
6/10/2021 11:30,47,226
6/10/2021 11:35,47,226
6/10/2021 11:40,47,226
6/10/2021 11:45,47,225
6/10/2021 11:50,47,226
6/10/2021 11:55,47,225
6/10/2021 12:00,47,225
6/10/2021 12:05,47,225
6/10/2021 12:10,47,224
6/10/2021 12:15,47,224
6/10/2021 12:20,47,224
6/10/2021 12:25,47,224
6/10/2021 12:30,47,224
6/10/2021 12:35,47,223
6/10/2021 12:40,47,223
6/10/2021 12:45,47,223
6/10/2021 12:50,47,223
6/10/2021 12:55,47,222
6/10/2021 13:00,47,222
6/10/2021 13:05,47,222
6/10/2021 13:10,47,222
6/10/2021 13:15,47,222
6/10/2021 13:20,47,221
6/10/2021 13:25,47,221
6/10/2021 13:30,47,221
6/10/2021 13:35,47,221
6/10/2021 13:40,47,220
6/10/2021 13:45,47,220
6/10/2021 13:50,47,220
6/10/2021 13:55,47,220
6/10/2021 14:00,47,219
6/10/2021 14:05,47,219
6/10/2021 14:10,47,219
6/10/2021 14:15,47,219
6/10/2021 14:20,47,218
6/10/2021 14:25,47,218
6/10/2021 14:30,47,219
6/10/2021 14:35,47,218
6/10/2021 14:40,47,218
6/10/2021 14:45,47,218
6/10/2021 14:50,47,218
6/10/2021 14:55,47,218
6/10/2021 15:00,47,217
6/10/2021 15:05,47,217
6/10/2021 15:10,47,217
6/10/2021 15:15,47,217
6/10/2021 15:20,47,217
6/10/2021 15:25,47,217
6/10/2021 15:30,47,216
6/10/2021 15:35,47,216
6/10/2021 15:40,47,216
6/10/2021 15:45,47,215
6/10/2021 15:50,47,215
6/10/2021 15:55,47,215
6/10/2021 16:00,47,215
6/10/2021 16:05,47,215
6/10/2021 16:10,47,215
6/10/2021 16:15,47,214
6/10/2021 16:20,47,214
6/10/2021 16:25,47,214
6/10/2021 16:30,47,213
6/10/2021 16:35,47,213
6/10/2021 16:40,47,214
6/10/2021 16:45,47,213
6/10/2021 16:50,47,213
6/10/2021 16:55,47,213
6/10/2021 17:00,47,212
6/10/2021 17:05,47,212
6/10/2021 17:10,47,212
6/10/2021 17:15,47,212
6/10/2021 17:20,47,212
6/10/2021 17:25,47,211
6/10/2021 17:30,47,212
6/10/2021 17:35,47,212
6/10/2021 17:40,47,211
6/10/2021 17:45,47,210
6/10/2021 17:50,47,211
6/10/2021 17:55,47,210
6/10/2021 18:00,47,210
6/10/2021 18:05,47,210
6/10/2021 18:10,47,210
6/10/2021 18:15,47,210
6/10/2021 18:20,47,210
6/10/2021 18:25,47,209
6/10/2021 18:30,47,209
6/10/2021 18:35,47,208
6/10/2021 18:40,47,209
6/10/2021 18:45,47,209
6/10/2021 18:50,47,209
6/10/2021 18:55,47,208
6/10/2021 19:00,47,208
6/10/2021 19:05,47,208
6/10/2021 19:10,47,208
6/10/2021 19:15,47,208
6/10/2021 19:20,47,208
6/10/2021 19:25,47,208
6/10/2021 19:30,47,208
6/10/2021 19:35,47,208
6/10/2021 19:40,47,208
6/10/2021 19:45,47,207
6/10/2021 19:50,47,207
6/10/2021 19:55,47,207
6/10/2021 20:00,47,207
6/10/2021 20:05,47,207
6/10/2021 20:10,47,207
6/10/2021 20:15,47,207
6/10/2021 20:20,47,207
6/10/2021 20:25,47,207
6/10/2021 20:30,47,207
6/10/2021 20:35,47,207
6/10/2021 20:40,47,207
6/10/2021 20:45,47,206
6/10/2021 20:50,47,206
6/10/2021 20:55,47,206
6/10/2021 21:00,47,206
6/10/2021 21:05,47,206
6/10/2021 21:10,47,206
6/10/2021 21:15,47,206
6/10/2021 21:20,47,206
6/10/2021 21:25,47,206
6/10/2021 21:30,47,206
6/10/2021 21:35,47,206
6/10/2021 21:40,47,206
6/10/2021 21:45,47,206
6/10/2021 21:50,47,206
6/10/2021 21:55,47,206
6/10/2021 22:00,47,206
6/10/2021 22:05,47,206
6/10/2021 22:10,47,206
6/10/2021 22:15,47,207
6/10/2021 22:20,47,206
6/10/2021 22:25,47,207
6/10/2021 22:30,47,207
6/10/2021 22:35,47,207
6/10/2021 22:40,47,207
6/10/2021 22:45,47,207
6/10/2021 22:50,47,206
6/10/2021 22:55,47,206
6/10/2021 23:00,47,206
6/10/2021 23:05,47,206
6/10/2021 23:10,47,206
6/10/2021 23:15,47,207
6/10/2021 23:20,47,207
6/10/2021 23:25,47,207
6/10/2021 23:30,47,206
6/10/2021 23:35,47,207
6/10/2021 23:40,47,206
6/10/2021 23:45,47,206
6/10/2021 23:50,47,207
6/10/2021 23:55,47,207
6/11/2021 0:00,47,207
6/11/2021 0:05,47,207
6/11/2021 0:10,47,207
6/11/2021 0:15,47,206
6/11/2021 0:20,47,207
6/11/2021 0:25,47,207
6/11/2021 0:30,47,206
6/11/2021 0:35,47,206
6/11/2021 0:40,47,207
6/11/2021 0:45,47,207
6/11/2021 0:50,47,207
6/11/2021 0:55,47,206
6/11/2021 1:00,47,206
6/11/2021 1:05,47,207
6/11/2021 1:10,47,207
6/11/2021 1:15,47,206
6/11/2021 1:20,47,206
6/11/2021 1:25,47,207
6/11/2021 1:30,47,207
6/11/2021 1:35,47,207
6/11/2021 1:40,47,207
6/11/2021 1:45,47,207
6/11/2021 1:50,47,207
6/11/2021 1:55,47,207
6/11/2021 2:00,47,207
6/11/2021 2:05,47,207
6/11/2021 2:10,47,207
6/11/2021 2:15,47,207
6/11/2021 2:20,47,207
6/11/2021 2:25,47,207
6/11/2021 2:30,47,207
6/11/2021 2:35,47,207
6/11/2021 2:40,47,207
6/11/2021 2:45,47,207
6/11/2021 2:50,47,207
6/11/2021 2:55,47,207
6/11/2021 3:00,47,207
6/11/2021 3:05,47,207
6/11/2021 3:10,47,207
6/11/2021 3:15,47,207
6/11/2021 3:20,47,207
6/11/2021 3:25,47,207
6/11/2021 3:30,47,207
6/11/2021 3:35,47,208
6/11/2021 3:40,47,207
6/11/2021 3:45,47,207
6/11/2021 3:50,47,208
6/11/2021 3:55,47,208
6/11/2021 4:00,47,208
6/11/2021 4:05,47,208
6/11/2021 4:10,47,208
6/11/2021 4:15,47,208
6/11/2021 4:20,47,208
6/11/2021 4:25,47,208
6/11/2021 4:30,47,208
6/11/2021 4:35,47,208
6/11/2021 4:40,47,208
6/11/2021 4:45,47,208
6/11/2021 4:50,47,208
6/11/2021 4:55,47,208
6/11/2021 5:00,47,208
6/11/2021 5:05,47,209
6/11/2021 5:10,47,208
6/11/2021 5:15,47,208
6/11/2021 5:20,47,209
6/11/2021 5:25,47,208
6/11/2021 5:30,47,208
6/11/2021 5:35,47,209
6/11/2021 5:40,47,209
6/11/2021 5:45,47,209
6/11/2021 5:50,47,209
6/11/2021 5:55,47,209
6/11/2021 6:00,47,209
6/11/2021 6:05,47,209
6/11/2021 6:10,47,209
6/11/2021 6:15,47,209
6/11/2021 6:20,47,209
6/11/2021 6:25,47,209
6/11/2021 6:30,47,209
6/11/2021 6:35,47,209
6/11/2021 6:40,47,209
6/11/2021 6:45,47,210
6/11/2021 6:50,47,210
6/11/2021 6:55,47,210
6/11/2021 7:00,47,210
6/11/2021 7:05,47,210
6/11/2021 7:10,47,210
6/11/2021 7:15,47,210
6/11/2021 7:20,47,210
6/11/2021 7:25,47,210
6/11/2021 7:30,47,209
6/11/2021 7:35,47,210
6/11/2021 7:40,47,210
6/11/2021 7:45,47,210
6/11/2021 7:50,47,210
6/11/2021 7:55,47,210
6/11/2021 8:00,47,210
6/11/2021 8:05,47,210
6/11/2021 8:10,47,209
6/11/2021 8:15,47,210
6/11/2021 8:20,47,210
6/11/2021 8:25,47,209
6/11/2021 8:30,47,210
6/11/2021 8:35,47,210
6/11/2021 8:40,47,209
6/11/2021 8:45,47,209
6/11/2021 8:50,47,210
6/11/2021 8:55,47,209
6/11/2021 9:00,47,209
6/11/2021 9:05,47,209
6/11/2021 9:10,47,209
6/11/2021 9:15,47,209
6/11/2021 9:20,47,209
6/11/2021 9:25,47,209
6/11/2021 9:30,47,209
6/11/2021 9:35,47,208
6/11/2021 9:40,47,209
6/11/2021 9:45,47,208
6/11/2021 9:50,47,208
6/11/2021 9:55,47,208
6/11/2021 10:00,47,208
6/11/2021 10:05,47,208
6/11/2021 10:10,47,208
6/11/2021 10:15,47,208
6/11/2021 10:20,47,208
6/11/2021 10:25,47,208
6/11/2021 10:30,47,208
6/11/2021 10:35,47,208
6/11/2021 10:40,47,207
6/11/2021 10:45,47,207
6/11/2021 10:50,47,207
6/11/2021 10:55,47,207
6/11/2021 11:00,47,207
6/11/2021 11:05,47,207
6/11/2021 11:10,47,207
6/11/2021 11:15,47,207
6/11/2021 11:20,47,207
6/11/2021 11:25,47,206
6/11/2021 11:30,47,206
6/11/2021 11:35,47,207
6/11/2021 11:40,47,206
6/11/2021 11:45,47,205
6/11/2021 11:50,47,206
6/11/2021 11:55,47,205
6/11/2021 12:00,47,205
6/11/2021 12:05,47,205
6/11/2021 12:10,47,205
6/11/2021 12:15,47,205
6/11/2021 12:20,47,205
6/11/2021 12:25,47,204
6/11/2021 12:30,47,204
6/11/2021 12:35,47,204
6/11/2021 12:40,47,204
6/11/2021 12:45,47,204
6/11/2021 12:50,47,204
6/11/2021 12:55,47,203
6/11/2021 13:00,47,203
6/11/2021 13:05,47,203
6/11/2021 13:10,47,203
6/11/2021 13:15,47,203
6/11/2021 13:20,47,203
6/11/2021 13:25,47,202
6/11/2021 13:30,47,202
6/11/2021 13:35,47,202
6/11/2021 13:40,47,202
6/11/2021 13:45,47,202
6/11/2021 13:50,47,201
6/11/2021 13:55,47,202
6/11/2021 14:00,47,201
6/11/2021 14:05,47,201
6/11/2021 14:10,47,201
6/11/2021 14:15,47,201
6/11/2021 14:20,47,201
6/11/2021 14:25,47,200
6/11/2021 14:30,47,200
6/11/2021 14:35,47,199
6/11/2021 14:40,47,199
6/11/2021 14:45,47,199
6/11/2021 14:50,47,199
6/11/2021 14:55,47,199
6/11/2021 15:00,47,199
6/11/2021 15:05,47,199
6/11/2021 15:10,47,199
6/11/2021 15:15,47,198
6/11/2021 15:20,47,198
6/11/2021 15:25,47,197
6/11/2021 15:30,47,198
6/11/2021 15:35,47,197
6/11/2021 15:40,47,197
6/11/2021 15:45,47,197
6/11/2021 15:50,47,197
6/11/2021 15:55,47,197
6/11/2021 16:00,47,196
6/11/2021 16:05,47,197
6/11/2021 16:10,47,196
6/11/2021 16:15,47,196
6/11/2021 16:20,47,196
6/11/2021 16:25,47,196
6/11/2021 16:30,47,195
6/11/2021 16:35,47,195
6/11/2021 16:40,47,195
6/11/2021 16:45,47,195
6/11/2021 16:50,47,195
6/11/2021 16:55,47,195
6/11/2021 17:00,47,195
6/11/2021 17:05,47,194
6/11/2021 17:10,47,194
6/11/2021 17:15,47,194
6/11/2021 17:20,47,194
6/11/2021 17:25,47,194
6/11/2021 17:30,47,194
6/11/2021 17:35,47,194
6/11/2021 17:40,47,194
6/11/2021 17:45,47,194
6/11/2021 17:50,47,193
6/11/2021 17:55,47,193
6/11/2021 18:00,47,194
6/11/2021 18:05,47,193
6/11/2021 18:10,47,193
6/11/2021 18:15,47,193
6/11/2021 18:20,47,193
6/11/2021 18:25,47,193
6/11/2021 18:30,47,192
6/11/2021 18:35,47,192
6/11/2021 18:40,47,192
6/11/2021 18:45,47,192
6/11/2021 18:50,47,191
6/11/2021 18:55,47,192
6/11/2021 19:00,47,192
6/11/2021 19:05,47,191
6/11/2021 19:10,47,191
6/11/2021 19:15,47,191
6/11/2021 19:20,47,190
6/11/2021 19:25,47,190
6/11/2021 19:30,47,191
6/11/2021 19:35,47,190
6/11/2021 19:40,47,190
6/11/2021 19:45,47,190
6/11/2021 19:50,47,190
6/11/2021 19:55,47,190
6/11/2021 20:00,47,189
6/11/2021 20:05,47,190
6/11/2021 20:10,47,190
6/11/2021 20:15,47,189
6/11/2021 20:20,47,189
6/11/2021 20:25,47,189
6/11/2021 20:30,47,189
6/11/2021 20:35,47,189
6/11/2021 20:40,47,189
6/11/2021 20:45,47,189
6/11/2021 20:50,47,189
6/11/2021 20:55,47,188
6/11/2021 21:00,47,189
6/11/2021 21:05,47,189
6/11/2021 21:10,47,188
6/11/2021 21:15,47,188
6/11/2021 21:20,47,188
6/11/2021 21:25,47,188
6/11/2021 21:30,47,188
6/11/2021 21:35,47,188
6/11/2021 21:40,47,188
6/11/2021 21:45,47,188
6/11/2021 21:50,47,188
6/11/2021 21:55,47,188
6/11/2021 22:00,47,187
6/11/2021 22:05,47,187
6/11/2021 22:10,47,188
6/11/2021 22:15,47,188
6/11/2021 22:20,47,188
6/11/2021 22:25,47,188
6/11/2021 22:30,47,188
6/11/2021 22:35,47,188
6/11/2021 22:40,47,188
6/11/2021 22:45,47,188
6/11/2021 22:50,47,188
6/11/2021 22:55,47,188
6/11/2021 23:00,47,188
6/11/2021 23:05,47,188
6/11/2021 23:10,47,188
6/11/2021 23:15,47,188
6/11/2021 23:20,47,188
6/11/2021 23:25,47,188
6/11/2021 23:30,47,188
6/11/2021 23:35,47,189
6/11/2021 23:40,47,188
6/11/2021 23:45,47,189
6/11/2021 23:50,47,189
6/11/2021 23:55,47,189
6/12/2021 0:00,47,189
6/12/2021 0:05,47,189
6/12/2021 0:10,47,188
6/12/2021 0:15,47,189
6/12/2021 0:20,47,188
6/12/2021 0:25,47,188
6/12/2021 0:30,47,189
6/12/2021 0:35,47,188
6/12/2021 0:40,47,189
6/12/2021 0:45,47,189
6/12/2021 0:50,47,189
6/12/2021 0:55,47,189
6/12/2021 1:00,47,189
6/12/2021 1:05,47,189
6/12/2021 1:10,47,189
6/12/2021 1:15,47,189
6/12/2021 1:20,47,189
6/12/2021 1:25,47,189
6/12/2021 1:30,47,189
6/12/2021 1:35,47,189
6/12/2021 1:40,47,189
6/12/2021 1:45,47,189
6/12/2021 1:50,47,189
6/12/2021 1:55,47,189
6/12/2021 2:00,47,189
6/12/2021 2:05,47,189
6/12/2021 2:10,47,189
6/12/2021 2:15,47,189
6/12/2021 2:20,47,189
6/12/2021 2:25,47,190
6/12/2021 2:30,47,190
6/12/2021 2:35,47,189
6/12/2021 2:40,47,189
6/12/2021 2:45,47,190
6/12/2021 2:50,47,190
6/12/2021 2:55,47,190
6/12/2021 3:00,47,190
6/12/2021 3:05,47,190
6/12/2021 3:10,47,190
6/12/2021 3:15,47,190
6/12/2021 3:20,47,190
6/12/2021 3:25,47,190
6/12/2021 3:30,47,190
6/12/2021 3:35,47,191
6/12/2021 3:40,47,190
6/12/2021 3:45,47,191
6/12/2021 3:50,47,191
6/12/2021 3:55,47,191
6/12/2021 4:00,47,191
6/12/2021 4:05,47,191
6/12/2021 4:10,47,192
6/12/2021 4:15,47,191
6/12/2021 4:20,47,192
6/12/2021 4:25,47,192
6/12/2021 4:30,47,192
6/12/2021 4:35,47,192
6/12/2021 4:40,47,193
6/12/2021 4:45,47,193
6/12/2021 4:50,47,193
6/12/2021 4:55,47,193
6/12/2021 5:00,47,194
6/12/2021 5:05,47,194
6/12/2021 5:10,47,194
6/12/2021 5:15,47,194
6/12/2021 5:20,47,194
6/12/2021 5:25,47,195
6/12/2021 5:30,47,195
6/12/2021 5:35,47,195
6/12/2021 5:40,47,195
6/12/2021 5:45,47,195
6/12/2021 5:50,47,195
6/12/2021 5:55,47,196
6/12/2021 6:00,47,196
6/12/2021 6:05,47,196
6/12/2021 6:10,47,197
6/12/2021 6:15,47,197
6/12/2021 6:20,47,197
6/12/2021 6:25,47,197
6/12/2021 6:30,47,197
6/12/2021 6:35,47,198
6/12/2021 6:40,47,198
6/12/2021 6:45,47,199
6/12/2021 6:50,47,199
6/12/2021 6:55,47,199
6/12/2021 7:00,47,199
6/12/2021 7:05,47,199
6/12/2021 7:10,47,199
6/12/2021 7:15,47,199
6/12/2021 7:20,47,199
6/12/2021 7:25,47,200
6/12/2021 7:30,47,200
6/12/2021 7:35,47,200
6/12/2021 7:40,47,201
6/12/2021 7:45,47,201
6/12/2021 7:50,47,201
6/12/2021 7:55,47,200
6/12/2021 8:00,47,201
6/12/2021 8:05,47,201
6/12/2021 8:10,47,201
6/12/2021 8:15,47,201
6/12/2021 8:20,47,202
6/12/2021 8:25,47,201
6/12/2021 8:30,47,202
6/12/2021 8:35,47,202
6/12/2021 8:40,47,202
6/12/2021 8:45,47,202
6/12/2021 8:50,47,202
6/12/2021 8:55,47,202
6/12/2021 9:00,47,202
6/12/2021 9:05,47,202
6/12/2021 9:10,47,202
6/12/2021 9:15,47,202
6/12/2021 9:20,47,202
6/12/2021 9:25,47,202
6/12/2021 9:30,47,203
6/12/2021 9:35,47,203
6/12/2021 9:40,47,202
6/12/2021 9:45,47,202
6/12/2021 9:50,47,203
6/12/2021 9:55,47,202
6/12/2021 10:00,47,202
6/12/2021 10:05,47,203
6/12/2021 10:10,47,202
6/12/2021 10:15,47,202
6/12/2021 10:20,47,203
6/12/2021 10:25,47,202
6/12/2021 10:30,47,203
6/12/2021 10:35,47,203
6/12/2021 10:40,47,203
6/12/2021 10:45,47,203
6/12/2021 10:50,47,202
6/12/2021 10:55,47,203
6/12/2021 11:00,47,203
6/12/2021 11:05,47,203
6/12/2021 11:10,47,203
6/12/2021 11:15,47,203
6/12/2021 11:20,47,203
6/12/2021 11:25,47,202
6/12/2021 11:30,47,203
6/12/2021 11:35,47,203
6/12/2021 11:40,47,202
6/12/2021 11:45,47,202
6/12/2021 11:50,47,202
6/12/2021 11:55,47,203
6/12/2021 12:00,47,202
6/12/2021 12:05,47,202
6/12/2021 12:10,47,202
6/12/2021 12:15,47,202
6/12/2021 12:20,47,202
6/12/2021 12:25,47,202
6/12/2021 12:30,47,202
6/12/2021 12:35,47,202
6/12/2021 12:40,47,202
6/12/2021 12:45,47,202
6/12/2021 12:50,47,202
6/12/2021 12:55,47,202
6/12/2021 13:00,47,202
6/12/2021 13:05,47,202
6/12/2021 13:10,47,202
6/12/2021 13:15,47,202
6/12/2021 13:20,47,201
6/12/2021 13:25,47,201
6/12/2021 13:30,47,202
6/12/2021 13:35,47,201
6/12/2021 13:40,47,202
6/12/2021 13:45,47,201
6/12/2021 13:50,47,201
6/12/2021 13:55,47,201
6/12/2021 14:00,47,201
6/12/2021 14:05,47,200
6/12/2021 14:10,47,200
6/12/2021 14:15,47,201
6/12/2021 14:20,47,201
6/12/2021 14:25,47,200
6/12/2021 14:30,47,200
6/12/2021 14:35,47,200
6/12/2021 14:40,47,200
6/12/2021 14:45,47,200
6/12/2021 14:50,47,200
6/12/2021 14:55,47,199
6/12/2021 15:00,47,200
6/12/2021 15:05,47,200
6/12/2021 15:10,47,200
6/12/2021 15:15,47,200
6/12/2021 15:20,47,199
6/12/2021 15:25,47,200
6/12/2021 15:30,47,199
6/12/2021 15:35,47,199
6/12/2021 15:40,47,199
6/12/2021 15:45,47,199
6/12/2021 15:50,47,199
6/12/2021 15:55,47,199
6/12/2021 16:00,47,199
6/12/2021 16:05,47,198
6/12/2021 16:10,47,198
6/12/2021 16:15,47,199
6/12/2021 16:20,47,199
6/12/2021 16:25,47,198
6/12/2021 16:30,47,198
6/12/2021 16:35,47,198
6/12/2021 16:40,47,198
6/12/2021 16:45,47,198
6/12/2021 16:50,47,198
6/12/2021 16:55,47,198
6/12/2021 17:00,47,198
6/12/2021 17:05,47,197
6/12/2021 17:10,47,197
6/12/2021 17:15,47,197
6/12/2021 17:20,47,197
6/12/2021 17:25,47,197
6/12/2021 17:30,47,197
6/12/2021 17:35,47,197
6/12/2021 17:40,47,197
6/12/2021 17:45,47,197
6/12/2021 17:50,47,197
6/12/2021 17:55,47,197
6/12/2021 18:00,47,197
6/12/2021 18:05,47,197
6/12/2021 18:10,47,197
6/12/2021 18:15,47,197
6/12/2021 18:20,47,197
6/12/2021 18:25,47,197
6/12/2021 18:30,47,197
6/12/2021 18:35,47,197
6/12/2021 18:40,47,197
6/12/2021 18:45,47,197
6/12/2021 18:50,47,196
6/12/2021 18:55,47,197
6/12/2021 19:00,47,197
6/12/2021 19:05,47,197
6/12/2021 19:10,47,197
6/12/2021 19:15,47,197
6/12/2021 19:20,47,197
6/12/2021 19:25,47,197
6/12/2021 19:30,47,197
6/12/2021 19:35,47,197
6/12/2021 19:40,47,197
6/12/2021 19:45,47,197
6/12/2021 19:50,47,197
6/12/2021 19:55,47,197
6/12/2021 20:00,47,197
6/12/2021 20:05,47,198
6/12/2021 20:10,47,198
6/12/2021 20:15,47,198
6/12/2021 20:20,47,198
6/12/2021 20:25,47,198
6/12/2021 20:30,47,198
6/12/2021 20:35,47,199
6/12/2021 20:40,47,199
6/12/2021 20:45,47,199
6/12/2021 20:50,47,199
6/12/2021 20:55,47,199
6/12/2021 21:00,47,199
6/12/2021 21:05,47,200
6/12/2021 21:10,47,200
6/12/2021 21:15,47,200
6/12/2021 21:20,47,200
6/12/2021 21:25,47,201
6/12/2021 21:30,47,200
6/12/2021 21:35,47,200
6/12/2021 21:40,47,200
6/12/2021 21:45,47,201
6/12/2021 21:50,47,201
6/12/2021 21:55,47,201
6/12/2021 22:00,47,202
6/12/2021 22:05,47,202
6/12/2021 22:10,47,203
6/12/2021 22:15,47,202
6/12/2021 22:20,47,203
6/12/2021 22:25,47,203
6/12/2021 22:30,47,203
6/12/2021 22:35,47,204
6/12/2021 22:40,47,204
6/12/2021 22:45,47,204
6/12/2021 22:50,47,205
6/12/2021 22:55,47,205
6/12/2021 23:00,47,205
6/12/2021 23:05,47,206
6/12/2021 23:10,47,206
6/12/2021 23:15,47,206
6/12/2021 23:20,47,207
6/12/2021 23:25,47,207
6/12/2021 23:30,47,207
6/12/2021 23:35,47,208
6/12/2021 23:40,47,209
6/12/2021 23:45,47,209
6/12/2021 23:50,47,209
6/12/2021 23:55,47,209
6/13/2021 0:00,47,210
6/13/2021 0:05,47,210
6/13/2021 0:10,47,211
6/13/2021 0:15,47,211
6/13/2021 0:20,47,212
6/13/2021 0:25,47,211
6/13/2021 0:30,47,212
6/13/2021 0:35,47,213
6/13/2021 0:40,47,213
6/13/2021 0:45,47,214
6/13/2021 0:50,47,214
6/13/2021 0:55,47,215
6/13/2021 1:00,47,215
6/13/2021 1:05,47,216
6/13/2021 1:10,47,216
6/13/2021 1:15,47,217
6/13/2021 1:20,47,217
6/13/2021 1:25,47,218
6/13/2021 1:30,47,218
6/13/2021 1:35,47,219
6/13/2021 1:40,47,219
6/13/2021 1:45,47,220
6/13/2021 1:50,47,221
6/13/2021 1:55,47,221
6/13/2021 2:00,47,222
6/13/2021 2:05,47,222
6/13/2021 2:10,47,223
6/13/2021 2:15,47,223
6/13/2021 2:20,47,224
6/13/2021 2:25,47,224
6/13/2021 2:30,47,224
6/13/2021 2:35,47,225
6/13/2021 2:40,47,226
6/13/2021 2:45,47,227
6/13/2021 2:50,47,227
6/13/2021 2:55,47,229
6/13/2021 3:00,47,229
6/13/2021 3:05,47,230
6/13/2021 3:10,47,230
6/13/2021 3:15,47,231
6/13/2021 3:20,47,232
6/13/2021 3:25,47,233
6/13/2021 3:30,47,234
6/13/2021 3:35,47,235
6/13/2021 3:40,47,235
6/13/2021 3:45,47,236
6/13/2021 3:50,47,237
6/13/2021 3:55,47,238
6/13/2021 4:00,47,239
6/13/2021 4:05,47,240
6/13/2021 4:10,47,240
6/13/2021 4:15,47,242
6/13/2021 4:20,47,243
6/13/2021 4:25,47,243
6/13/2021 4:30,47,245
6/13/2021 4:35,47,245
6/13/2021 4:40,47,247
6/13/2021 4:45,47,249
6/13/2021 4:50,47,250
6/13/2021 4:55,47,251
6/13/2021 5:00,47,252
6/13/2021 5:05,47,253
6/13/2021 5:10,47,255
6/13/2021 5:15,47,256
6/13/2021 5:20,47,256
6/13/2021 5:25,47,258
6/13/2021 5:30,47,260
6/13/2021 5:35,47,260
6/13/2021 5:40,47,262
6/13/2021 5:45,47,264
6/13/2021 5:50,47,265
6/13/2021 5:55,47,266
6/13/2021 6:00,47,269
6/13/2021 6:05,47,270
6/13/2021 6:10,47,271
6/13/2021 6:15,47,273
6/13/2021 6:20,47,275
6/13/2021 6:25,47,277
6/13/2021 6:30,47,279
6/13/2021 6:35,47,282
6/13/2021 6:40,47,282
6/13/2021 6:45,47,285
6/13/2021 6:50,47,287
6/13/2021 6:55,47,289
6/13/2021 7:00,47,291
6/13/2021 7:05,47,293
6/13/2021 7:10,47,295
6/13/2021 7:15,47,297
6/13/2021 7:20,47,299
6/13/2021 7:25,47,302
6/13/2021 7:30,47,304
6/13/2021 7:35,47,307
6/13/2021 7:40,47,310
6/13/2021 7:45,47,312
6/13/2021 7:50,47,315
6/13/2021 7:55,47,318
6/13/2021 8:00,47,321
6/13/2021 8:05,47,324
6/13/2021 8:10,47,327
6/13/2021 8:15,47,330
6/13/2021 8:20,47,334
6/13/2021 8:25,47,336
6/13/2021 8:30,47,341
6/13/2021 8:35,47,345
6/13/2021 8:40,47,348
6/13/2021 8:45,47,353
6/13/2021 8:50,47,356
6/13/2021 8:55,47,360
6/13/2021 9:00,47,363
6/13/2021 9:05,47,367
6/13/2021 9:10,47,372
6/13/2021 9:15,47,376
6/13/2021 9:20,47,381
6/13/2021 9:25,47,385
6/13/2021 9:30,47,388
6/13/2021 9:35,47,393
6/13/2021 9:40,47,397
6/13/2021 9:45,47,401
6/13/2021 9:50,47,406
6/13/2021 9:55,47,408
6/13/2021 10:00,47,414
6/13/2021 10:05,47,418
6/13/2021 10:10,47,422
6/13/2021 10:15,47,426
6/13/2021 10:20,47,429
6/13/2021 10:25,47,433
6/13/2021 10:30,47,438
6/13/2021 10:35,47,442
6/13/2021 10:40,47,445
6/13/2021 10:45,47,449
6/13/2021 10:50,47,453
6/13/2021 10:55,47,456
6/13/2021 11:00,47,461
6/13/2021 11:05,47,464
6/13/2021 11:10,47,468
6/13/2021 11:15,47,472
6/13/2021 11:20,47,476
6/13/2021 11:25,47,480
6/13/2021 11:30,47,484
6/13/2021 11:35,47,487
6/13/2021 11:40,47,492
6/13/2021 11:45,47,495
6/13/2021 11:50,47,498
6/13/2021 11:55,47,500
6/13/2021 12:00,47,506
6/13/2021 12:05,47,508
6/13/2021 12:10,47,510
6/13/2021 12:15,47,514
6/13/2021 12:20,47,518
6/13/2021 12:25,47,521
6/13/2021 12:30,47,523
6/13/2021 12:35,47,527
6/13/2021 12:40,47,530
6/13/2021 12:45,47,533
6/13/2021 12:50,47,536
6/13/2021 12:55,47,537
6/13/2021 13:00,47,541
6/13/2021 13:05,47,544
6/13/2021 13:10,47,546
6/13/2021 13:15,47,551
6/13/2021 13:20,47,552
6/13/2021 13:25,47,555
6/13/2021 13:30,47,556
6/13/2021 13:35,47,560
6/13/2021 13:40,47,562
6/13/2021 13:45,47,566
6/13/2021 13:50,47,570
6/13/2021 13:55,47,571
6/13/2021 14:00,47,576
6/13/2021 14:05,47,577
6/13/2021 14:10,47,580
6/13/2021 14:15,47,582
6/13/2021 14:20,47,585
6/13/2021 14:25,47,588
6/13/2021 14:30,47,592
6/13/2021 14:35,47,594
6/13/2021 14:40,47,596
6/13/2021 14:45,47,602
6/13/2021 14:50,47,603
6/13/2021 14:55,47,604
6/13/2021 15:00,47,607
6/13/2021 15:05,47,610
6/13/2021 15:10,47,613
6/13/2021 15:15,47,613
6/13/2021 15:20,47,617
6/13/2021 15:25,47,617
6/13/2021 15:30,47,622
6/13/2021 15:35,47,623
6/13/2021 15:40,47,624
6/13/2021 15:45,47,627
6/13/2021 15:50,47,630
6/13/2021 15:55,47,631
6/13/2021 16:00,47,632
6/13/2021 16:05,47,635
6/13/2021 16:10,47,637
6/13/2021 16:15,47,640
6/13/2021 16:20,47,642
6/13/2021 16:25,47,642
6/13/2021 16:30,47,644
6/13/2021 16:35,47,646
6/13/2021 16:40,47,646
6/13/2021 16:45,47,651
6/13/2021 16:50,47,651
6/13/2021 16:55,47,651
6/13/2021 17:00,47,655
6/13/2021 17:05,47,655
6/13/2021 17:10,47,656
6/13/2021 17:15,47,660
6/13/2021 17:20,47,660
6/13/2021 17:25,47,660
6/13/2021 17:30,47,663
6/13/2021 17:35,47,662
6/13/2021 17:40,47,661
6/13/2021 17:45,47,662
6/13/2021 17:50,47,667
6/13/2021 17:55,47,667
6/13/2021 18:00,47,666
6/13/2021 18:05,47,668
6/13/2021 18:10,47,667
6/13/2021 18:15,47,668
6/13/2021 18:20,47,669
6/13/2021 18:25,47,669
6/13/2021 18:30,47,673
6/13/2021 18:35,47,669
6/13/2021 18:40,47,670
6/13/2021 18:45,47,670
6/13/2021 18:50,47,671
6/13/2021 18:55,47,671
6/13/2021 19:00,47,672
6/13/2021 19:05,47,674
6/13/2021 19:10,47,673
6/13/2021 19:15,47,674
6/13/2021 19:20,47,673
6/13/2021 19:25,47,673
6/13/2021 19:30,47,676
6/13/2021 19:35,47,674
6/13/2021 19:40,47,675
6/13/2021 19:45,47,675
6/13/2021 19:50,47,676
6/13/2021 19:55,47,673
6/13/2021 20:00,47,674
6/13/2021 20:05,47,673
6/13/2021 20:10,47,676
6/13/2021 20:15,47,672
6/13/2021 20:20,47,677
6/13/2021 20:25,47,676
6/13/2021 20:30,47,674
6/13/2021 20:35,47,676
6/13/2021 20:40,47,674
6/13/2021 20:45,47,673
6/13/2021 20:50,47,676
6/13/2021 20:55,47,678
6/13/2021 21:00,47,674
6/13/2021 21:05,47,674
6/13/2021 21:10,47,675
6/13/2021 21:15,47,675
6/13/2021 21:20,47,675
6/13/2021 21:25,47,674
6/13/2021 21:30,47,676
6/13/2021 21:35,47,676
6/13/2021 21:40,47,675
6/13/2021 21:45,47,675
6/13/2021 21:50,47,677
6/13/2021 21:55,47,674
6/13/2021 22:00,47,677
6/13/2021 22:05,47,677
6/13/2021 22:10,47,677
6/13/2021 22:15,47,678
6/13/2021 22:20,47,677
6/13/2021 22:25,47,675
6/13/2021 22:30,47,677
6/13/2021 22:35,47,680
6/13/2021 22:40,47,676
6/13/2021 22:45,47,678
6/13/2021 22:50,47,680
6/13/2021 22:55,47,679
6/13/2021 23:00,47,680
6/13/2021 23:05,47,679
6/13/2021 23:10,47,681
6/13/2021 23:15,47,683
6/13/2021 23:20,47,682
6/13/2021 23:25,47,684
6/13/2021 23:30,47,682
6/13/2021 23:35,47,683
6/13/2021 23:40,47,684
6/13/2021 23:45,47,685
6/13/2021 23:50,47,684
6/13/2021 23:55,47,685
6/14/2021 0:00,47,688
6/14/2021 0:05,47,688
6/14/2021 0:10,47,687
6/14/2021 0:15,47,689
6/14/2021 0:20,47,689
6/14/2021 0:25,47,692
6/14/2021 0:30,47,690
6/14/2021 0:35,47,692
6/14/2021 0:40,47,693
6/14/2021 0:45,47,694
6/14/2021 0:50,47,696
6/14/2021 0:55,47,697
6/14/2021 1:00,47,699
6/14/2021 1:05,47,698
6/14/2021 1:10,47,702
6/14/2021 1:15,47,703
6/14/2021 1:20,47,705
6/14/2021 1:25,47,708
6/14/2021 1:30,47,706
6/14/2021 1:35,47,709
6/14/2021 1:40,47,709
6/14/2021 1:45,47,712
6/14/2021 1:50,47,715
6/14/2021 1:55,47,715
6/14/2021 2:00,47,717
6/14/2021 2:05,47,718
6/14/2021 2:10,47,720
6/14/2021 2:15,47,722
6/14/2021 2:20,47,726
6/14/2021 2:25,47,726
6/14/2021 2:30,47,728
6/14/2021 2:35,47,730
6/14/2021 2:40,47,732
6/14/2021 2:45,47,735
6/14/2021 2:50,47,739
6/14/2021 2:55,47,740
6/14/2021 3:00,47,740
6/14/2021 3:05,47,743
6/14/2021 3:10,47,743
6/14/2021 3:15,47,743
6/14/2021 3:20,47,747
6/14/2021 3:25,47,749
6/14/2021 3:30,47,751
6/14/2021 3:35,47,753
6/14/2021 3:40,47,756
6/14/2021 3:45,47,759
6/14/2021 3:50,47,762
6/14/2021 3:55,47,762
6/14/2021 4:00,47,765
6/14/2021 4:05,47,767
6/14/2021 4:10,47,770
6/14/2021 4:15,47,774
6/14/2021 4:20,47,779
6/14/2021 4:25,47,782
6/14/2021 4:30,47,786
6/14/2021 4:35,47,786
6/14/2021 4:40,47,788
6/14/2021 4:45,47,794
6/14/2021 4:50,47,795
6/14/2021 4:55,47,800
6/14/2021 5:00,47,804
6/14/2021 5:05,47,806
6/14/2021 5:10,47,813
6/14/2021 5:15,47,813
6/14/2021 5:20,47,816
6/14/2021 5:25,47,820
6/14/2021 5:30,47,823
6/14/2021 5:35,47,828
6/14/2021 5:40,47,829
6/14/2021 5:45,47,831
6/14/2021 5:50,47,837
6/14/2021 5:55,47,840
6/14/2021 6:00,47,842
6/14/2021 6:05,47,844
6/14/2021 6:10,47,848
6/14/2021 6:15,47,850
6/14/2021 6:20,47,851
6/14/2021 6:25,47,854
6/14/2021 6:30,47,858
6/14/2021 6:35,47,861
6/14/2021 6:40,47,864
6/14/2021 6:45,47,865
6/14/2021 6:50,47,867
6/14/2021 6:55,47,871
6/14/2021 7:00,47,873
6/14/2021 7:05,47,876
6/14/2021 7:10,47,876
6/14/2021 7:15,47,880
6/14/2021 7:20,47,878
6/14/2021 7:25,47,883
6/14/2021 7:30,47,884
6/14/2021 7:35,47,885
6/14/2021 7:40,47,886
6/14/2021 7:45,47,890
6/14/2021 7:50,47,889
6/14/2021 7:55,47,893
6/14/2021 8:00,47,892
6/14/2021 8:05,47,895
6/14/2021 8:10,47,897
6/14/2021 8:15,47,900
6/14/2021 8:20,47,901
6/14/2021 8:25,47,901
6/14/2021 8:30,47,901
6/14/2021 8:35,47,904
6/14/2021 8:40,47,906
6/14/2021 8:45,47,912
6/14/2021 8:50,47,912
6/14/2021 8:55,47,919
6/14/2021 9:00,47,915
6/14/2021 9:05,47,916
6/14/2021 9:10,47,916
6/14/2021 9:15,47,921
6/14/2021 9:20,47,921
6/14/2021 9:25,47,920
6/14/2021 9:30,47,919
6/14/2021 9:35,47,921
6/14/2021 9:40,47,925
6/14/2021 9:45,47,927
6/14/2021 9:50,47,916
6/14/2021 9:55,47,918
6/14/2021 10:00,47,922
6/14/2021 10:05,47,921
6/14/2021 10:10,47,929
6/14/2021 10:15,47,925
6/14/2021 10:20,47,931
6/14/2021 10:25,47,932
6/14/2021 10:30,47,933
6/14/2021 10:35,47,934
6/14/2021 10:40,47,932
6/14/2021 10:45,47,930
6/14/2021 10:50,47,931
6/14/2021 10:55,47,936
6/14/2021 11:00,47,933
6/14/2021 11:05,47,934
6/14/2021 11:10,47,933
6/14/2021 11:15,47,932
6/14/2021 11:20,47,928
6/14/2021 11:25,47,932
6/14/2021 11:30,47,936
6/14/2021 11:35,47,934
6/14/2021 11:40,47,933
6/14/2021 11:45,47,935
6/14/2021 11:50,47,933
6/14/2021 11:55,47,935
6/14/2021 12:00,47,941
6/14/2021 12:05,47,937
6/14/2021 12:10,47,937
6/14/2021 12:15,47,934
6/14/2021 12:20,47,935
6/14/2021 12:25,47,939
6/14/2021 12:30,47,939
6/14/2021 12:35,47,934
6/14/2021 12:40,47,933
6/14/2021 12:45,47,933
6/14/2021 12:50,47,931
6/14/2021 12:55,47,930
6/14/2021 13:00,47,930
6/14/2021 13:05,47,928
6/14/2021 13:10,47,927
6/14/2021 13:15,47,927
6/14/2021 13:20,47,928
6/14/2021 13:25,47,926
6/14/2021 13:30,47,924
6/14/2021 13:35,47,925
6/14/2021 13:40,47,926
6/14/2021 13:45,47,927
6/14/2021 13:50,47,921
6/14/2021 13:55,47,922
6/14/2021 14:00,47,923
6/14/2021 14:05,47,916
6/14/2021 14:10,47,921
6/14/2021 14:15,47,922
6/14/2021 14:20,47,918
6/14/2021 14:25,47,917
6/14/2021 14:30,47,912
6/14/2021 14:35,47,910
6/14/2021 14:40,47,909
6/14/2021 14:45,47,906
6/14/2021 14:50,47,905
6/14/2021 14:55,47,904
6/14/2021 15:00,47,906
6/14/2021 15:05,47,902
6/14/2021 15:10,47,898
6/14/2021 15:15,47,894
6/14/2021 15:20,47,896
6/14/2021 15:25,47,896
6/14/2021 15:30,47,890
6/14/2021 15:35,47,887
6/14/2021 15:40,47,886
6/14/2021 15:45,47,882
6/14/2021 15:50,47,882
6/14/2021 15:55,47,881
6/14/2021 16:00,47,879
6/14/2021 16:05,47,873
6/14/2021 16:10,47,874
6/14/2021 16:15,47,883
6/14/2021 16:20,47,880
6/14/2021 16:25,47,879
6/14/2021 16:30,47,873
6/14/2021 16:35,47,869
6/14/2021 16:40,47,867
6/14/2021 16:45,47,866
6/14/2021 16:50,47,864
6/14/2021 16:55,47,861
6/14/2021 17:00,47,861
6/14/2021 17:05,47,859
6/14/2021 17:10,47,858
6/14/2021 17:15,47,857
6/14/2021 17:20,47,859
6/14/2021 17:25,47,850
6/14/2021 17:30,47,844
6/14/2021 17:35,47,846
6/14/2021 17:40,47,844
6/14/2021 17:45,47,837
6/14/2021 17:50,47,839
6/14/2021 17:55,47,839
6/14/2021 18:00,47,836
6/14/2021 18:05,47,838
6/14/2021 18:10,47,830
6/14/2021 18:15,47,833
6/14/2021 18:20,47,832
6/14/2021 18:25,47,827
6/14/2021 18:30,47,821
6/14/2021 18:35,47,825
6/14/2021 18:40,47,819
6/14/2021 18:45,47,817
6/14/2021 18:50,47,816
6/14/2021 18:55,47,813
6/14/2021 19:00,47,813
6/14/2021 19:05,47,811
6/14/2021 19:10,47,814
6/14/2021 19:15,47,810
6/14/2021 19:20,47,806
6/14/2021 19:25,47,804
6/14/2021 19:30,47,806
6/14/2021 19:35,47,801
6/14/2021 19:40,47,799
6/14/2021 19:45,47,795
6/14/2021 19:50,47,795
6/14/2021 19:55,47,794
6/14/2021 20:00,47,791
6/14/2021 20:05,47,793
6/14/2021 20:10,47,787
6/14/2021 20:15,47,786
6/14/2021 20:20,47,783
6/14/2021 20:25,47,781
6/14/2021 20:30,47,780
6/14/2021 20:35,47,777
6/14/2021 20:40,47,777
6/14/2021 20:45,47,777
6/14/2021 20:50,47,775
6/14/2021 20:55,47,774
6/14/2021 21:00,47,770
6/14/2021 21:05,47,769
6/14/2021 21:10,47,766
6/14/2021 21:15,47,767
6/14/2021 21:20,47,763
6/14/2021 21:25,47,766
6/14/2021 21:30,47,764
6/14/2021 21:35,47,762
6/14/2021 21:40,47,760
6/14/2021 21:45,47,761
6/14/2021 21:50,47,758
6/14/2021 21:55,47,759
6/14/2021 22:00,47,756
6/14/2021 22:05,47,756
6/14/2021 22:10,47,752
6/14/2021 22:15,47,752
6/14/2021 22:20,47,751
6/14/2021 22:25,47,749
6/14/2021 22:30,47,746
6/14/2021 22:35,47,748
6/14/2021 22:40,47,750
6/14/2021 22:45,47,746
6/14/2021 22:50,47,744
6/14/2021 22:55,47,746
6/14/2021 23:00,47,742
6/14/2021 23:05,47,741
6/14/2021 23:10,47,739
6/14/2021 23:15,47,741
6/14/2021 23:20,47,737
6/14/2021 23:25,47,739
6/14/2021 23:30,47,735
6/14/2021 23:35,47,735
6/14/2021 23:40,47,734
6/14/2021 23:45,47,731
6/14/2021 23:50,47,731
6/14/2021 23:55,47,733
6/15/2021 0:00,47,730
6/15/2021 0:05,47,726
6/15/2021 0:10,47,727
6/15/2021 0:15,47,725
6/15/2021 0:20,47,730
6/15/2021 0:25,47,726
6/15/2021 0:30,47,723
6/15/2021 0:35,47,722
6/15/2021 0:40,47,721
6/15/2021 0:45,47,721
6/15/2021 0:50,47,723
6/15/2021 0:55,47,722
6/15/2021 1:00,47,719
6/15/2021 1:05,47,719
6/15/2021 1:10,47,717
6/15/2021 1:15,47,718
6/15/2021 1:20,47,717
6/15/2021 1:25,47,713
6/15/2021 1:30,47,716
6/15/2021 1:35,47,715
6/15/2021 1:40,47,714
6/15/2021 1:45,47,715
6/15/2021 1:50,47,715
6/15/2021 1:55,47,712
6/15/2021 2:00,47,713
6/15/2021 2:05,47,711
6/15/2021 2:10,47,710
6/15/2021 2:15,47,708
6/15/2021 2:20,47,713
6/15/2021 2:25,47,709
6/15/2021 2:30,47,710
6/15/2021 2:35,47,710
6/15/2021 2:40,47,708
6/15/2021 2:45,47,707
6/15/2021 2:50,47,707
6/15/2021 2:55,47,709
6/15/2021 3:00,47,709
6/15/2021 3:05,47,707
6/15/2021 3:10,47,704
6/15/2021 3:15,47,704
6/15/2021 3:20,47,701
6/15/2021 3:25,47,706
6/15/2021 3:30,47,701
6/15/2021 3:35,47,702
6/15/2021 3:40,47,700
6/15/2021 3:45,47,701
6/15/2021 3:50,47,701
6/15/2021 3:55,47,699
6/15/2021 4:00,47,699
6/15/2021 4:05,47,699
6/15/2021 4:10,47,698
6/15/2021 4:15,47,698
6/15/2021 4:20,47,697
6/15/2021 4:25,47,698
6/15/2021 4:30,47,697
6/15/2021 4:35,47,695
6/15/2021 4:40,47,694
6/15/2021 4:45,47,694
6/15/2021 4:50,47,695
6/15/2021 4:55,47,693
6/15/2021 5:00,47,693
6/15/2021 5:05,47,692
6/15/2021 5:10,47,692
6/15/2021 5:15,47,691
6/15/2021 5:20,47,691
6/15/2021 5:25,47,691
6/15/2021 5:30,47,691
6/15/2021 5:35,47,688
6/15/2021 5:40,47,689
6/15/2021 5:45,47,689
6/15/2021 5:50,47,690
6/15/2021 5:55,47,689
6/15/2021 6:00,47,686
6/15/2021 6:05,47,687
6/15/2021 6:10,47,689
6/15/2021 6:15,47,686
6/15/2021 6:20,47,687
6/15/2021 6:25,47,685
6/15/2021 6:30,47,686
6/15/2021 6:35,47,685
6/15/2021 6:40,47,685
6/15/2021 6:45,47,684
6/15/2021 6:50,47,683
6/15/2021 6:55,47,681
6/15/2021 7:00,47,686
6/15/2021 7:05,47,682
6/15/2021 7:10,47,681
6/15/2021 7:15,47,678
6/15/2021 7:20,47,678
6/15/2021 7:25,47,678
6/15/2021 7:30,47,677
6/15/2021 7:35,47,679
6/15/2021 7:40,47,676
6/15/2021 7:45,47,674
6/15/2021 7:50,47,677
6/15/2021 7:55,47,674
6/15/2021 8:00,47,677
6/15/2021 8:05,47,673
6/15/2021 8:10,47,672
6/15/2021 8:15,47,671
6/15/2021 8:20,47,671
6/15/2021 8:25,47,670
6/15/2021 8:30,47,671
6/15/2021 8:35,47,668
6/15/2021 8:40,47,668
6/15/2021 8:45,47,671
6/15/2021 8:50,47,669
6/15/2021 8:55,47,666
6/15/2021 9:00,47,666
6/15/2021 9:05,47,665
6/15/2021 9:10,47,663
6/15/2021 9:15,47,661
6/15/2021 9:20,47,661
6/15/2021 9:25,47,661
6/15/2021 9:30,47,662
6/15/2021 9:35,47,657
6/15/2021 9:40,47,656
6/15/2021 9:45,47,655
6/15/2021 9:50,47,655
6/15/2021 9:55,47,653
6/15/2021 10:00,47,654
6/15/2021 10:05,47,653
6/15/2021 10:10,47,653
6/15/2021 10:15,47,652
6/15/2021 10:20,47,650
6/15/2021 10:25,47,650
6/15/2021 10:30,47,647
6/15/2021 10:35,47,646
6/15/2021 10:40,47,644
6/15/2021 10:45,47,641
6/15/2021 10:50,47,645
6/15/2021 10:55,47,644
6/15/2021 11:00,47,642
6/15/2021 11:05,47,642
6/15/2021 11:10,47,643
6/15/2021 11:15,47,639
6/15/2021 11:20,47,637
6/15/2021 11:25,47,634
6/15/2021 11:30,47,635
6/15/2021 11:35,47,634
6/15/2021 11:40,47,634
6/15/2021 11:45,47,633
6/15/2021 11:50,47,633
6/15/2021 11:55,47,633
6/15/2021 12:00,47,630
6/15/2021 12:05,47,629
6/15/2021 12:10,47,629
6/15/2021 12:15,47,629
6/15/2021 12:20,47,629
6/15/2021 12:25,47,627
6/15/2021 12:30,47,627
6/15/2021 12:35,47,627
6/15/2021 12:40,47,625
6/15/2021 12:45,47,623
6/15/2021 12:50,47,623
6/15/2021 12:55,47,621
6/15/2021 13:00,47,621
6/15/2021 13:05,47,617
6/15/2021 13:10,47,619
6/15/2021 13:15,47,615
6/15/2021 13:20,47,617
6/15/2021 13:25,47,614
6/15/2021 13:30,47,613
6/15/2021 13:35,47,611
6/15/2021 13:40,47,610
6/15/2021 13:45,47,611
6/15/2021 13:50,47,609
6/15/2021 13:55,47,605
6/15/2021 14:00,47,604
6/15/2021 14:05,47,606
6/15/2021 14:10,47,606
6/15/2021 14:15,47,602
6/15/2021 14:20,47,604
6/15/2021 14:25,47,600
6/15/2021 14:30,47,602
6/15/2021 14:35,47,599
6/15/2021 14:40,47,601
6/15/2021 14:45,47,599
6/15/2021 14:50,47,599
6/15/2021 14:55,47,598
6/15/2021 15:00,47,597
6/15/2021 15:05,47,595
6/15/2021 15:10,47,594
6/15/2021 15:15,47,594
6/15/2021 15:20,47,595
6/15/2021 15:25,47,591
6/15/2021 15:30,47,591
6/15/2021 15:35,47,591
6/15/2021 15:40,47,589
6/15/2021 15:45,47,589
6/15/2021 15:50,47,588
6/15/2021 15:55,47,587
6/15/2021 16:00,47,585
6/15/2021 16:05,47,585
6/15/2021 16:10,47,584
6/15/2021 16:15,47,583
6/15/2021 16:20,47,583
6/15/2021 16:25,47,583
6/15/2021 16:30,47,581
6/15/2021 16:35,47,582
6/15/2021 16:40,47,579
6/15/2021 16:45,47,579
6/15/2021 16:50,47,579
6/15/2021 16:55,47,579
6/15/2021 17:00,47,577
6/15/2021 17:05,47,578
6/15/2021 17:10,47,579
6/15/2021 17:15,47,576
6/15/2021 17:20,47,575
6/15/2021 17:25,47,575
6/15/2021 17:30,47,576
6/15/2021 17:35,47,573
6/15/2021 17:40,47,573
6/15/2021 17:45,47,572
6/15/2021 17:50,47,571
6/15/2021 17:55,47,572
6/15/2021 18:00,47,570
6/15/2021 18:05,47,570
6/15/2021 18:10,47,571
6/15/2021 18:15,47,569
6/15/2021 18:20,47,568
6/15/2021 18:25,47,567
6/15/2021 18:30,47,569
6/15/2021 18:35,47,566
6/15/2021 18:40,47,567
6/15/2021 18:45,47,567
6/15/2021 18:50,47,565
6/15/2021 18:55,47,564
6/15/2021 19:00,47,565
6/15/2021 19:05,47,561
6/15/2021 19:10,47,564
6/15/2021 19:15,47,564
6/15/2021 19:20,47,562
6/15/2021 19:25,47,561
6/15/2021 19:30,47,561
6/15/2021 19:35,47,558
6/15/2021 19:40,47,560
6/15/2021 19:45,47,560
6/15/2021 19:50,47,559
6/15/2021 19:55,47,559
6/15/2021 20:00,47,560
6/15/2021 20:05,47,559
6/15/2021 20:10,47,559
6/15/2021 20:15,47,558
6/15/2021 20:20,47,559
6/15/2021 20:25,47,557
6/15/2021 20:30,47,557
6/15/2021 20:35,47,557
6/15/2021 20:40,47,557
6/15/2021 20:45,47,557
6/15/2021 20:50,47,553
6/15/2021 20:55,47,555
6/15/2021 21:00,47,555
6/15/2021 21:05,47,556
6/15/2021 21:10,47,554
6/15/2021 21:15,47,555
6/15/2021 21:20,47,552
6/15/2021 21:25,47,553
6/15/2021 21:30,47,553
6/15/2021 21:35,47,555
6/15/2021 21:40,47,554
6/15/2021 21:45,47,552
6/15/2021 21:50,47,552
6/15/2021 21:55,47,552
6/15/2021 22:00,47,553
6/15/2021 22:05,47,552
6/15/2021 22:10,47,553
6/15/2021 22:15,47,552
6/15/2021 22:20,47,551
6/15/2021 22:25,47,552
6/15/2021 22:30,47,550
6/15/2021 22:35,47,551
6/15/2021 22:40,47,549
6/15/2021 22:45,47,551
6/15/2021 22:50,47,549
6/15/2021 22:55,47,549
6/15/2021 23:00,47,549
6/15/2021 23:05,47,549
6/15/2021 23:10,47,548
6/15/2021 23:15,47,549
6/15/2021 23:20,47,551
6/15/2021 23:25,47,550
6/15/2021 23:30,47,548
6/15/2021 23:35,47,550
6/15/2021 23:40,47,552
6/15/2021 23:45,47,547
6/15/2021 23:50,47,549
6/15/2021 23:55,47,549
6/16/2021 0:00,47,547
6/16/2021 0:05,47,549
6/16/2021 0:10,47,546
6/16/2021 0:15,47,546
6/16/2021 0:20,47,549
6/16/2021 0:25,47,547
6/16/2021 0:30,47,548
6/16/2021 0:35,47,547
6/16/2021 0:40,47,548
6/16/2021 0:45,47,546
6/16/2021 0:50,47,546
6/16/2021 0:55,47,547
6/16/2021 1:00,47,546
6/16/2021 1:05,47,547
6/16/2021 1:10,47,546
6/16/2021 1:15,47,546
6/16/2021 1:20,47,546
6/16/2021 1:25,47,546
6/16/2021 1:30,47,544
6/16/2021 1:35,47,545
6/16/2021 1:40,47,544
6/16/2021 1:45,47,546
6/16/2021 1:50,47,546
6/16/2021 1:55,47,546
6/16/2021 2:00,47,546
6/16/2021 2:05,47,548
6/16/2021 2:10,47,547
6/16/2021 2:15,47,548
6/16/2021 2:20,47,548
6/16/2021 2:25,47,544
6/16/2021 2:30,47,547
6/16/2021 2:35,47,549
6/16/2021 2:40,47,547
6/16/2021 2:45,47,547
6/16/2021 2:50,47,546
6/16/2021 2:55,47,545
6/16/2021 3:00,47,546
6/16/2021 3:05,47,545
6/16/2021 3:10,47,544
6/16/2021 3:15,47,544
6/16/2021 3:20,47,545
6/16/2021 3:25,47,544
6/16/2021 3:30,47,547
6/16/2021 3:35,47,546
6/16/2021 3:40,47,545
6/16/2021 3:45,47,544
6/16/2021 3:50,47,544
6/16/2021 3:55,47,545
6/16/2021 4:00,47,542
6/16/2021 4:05,47,545
6/16/2021 4:10,47,541
6/16/2021 4:15,47,544
6/16/2021 4:20,47,543
6/16/2021 4:25,47,540
6/16/2021 4:30,47,541
6/16/2021 4:35,47,544
6/16/2021 4:40,47,540
6/16/2021 4:45,47,541
6/16/2021 4:50,47,540
6/16/2021 4:55,47,540
6/16/2021 5:00,47,540
6/16/2021 5:05,47,541
6/16/2021 5:10,47,540
6/16/2021 5:15,47,540
6/16/2021 5:20,47,538
6/16/2021 5:25,47,538
6/16/2021 5:30,47,535
6/16/2021 5:35,47,536
6/16/2021 5:40,47,534
6/16/2021 5:45,47,536
6/16/2021 5:50,47,536
6/16/2021 5:55,47,535
6/16/2021 6:00,47,535
6/16/2021 6:05,47,536
6/16/2021 6:10,47,534
6/16/2021 6:15,47,534
6/16/2021 6:20,47,534
6/16/2021 6:25,47,533
6/16/2021 6:30,47,532
6/16/2021 6:35,47,531
6/16/2021 6:40,47,530
6/16/2021 6:45,47,530
6/16/2021 6:50,47,530
6/16/2021 6:55,47,529
6/16/2021 7:00,47,530
6/16/2021 7:05,47,529
6/16/2021 7:10,47,528
6/16/2021 7:15,47,527
6/16/2021 7:20,47,529
6/16/2021 7:25,47,527
6/16/2021 7:30,47,526
6/16/2021 7:35,47,525
6/16/2021 7:40,47,526
6/16/2021 7:45,47,525
6/16/2021 7:50,47,524
6/16/2021 7:55,47,524
6/16/2021 8:00,47,524
6/16/2021 8:05,47,523
6/16/2021 8:10,47,522
6/16/2021 8:15,47,523
6/16/2021 8:20,47,521
6/16/2021 8:25,47,523
6/16/2021 8:30,47,521
6/16/2021 8:35,47,520
6/16/2021 8:40,47,518
6/16/2021 8:45,47,519
6/16/2021 8:50,47,518
6/16/2021 8:55,47,517
6/16/2021 9:00,47,517
6/16/2021 9:05,47,516
6/16/2021 9:10,47,515
6/16/2021 9:15,47,513
6/16/2021 9:20,47,514
6/16/2021 9:25,47,513
6/16/2021 9:30,47,511
6/16/2021 9:35,47,510
6/16/2021 9:40,47,511
6/16/2021 9:45,47,512
6/16/2021 9:50,47,508
6/16/2021 9:55,47,510
6/16/2021 10:00,47,509
6/16/2021 10:05,47,510
6/16/2021 10:10,47,507
6/16/2021 10:15,47,505
6/16/2021 10:20,47,507
6/16/2021 10:25,47,506
6/16/2021 10:30,47,505
6/16/2021 10:35,47,503
6/16/2021 10:40,47,501
6/16/2021 10:45,47,503
6/16/2021 10:50,47,502
6/16/2021 10:55,47,502
6/16/2021 11:00,47,499
6/16/2021 11:05,47,500
6/16/2021 11:10,47,498
6/16/2021 11:15,47,497
6/16/2021 11:20,47,497
6/16/2021 11:25,47,496
6/16/2021 11:30,47,495
6/16/2021 11:35,47,494
6/16/2021 11:40,47,496
6/16/2021 11:45,47,494
6/16/2021 11:50,47,492
6/16/2021 11:55,47,491
6/16/2021 12:00,47,492
6/16/2021 12:05,47,491
6/16/2021 12:10,47,490
6/16/2021 12:15,47,490
6/16/2021 12:20,47,490
6/16/2021 12:25,47,487
6/16/2021 12:30,47,487
6/16/2021 12:35,47,486
6/16/2021 12:40,47,486
6/16/2021 12:45,47,484
6/16/2021 12:50,47,484
6/16/2021 12:55,47,483
6/16/2021 13:00,47,483
6/16/2021 13:05,47,480
6/16/2021 13:10,47,480
6/16/2021 13:15,47,480
6/16/2021 13:20,47,479
6/16/2021 13:25,47,478
6/16/2021 13:30,47,478
6/16/2021 13:35,47,477
6/16/2021 13:40,47,476
6/16/2021 13:45,47,475
6/16/2021 13:50,47,475
6/16/2021 13:55,47,474
6/16/2021 14:00,47,471
6/16/2021 14:05,47,471
6/16/2021 14:10,47,473
6/16/2021 14:15,47,471
6/16/2021 14:20,47,470
6/16/2021 14:25,47,468
6/16/2021 14:30,47,470
6/16/2021 14:35,47,468
6/16/2021 14:40,47,468
6/16/2021 14:45,47,467
6/16/2021 14:50,47,464
6/16/2021 14:55,47,465
6/16/2021 15:00,47,466
6/16/2021 15:05,47,464
6/16/2021 15:10,47,463
6/16/2021 15:15,47,465
6/16/2021 15:20,47,463
6/16/2021 15:25,47,463
6/16/2021 15:30,47,461
6/16/2021 15:35,47,462
6/16/2021 15:40,47,461
6/16/2021 15:45,47,461
6/16/2021 15:50,47,460
6/16/2021 15:55,47,457
6/16/2021 16:00,47,457
6/16/2021 16:05,47,457
6/16/2021 16:10,47,456
6/16/2021 16:15,47,455
6/16/2021 16:20,47,457
6/16/2021 16:25,47,453
6/16/2021 16:30,47,453
6/16/2021 16:35,47,453
6/16/2021 16:40,47,452
6/16/2021 16:45,47,452
6/16/2021 16:50,47,452
6/16/2021 16:55,47,450
6/16/2021 17:00,47,449
6/16/2021 17:05,47,448
6/16/2021 17:10,47,447
6/16/2021 17:15,47,446
6/16/2021 17:20,47,447
6/16/2021 17:25,47,447
6/16/2021 17:30,47,447
6/16/2021 17:35,47,446
6/16/2021 17:40,47,446
6/16/2021 17:45,47,445
6/16/2021 17:50,47,444
6/16/2021 17:55,47,444
6/16/2021 18:00,47,444
6/16/2021 18:05,47,443
6/16/2021 18:10,47,443
6/16/2021 18:15,47,442
6/16/2021 18:20,47,442
6/16/2021 18:25,47,443
6/16/2021 18:30,47,442
6/16/2021 18:35,47,442
6/16/2021 18:40,47,441
6/16/2021 18:45,47,440
6/16/2021 18:50,47,438
6/16/2021 18:55,47,438
6/16/2021 19:00,47,439
6/16/2021 19:05,47,439
6/16/2021 19:10,47,438
6/16/2021 19:15,47,437
6/16/2021 19:20,47,438
6/16/2021 19:25,47,437
6/16/2021 19:30,47,437
6/16/2021 19:35,47,437
6/16/2021 19:40,47,437
6/16/2021 19:45,47,437
6/16/2021 19:50,47,437
6/16/2021 19:55,47,436
6/16/2021 20:00,47,435
6/16/2021 20:05,47,435
6/16/2021 20:10,47,435
6/16/2021 20:15,47,435
6/16/2021 20:20,47,435
6/16/2021 20:25,47,434
6/16/2021 20:30,47,436
6/16/2021 20:35,47,436
6/16/2021 20:40,47,434
6/16/2021 20:45,47,436
6/16/2021 20:50,47,435
6/16/2021 20:55,47,435
6/16/2021 21:00,47,437
6/16/2021 21:05,47,436
6/16/2021 21:10,47,435
6/16/2021 21:15,47,436
6/16/2021 21:20,47,436
6/16/2021 21:25,47,436
6/16/2021 21:30,47,436
6/16/2021 21:35,47,436
6/16/2021 21:40,47,436
6/16/2021 21:45,47,436
6/16/2021 21:50,47,436
6/16/2021 21:55,47,436
6/16/2021 22:00,47,435
6/16/2021 22:05,47,436
6/16/2021 22:10,47,435
6/16/2021 22:15,47,436
6/16/2021 22:20,47,437
6/16/2021 22:25,47,440
6/16/2021 22:30,47,438
6/16/2021 22:35,47,438
6/16/2021 22:40,47,438
6/16/2021 22:45,47,440
6/16/2021 22:50,47,439
6/16/2021 22:55,47,440
6/16/2021 23:00,47,441
6/16/2021 23:05,47,440
6/16/2021 23:10,47,440
6/16/2021 23:15,47,441
6/16/2021 23:20,47,440
6/16/2021 23:25,47,441
6/16/2021 23:30,47,441
6/16/2021 23:35,47,442
6/16/2021 23:40,47,442
6/16/2021 23:45,47,442
6/16/2021 23:50,47,441
6/16/2021 23:55,47,443
6/17/2021 0:00,47,444
6/17/2021 0:05,47,445
6/17/2021 0:10,47,445
6/17/2021 0:15,47,445
6/17/2021 0:20,47,446
6/17/2021 0:25,47,445
6/17/2021 0:30,47,446
6/17/2021 0:35,47,446
6/17/2021 0:40,47,449
6/17/2021 0:45,47,448
6/17/2021 0:50,47,447
6/17/2021 0:55,47,450
6/17/2021 1:00,47,449
6/17/2021 1:05,47,450
6/17/2021 1:10,47,449
6/17/2021 1:15,47,451
6/17/2021 1:20,47,452
6/17/2021 1:25,47,452
6/17/2021 1:30,47,453
6/17/2021 1:35,47,453
6/17/2021 1:40,47,454
6/17/2021 1:45,47,454
6/17/2021 1:50,47,455
6/17/2021 1:55,47,455
6/17/2021 2:00,47,457
6/17/2021 2:05,47,456
6/17/2021 2:10,47,457
6/17/2021 2:15,47,459
6/17/2021 2:20,47,456
6/17/2021 2:25,47,458
6/17/2021 2:30,47,458
6/17/2021 2:35,47,459
6/17/2021 2:40,47,458
6/17/2021 2:45,47,461
6/17/2021 2:50,47,462
6/17/2021 2:55,47,461
6/17/2021 3:00,47,461
6/17/2021 3:05,47,462
6/17/2021 3:10,47,462
6/17/2021 3:15,47,462
6/17/2021 3:20,47,464
6/17/2021 3:25,47,464
6/17/2021 3:30,47,464
6/17/2021 3:35,47,465
6/17/2021 3:40,47,466
6/17/2021 3:45,47,466
6/17/2021 3:50,47,465
6/17/2021 3:55,47,465
6/17/2021 4:00,47,467
6/17/2021 4:05,47,466
6/17/2021 4:10,47,468
6/17/2021 4:15,47,467
6/17/2021 4:20,47,468
6/17/2021 4:25,47,468
6/17/2021 4:30,47,468
6/17/2021 4:35,47,469
6/17/2021 4:40,47,469
6/17/2021 4:45,47,469
6/17/2021 4:50,47,469
6/17/2021 4:55,47,469
6/17/2021 5:00,47,470
6/17/2021 5:05,47,470
6/17/2021 5:10,47,469
6/17/2021 5:15,47,470
6/17/2021 5:20,47,470
6/17/2021 5:25,47,470
6/17/2021 5:30,47,472
6/17/2021 5:35,47,471
6/17/2021 5:40,47,472
6/17/2021 5:45,47,470
6/17/2021 5:50,47,470
6/17/2021 5:55,47,470
6/17/2021 6:00,47,470
6/17/2021 6:05,47,468
6/17/2021 6:10,47,468
6/17/2021 6:15,47,469
6/17/2021 6:20,47,469
6/17/2021 6:25,47,469
6/17/2021 6:30,47,470
6/17/2021 6:35,47,468
6/17/2021 6:40,47,467
6/17/2021 6:45,47,469
6/17/2021 6:50,47,470
6/17/2021 6:55,47,468
6/17/2021 7:00,47,467
6/17/2021 7:05,47,467
6/17/2021 7:10,47,466
6/17/2021 7:15,47,466
6/17/2021 7:20,47,465
6/17/2021 7:25,47,467
6/17/2021 7:30,47,466
6/17/2021 7:35,47,464
6/17/2021 7:40,47,464
6/17/2021 7:45,47,465
6/17/2021 7:50,47,464
6/17/2021 7:55,47,464
6/17/2021 8:00,47,462
6/17/2021 8:05,47,461
6/17/2021 8:10,47,461
6/17/2021 8:15,47,462
6/17/2021 8:20,47,461
6/17/2021 8:25,47,459
6/17/2021 8:30,47,459
6/17/2021 8:35,47,459
6/17/2021 8:40,47,458
6/17/2021 8:45,47,459
6/17/2021 8:50,47,458
6/17/2021 8:55,47,457
6/17/2021 9:00,47,455
6/17/2021 9:05,47,455
6/17/2021 9:10,47,455
6/17/2021 9:15,47,454
6/17/2021 9:20,47,453
6/17/2021 9:25,47,451
6/17/2021 9:30,47,451
6/17/2021 9:35,47,452
6/17/2021 9:40,47,450
6/17/2021 9:45,47,450
6/17/2021 9:50,47,449
6/17/2021 9:55,47,447
6/17/2021 10:00,47,450
6/17/2021 10:05,47,447
6/17/2021 10:10,47,447
6/17/2021 10:15,47,446
6/17/2021 10:20,47,444
6/17/2021 10:25,47,444
6/17/2021 10:30,47,443
6/17/2021 10:35,47,444
6/17/2021 10:40,47,443
6/17/2021 10:45,47,442
6/17/2021 10:50,47,442
6/17/2021 10:55,47,442
6/17/2021 11:00,47,441
6/17/2021 11:05,47,441
6/17/2021 11:10,47,439
6/17/2021 11:15,47,439
6/17/2021 11:20,47,438
6/17/2021 11:25,47,436
6/17/2021 11:30,47,436
6/17/2021 11:35,47,435
6/17/2021 11:40,47,435
6/17/2021 11:45,47,434
6/17/2021 11:50,47,432
6/17/2021 11:55,47,432
6/17/2021 12:00,47,430
6/17/2021 12:05,47,430
6/17/2021 12:10,47,430
6/17/2021 12:15,47,428
6/17/2021 12:20,47,429
6/17/2021 12:25,47,427
6/17/2021 12:30,47,427
6/17/2021 12:35,47,426
6/17/2021 12:40,47,425
6/17/2021 12:45,47,424
6/17/2021 12:50,47,424
6/17/2021 12:55,47,423
6/17/2021 13:00,47,423
6/17/2021 13:05,47,421
6/17/2021 13:10,47,421
6/17/2021 13:15,47,420
6/17/2021 13:20,47,419
6/17/2021 13:25,47,418
6/17/2021 13:30,47,418
6/17/2021 13:35,47,418
6/17/2021 13:40,47,417
6/17/2021 13:45,47,416
6/17/2021 13:50,47,416
6/17/2021 13:55,47,413
6/17/2021 14:00,47,414
6/17/2021 14:05,47,414
6/17/2021 14:10,47,413
6/17/2021 14:15,47,412
6/17/2021 14:20,47,412
6/17/2021 14:25,47,411
6/17/2021 14:30,47,409
6/17/2021 14:35,47,409
6/17/2021 14:40,47,409
6/17/2021 14:45,47,407
6/17/2021 14:50,47,406
6/17/2021 14:55,47,408
6/17/2021 15:00,47,407
6/17/2021 15:05,47,405
6/17/2021 15:10,47,406
6/17/2021 15:15,47,404
6/17/2021 15:20,47,403
6/17/2021 15:25,47,404
6/17/2021 15:30,47,402
6/17/2021 15:35,47,402
6/17/2021 15:40,47,401
6/17/2021 15:45,47,400
6/17/2021 15:50,47,399
6/17/2021 15:55,47,400
6/17/2021 16:00,47,399
6/17/2021 16:05,47,399
6/17/2021 16:10,47,398
6/17/2021 16:15,47,398
6/17/2021 16:20,47,398
6/17/2021 16:25,47,397
6/17/2021 16:30,47,397
6/17/2021 16:35,47,397
6/17/2021 16:40,47,396
6/17/2021 16:45,47,396
6/17/2021 16:50,47,396
6/17/2021 16:55,47,395
6/17/2021 17:00,47,394
6/17/2021 17:05,47,394
6/17/2021 17:10,47,394
6/17/2021 17:15,47,394
6/17/2021 17:20,47,394
6/17/2021 17:25,47,393
6/17/2021 17:30,47,392
6/17/2021 17:35,47,392
6/17/2021 17:40,47,392
6/17/2021 17:45,47,392
6/17/2021 17:50,47,391
6/17/2021 17:55,47,392
6/17/2021 18:00,47,391
6/17/2021 18:05,47,391
6/17/2021 18:10,47,390
6/17/2021 18:15,47,392
6/17/2021 18:20,47,390
6/17/2021 18:25,47,390
6/17/2021 18:30,47,391
6/17/2021 18:35,47,391
6/17/2021 18:40,47,390
6/17/2021 18:45,47,390
6/17/2021 18:50,47,390
6/17/2021 18:55,47,389
6/17/2021 19:00,47,390
6/17/2021 19:05,47,389
6/17/2021 19:10,47,391
6/17/2021 19:15,47,390
6/17/2021 19:20,47,389
6/17/2021 19:25,47,389
6/17/2021 19:30,47,390
6/17/2021 19:35,47,390
6/17/2021 19:40,47,390
6/17/2021 19:45,47,391
6/17/2021 19:50,47,391
6/17/2021 19:55,47,391
6/17/2021 20:00,47,391
6/17/2021 20:05,47,391
6/17/2021 20:10,47,392
6/17/2021 20:15,47,391
6/17/2021 20:20,47,391
6/17/2021 20:25,47,392
6/17/2021 20:30,47,394
6/17/2021 20:35,47,394
6/17/2021 20:40,47,393
6/17/2021 20:45,47,394
6/17/2021 20:50,47,393
6/17/2021 20:55,47,395
6/17/2021 21:00,47,394
6/17/2021 21:05,47,395
6/17/2021 21:10,47,395
6/17/2021 21:15,47,396
6/17/2021 21:20,47,396
6/17/2021 21:25,47,398
6/17/2021 21:30,47,396
6/17/2021 21:35,47,398
6/17/2021 21:40,47,397
6/17/2021 21:45,47,397
6/17/2021 21:50,47,398
6/17/2021 21:55,47,398
6/17/2021 22:00,47,399
6/17/2021 22:05,47,400
6/17/2021 22:10,47,400
6/17/2021 22:15,47,400
6/17/2021 22:20,47,400
6/17/2021 22:25,47,401
6/17/2021 22:30,47,401
6/17/2021 22:35,47,401
6/17/2021 22:40,47,401
6/17/2021 22:45,47,402
6/17/2021 22:50,47,402
6/17/2021 22:55,47,403
6/17/2021 23:00,47,403
6/17/2021 23:05,47,404
6/17/2021 23:10,47,404
6/17/2021 23:15,47,403
6/17/2021 23:20,47,405
6/17/2021 23:25,47,406
6/17/2021 23:30,47,406
6/17/2021 23:35,47,406
6/17/2021 23:40,47,406
6/17/2021 23:45,47,408
6/17/2021 23:50,47,409
6/17/2021 23:55,47,409
6/18/2021 0:00,47,410
6/18/2021 0:05,47,409
6/18/2021 0:10,47,410
6/18/2021 0:15,47,411
6/18/2021 0:20,47,412
6/18/2021 0:25,47,412
6/18/2021 0:30,47,412
6/18/2021 0:35,47,414
6/18/2021 0:40,47,414
6/18/2021 0:45,47,416
6/18/2021 0:50,47,415
6/18/2021 0:55,47,416
6/18/2021 1:00,47,417
6/18/2021 1:05,47,418
6/18/2021 1:10,47,418
6/18/2021 1:15,47,418
6/18/2021 1:20,47,421
6/18/2021 1:25,47,419
6/18/2021 1:30,47,421
6/18/2021 1:35,47,421
6/18/2021 1:40,47,422
6/18/2021 1:45,47,421
6/18/2021 1:50,47,423
6/18/2021 1:55,47,423
6/18/2021 2:00,47,424
6/18/2021 2:05,47,423
6/18/2021 2:10,47,424
6/18/2021 2:15,47,425
6/18/2021 2:20,47,425
6/18/2021 2:25,47,426
6/18/2021 2:30,47,427
6/18/2021 2:35,47,426
6/18/2021 2:40,47,429
6/18/2021 2:45,47,428
6/18/2021 2:50,47,429
6/18/2021 2:55,47,428
6/18/2021 3:00,47,430
6/18/2021 3:05,47,430
6/18/2021 3:10,47,431
6/18/2021 3:15,47,431
6/18/2021 3:20,47,431
6/18/2021 3:25,47,432
6/18/2021 3:30,47,432
6/18/2021 3:35,47,432
6/18/2021 3:40,47,433
6/18/2021 3:45,47,434
6/18/2021 3:50,47,434
6/18/2021 3:55,47,435
6/18/2021 4:00,47,435
6/18/2021 4:05,47,436
6/18/2021 4:10,47,436
6/18/2021 4:15,47,437
6/18/2021 4:20,47,436
6/18/2021 4:25,47,437
6/18/2021 4:30,47,437
6/18/2021 4:35,47,438
6/18/2021 4:40,47,438
6/18/2021 4:45,47,437
6/18/2021 4:50,47,438
6/18/2021 4:55,47,438
6/18/2021 5:00,47,437
6/18/2021 5:05,47,437
6/18/2021 5:10,47,439
6/18/2021 5:15,47,439
6/18/2021 5:20,47,439
6/18/2021 5:25,47,439
6/18/2021 5:30,47,439
6/18/2021 5:35,47,439
6/18/2021 5:40,47,438
6/18/2021 5:45,47,439
6/18/2021 5:50,47,439
6/18/2021 5:55,47,439
6/18/2021 6:00,47,439
6/18/2021 6:05,47,438
6/18/2021 6:10,47,439
6/18/2021 6:15,47,440
6/18/2021 6:20,47,439
6/18/2021 6:25,47,440
6/18/2021 6:30,47,439
6/18/2021 6:35,47,439
6/18/2021 6:40,47,438
6/18/2021 6:45,47,438
6/18/2021 6:50,47,440
6/18/2021 6:55,47,439
6/18/2021 7:00,47,439
6/18/2021 7:05,47,438
6/18/2021 7:10,47,439
6/18/2021 7:15,47,438
6/18/2021 7:20,47,437
6/18/2021 7:25,47,438
6/18/2021 7:30,47,436
6/18/2021 7:35,47,436
6/18/2021 7:40,47,436
6/18/2021 7:45,47,438
6/18/2021 7:50,47,436
6/18/2021 7:55,47,436
6/18/2021 8:00,47,435
6/18/2021 8:05,47,435
6/18/2021 8:10,47,435
6/18/2021 8:15,47,436
6/18/2021 8:20,47,434
6/18/2021 8:25,47,436
6/18/2021 8:30,47,434
6/18/2021 8:35,47,435
6/18/2021 8:40,47,435
6/18/2021 8:45,47,435
6/18/2021 8:50,47,433
6/18/2021 8:55,47,432
6/18/2021 9:00,47,431
6/18/2021 9:05,47,432
6/18/2021 9:10,47,430
6/18/2021 9:15,47,431
6/18/2021 9:20,47,430
6/18/2021 9:25,47,431
6/18/2021 9:30,47,431
6/18/2021 9:35,47,429
6/18/2021 9:40,47,429
6/18/2021 9:45,47,430
6/18/2021 9:50,47,429
6/18/2021 9:55,47,429
6/18/2021 10:00,47,429
6/18/2021 10:05,47,428
6/18/2021 10:10,47,426
6/18/2021 10:15,47,427
6/18/2021 10:20,47,427
6/18/2021 10:25,47,425
6/18/2021 10:30,47,426
6/18/2021 10:35,47,425
6/18/2021 10:40,47,425
6/18/2021 10:45,47,425
6/18/2021 10:50,47,425
6/18/2021 10:55,47,425
6/18/2021 11:00,47,422
6/18/2021 11:05,47,422
6/18/2021 11:10,47,421
6/18/2021 11:15,47,421
6/18/2021 11:20,47,420
6/18/2021 11:25,47,420
6/18/2021 11:30,47,421
6/18/2021 11:35,47,418
6/18/2021 11:40,47,418
6/18/2021 11:45,47,419
6/18/2021 11:50,47,419
6/18/2021 11:55,47,418
6/18/2021 12:00,47,417
6/18/2021 12:05,47,416
6/18/2021 12:10,47,416
6/18/2021 12:15,47,415
6/18/2021 12:20,47,415
6/18/2021 12:25,47,415
6/18/2021 12:30,47,413
6/18/2021 12:35,47,414
6/18/2021 12:40,47,413
6/18/2021 12:45,47,413
6/18/2021 12:50,47,412
6/18/2021 12:55,47,412
6/18/2021 13:00,47,411
6/18/2021 13:05,47,411
6/18/2021 13:10,47,411
6/18/2021 13:15,47,411
6/18/2021 13:20,47,410
6/18/2021 13:25,47,410
6/18/2021 13:30,47,408
6/18/2021 13:35,47,409
6/18/2021 13:40,47,409
6/18/2021 13:45,47,407
6/18/2021 13:50,47,406
6/18/2021 13:55,47,407
6/18/2021 14:00,47,406
6/18/2021 14:05,47,405
6/18/2021 14:10,47,405
6/18/2021 14:15,47,403
6/18/2021 14:20,47,404
6/18/2021 14:25,47,403
6/18/2021 14:30,47,403
6/18/2021 14:35,47,402
6/18/2021 14:40,47,402
6/18/2021 14:45,47,402
6/18/2021 14:50,47,401
6/18/2021 14:55,47,401
6/18/2021 15:00,47,400
6/18/2021 15:05,47,400
6/18/2021 15:10,47,400
6/18/2021 15:15,47,400
6/18/2021 15:20,47,400
6/18/2021 15:25,47,399
6/18/2021 15:30,47,400
6/18/2021 15:35,47,399
6/18/2021 15:40,47,399
6/18/2021 15:45,47,398
6/18/2021 15:50,47,399
6/18/2021 15:55,47,398
6/18/2021 16:00,47,399
6/18/2021 16:05,47,398
6/18/2021 16:10,47,397
6/18/2021 16:15,47,398
6/18/2021 16:20,47,398
6/18/2021 16:25,47,398
6/18/2021 16:30,47,397
6/18/2021 16:35,47,397
6/18/2021 16:40,47,397
6/18/2021 16:45,47,397
6/18/2021 16:50,47,397
6/18/2021 16:55,47,397
6/18/2021 17:00,47,398
6/18/2021 17:05,47,398
6/18/2021 17:10,47,397
6/18/2021 17:15,47,397
6/18/2021 17:20,47,397
6/18/2021 17:25,47,397
6/18/2021 17:30,47,398
6/18/2021 17:35,47,397
6/18/2021 17:40,47,398
6/18/2021 17:45,47,397
6/18/2021 17:50,47,399
6/18/2021 17:55,47,399
6/18/2021 18:00,47,398
6/18/2021 18:05,47,398
6/18/2021 18:10,47,400
6/18/2021 18:15,47,400
6/18/2021 18:20,47,400
6/18/2021 18:25,47,399
6/18/2021 18:30,47,401
6/18/2021 18:35,47,400
6/18/2021 18:40,47,401
6/18/2021 18:45,47,401
6/18/2021 18:50,47,402
6/18/2021 18:55,47,402
6/18/2021 19:00,47,403
6/18/2021 19:05,47,403
6/18/2021 19:10,47,404
6/18/2021 19:15,47,405
6/18/2021 19:20,47,406
6/18/2021 19:25,47,406
6/18/2021 19:30,47,407
6/18/2021 19:35,47,407
6/18/2021 19:40,47,407
6/18/2021 19:45,47,408
6/18/2021 19:50,47,410
6/18/2021 19:55,47,410
6/18/2021 20:00,47,410
6/18/2021 20:05,47,411
6/18/2021 20:10,47,412
6/18/2021 20:15,47,413
6/18/2021 20:20,47,414
6/18/2021 20:25,47,415
6/18/2021 20:30,47,415
6/18/2021 20:35,47,415
6/18/2021 20:40,47,417
6/18/2021 20:45,47,418
6/18/2021 20:50,47,417
6/18/2021 20:55,47,418
6/18/2021 21:00,47,419
6/18/2021 21:05,47,421
6/18/2021 21:10,47,422
6/18/2021 21:15,47,422
6/18/2021 21:20,47,424
6/18/2021 21:25,47,424
6/18/2021 21:30,47,426
6/18/2021 21:35,47,426
6/18/2021 21:40,47,427
6/18/2021 21:45,47,427
6/18/2021 21:50,47,429
6/18/2021 21:55,47,429
6/18/2021 22:00,47,430
6/18/2021 22:05,47,431
6/18/2021 22:10,47,433
6/18/2021 22:15,47,434
6/18/2021 22:20,47,435
6/18/2021 22:25,47,436
6/18/2021 22:30,47,437
6/18/2021 22:35,47,439
6/18/2021 22:40,47,438
6/18/2021 22:45,47,440
6/18/2021 22:50,47,442
6/18/2021 22:55,47,442
6/18/2021 23:00,47,443
6/18/2021 23:05,47,444
6/18/2021 23:10,47,446
6/18/2021 23:15,47,446
6/18/2021 23:20,47,448
6/18/2021 23:25,47,449
6/18/2021 23:30,47,450
6/18/2021 23:35,47,449
6/18/2021 23:40,47,452
6/18/2021 23:45,47,454
6/18/2021 23:50,47,455
6/18/2021 23:55,47,456
6/19/2021 0:00,47,458
6/19/2021 0:05,47,457
6/19/2021 0:10,47,459
6/19/2021 0:15,47,461
6/19/2021 0:20,47,461
6/19/2021 0:25,47,462
6/19/2021 0:30,47,462
6/19/2021 0:35,47,464
6/19/2021 0:40,47,467
6/19/2021 0:45,47,469
6/19/2021 0:50,47,468
6/19/2021 0:55,47,471
6/19/2021 1:00,47,471
6/19/2021 1:05,47,470
6/19/2021 1:10,47,474
6/19/2021 1:15,47,474
6/19/2021 1:20,47,476
6/19/2021 1:25,47,477
6/19/2021 1:30,47,478
6/19/2021 1:35,47,481
6/19/2021 1:40,47,480
6/19/2021 1:45,47,480
6/19/2021 1:50,47,483
6/19/2021 1:55,47,485
6/19/2021 2:00,47,486
6/19/2021 2:05,47,486
6/19/2021 2:10,47,487
6/19/2021 2:15,47,489
6/19/2021 2:20,47,489
6/19/2021 2:25,47,491
6/19/2021 2:30,47,491
6/19/2021 2:35,47,494
6/19/2021 2:40,47,493
6/19/2021 2:45,47,494
6/19/2021 2:50,47,497
6/19/2021 2:55,47,498
6/19/2021 3:00,47,497
6/19/2021 3:05,47,498
6/19/2021 3:10,47,499
6/19/2021 3:15,47,498
6/19/2021 3:20,47,501
6/19/2021 3:25,47,502
6/19/2021 3:30,47,501
6/19/2021 3:35,47,502
6/19/2021 3:40,47,503
6/19/2021 3:45,47,503
6/19/2021 3:50,47,504
6/19/2021 3:55,47,505
6/19/2021 4:00,47,504
6/19/2021 4:05,47,507
6/19/2021 4:10,47,507
6/19/2021 4:15,47,506
6/19/2021 4:20,47,508
6/19/2021 4:25,47,506
6/19/2021 4:30,47,507
6/19/2021 4:35,47,509
6/19/2021 4:40,47,507
6/19/2021 4:45,47,507
6/19/2021 4:50,47,509
6/19/2021 4:55,47,511
6/19/2021 5:00,47,509
6/19/2021 5:05,47,510
6/19/2021 5:10,47,509
6/19/2021 5:15,47,511
6/19/2021 5:20,47,509
6/19/2021 5:25,47,510
6/19/2021 5:30,47,512
6/19/2021 5:35,47,511
6/19/2021 5:40,47,512
6/19/2021 5:45,47,513
6/19/2021 5:50,47,512
6/19/2021 5:55,47,511
6/19/2021 6:00,47,511
6/19/2021 6:05,47,511
6/19/2021 6:10,47,511
6/19/2021 6:15,47,511
6/19/2021 6:20,47,513
6/19/2021 6:25,47,510
6/19/2021 6:30,47,510
6/19/2021 6:35,47,509
6/19/2021 6:40,47,509
6/19/2021 6:45,47,508
6/19/2021 6:50,47,511
6/19/2021 6:55,47,510
6/19/2021 7:00,47,510
6/19/2021 7:05,47,510
6/19/2021 7:10,47,509
6/19/2021 7:15,47,509
6/19/2021 7:20,47,509
6/19/2021 7:25,47,508
6/19/2021 7:30,47,509
6/19/2021 7:35,47,508
6/19/2021 7:40,47,508
6/19/2021 7:45,47,507
6/19/2021 7:50,47,507
6/19/2021 7:55,47,505
6/19/2021 8:00,47,505
6/19/2021 8:05,47,505
6/19/2021 8:10,47,505
6/19/2021 8:15,47,503
6/19/2021 8:20,47,504
6/19/2021 8:25,47,503
6/19/2021 8:30,47,505
6/19/2021 8:35,47,502
6/19/2021 8:40,47,502
6/19/2021 8:45,47,501
6/19/2021 8:50,47,499
6/19/2021 8:55,47,499
6/19/2021 9:00,47,499
6/19/2021 9:05,47,499
6/19/2021 9:10,47,497
6/19/2021 9:15,47,497
6/19/2021 9:20,47,495
6/19/2021 9:25,47,496
6/19/2021 9:30,47,496
6/19/2021 9:35,47,495
6/19/2021 9:40,47,494
6/19/2021 9:45,47,492
6/19/2021 9:50,47,492
6/19/2021 9:55,47,491
6/19/2021 10:00,47,490
6/19/2021 10:05,47,490
6/19/2021 10:10,47,488
6/19/2021 10:15,47,488
6/19/2021 10:20,47,488
6/19/2021 10:25,47,487
6/19/2021 10:30,47,487
6/19/2021 10:35,47,485
6/19/2021 10:40,47,485
6/19/2021 10:45,47,484
6/19/2021 10:50,47,483
6/19/2021 10:55,47,484
6/19/2021 11:00,47,483
6/19/2021 11:05,47,483
6/19/2021 11:10,47,481
6/19/2021 11:15,47,481
6/19/2021 11:20,47,478
6/19/2021 11:25,47,477
6/19/2021 11:30,47,478
6/19/2021 11:35,47,477
6/19/2021 11:40,47,476
6/19/2021 11:45,47,475
6/19/2021 11:50,47,474
6/19/2021 11:55,47,474
6/19/2021 12:00,47,472
6/19/2021 12:05,47,471
6/19/2021 12:10,47,471
6/19/2021 12:15,47,469
6/19/2021 12:20,47,469
6/19/2021 12:25,47,470
6/19/2021 12:30,47,467
6/19/2021 12:35,47,466
6/19/2021 12:40,47,468
6/19/2021 12:45,47,465
6/19/2021 12:50,47,464
6/19/2021 12:55,47,463
6/19/2021 13:00,47,464
6/19/2021 13:05,47,463
6/19/2021 13:10,47,462
6/19/2021 13:15,47,461
6/19/2021 13:20,47,459
6/19/2021 13:25,47,459
6/19/2021 13:30,47,459
6/19/2021 13:35,47,460
6/19/2021 13:40,47,457
6/19/2021 13:45,47,458
6/19/2021 13:50,47,454
6/19/2021 13:55,47,454
6/19/2021 14:00,47,454
6/19/2021 14:05,47,453
6/19/2021 14:10,47,451
6/19/2021 14:15,47,452
6/19/2021 14:20,47,450
6/19/2021 14:25,47,451
6/19/2021 14:30,47,449
6/19/2021 14:35,47,449
6/19/2021 14:40,47,448
6/19/2021 14:45,47,446
6/19/2021 14:50,47,446
6/19/2021 14:55,47,446
6/19/2021 15:00,47,445
6/19/2021 15:05,47,444
6/19/2021 15:10,47,444
6/19/2021 15:15,47,443
6/19/2021 15:20,47,444
6/19/2021 15:25,47,443
6/19/2021 15:30,47,441
6/19/2021 15:35,47,441
6/19/2021 15:40,47,441
6/19/2021 15:45,47,440
6/19/2021 15:50,47,440
6/19/2021 15:55,47,439
6/19/2021 16:00,47,439
6/19/2021 16:05,47,437
6/19/2021 16:10,47,437
6/19/2021 16:15,47,438
6/19/2021 16:20,47,437
6/19/2021 16:25,47,436
6/19/2021 16:30,47,435
6/19/2021 16:35,47,435
6/19/2021 16:40,47,433
6/19/2021 16:45,47,433
6/19/2021 16:50,47,433
6/19/2021 16:55,47,432
6/19/2021 17:00,47,432
6/19/2021 17:05,47,430
6/19/2021 17:10,47,429
6/19/2021 17:15,47,430
6/19/2021 17:20,47,430
6/19/2021 17:25,47,430
6/19/2021 17:30,47,429
6/19/2021 17:35,47,429
6/19/2021 17:40,47,429
6/19/2021 17:45,47,427
6/19/2021 17:50,47,427
6/19/2021 17:55,47,427
6/19/2021 18:00,47,426
6/19/2021 18:05,47,427
6/19/2021 18:10,47,426
6/19/2021 18:15,47,428
6/19/2021 18:20,47,426
6/19/2021 18:25,47,426
6/19/2021 18:30,47,425
6/19/2021 18:35,47,426
6/19/2021 18:40,47,427
6/19/2021 18:45,47,425
6/19/2021 18:50,47,424
6/19/2021 18:55,47,424
6/19/2021 19:00,47,424
6/19/2021 19:05,47,423
6/19/2021 19:10,47,424
6/19/2021 19:15,47,424
6/19/2021 19:20,47,423
6/19/2021 19:25,47,424
6/19/2021 19:30,47,424
6/19/2021 19:35,47,424
6/19/2021 19:40,47,423
6/19/2021 19:45,47,424
6/19/2021 19:50,47,424
6/19/2021 19:55,47,424
6/19/2021 20:00,47,424
6/19/2021 20:05,47,423
6/19/2021 20:10,47,423
6/19/2021 20:15,47,423
6/19/2021 20:20,47,423
6/19/2021 20:25,47,423
6/19/2021 20:30,47,423
6/19/2021 20:35,47,422
6/19/2021 20:40,47,423
6/19/2021 20:45,47,423
6/19/2021 20:50,47,422
6/19/2021 20:55,47,424
6/19/2021 21:00,47,422
6/19/2021 21:05,47,423
6/19/2021 21:10,47,425
6/19/2021 21:15,47,425
6/19/2021 21:20,47,425
6/19/2021 21:25,47,424
6/19/2021 21:30,47,425
6/19/2021 21:35,47,425
6/19/2021 21:40,47,425
6/19/2021 21:45,47,425
6/19/2021 21:50,47,426
6/19/2021 21:55,47,427
6/19/2021 22:00,47,426
6/19/2021 22:05,47,426
6/19/2021 22:10,47,428
6/19/2021 22:15,47,427
6/19/2021 22:20,47,427
6/19/2021 22:25,47,427
6/19/2021 22:30,47,428
6/19/2021 22:35,47,429
6/19/2021 22:40,47,429
6/19/2021 22:45,47,430
6/19/2021 22:50,47,429
6/19/2021 22:55,47,429
6/19/2021 23:00,47,430
6/19/2021 23:05,47,432
6/19/2021 23:10,47,432
6/19/2021 23:15,47,432
6/19/2021 23:20,47,432
6/19/2021 23:25,47,432
6/19/2021 23:30,47,433
6/19/2021 23:35,47,434
6/19/2021 23:40,47,434
6/19/2021 23:45,47,434
6/19/2021 23:50,47,436
6/19/2021 23:55,47,436
6/20/2021 0:00,47,437
6/20/2021 0:05,47,438
6/20/2021 0:10,47,438
6/20/2021 0:15,47,439
6/20/2021 0:20,47,439
6/20/2021 0:25,47,440
6/20/2021 0:30,47,440
6/20/2021 0:35,47,441
6/20/2021 0:40,47,442
6/20/2021 0:45,47,441
6/20/2021 0:50,47,441
6/20/2021 0:55,47,445
6/20/2021 1:00,47,445
6/20/2021 1:05,47,446
6/20/2021 1:10,47,445
6/20/2021 1:15,47,447
6/20/2021 1:20,47,448
6/20/2021 1:25,47,449
6/20/2021 1:30,47,448
6/20/2021 1:35,47,449
6/20/2021 1:40,47,451
6/20/2021 1:45,47,450
6/20/2021 1:50,47,451
6/20/2021 1:55,47,451
6/20/2021 2:00,47,452
6/20/2021 2:05,47,453
6/20/2021 2:10,47,453
6/20/2021 2:15,47,453
6/20/2021 2:20,47,455
6/20/2021 2:25,47,454
6/20/2021 2:30,47,456
6/20/2021 2:35,47,456
6/20/2021 2:40,47,457
6/20/2021 2:45,47,458
6/20/2021 2:50,47,459
6/20/2021 2:55,47,459
6/20/2021 3:00,47,460
6/20/2021 3:05,47,459
6/20/2021 3:10,47,460
6/20/2021 3:15,47,463
6/20/2021 3:20,47,461
6/20/2021 3:25,47,463
6/20/2021 3:30,47,464
6/20/2021 3:35,47,463
6/20/2021 3:40,47,463
6/20/2021 3:45,47,465
6/20/2021 3:50,47,466
6/20/2021 3:55,47,466
6/20/2021 4:00,47,466
6/20/2021 4:05,47,468
6/20/2021 4:10,47,468
6/20/2021 4:15,47,468
6/20/2021 4:20,47,468
6/20/2021 4:25,47,469
6/20/2021 4:30,47,470
6/20/2021 4:35,47,469
6/20/2021 4:40,47,472
6/20/2021 4:45,47,472
6/20/2021 4:50,47,471
6/20/2021 4:55,47,471
6/20/2021 5:00,47,472
6/20/2021 5:05,47,473
6/20/2021 5:10,47,473
6/20/2021 5:15,47,474
6/20/2021 5:20,47,475
6/20/2021 5:25,47,475
6/20/2021 5:30,47,475
6/20/2021 5:35,47,476
6/20/2021 5:40,47,475
6/20/2021 5:45,47,475
6/20/2021 5:50,47,475
6/20/2021 5:55,47,475
6/20/2021 6:00,47,476
6/20/2021 6:05,47,476
6/20/2021 6:10,47,477
6/20/2021 6:15,47,476
6/20/2021 6:20,47,476
6/20/2021 6:25,47,476
6/20/2021 6:30,47,477
6/20/2021 6:35,47,476
6/20/2021 6:40,47,476
6/20/2021 6:45,47,477
6/20/2021 6:50,47,477
6/20/2021 6:55,47,477
6/20/2021 7:00,47,476
6/20/2021 7:05,47,477
6/20/2021 7:10,47,477
6/20/2021 7:15,47,477
6/20/2021 7:20,47,476
6/20/2021 7:25,47,476
6/20/2021 7:30,47,475
6/20/2021 7:35,47,477
6/20/2021 7:40,47,476
6/20/2021 7:45,47,477
6/20/2021 7:50,47,476
6/20/2021 7:55,47,477
6/20/2021 8:00,47,476
6/20/2021 8:05,47,478
6/20/2021 8:10,47,478
6/20/2021 8:15,47,476
6/20/2021 8:20,47,476
6/20/2021 8:25,47,477
6/20/2021 8:30,47,475
6/20/2021 8:35,47,477
6/20/2021 8:40,47,476
6/20/2021 8:45,47,475
6/20/2021 8:50,47,474
6/20/2021 8:55,47,475
6/20/2021 9:00,47,474
6/20/2021 9:05,47,474
6/20/2021 9:10,47,475
6/20/2021 9:15,47,473
6/20/2021 9:20,47,472
6/20/2021 9:25,47,473
6/20/2021 9:30,47,474
6/20/2021 9:35,47,473
6/20/2021 9:40,47,473
6/20/2021 9:45,47,472
6/20/2021 9:50,47,472
6/20/2021 9:55,47,471
6/20/2021 10:00,47,471
6/20/2021 10:05,47,469
6/20/2021 10:10,47,471
6/20/2021 10:15,47,470
6/20/2021 10:20,47,470
6/20/2021 10:25,47,471
6/20/2021 10:30,47,470
6/20/2021 10:35,47,470
6/20/2021 10:40,47,469
6/20/2021 10:45,47,467
6/20/2021 10:50,47,467
6/20/2021 10:55,47,467
6/20/2021 11:00,47,467
6/20/2021 11:05,47,466
6/20/2021 11:10,47,464
6/20/2021 11:15,47,466
6/20/2021 11:20,47,465
6/20/2021 11:25,47,465
6/20/2021 11:30,47,464
6/20/2021 11:35,47,464
6/20/2021 11:40,47,464
6/20/2021 11:45,47,463
6/20/2021 11:50,47,463
6/20/2021 11:55,47,462
6/20/2021 12:00,47,461
6/20/2021 12:05,47,462
6/20/2021 12:10,47,461
6/20/2021 12:15,47,460
6/20/2021 12:20,47,458
6/20/2021 12:25,47,459
6/20/2021 12:30,47,458
6/20/2021 12:35,47,459
6/20/2021 12:40,47,456
6/20/2021 12:45,47,456
6/20/2021 12:50,47,456
6/20/2021 12:55,47,456
6/20/2021 13:00,47,456
6/20/2021 13:05,47,455
6/20/2021 13:10,47,456
6/20/2021 13:15,47,453
6/20/2021 13:20,47,454
6/20/2021 13:25,47,454
6/20/2021 13:30,47,453
6/20/2021 13:35,47,453
6/20/2021 13:40,47,451
6/20/2021 13:45,47,452
6/20/2021 13:50,47,450
6/20/2021 13:55,47,449
6/20/2021 14:00,47,449
6/20/2021 14:05,47,448
6/20/2021 14:10,47,447
6/20/2021 14:15,47,448
6/20/2021 14:20,47,446
6/20/2021 14:25,47,446
6/20/2021 14:30,47,446
6/20/2021 14:35,47,445
6/20/2021 14:40,47,445
6/20/2021 14:45,47,443
6/20/2021 14:50,47,445
6/20/2021 14:55,47,443
6/20/2021 15:00,47,442
6/20/2021 15:05,47,442
6/20/2021 15:10,47,441
6/20/2021 15:15,47,441
6/20/2021 15:20,47,441
6/20/2021 15:25,47,440
6/20/2021 15:30,47,440
6/20/2021 15:35,47,440
6/20/2021 15:40,47,439
6/20/2021 15:45,47,440
6/20/2021 15:50,47,439
6/20/2021 15:55,47,438
6/20/2021 16:00,47,438
6/20/2021 16:05,47,437
6/20/2021 16:10,47,439
6/20/2021 16:15,47,436
6/20/2021 16:20,47,439
6/20/2021 16:25,47,438
6/20/2021 16:30,47,437
6/20/2021 16:35,47,436
6/20/2021 16:40,47,437
6/20/2021 16:45,47,436
6/20/2021 16:50,47,437
6/20/2021 16:55,47,437
6/20/2021 17:00,47,437
6/20/2021 17:05,47,437
6/20/2021 17:10,47,437
6/20/2021 17:15,47,437
6/20/2021 17:20,47,436
6/20/2021 17:25,47,437
6/20/2021 17:30,47,437
6/20/2021 17:35,47,437
6/20/2021 17:40,47,436
6/20/2021 17:45,47,437
6/20/2021 17:50,47,439
6/20/2021 17:55,47,439
6/20/2021 18:00,47,438
6/20/2021 18:05,47,437
6/20/2021 18:10,47,440
6/20/2021 18:15,47,438
6/20/2021 18:20,47,440
6/20/2021 18:25,47,440
6/20/2021 18:30,47,441
6/20/2021 18:35,47,443
6/20/2021 18:40,47,441
6/20/2021 18:45,47,442
6/20/2021 18:50,47,443
6/20/2021 18:55,47,444
6/20/2021 19:00,47,445
6/20/2021 19:05,47,447
6/20/2021 19:10,47,446
6/20/2021 19:15,47,447
6/20/2021 19:20,47,447
6/20/2021 19:25,47,447
6/20/2021 19:30,47,449
6/20/2021 19:35,47,450
6/20/2021 19:40,47,452
6/20/2021 19:45,47,453
6/20/2021 19:50,47,453
6/20/2021 19:55,47,455
6/20/2021 20:00,47,455
6/20/2021 20:05,47,456
6/20/2021 20:10,47,456
6/20/2021 20:15,47,457
6/20/2021 20:20,47,458
6/20/2021 20:25,47,461
6/20/2021 20:30,47,462
6/20/2021 20:35,47,464
6/20/2021 20:40,47,466
6/20/2021 20:45,47,466
6/20/2021 20:50,47,469
6/20/2021 20:55,47,469
6/20/2021 21:00,47,472
6/20/2021 21:05,47,472
6/20/2021 21:10,47,473
6/20/2021 21:15,47,475
6/20/2021 21:20,47,475
6/20/2021 21:25,47,477
6/20/2021 21:30,47,480
6/20/2021 21:35,47,480
6/20/2021 21:40,47,481
6/20/2021 21:45,47,483
6/20/2021 21:50,47,483
6/20/2021 21:55,47,487
6/20/2021 22:00,47,489
6/20/2021 22:05,47,490
6/20/2021 22:10,47,491
6/20/2021 22:15,47,492
6/20/2021 22:20,47,495
6/20/2021 22:25,47,495
6/20/2021 22:30,47,498
6/20/2021 22:35,47,500
6/20/2021 22:40,47,502
6/20/2021 22:45,47,503
6/20/2021 22:50,47,505
6/20/2021 22:55,47,506
6/20/2021 23:00,47,509
6/20/2021 23:05,47,510
6/20/2021 23:10,47,512
6/20/2021 23:15,47,514
6/20/2021 23:20,47,515
6/20/2021 23:25,47,517
6/20/2021 23:30,47,520
6/20/2021 23:35,47,521
6/20/2021 23:40,47,522
6/20/2021 23:45,47,525
6/20/2021 23:50,47,526
6/20/2021 23:55,47,527
6/21/2021 0:00,47,529
6/21/2021 0:05,47,533
6/21/2021 0:10,47,534
6/21/2021 0:15,47,535
6/21/2021 0:20,47,538
6/21/2021 0:25,47,539
6/21/2021 0:30,47,541
6/21/2021 0:35,47,545
6/21/2021 0:40,47,543
6/21/2021 0:45,47,545
6/21/2021 0:50,47,547
6/21/2021 0:55,47,549
6/21/2021 1:00,47,550
6/21/2021 1:05,47,553
6/21/2021 1:10,47,554
6/21/2021 1:15,47,556
6/21/2021 1:20,47,556
6/21/2021 1:25,47,558
6/21/2021 1:30,47,559
6/21/2021 1:35,47,562
6/21/2021 1:40,47,561
6/21/2021 1:45,47,564
6/21/2021 1:50,47,564
6/21/2021 1:55,47,567
6/21/2021 2:00,47,567
6/21/2021 2:05,47,570
6/21/2021 2:10,47,571
6/21/2021 2:15,47,573
6/21/2021 2:20,47,574
6/21/2021 2:25,47,574
6/21/2021 2:30,47,576
6/21/2021 2:35,47,574
6/21/2021 2:40,47,580
6/21/2021 2:45,47,578
6/21/2021 2:50,47,582
6/21/2021 2:55,47,584
6/21/2021 3:00,47,582
6/21/2021 3:05,47,586
6/21/2021 3:10,47,584
6/21/2021 3:15,47,584
6/21/2021 3:20,47,586
6/21/2021 3:25,47,586
6/21/2021 3:30,47,589
6/21/2021 3:35,47,588
6/21/2021 3:40,47,588
6/21/2021 3:45,47,589
6/21/2021 3:50,47,589
6/21/2021 3:55,47,589
6/21/2021 4:00,47,588
6/21/2021 4:05,47,591
6/21/2021 4:10,47,592
6/21/2021 4:15,47,592
6/21/2021 4:20,47,594
6/21/2021 4:25,47,592
6/21/2021 4:30,47,592
6/21/2021 4:35,47,594
6/21/2021 4:40,47,593
6/21/2021 4:45,47,594
6/21/2021 4:50,47,595
6/21/2021 4:55,47,593
6/21/2021 5:00,47,596
6/21/2021 5:05,47,593
6/21/2021 5:10,47,593
6/21/2021 5:15,47,596
6/21/2021 5:20,47,593
6/21/2021 5:25,47,595
6/21/2021 5:30,47,596
6/21/2021 5:35,47,595
6/21/2021 5:40,47,596
6/21/2021 5:45,47,597
6/21/2021 5:50,47,596
6/21/2021 5:55,47,596
6/21/2021 6:00,47,596
6/21/2021 6:05,47,596
6/21/2021 6:10,47,596
6/21/2021 6:15,47,593
6/21/2021 6:20,47,595
6/21/2021 6:25,47,595
6/21/2021 6:30,47,591
6/21/2021 6:35,47,595
6/21/2021 6:40,47,595
6/21/2021 6:45,47,594
6/21/2021 6:50,47,594
6/21/2021 6:55,47,592
6/21/2021 7:00,47,592
6/21/2021 7:05,47,593
6/21/2021 7:10,47,592
6/21/2021 7:15,47,592
6/21/2021 7:20,47,591
6/21/2021 7:25,47,589
6/21/2021 7:30,47,589
6/21/2021 7:35,47,589
6/21/2021 7:40,47,589
6/21/2021 7:45,47,589
6/21/2021 7:50,47,588
6/21/2021 7:55,47,588
6/21/2021 8:00,47,588
6/21/2021 8:05,47,587
6/21/2021 8:10,47,586
6/21/2021 8:15,47,584
6/21/2021 8:20,47,583
6/21/2021 8:25,47,583
6/21/2021 8:30,47,583
6/21/2021 8:35,47,583
6/21/2021 8:40,47,583
6/21/2021 8:45,47,585
6/21/2021 8:50,47,581
6/21/2021 8:55,47,581
6/21/2021 9:00,47,580
6/21/2021 9:05,47,578
6/21/2021 9:10,47,579
6/21/2021 9:15,47,579
6/21/2021 9:20,47,577
6/21/2021 9:25,47,576
6/21/2021 9:30,47,575
6/21/2021 9:35,47,574
6/21/2021 9:40,47,574
6/21/2021 9:45,47,574
6/21/2021 9:50,47,574
6/21/2021 9:55,47,571
6/21/2021 10:00,47,571
6/21/2021 10:05,47,570
6/21/2021 10:10,47,569
6/21/2021 10:15,47,570
6/21/2021 10:20,47,569
6/21/2021 10:25,47,568
6/21/2021 10:30,47,566
6/21/2021 10:35,47,565
6/21/2021 10:40,47,563
6/21/2021 10:45,47,564
6/21/2021 10:50,47,562
6/21/2021 10:55,47,562
6/21/2021 11:00,47,562
6/21/2021 11:05,47,562
6/21/2021 11:10,47,561
6/21/2021 11:15,47,559
6/21/2021 11:20,47,559
6/21/2021 11:25,47,559
6/21/2021 11:30,47,559
6/21/2021 11:35,47,558
6/21/2021 11:40,47,556
6/21/2021 11:45,47,554
6/21/2021 11:50,47,555
6/21/2021 11:55,47,553
6/21/2021 12:00,47,554
6/21/2021 12:05,47,553
6/21/2021 12:10,47,553
6/21/2021 12:15,47,551
6/21/2021 12:20,47,552
6/21/2021 12:25,47,551
6/21/2021 12:30,47,550
6/21/2021 12:35,47,549
6/21/2021 12:40,47,548
6/21/2021 12:45,47,548
6/21/2021 12:50,47,548
6/21/2021 12:55,47,545
6/21/2021 13:00,47,545
6/21/2021 13:05,47,544
6/21/2021 13:10,47,543
6/21/2021 13:15,47,542
6/21/2021 13:20,47,541
6/21/2021 13:25,47,541
6/21/2021 13:30,47,541
6/21/2021 13:35,47,540
6/21/2021 13:40,47,539
6/21/2021 13:45,47,539
6/21/2021 13:50,47,538
6/21/2021 13:55,47,539
6/21/2021 14:00,47,538
6/21/2021 14:05,47,537
6/21/2021 14:10,47,537
6/21/2021 14:15,47,536
6/21/2021 14:20,47,535
6/21/2021 14:25,47,534
6/21/2021 14:30,47,534
6/21/2021 14:35,47,533
6/21/2021 14:40,47,533
6/21/2021 14:45,47,534
6/21/2021 14:50,47,533
6/21/2021 14:55,47,532
6/21/2021 15:00,47,533
6/21/2021 15:05,47,532
6/21/2021 15:10,47,531
6/21/2021 15:15,47,531
6/21/2021 15:20,47,532
6/21/2021 15:25,47,532
6/21/2021 15:30,47,533
6/21/2021 15:35,47,530
6/21/2021 15:40,47,532
6/21/2021 15:45,47,531
6/21/2021 15:50,47,532
6/21/2021 15:55,47,532
6/21/2021 16:00,47,532
6/21/2021 16:05,47,533
6/21/2021 16:10,47,533
6/21/2021 16:15,47,532
6/21/2021 16:20,47,532
6/21/2021 16:25,47,535
6/21/2021 16:30,47,532
6/21/2021 16:35,47,534
6/21/2021 16:40,47,535
6/21/2021 16:45,47,534
6/21/2021 16:50,47,533
6/21/2021 16:55,47,535
6/21/2021 17:00,47,537
6/21/2021 17:05,47,538
6/21/2021 17:10,47,537
6/21/2021 17:15,47,537
6/21/2021 17:20,47,538
6/21/2021 17:25,47,541
6/21/2021 17:30,47,541
6/21/2021 17:35,47,541
6/21/2021 17:40,47,544
6/21/2021 17:45,47,544
6/21/2021 17:50,47,545
6/21/2021 17:55,47,546
6/21/2021 18:00,47,547
6/21/2021 18:05,47,548
6/21/2021 18:10,47,549
6/21/2021 18:15,47,550
6/21/2021 18:20,47,553
6/21/2021 18:25,47,553
6/21/2021 18:30,47,552
6/21/2021 18:35,47,554
6/21/2021 18:40,47,557
6/21/2021 18:45,47,558
6/21/2021 18:50,47,560
6/21/2021 18:55,47,561
6/21/2021 19:00,47,562
6/21/2021 19:05,47,563
6/21/2021 19:10,47,566
6/21/2021 19:15,47,567
6/21/2021 19:20,47,569
6/21/2021 19:25,47,571
6/21/2021 19:30,47,571
6/21/2021 19:35,47,574
6/21/2021 19:40,47,575
6/21/2021 19:45,47,577
6/21/2021 19:50,47,579
6/21/2021 19:55,47,580
6/21/2021 20:00,47,582
6/21/2021 20:05,47,586
6/21/2021 20:10,47,586
6/21/2021 20:15,47,588
6/21/2021 20:20,47,592
6/21/2021 20:25,47,591
6/21/2021 20:30,47,595
6/21/2021 20:35,47,597
6/21/2021 20:40,47,598
6/21/2021 20:45,47,601
6/21/2021 20:50,47,602
6/21/2021 20:55,47,605
6/21/2021 21:00,47,605
6/21/2021 21:05,47,609
6/21/2021 21:10,47,611
6/21/2021 21:15,47,613
6/21/2021 21:20,47,615
6/21/2021 21:25,47,618
6/21/2021 21:30,47,621
6/21/2021 21:35,47,625
6/21/2021 21:40,47,624
6/21/2021 21:45,47,628
6/21/2021 21:50,47,632
6/21/2021 21:55,47,633
6/21/2021 22:00,47,635
6/21/2021 22:05,47,635
6/21/2021 22:10,47,638
6/21/2021 22:15,47,641
6/21/2021 22:20,47,642
6/21/2021 22:25,47,644
6/21/2021 22:30,47,646
6/21/2021 22:35,47,647
6/21/2021 22:40,47,651
6/21/2021 22:45,47,651
6/21/2021 22:50,47,655
6/21/2021 22:55,47,653
6/21/2021 23:00,47,657
6/21/2021 23:05,47,659
6/21/2021 23:10,47,661
6/21/2021 23:15,47,663
6/21/2021 23:20,47,665
6/21/2021 23:25,47,667
6/21/2021 23:30,47,669
6/21/2021 23:35,47,670
6/21/2021 23:40,47,670
6/21/2021 23:45,47,676
6/21/2021 23:50,47,676
6/21/2021 23:55,47,677
6/22/2021 0:00,47,680
6/22/2021 0:05,47,681
6/22/2021 0:10,47,683
6/22/2021 0:15,47,687
6/22/2021 0:20,47,684
6/22/2021 0:25,47,688
6/22/2021 0:30,47,691
6/22/2021 0:35,47,695
6/22/2021 0:40,47,694
6/22/2021 0:45,47,695
6/22/2021 0:50,47,698
6/22/2021 0:55,47,697
6/22/2021 1:00,47,697
6/22/2021 1:05,47,703
6/22/2021 1:10,47,703
6/22/2021 1:15,47,705
6/22/2021 1:20,47,705
6/22/2021 1:25,47,707
6/22/2021 1:30,47,707
6/22/2021 1:35,47,710
6/22/2021 1:40,47,711
6/22/2021 1:45,47,713
6/22/2021 1:50,47,710
6/22/2021 1:55,47,716
6/22/2021 2:00,47,714
6/22/2021 2:05,47,714
6/22/2021 2:10,47,717
6/22/2021 2:15,47,717
6/22/2021 2:20,47,723
6/22/2021 2:25,47,724
6/22/2021 2:30,47,721
6/22/2021 2:35,47,721
6/22/2021 2:40,47,724
6/22/2021 2:45,47,725
6/22/2021 2:50,47,728
6/22/2021 2:55,47,726
6/22/2021 3:00,47,725
6/22/2021 3:05,47,729
6/22/2021 3:10,47,729
6/22/2021 3:15,47,726
6/22/2021 3:20,47,732
6/22/2021 3:25,47,730
6/22/2021 3:30,47,734
6/22/2021 3:35,47,731
6/22/2021 3:40,47,734
6/22/2021 3:45,47,734
6/22/2021 3:50,47,736
6/22/2021 3:55,47,734
6/22/2021 4:00,47,734
6/22/2021 4:05,47,738
6/22/2021 4:10,47,733
6/22/2021 4:15,47,733
6/22/2021 4:20,47,735
6/22/2021 4:25,47,735
6/22/2021 4:30,47,736
6/22/2021 4:35,47,736
6/22/2021 4:40,47,733
6/22/2021 4:45,47,734
6/22/2021 4:50,47,735
6/22/2021 4:55,47,735
6/22/2021 5:00,47,735
6/22/2021 5:05,47,733
6/22/2021 5:10,47,738
6/22/2021 5:15,47,736
6/22/2021 5:20,47,733
6/22/2021 5:25,47,734
6/22/2021 5:30,47,735
6/22/2021 5:35,47,736
6/22/2021 5:40,47,730
6/22/2021 5:45,47,732
6/22/2021 5:50,47,736
6/22/2021 5:55,47,733
6/22/2021 6:00,47,731
6/22/2021 6:05,47,733
6/22/2021 6:10,47,731
6/22/2021 6:15,47,726
6/22/2021 6:20,47,730
6/22/2021 6:25,47,730
6/22/2021 6:30,47,729
6/22/2021 6:35,47,731
6/22/2021 6:40,47,729
6/22/2021 6:45,47,725
6/22/2021 6:50,47,724
6/22/2021 6:55,47,724
6/22/2021 7:00,47,723
6/22/2021 7:05,47,725
6/22/2021 7:10,47,720
6/22/2021 7:15,47,722
6/22/2021 7:20,47,720
6/22/2021 7:25,47,719
6/22/2021 7:30,47,719
6/22/2021 7:35,47,717
6/22/2021 7:40,47,717
6/22/2021 7:45,47,716
6/22/2021 7:50,47,714
6/22/2021 7:55,47,714
6/22/2021 8:00,47,712
6/22/2021 8:05,47,711
6/22/2021 8:10,47,709
6/22/2021 8:15,47,709
6/22/2021 8:20,47,706
6/22/2021 8:25,47,707
6/22/2021 8:30,47,704
6/22/2021 8:35,47,704
6/22/2021 8:40,47,703
6/22/2021 8:45,47,700
6/22/2021 8:50,47,700
6/22/2021 8:55,47,701
6/22/2021 9:00,47,699
6/22/2021 9:05,47,693
6/22/2021 9:10,47,692
6/22/2021 9:15,47,695
6/22/2021 9:20,47,691
6/22/2021 9:25,47,691
6/22/2021 9:30,47,690
6/22/2021 9:35,47,690
6/22/2021 9:40,47,688
6/22/2021 9:45,47,683
6/22/2021 9:50,47,685
6/22/2021 9:55,47,681
6/22/2021 10:00,47,683
6/22/2021 10:05,47,680
6/22/2021 10:10,47,677
6/22/2021 10:15,47,677
6/22/2021 10:20,47,674
6/22/2021 10:25,47,675
6/22/2021 10:30,47,674
6/22/2021 10:35,47,672
6/22/2021 10:40,47,669
6/22/2021 10:45,47,669
6/22/2021 10:50,47,668
6/22/2021 10:55,47,666
6/22/2021 11:00,47,664
6/22/2021 11:05,47,665
6/22/2021 11:10,47,662
6/22/2021 11:15,47,663
6/22/2021 11:20,47,659
6/22/2021 11:25,47,656
6/22/2021 11:30,47,656
6/22/2021 11:35,47,655
6/22/2021 11:40,47,655
6/22/2021 11:45,47,655
6/22/2021 11:50,47,651
6/22/2021 11:55,47,651
6/22/2021 12:00,47,650
6/22/2021 12:05,47,646
6/22/2021 12:10,47,647
6/22/2021 12:15,47,646
6/22/2021 12:20,47,644
6/22/2021 12:25,47,643
6/22/2021 12:30,47,642
6/22/2021 12:35,47,641
6/22/2021 12:40,47,639
6/22/2021 12:45,47,638
6/22/2021 12:50,47,637
6/22/2021 12:55,47,635
6/22/2021 13:00,47,636
6/22/2021 13:05,47,632
6/22/2021 13:10,47,632
6/22/2021 13:15,47,630
6/22/2021 13:20,47,630
6/22/2021 13:25,47,628
6/22/2021 13:30,47,625
6/22/2021 13:35,47,626
6/22/2021 13:40,47,626
6/22/2021 13:45,47,625
6/22/2021 13:50,47,624
6/22/2021 13:55,47,622
6/22/2021 14:00,47,622
6/22/2021 14:05,47,621
6/22/2021 14:10,47,621
6/22/2021 14:15,47,619
6/22/2021 14:20,47,616
6/22/2021 14:25,47,616
6/22/2021 14:30,47,615
6/22/2021 14:35,47,616
6/22/2021 14:40,47,614
6/22/2021 14:45,47,614
6/22/2021 14:50,47,612
6/22/2021 14:55,47,612
6/22/2021 15:00,47,613
6/22/2021 15:05,47,613
6/22/2021 15:10,47,612
6/22/2021 15:15,47,609
6/22/2021 15:20,47,608
6/22/2021 15:25,47,609
6/22/2021 15:30,47,609
6/22/2021 15:35,47,608
6/22/2021 15:40,47,607
6/22/2021 15:45,47,609
6/22/2021 15:50,47,608
6/22/2021 15:55,47,606
6/22/2021 16:00,47,606
6/22/2021 16:05,47,605
6/22/2021 16:10,47,605
6/22/2021 16:15,47,606
6/22/2021 16:20,47,603
6/22/2021 16:25,47,603
6/22/2021 16:30,47,603
6/22/2021 16:35,47,602
6/22/2021 16:40,47,604
6/22/2021 16:45,47,603
6/22/2021 16:50,47,603
6/22/2021 16:55,47,602
6/22/2021 17:00,47,603
6/22/2021 17:05,47,602
6/22/2021 17:10,47,602
6/22/2021 17:15,47,602
6/22/2021 17:20,47,602
6/22/2021 17:25,47,603
6/22/2021 17:30,47,602
6/22/2021 17:35,47,603
6/22/2021 17:40,47,604
6/22/2021 17:45,47,605
6/22/2021 17:50,47,605
6/22/2021 17:55,47,605
6/22/2021 18:00,47,606
6/22/2021 18:05,47,605
6/22/2021 18:10,47,606
6/22/2021 18:15,47,609
6/22/2021 18:20,47,608
6/22/2021 18:25,47,609
6/22/2021 18:30,47,612
6/22/2021 18:35,47,614
6/22/2021 18:40,47,616
6/22/2021 18:45,47,615
6/22/2021 18:50,47,617
6/22/2021 18:55,47,617
6/22/2021 19:00,47,617
6/22/2021 19:05,47,621
6/22/2021 19:10,47,623
6/22/2021 19:15,47,623
6/22/2021 19:20,47,624
6/22/2021 19:25,47,626
6/22/2021 19:30,47,627
6/22/2021 19:35,47,632
6/22/2021 19:40,47,631
6/22/2021 19:45,47,632
6/22/2021 19:50,47,634
6/22/2021 19:55,47,635
6/22/2021 20:00,47,638
6/22/2021 20:05,47,641
6/22/2021 20:10,47,639
6/22/2021 20:15,47,640
6/22/2021 20:20,47,642
6/22/2021 20:25,47,645
6/22/2021 20:30,47,647
6/22/2021 20:35,47,646
6/22/2021 20:40,47,649
6/22/2021 20:45,47,650
6/22/2021 20:50,47,652
6/22/2021 20:55,47,654
6/22/2021 21:00,47,656
6/22/2021 21:05,47,657
6/22/2021 21:10,47,658
6/22/2021 21:15,47,662
6/22/2021 21:20,47,663
6/22/2021 21:25,47,664
6/22/2021 21:30,47,665
6/22/2021 21:35,47,666
6/22/2021 21:40,47,670
6/22/2021 21:45,47,671
6/22/2021 21:50,47,672
6/22/2021 21:55,47,673
6/22/2021 22:00,47,675
6/22/2021 22:05,47,677
6/22/2021 22:10,47,679
6/22/2021 22:15,47,682
6/22/2021 22:20,47,684
6/22/2021 22:25,47,688
6/22/2021 22:30,47,688
6/22/2021 22:35,47,692
6/22/2021 22:40,47,693
6/22/2021 22:45,47,698
6/22/2021 22:50,47,697
6/22/2021 22:55,47,698
6/22/2021 23:00,47,702
6/22/2021 23:05,47,704
6/22/2021 23:10,47,704
6/22/2021 23:15,47,709
6/22/2021 23:20,47,710
6/22/2021 23:25,47,709
6/22/2021 23:30,47,711
6/22/2021 23:35,47,712
6/22/2021 23:40,47,714
6/22/2021 23:45,47,716
6/22/2021 23:50,47,718
6/22/2021 23:55,47,724
6/23/2021 0:00,47,722
6/23/2021 0:05,47,725
6/23/2021 0:10,47,726
6/23/2021 0:15,47,730
6/23/2021 0:20,47,731
6/23/2021 0:25,47,734
6/23/2021 0:30,47,735
6/23/2021 0:35,47,736
6/23/2021 0:40,47,738
6/23/2021 0:45,47,741
6/23/2021 0:50,47,739
6/23/2021 0:55,47,744
6/23/2021 1:00,47,744
6/23/2021 1:05,47,746
6/23/2021 1:10,47,748
6/23/2021 1:15,47,746
6/23/2021 1:20,47,748
6/23/2021 1:25,47,749
6/23/2021 1:30,47,750
6/23/2021 1:35,47,753
6/23/2021 1:40,47,753
6/23/2021 1:45,47,758
6/23/2021 1:50,47,758
6/23/2021 1:55,47,760
6/23/2021 2:00,47,758
6/23/2021 2:05,47,762
6/23/2021 2:10,47,763
6/23/2021 2:15,47,765
6/23/2021 2:20,47,765
6/23/2021 2:25,47,764
6/23/2021 2:30,47,763
6/23/2021 2:35,47,767
6/23/2021 2:40,47,763
6/23/2021 2:45,47,765
6/23/2021 2:50,47,770
6/23/2021 2:55,47,768
6/23/2021 3:00,47,769
6/23/2021 3:05,47,770
6/23/2021 3:10,47,769
6/23/2021 3:15,47,773
6/23/2021 3:20,47,772
6/23/2021 3:25,47,771
6/23/2021 3:30,47,773
6/23/2021 3:35,47,773
6/23/2021 3:40,47,770
6/23/2021 3:45,47,771
6/23/2021 3:50,47,776
6/23/2021 3:55,47,770
6/23/2021 4:00,47,775
6/23/2021 4:05,47,774
6/23/2021 4:10,47,771
6/23/2021 4:15,47,774
6/23/2021 4:20,47,775
6/23/2021 4:25,47,775
6/23/2021 4:30,47,778
6/23/2021 4:35,47,773
6/23/2021 4:40,47,769
6/23/2021 4:45,47,771
6/23/2021 4:50,47,768
6/23/2021 4:55,47,767
6/23/2021 5:00,47,767
6/23/2021 5:05,47,771
6/23/2021 5:10,47,772
6/23/2021 5:15,47,766
6/23/2021 5:20,47,769
6/23/2021 5:25,47,766
6/23/2021 5:30,47,768
6/23/2021 5:35,47,767
6/23/2021 5:40,47,767
6/23/2021 5:45,47,765
6/23/2021 5:50,47,765
6/23/2021 5:55,47,765
6/23/2021 6:00,47,764
6/23/2021 6:05,47,764
6/23/2021 6:10,47,763
6/23/2021 6:15,47,762
6/23/2021 6:20,47,760
6/23/2021 6:25,47,760
6/23/2021 6:30,47,760
6/23/2021 6:35,47,759
6/23/2021 6:40,47,758
6/23/2021 6:45,47,755
6/23/2021 6:50,47,756
6/23/2021 6:55,47,754
6/23/2021 7:00,47,753
6/23/2021 7:05,47,749
6/23/2021 7:10,47,750
6/23/2021 7:15,47,749
6/23/2021 7:20,47,748
6/23/2021 7:25,47,747
6/23/2021 7:30,47,751
6/23/2021 7:35,47,751
6/23/2021 7:40,47,748
6/23/2021 7:45,47,748
6/23/2021 7:50,47,746
6/23/2021 7:55,47,744
6/23/2021 8:00,47,743
6/23/2021 8:05,47,740
6/23/2021 8:10,47,741
6/23/2021 8:15,47,740
6/23/2021 8:20,47,740
6/23/2021 8:25,47,740
6/23/2021 8:30,47,736
6/23/2021 8:35,47,736
6/23/2021 8:40,47,734
6/23/2021 8:45,47,732
6/23/2021 8:50,47,732
6/23/2021 8:55,47,730
6/23/2021 9:00,47,729
6/23/2021 9:05,47,729
6/23/2021 9:10,47,725
6/23/2021 9:15,47,726
6/23/2021 9:20,47,724
6/23/2021 9:25,47,722
6/23/2021 9:30,47,721
6/23/2021 9:35,47,721
6/23/2021 9:40,47,720
6/23/2021 9:45,47,717
6/23/2021 9:50,47,715
6/23/2021 9:55,47,713
6/23/2021 10:00,47,711
6/23/2021 10:05,47,709
6/23/2021 10:10,47,709
6/23/2021 10:15,47,705
6/23/2021 10:20,47,704
6/23/2021 10:25,47,700
6/23/2021 10:30,47,700
6/23/2021 10:35,47,698
6/23/2021 10:40,47,694
6/23/2021 10:45,47,694
6/23/2021 10:50,47,688
6/23/2021 10:55,47,692
6/23/2021 11:00,47,689
6/23/2021 11:05,47,690
6/23/2021 11:10,47,688
6/23/2021 11:15,47,688
6/23/2021 11:20,47,684
6/23/2021 11:25,47,682
6/23/2021 11:30,47,681
6/23/2021 11:35,47,680
6/23/2021 11:40,47,681
6/23/2021 11:45,47,677
6/23/2021 11:50,47,677
6/23/2021 11:55,47,675
6/23/2021 12:00,47,671
6/23/2021 12:05,47,669
6/23/2021 12:10,47,668
6/23/2021 12:15,47,668
6/23/2021 12:20,47,668
6/23/2021 12:25,47,664
6/23/2021 12:30,47,662
6/23/2021 12:35,47,660
6/23/2021 12:40,47,660
6/23/2021 12:45,47,658
6/23/2021 12:50,47,657
6/23/2021 12:55,47,654
6/23/2021 13:00,47,655
6/23/2021 13:05,47,654
6/23/2021 13:10,47,654
6/23/2021 13:15,47,651
6/23/2021 13:20,47,650
6/23/2021 13:25,47,648
6/23/2021 13:30,47,647
6/23/2021 13:35,47,647
6/23/2021 13:40,47,646
6/23/2021 13:45,47,644
6/23/2021 13:50,47,644
6/23/2021 13:55,47,643
6/23/2021 14:00,47,640
6/23/2021 14:05,47,638
6/23/2021 14:10,47,640
6/23/2021 14:15,47,638
6/23/2021 14:20,47,637
6/23/2021 14:25,47,634
6/23/2021 14:30,47,635
6/23/2021 14:35,47,630
6/23/2021 14:40,47,632
6/23/2021 14:45,47,628
6/23/2021 14:50,47,628
6/23/2021 14:55,47,627
6/23/2021 15:00,47,625
6/23/2021 15:05,47,625
6/23/2021 15:10,47,623
6/23/2021 15:15,47,620
6/23/2021 15:20,47,622
6/23/2021 15:25,47,620
6/23/2021 15:30,47,618
6/23/2021 15:35,47,617
6/23/2021 15:40,47,618
6/23/2021 15:45,47,618
6/23/2021 15:50,47,614
6/23/2021 15:55,47,614
6/23/2021 16:00,47,614
6/23/2021 16:05,47,614
6/23/2021 16:10,47,612
6/23/2021 16:15,47,610
6/23/2021 16:20,47,612
6/23/2021 16:25,47,611
6/23/2021 16:30,47,612
6/23/2021 16:35,47,611
6/23/2021 16:40,47,610
6/23/2021 16:45,47,609
6/23/2021 16:50,47,610
6/23/2021 16:55,47,611
6/23/2021 17:00,47,607
6/23/2021 17:05,47,610
6/23/2021 17:10,47,608
6/23/2021 17:15,47,607
6/23/2021 17:20,47,608
6/23/2021 17:25,47,605
6/23/2021 17:30,47,608
6/23/2021 17:35,47,607
6/23/2021 17:40,47,609
6/23/2021 17:45,47,608
6/23/2021 17:50,47,605
6/23/2021 17:55,47,606
6/23/2021 18:00,47,603
6/23/2021 18:05,47,608
6/23/2021 18:10,47,604
6/23/2021 18:15,47,605
6/23/2021 18:20,47,608
6/23/2021 18:25,47,608
6/23/2021 18:30,47,605
6/23/2021 18:35,47,608
6/23/2021 18:40,47,606
6/23/2021 18:45,47,607
6/23/2021 18:50,47,607
6/23/2021 18:55,47,607
6/23/2021 19:00,47,608
6/23/2021 19:05,47,609
6/23/2021 19:10,47,608
6/23/2021 19:15,47,608
6/23/2021 19:20,47,610
6/23/2021 19:25,47,612
6/23/2021 19:30,47,610
6/23/2021 19:35,47,612
6/23/2021 19:40,47,612
6/23/2021 19:45,47,612
6/23/2021 19:50,47,614
6/23/2021 19:55,47,615
6/23/2021 20:00,47,616
6/23/2021 20:05,47,617
6/23/2021 20:10,47,617
6/23/2021 20:15,47,619
6/23/2021 20:20,47,617
6/23/2021 20:25,47,620
6/23/2021 20:30,47,619
6/23/2021 20:35,47,621
6/23/2021 20:40,47,622
6/23/2021 20:45,47,623
6/23/2021 20:50,47,623
6/23/2021 20:55,47,625
6/23/2021 21:00,47,623
6/23/2021 21:05,47,625
6/23/2021 21:10,47,624
6/23/2021 21:15,47,627
6/23/2021 21:20,47,628
6/23/2021 21:25,47,626
6/23/2021 21:30,47,627
6/23/2021 21:35,47,629
6/23/2021 21:40,47,629
6/23/2021 21:45,47,629
6/23/2021 21:50,47,633
6/23/2021 21:55,47,634
6/23/2021 22:00,47,631
6/23/2021 22:05,47,635
6/23/2021 22:10,47,636
6/23/2021 22:15,47,635
6/23/2021 22:20,47,638
6/23/2021 22:25,47,636
6/23/2021 22:30,47,641
6/23/2021 22:35,47,641
6/23/2021 22:40,47,642
6/23/2021 22:45,47,644
6/23/2021 22:50,47,647
6/23/2021 22:55,47,646
6/23/2021 23:00,47,647
6/23/2021 23:05,47,644
6/23/2021 23:10,47,648
6/23/2021 23:15,47,651
6/23/2021 23:20,47,649
6/23/2021 23:25,47,651
6/23/2021 23:30,47,653
6/23/2021 23:35,47,653
6/23/2021 23:40,47,656
6/23/2021 23:45,47,657
6/23/2021 23:50,47,655
6/23/2021 23:55,47,658
6/24/2021 0:00,47,659
6/24/2021 0:05,47,659
6/24/2021 0:10,47,661
6/24/2021 0:15,47,661
6/24/2021 0:20,47,665
6/24/2021 0:25,47,666
6/24/2021 0:30,47,666
6/24/2021 0:35,47,665
6/24/2021 0:40,47,667
6/24/2021 0:45,47,670
6/24/2021 0:50,47,669
6/24/2021 0:55,47,671
6/24/2021 1:00,47,674
6/24/2021 1:05,47,673
6/24/2021 1:10,47,673
6/24/2021 1:15,47,677
6/24/2021 1:20,47,676
6/24/2021 1:25,47,679
6/24/2021 1:30,47,680
6/24/2021 1:35,47,680
6/24/2021 1:40,47,682
6/24/2021 1:45,47,682
6/24/2021 1:50,47,684
6/24/2021 1:55,47,684
6/24/2021 2:00,47,687
6/24/2021 2:05,47,685
6/24/2021 2:10,47,687
6/24/2021 2:15,47,686
6/24/2021 2:20,47,687
6/24/2021 2:25,47,687
6/24/2021 2:30,47,688
6/24/2021 2:35,47,692
6/24/2021 2:40,47,692
6/24/2021 2:45,47,692
6/24/2021 2:50,47,693
6/24/2021 2:55,47,694
6/24/2021 3:00,47,697
6/24/2021 3:05,47,699
6/24/2021 3:10,47,697
6/24/2021 3:15,47,699
6/24/2021 3:20,47,701
6/24/2021 3:25,47,701
6/24/2021 3:30,47,702
6/24/2021 3:35,47,704
6/24/2021 3:40,47,703
6/24/2021 3:45,47,701
6/24/2021 3:50,47,703
6/24/2021 3:55,47,704
6/24/2021 4:00,47,704
6/24/2021 4:05,47,704
6/24/2021 4:10,47,705
6/24/2021 4:15,47,706
6/24/2021 4:20,47,704
6/24/2021 4:25,47,707
6/24/2021 4:30,47,707
6/24/2021 4:35,47,706
6/24/2021 4:40,47,708
6/24/2021 4:45,47,707
6/24/2021 4:50,47,707
6/24/2021 4:55,47,709
6/24/2021 5:00,47,706
6/24/2021 5:05,47,709
6/24/2021 5:10,47,709
6/24/2021 5:15,47,711
6/24/2021 5:20,47,710
6/24/2021 5:25,47,705
6/24/2021 5:30,47,708
6/24/2021 5:35,47,711
6/24/2021 5:40,47,707
6/24/2021 5:45,47,709
6/24/2021 5:50,47,708
6/24/2021 5:55,47,709
6/24/2021 6:00,47,709
6/24/2021 6:05,47,707
6/24/2021 6:10,47,705
6/24/2021 6:15,47,708
6/24/2021 6:20,47,706
6/24/2021 6:25,47,704
6/24/2021 6:30,47,709
6/24/2021 6:35,47,706
6/24/2021 6:40,47,706
6/24/2021 6:45,47,703
6/24/2021 6:50,47,704
6/24/2021 6:55,47,702
6/24/2021 7:00,47,702
6/24/2021 7:05,47,703
6/24/2021 7:10,47,702
6/24/2021 7:15,47,699
6/24/2021 7:20,47,703
6/24/2021 7:25,47,699
6/24/2021 7:30,47,700
6/24/2021 7:35,47,698
6/24/2021 7:40,47,696
6/24/2021 7:45,47,697
6/24/2021 7:50,47,693
6/24/2021 7:55,47,697
6/24/2021 8:00,47,693
6/24/2021 8:05,47,693
6/24/2021 8:10,47,693
6/24/2021 8:15,47,691
6/24/2021 8:20,47,692
6/24/2021 8:25,47,688
6/24/2021 8:30,47,689
6/24/2021 8:35,47,689
6/24/2021 8:40,47,688
6/24/2021 8:45,47,688
6/24/2021 8:50,47,684
6/24/2021 8:55,47,683
6/24/2021 9:00,47,683
6/24/2021 9:05,47,683
6/24/2021 9:10,47,681
6/24/2021 9:15,47,683
6/24/2021 9:20,47,681
6/24/2021 9:25,47,680
6/24/2021 9:30,47,679
6/24/2021 9:35,47,675
6/24/2021 9:40,47,677
6/24/2021 9:45,47,676
6/24/2021 9:50,47,677
6/24/2021 9:55,47,676
6/24/2021 10:00,47,676
6/24/2021 10:05,47,671
6/24/2021 10:10,47,671
6/24/2021 10:15,47,671
6/24/2021 10:20,47,672
6/24/2021 10:25,47,666
6/24/2021 10:30,47,664
6/24/2021 10:35,47,665
6/24/2021 10:40,47,662
6/24/2021 10:45,47,662
6/24/2021 10:50,47,663
6/24/2021 10:55,47,662
6/24/2021 11:00,47,661
6/24/2021 11:05,47,659
6/24/2021 11:10,47,657
6/24/2021 11:15,47,653
6/24/2021 11:20,47,655
6/24/2021 11:25,47,653
6/24/2021 11:30,47,652
6/24/2021 11:35,47,654
6/24/2021 11:40,47,650
6/24/2021 11:45,47,650
6/24/2021 11:50,47,649
6/24/2021 11:55,47,648
6/24/2021 12:00,47,644
6/24/2021 12:05,47,644
6/24/2021 12:10,47,642
6/24/2021 12:15,47,642
6/24/2021 12:20,47,643
6/24/2021 12:25,47,639
6/24/2021 12:30,47,639
6/24/2021 12:35,47,637
6/24/2021 12:40,47,637
6/24/2021 12:45,47,636
6/24/2021 12:50,47,633
6/24/2021 12:55,47,632
6/24/2021 13:00,47,631
6/24/2021 13:05,47,630
6/24/2021 13:10,47,629
6/24/2021 13:15,47,628
6/24/2021 13:20,47,630
6/24/2021 13:25,47,628
6/24/2021 13:30,47,626
6/24/2021 13:35,47,624
6/24/2021 13:40,47,623
6/24/2021 13:45,47,623
6/24/2021 13:50,47,623
6/24/2021 13:55,47,622
6/24/2021 14:00,47,622
6/24/2021 14:05,47,619
6/24/2021 14:10,47,620
6/24/2021 14:15,47,620
6/24/2021 14:20,47,617
6/24/2021 14:25,47,615
6/24/2021 14:30,47,618
6/24/2021 14:35,47,614
6/24/2021 14:40,47,615
6/24/2021 14:45,47,613
6/24/2021 14:50,47,614
6/24/2021 14:55,47,615
6/24/2021 15:00,47,618
6/24/2021 15:05,47,616
6/24/2021 15:10,47,614
6/24/2021 15:15,47,613
6/24/2021 15:20,47,612
6/24/2021 15:25,47,613
6/24/2021 15:30,47,612
6/24/2021 15:35,47,612
6/24/2021 15:40,47,610
6/24/2021 15:45,47,610
6/24/2021 15:50,47,611
6/24/2021 15:55,47,610
6/24/2021 16:00,47,609
6/24/2021 16:05,47,610
6/24/2021 16:10,47,609
6/24/2021 16:15,47,609
6/24/2021 16:20,47,606
6/24/2021 16:25,47,608
6/24/2021 16:30,47,609
6/24/2021 16:35,47,609
6/24/2021 16:40,47,608
6/24/2021 16:45,47,607
6/24/2021 16:50,47,608
6/24/2021 16:55,47,609
6/24/2021 17:00,47,609
6/24/2021 17:05,47,609
6/24/2021 17:10,47,610
6/24/2021 17:15,47,609
6/24/2021 17:20,47,614
6/24/2021 17:25,47,612
6/24/2021 17:30,47,611
6/24/2021 17:35,47,613
6/24/2021 17:40,47,612
6/24/2021 17:45,47,615
6/24/2021 17:50,47,615
6/24/2021 17:55,47,615
6/24/2021 18:00,47,616
6/24/2021 18:05,47,619
6/24/2021 18:10,47,617
6/24/2021 18:15,47,618
6/24/2021 18:20,47,619
6/24/2021 18:25,47,619
6/24/2021 18:30,47,623
6/24/2021 18:35,47,624
6/24/2021 18:40,47,624
6/24/2021 18:45,47,625
6/24/2021 18:50,47,627
6/24/2021 18:55,47,627
6/24/2021 19:00,47,630
6/24/2021 19:05,47,629
6/24/2021 19:10,47,630
6/24/2021 19:15,47,631
6/24/2021 19:20,47,634
6/24/2021 19:25,47,635
6/24/2021 19:30,47,634
6/24/2021 19:35,47,638
6/24/2021 19:40,47,639
6/24/2021 19:45,47,640
6/24/2021 19:50,47,642
6/24/2021 19:55,47,645
6/24/2021 20:00,47,646
6/24/2021 20:05,47,645
6/24/2021 20:10,47,649
6/24/2021 20:15,47,649
6/24/2021 20:20,47,654
6/24/2021 20:25,47,653
6/24/2021 20:30,47,655
6/24/2021 20:35,47,659
6/24/2021 20:40,47,657
6/24/2021 20:45,47,659
6/24/2021 20:50,47,662
6/24/2021 20:55,47,663
6/24/2021 21:00,47,665
6/24/2021 21:05,47,665
6/24/2021 21:10,47,667
6/24/2021 21:15,47,671
6/24/2021 21:20,47,673
6/24/2021 21:25,47,676
6/24/2021 21:30,47,678
6/24/2021 21:35,47,678
6/24/2021 21:40,47,679
6/24/2021 21:45,47,680
6/24/2021 21:50,47,685
6/24/2021 21:55,47,686
6/24/2021 22:00,47,687
6/24/2021 22:05,47,691
6/24/2021 22:10,47,692
6/24/2021 22:15,47,694
6/24/2021 22:20,47,695
6/24/2021 22:25,47,695
6/24/2021 22:30,47,698
6/24/2021 22:35,47,698
6/24/2021 22:40,47,705
6/24/2021 22:45,47,704
6/24/2021 22:50,47,704
6/24/2021 22:55,47,706
6/24/2021 23:00,47,708
6/24/2021 23:05,47,710
6/24/2021 23:10,47,713
6/24/2021 23:15,47,718
6/24/2021 23:20,47,715
6/24/2021 23:25,47,719
6/24/2021 23:30,47,720
6/24/2021 23:35,47,725
6/24/2021 23:40,47,724
6/24/2021 23:45,47,727
6/24/2021 23:50,47,726
6/24/2021 23:55,47,728
6/25/2021 0:00,47,732
6/25/2021 0:05,47,730
6/25/2021 0:10,47,733
6/25/2021 0:15,47,735
6/25/2021 0:20,47,738
6/25/2021 0:25,47,736
6/25/2021 0:30,47,741
6/25/2021 0:35,47,740
6/25/2021 0:40,47,741
6/25/2021 0:45,47,745
6/25/2021 0:50,47,743
6/25/2021 0:55,47,747
6/25/2021 1:00,47,750
6/25/2021 1:05,47,751
6/25/2021 1:10,47,751
6/25/2021 1:15,47,753
6/25/2021 1:20,47,756
6/25/2021 1:25,47,761
6/25/2021 1:30,47,759
6/25/2021 1:35,47,762
6/25/2021 1:40,47,760
6/25/2021 1:45,47,760
6/25/2021 1:50,47,760
6/25/2021 1:55,47,762
6/25/2021 2:00,47,764
6/25/2021 2:05,47,767
6/25/2021 2:10,47,767
6/25/2021 2:15,47,768
6/25/2021 2:20,47,770
6/25/2021 2:25,47,771
6/25/2021 2:30,47,773
6/25/2021 2:35,47,775
6/25/2021 2:40,47,772
6/25/2021 2:45,47,775
6/25/2021 2:50,47,772
6/25/2021 2:55,47,773
6/25/2021 3:00,47,779
6/25/2021 3:05,47,776
6/25/2021 3:10,47,777
6/25/2021 3:15,47,780
6/25/2021 3:20,47,779
6/25/2021 3:25,47,779
6/25/2021 3:30,47,779
6/25/2021 3:35,47,780
6/25/2021 3:40,47,779
6/25/2021 3:45,47,780
6/25/2021 3:50,47,780
6/25/2021 3:55,47,784
6/25/2021 4:00,47,787
6/25/2021 4:05,47,783
6/25/2021 4:10,47,782
6/25/2021 4:15,47,781
6/25/2021 4:20,47,781
6/25/2021 4:25,47,787
6/25/2021 4:30,47,781
6/25/2021 4:35,47,780
6/25/2021 4:40,47,781
6/25/2021 4:45,47,781
6/25/2021 4:50,47,781
6/25/2021 4:55,47,781
6/25/2021 5:00,47,782
6/25/2021 5:05,47,784
6/25/2021 5:10,47,782
6/25/2021 5:15,47,785
6/25/2021 5:20,47,783
6/25/2021 5:25,47,784
6/25/2021 5:30,47,782
6/25/2021 5:35,47,784
6/25/2021 5:40,47,783
6/25/2021 5:45,47,781
6/25/2021 5:50,47,781
6/25/2021 5:55,47,780
6/25/2021 6:00,47,782
6/25/2021 6:05,47,780
6/25/2021 6:10,47,779
6/25/2021 6:15,47,778
6/25/2021 6:20,47,777
6/25/2021 6:25,47,776
6/25/2021 6:30,47,776
6/25/2021 6:35,47,776
6/25/2021 6:40,47,777
6/25/2021 6:45,47,774
6/25/2021 6:50,47,774
6/25/2021 6:55,47,774
6/25/2021 7:00,47,772
6/25/2021 7:05,47,772
6/25/2021 7:10,47,768
6/25/2021 7:15,47,770
6/25/2021 7:20,47,770
6/25/2021 7:25,47,767
6/25/2021 7:30,47,769
6/25/2021 7:35,47,768
6/25/2021 7:40,47,765
6/25/2021 7:45,47,763
6/25/2021 7:50,47,760
6/25/2021 7:55,47,761
6/25/2021 8:00,47,759
6/25/2021 8:05,47,758
6/25/2021 8:10,47,759
6/25/2021 8:15,47,755
6/25/2021 8:20,47,755
6/25/2021 8:25,47,754
6/25/2021 8:30,47,754
6/25/2021 8:35,47,751
6/25/2021 8:40,47,751
6/25/2021 8:45,47,750
6/25/2021 8:50,47,750
6/25/2021 8:55,47,746
6/25/2021 9:00,47,746
6/25/2021 9:05,47,744
6/25/2021 9:10,47,743
6/25/2021 9:15,47,743
6/25/2021 9:20,47,738
6/25/2021 9:25,47,740
6/25/2021 9:30,47,740
6/25/2021 9:35,47,739
6/25/2021 9:40,47,736
6/25/2021 9:45,47,738
6/25/2021 9:50,47,738
6/25/2021 9:55,47,732
6/25/2021 10:00,47,734
6/25/2021 10:05,47,732
6/25/2021 10:10,47,733
6/25/2021 10:15,47,729
6/25/2021 10:20,47,730
6/25/2021 10:25,47,727
6/25/2021 10:30,47,726
6/25/2021 10:35,47,725
6/25/2021 10:40,47,722
6/25/2021 10:45,47,723
6/25/2021 10:50,47,721
6/25/2021 10:55,47,720
6/25/2021 11:00,47,719
6/25/2021 11:05,47,716
6/25/2021 11:10,47,718
6/25/2021 11:15,47,718
6/25/2021 11:20,47,714
6/25/2021 11:25,47,713
6/25/2021 11:30,47,713
6/25/2021 11:35,47,713
6/25/2021 11:40,47,710
6/25/2021 11:45,47,708
6/25/2021 11:50,47,710
6/25/2021 11:55,47,707
6/25/2021 12:00,47,707
6/25/2021 12:05,47,705
6/25/2021 12:10,47,705
6/25/2021 12:15,47,703
6/25/2021 12:20,47,704
6/25/2021 12:25,47,702
6/25/2021 12:30,47,700
6/25/2021 12:35,47,700
6/25/2021 12:40,47,700
6/25/2021 12:45,47,696
6/25/2021 12:50,47,698
6/25/2021 12:55,47,696
6/25/2021 13:00,47,695
6/25/2021 13:05,47,692
6/25/2021 13:10,47,693
6/25/2021 13:15,47,691
6/25/2021 13:20,47,693
6/25/2021 13:25,47,690
6/25/2021 13:30,47,690
6/25/2021 13:35,47,690
6/25/2021 13:40,47,688
6/25/2021 13:45,47,688
6/25/2021 13:50,47,688
6/25/2021 13:55,47,685
6/25/2021 14:00,47,687
6/25/2021 14:05,47,685
6/25/2021 14:10,47,686
6/25/2021 14:15,47,684
6/25/2021 14:20,47,683
6/25/2021 14:25,47,682
6/25/2021 14:30,47,682
6/25/2021 14:35,47,683
6/25/2021 14:40,47,682
6/25/2021 14:45,47,679
6/25/2021 14:50,47,680
6/25/2021 14:55,47,682
6/25/2021 15:00,47,682
6/25/2021 15:05,47,677
6/25/2021 15:10,47,680
6/25/2021 15:15,47,679
6/25/2021 15:20,47,680
6/25/2021 15:25,47,678
6/25/2021 15:30,47,679
6/25/2021 15:35,47,679
6/25/2021 15:40,47,677
6/25/2021 15:45,47,679
6/25/2021 15:50,47,676
6/25/2021 15:55,47,676
6/25/2021 16:00,47,676
6/25/2021 16:05,47,676
6/25/2021 16:10,47,678
6/25/2021 16:15,47,677
6/25/2021 16:20,47,679
6/25/2021 16:25,47,679
6/25/2021 16:30,47,678
6/25/2021 16:35,47,679
6/25/2021 16:40,47,679
6/25/2021 16:45,47,679
6/25/2021 16:50,47,678
6/25/2021 16:55,47,681
6/25/2021 17:00,47,681
6/25/2021 17:05,47,683
6/25/2021 17:10,47,686
6/25/2021 17:15,47,686
6/25/2021 17:20,47,686
6/25/2021 17:25,47,687
6/25/2021 17:30,47,686
6/25/2021 17:35,47,688
6/25/2021 17:40,47,689
6/25/2021 17:45,47,692
6/25/2021 17:50,47,691
6/25/2021 17:55,47,694
6/25/2021 18:00,47,696
6/25/2021 18:05,47,697
6/25/2021 18:10,47,700
6/25/2021 18:15,47,700
6/25/2021 18:20,47,700
6/25/2021 18:25,47,702
6/25/2021 18:30,47,705
6/25/2021 18:35,47,707
6/25/2021 18:40,47,711
6/25/2021 18:45,47,710
6/25/2021 18:50,47,712
6/25/2021 18:55,47,715
6/25/2021 19:00,47,716
6/25/2021 19:05,47,719
6/25/2021 19:10,47,719
6/25/2021 19:15,47,723
6/25/2021 19:20,47,725
6/25/2021 19:25,47,726
6/25/2021 19:30,47,727
6/25/2021 19:35,47,730
6/25/2021 19:40,47,731
6/25/2021 19:45,47,735
6/25/2021 19:50,47,740
6/25/2021 19:55,47,743
6/25/2021 20:00,47,743
6/25/2021 20:05,47,747
6/25/2021 20:10,47,749
6/25/2021 20:15,47,749
6/25/2021 20:20,47,753
6/25/2021 20:25,47,758
6/25/2021 20:30,47,758
6/25/2021 20:35,47,760
6/25/2021 20:40,47,764
6/25/2021 20:45,47,768
6/25/2021 20:50,47,769
6/25/2021 20:55,47,775
6/25/2021 21:00,47,775
6/25/2021 21:05,47,777
6/25/2021 21:10,47,783
6/25/2021 21:15,47,782
6/25/2021 21:20,47,787
6/25/2021 21:25,47,791
6/25/2021 21:30,47,793
6/25/2021 21:35,47,795
6/25/2021 21:40,47,801
6/25/2021 21:45,47,803
6/25/2021 21:50,47,805
6/25/2021 21:55,47,805
6/25/2021 22:00,47,812
6/25/2021 22:05,47,815
6/25/2021 22:10,47,822
6/25/2021 22:15,47,822
6/25/2021 22:20,47,823
6/25/2021 22:25,47,827
6/25/2021 22:30,47,829
6/25/2021 22:35,47,830
6/25/2021 22:40,47,835
6/25/2021 22:45,47,834
6/25/2021 22:50,47,841
6/25/2021 22:55,47,843
6/25/2021 23:00,47,847
6/25/2021 23:05,47,849
6/25/2021 23:10,47,854
6/25/2021 23:15,47,857
6/25/2021 23:20,47,854
6/25/2021 23:25,47,858
6/25/2021 23:30,47,862
6/25/2021 23:35,47,861
6/25/2021 23:40,47,868
6/25/2021 23:45,47,873
6/25/2021 23:50,47,873
6/25/2021 23:55,47,876
6/26/2021 0:00,47,880
6/26/2021 0:05,47,882
6/26/2021 0:10,47,885
6/26/2021 0:15,47,886
6/26/2021 0:20,47,886
6/26/2021 0:25,47,887
6/26/2021 0:30,47,892
6/26/2021 0:35,47,894
6/26/2021 0:40,47,898
6/26/2021 0:45,47,900
6/26/2021 0:50,47,904
6/26/2021 0:55,47,901
6/26/2021 1:00,47,908
6/26/2021 1:05,47,909
6/26/2021 1:10,47,913
6/26/2021 1:15,47,915
6/26/2021 1:20,47,916
6/26/2021 1:25,47,917
6/26/2021 1:30,47,922
6/26/2021 1:35,47,926
6/26/2021 1:40,47,930
6/26/2021 1:45,47,927
6/26/2021 1:50,47,928
6/26/2021 1:55,47,934
6/26/2021 2:00,47,932
6/26/2021 2:05,47,938
6/26/2021 2:10,47,939
6/26/2021 2:15,47,924
6/26/2021 2:20,47,927
6/26/2021 2:25,47,928
6/26/2021 2:30,47,932
6/26/2021 2:35,47,931
6/26/2021 2:40,47,934
6/26/2021 2:45,47,935
6/26/2021 2:50,47,938
6/26/2021 2:55,47,936
6/26/2021 3:00,47,938
6/26/2021 3:05,47,939
6/26/2021 3:10,47,939
6/26/2021 3:15,47,943
6/26/2021 3:20,47,943
6/26/2021 3:25,47,944
6/26/2021 3:30,47,948
6/26/2021 3:35,47,950
6/26/2021 3:40,47,956
6/26/2021 3:45,47,959
6/26/2021 3:50,47,960
6/26/2021 3:55,47,965
6/26/2021 4:00,47,960
6/26/2021 4:05,47,962
6/26/2021 4:10,47,962
6/26/2021 4:15,47,962
6/26/2021 4:20,47,964
6/26/2021 4:25,47,967
6/26/2021 4:30,47,963
6/26/2021 4:35,47,964
6/26/2021 4:40,47,962
6/26/2021 4:45,47,966
6/26/2021 4:50,47,963
6/26/2021 4:55,47,961
6/26/2021 5:00,47,959
6/26/2021 5:05,47,965
6/26/2021 5:10,47,964
6/26/2021 5:15,47,963
6/26/2021 5:20,47,958
6/26/2021 5:25,47,962
6/26/2021 5:30,47,960
6/26/2021 5:35,47,960
6/26/2021 5:40,47,962
6/26/2021 5:45,47,962
6/26/2021 5:50,47,962
6/26/2021 5:55,47,964
6/26/2021 6:00,47,959
6/26/2021 6:05,47,958
6/26/2021 6:10,47,961
6/26/2021 6:15,47,963
6/26/2021 6:20,47,960
6/26/2021 6:25,47,958
6/26/2021 6:30,47,957
6/26/2021 6:35,47,959
6/26/2021 6:40,47,955
6/26/2021 6:45,47,955
6/26/2021 6:50,47,956
6/26/2021 6:55,47,950
6/26/2021 7:00,47,951
6/26/2021 7:05,47,947
6/26/2021 7:10,47,946
6/26/2021 7:15,47,947
6/26/2021 7:20,47,951
6/26/2021 7:25,47,948
6/26/2021 7:30,47,950
6/26/2021 7:35,47,949
6/26/2021 7:40,47,949
6/26/2021 7:45,47,949
6/26/2021 7:50,47,947
6/26/2021 7:55,47,947
6/26/2021 8:00,47,949
6/26/2021 8:05,47,951
6/26/2021 8:10,47,949
6/26/2021 8:15,47,949
6/26/2021 8:20,47,943
6/26/2021 8:25,47,943
6/26/2021 8:30,47,940
6/26/2021 8:35,47,940
6/26/2021 8:40,47,939
6/26/2021 8:45,47,939
6/26/2021 8:50,47,943
6/26/2021 8:55,47,940
6/26/2021 9:00,47,939
6/26/2021 9:05,47,940
6/26/2021 9:10,47,943
6/26/2021 9:15,47,940
6/26/2021 9:20,47,938
6/26/2021 9:25,47,936
6/26/2021 9:30,47,938
6/26/2021 9:35,47,936
6/26/2021 9:40,47,935
6/26/2021 9:45,47,933
6/26/2021 9:50,47,933
6/26/2021 9:55,47,933
6/26/2021 10:00,47,932
6/26/2021 10:05,47,930
6/26/2021 10:10,47,931
6/26/2021 10:15,47,927
6/26/2021 10:20,47,930
6/26/2021 10:25,47,927
6/26/2021 10:30,47,923
6/26/2021 10:35,47,926
6/26/2021 10:40,47,922
6/26/2021 10:45,47,924
6/26/2021 10:50,47,922
6/26/2021 10:55,47,920
6/26/2021 11:00,47,924
6/26/2021 11:05,47,920
6/26/2021 11:10,47,918
6/26/2021 11:15,47,916
6/26/2021 11:20,47,913
6/26/2021 11:25,47,914
6/26/2021 11:30,47,916
6/26/2021 11:35,47,912
6/26/2021 11:40,47,911
6/26/2021 11:45,47,912
6/26/2021 11:50,47,912
6/26/2021 11:55,47,911
6/26/2021 12:00,47,912
6/26/2021 12:05,47,907
6/26/2021 12:10,47,909
6/26/2021 12:15,47,908
6/26/2021 12:20,47,907
6/26/2021 12:25,47,906
6/26/2021 12:30,47,905
6/26/2021 12:35,47,902
6/26/2021 12:40,47,903
6/26/2021 12:45,47,903
6/26/2021 12:50,47,901
6/26/2021 12:55,47,900
6/26/2021 13:00,47,900
6/26/2021 13:05,47,898
6/26/2021 13:10,47,903
6/26/2021 13:15,47,905
6/26/2021 13:20,47,901
6/26/2021 13:25,47,901
6/26/2021 13:30,47,901
6/26/2021 13:35,47,899
6/26/2021 13:40,47,899
6/26/2021 13:45,47,899
6/26/2021 13:50,47,899
6/26/2021 13:55,47,899
6/26/2021 14:00,47,900
6/26/2021 14:05,47,897
6/26/2021 14:10,47,897
6/26/2021 14:15,47,898
6/26/2021 14:20,47,895
6/26/2021 14:25,47,893
6/26/2021 14:30,47,897
6/26/2021 14:35,47,895
6/26/2021 14:40,47,895
6/26/2021 14:45,47,892
6/26/2021 14:50,47,895
6/26/2021 14:55,47,895
6/26/2021 15:00,47,893
6/26/2021 15:05,47,894
6/26/2021 15:10,47,896
6/26/2021 15:15,47,895
6/26/2021 15:20,47,893
6/26/2021 15:25,47,895
6/26/2021 15:30,47,898
6/26/2021 15:35,47,893
6/26/2021 15:40,47,897
6/26/2021 15:45,47,901
6/26/2021 15:50,47,896
6/26/2021 15:55,47,901
6/26/2021 16:00,47,900
6/26/2021 16:05,47,899
6/26/2021 16:10,47,890
6/26/2021 16:15,47,890
6/26/2021 16:20,47,894
6/26/2021 16:25,47,896
6/26/2021 16:30,47,897
6/26/2021 16:35,47,896
6/26/2021 16:40,47,898
6/26/2021 16:45,47,900
6/26/2021 16:50,47,901
6/26/2021 16:55,47,904
6/26/2021 17:00,47,903
6/26/2021 17:05,47,901
6/26/2021 17:10,47,904
6/26/2021 17:15,47,908
6/26/2021 17:20,47,909
6/26/2021 17:25,47,914
6/26/2021 17:30,47,911
6/26/2021 17:35,47,913
6/26/2021 17:40,47,915
6/26/2021 17:45,47,912
6/26/2021 17:50,47,913
6/26/2021 17:55,47,916
6/26/2021 18:00,47,918
6/26/2021 18:05,47,921
6/26/2021 18:10,47,923
6/26/2021 18:15,47,920
6/26/2021 18:20,47,924
6/26/2021 18:25,47,923
6/26/2021 18:30,47,922
6/26/2021 18:35,47,926
6/26/2021 18:40,47,926
6/26/2021 18:45,47,931
6/26/2021 18:50,47,932
6/26/2021 18:55,47,932
6/26/2021 19:00,47,933
6/26/2021 19:05,47,933
6/26/2021 19:10,47,936
6/26/2021 19:15,47,940
6/26/2021 19:20,47,938
6/26/2021 19:25,47,942
6/26/2021 19:30,47,939
6/26/2021 19:35,47,943
6/26/2021 19:40,47,943
6/26/2021 19:45,47,948
6/26/2021 19:50,47,944
6/26/2021 19:55,47,949
6/26/2021 20:00,47,951
6/26/2021 20:05,47,951
6/26/2021 20:10,47,954
6/26/2021 20:15,47,954
6/26/2021 20:20,47,961
6/26/2021 20:25,47,960
6/26/2021 20:30,47,961
6/26/2021 20:35,47,960
6/26/2021 20:40,47,969
6/26/2021 20:45,47,968
6/26/2021 20:50,47,972
6/26/2021 20:55,47,970
6/26/2021 21:00,47,971
6/26/2021 21:05,47,974
6/26/2021 21:10,47,974
6/26/2021 21:15,47,977
6/26/2021 21:20,47,979
6/26/2021 21:25,47,979
6/26/2021 21:30,47,981
6/26/2021 21:35,47,983
6/26/2021 21:40,47,987
6/26/2021 21:45,47,989
6/26/2021 21:50,47,989
6/26/2021 21:55,47,988
6/26/2021 22:00,47,994
6/26/2021 22:05,47,995
6/26/2021 22:10,47,999
6/26/2021 22:15,47,1000
6/26/2021 22:20,47,1000
6/26/2021 22:25,47,1000
6/26/2021 22:30,47,1000
6/26/2021 22:35,47,1010
6/26/2021 22:40,47,1010
6/26/2021 22:45,47,1010
6/26/2021 22:50,47,1010
6/26/2021 22:55,47,1010
6/26/2021 23:00,47,1010
6/26/2021 23:05,47,1020
6/26/2021 23:10,47,1020
6/26/2021 23:15,47,1020
6/26/2021 23:20,47,1020
6/26/2021 23:25,47,1020
6/26/2021 23:30,47,1020
6/26/2021 23:35,47,1030
6/26/2021 23:40,47,1030
6/26/2021 23:45,47,1020
6/26/2021 23:50,47,1030
6/26/2021 23:55,47,1030
6/27/2021 0:00,47,1030
6/27/2021 0:05,47,1030
6/27/2021 0:10,47,1030
6/27/2021 0:15,47,1030
6/27/2021 0:20,47,1030
6/27/2021 0:25,47,1040
6/27/2021 0:30,47,1040
6/27/2021 0:35,47,1040
6/27/2021 0:40,47,1040
6/27/2021 0:45,47,1040
6/27/2021 0:50,47,1040
6/27/2021 0:55,47,1050
6/27/2021 1:00,47,1040
6/27/2021 1:05,47,1050
6/27/2021 1:10,47,1050
6/27/2021 1:15,47,1050
6/27/2021 1:20,47,1050
6/27/2021 1:25,47,1050
6/27/2021 1:30,47,1050
6/27/2021 1:35,47,1050
6/27/2021 1:40,47,1050
6/27/2021 1:45,47,1050
6/27/2021 1:50,47,1060
6/27/2021 1:55,47,1050
6/27/2021 2:00,47,1050
6/27/2021 2:05,47,1060
6/27/2021 2:10,47,1060
6/27/2021 2:15,47,1060
6/27/2021 2:20,47,1060
6/27/2021 2:25,47,1060
6/27/2021 2:30,47,1060
6/27/2021 2:35,47,1060
6/27/2021 2:40,47,1060
6/27/2021 2:45,47,1060
6/27/2021 2:50,47,1060
6/27/2021 2:55,47,1060
6/27/2021 3:00,47,1060
6/27/2021 3:05,47,1050
6/27/2021 3:10,47,1060
6/27/2021 3:15,47,1060
6/27/2021 3:20,47,1060
6/27/2021 3:25,47,1060
6/27/2021 3:30,47,1060
6/27/2021 3:35,47,1060
6/27/2021 3:40,47,1050
6/27/2021 3:45,47,1060
6/27/2021 3:50,47,1050
6/27/2021 3:55,47,1050
6/27/2021 4:00,47,1050
6/27/2021 4:05,47,1050
6/27/2021 4:10,47,1050
6/27/2021 4:15,47,1050
6/27/2021 4:20,47,1050
6/27/2021 4:25,47,1050
6/27/2021 4:30,47,1050
6/27/2021 4:35,47,1050
6/27/2021 4:40,47,1050
6/27/2021 4:45,47,1050
6/27/2021 4:50,47,1050
6/27/2021 4:55,47,1050
6/27/2021 5:00,47,1040
6/27/2021 5:05,47,1040
6/27/2021 5:10,47,1040
6/27/2021 5:15,47,1040
6/27/2021 5:20,47,1040
6/27/2021 5:25,47,1040
6/27/2021 5:30,47,1040
6/27/2021 5:35,47,1040
6/27/2021 5:40,47,1040
6/27/2021 5:45,47,1040
6/27/2021 5:50,47,1040
6/27/2021 5:55,47,1030
6/27/2021 6:00,47,1030
6/27/2021 6:05,47,1030
6/27/2021 6:10,47,1030
6/27/2021 6:15,47,1030
6/27/2021 6:20,47,1030
6/27/2021 6:25,47,1030
6/27/2021 6:30,47,1020
6/27/2021 6:35,47,1030
6/27/2021 6:40,47,1030
6/27/2021 6:45,47,1030
6/27/2021 6:50,47,1020
6/27/2021 6:55,47,1020
6/27/2021 7:00,47,1020
6/27/2021 7:05,47,1020
6/27/2021 7:10,47,1020
6/27/2021 7:15,47,1020
6/27/2021 7:20,47,1010
6/27/2021 7:25,47,1010
6/27/2021 7:30,47,1010
6/27/2021 7:35,47,1010
6/27/2021 7:40,47,1010
6/27/2021 7:45,47,1010
6/27/2021 7:50,47,1000
6/27/2021 7:55,47,1000
6/27/2021 8:00,47,1000
6/27/2021 8:05,47,1000
6/27/2021 8:10,47,1000
6/27/2021 8:15,47,998
6/27/2021 8:20,47,998
6/27/2021 8:25,47,995
6/27/2021 8:30,47,996
6/27/2021 8:35,47,988
6/27/2021 8:40,47,991
6/27/2021 8:45,47,989
6/27/2021 8:50,47,983
6/27/2021 8:55,47,984
6/27/2021 9:00,47,986
6/27/2021 9:05,47,984
6/27/2021 9:10,47,984
6/27/2021 9:15,47,983
6/27/2021 9:20,47,977
6/27/2021 9:25,47,977
6/27/2021 9:30,47,977
6/27/2021 9:35,47,975
6/27/2021 9:40,47,974
6/27/2021 9:45,47,975
6/27/2021 9:50,47,973
6/27/2021 9:55,47,971
6/27/2021 10:00,47,964
6/27/2021 10:05,47,967
6/27/2021 10:10,47,967
6/27/2021 10:15,47,965
6/27/2021 10:20,47,965
6/27/2021 10:25,47,962
6/27/2021 10:30,47,962
6/27/2021 10:35,47,959
6/27/2021 10:40,47,958
6/27/2021 10:45,47,955
6/27/2021 10:50,47,956
6/27/2021 10:55,47,956
6/27/2021 11:00,47,953
6/27/2021 11:05,47,953
6/27/2021 11:10,47,948
6/27/2021 11:15,47,954
6/27/2021 11:20,47,950
6/27/2021 11:25,47,951
6/27/2021 11:30,47,950
6/27/2021 11:35,47,944
6/27/2021 11:40,47,943
6/27/2021 11:45,47,944
6/27/2021 11:50,47,940
6/27/2021 11:55,47,941
6/27/2021 12:00,47,933
6/27/2021 12:05,47,932
6/27/2021 12:10,47,931
6/27/2021 12:15,47,932
6/27/2021 12:20,47,928
6/27/2021 12:25,47,928
6/27/2021 12:30,47,927
6/27/2021 12:35,47,926
6/27/2021 12:40,47,925
6/27/2021 12:45,47,920
6/27/2021 12:50,47,918
6/27/2021 12:55,47,920
6/27/2021 13:00,47,914
6/27/2021 13:05,47,916
6/27/2021 13:10,47,914
6/27/2021 13:15,47,914
6/27/2021 13:20,47,912
6/27/2021 13:25,47,912
6/27/2021 13:30,47,915
6/27/2021 13:35,47,913
6/27/2021 13:40,47,913
6/27/2021 13:45,47,911
6/27/2021 13:50,47,914
6/27/2021 13:55,47,908
6/27/2021 14:00,47,908
6/27/2021 14:05,47,910
6/27/2021 14:10,47,910
6/27/2021 14:15,47,911
6/27/2021 14:20,47,911
6/27/2021 14:25,47,908
6/27/2021 14:30,47,909
6/27/2021 14:35,47,908
6/27/2021 14:40,47,909
6/27/2021 14:45,47,908
6/27/2021 14:50,47,907
6/27/2021 14:55,47,904
6/27/2021 15:00,47,902
6/27/2021 15:05,47,908
6/27/2021 15:10,47,909
6/27/2021 15:15,47,911
6/27/2021 15:20,47,910
6/27/2021 15:25,47,907
6/27/2021 15:30,47,909
6/27/2021 15:35,47,907
6/27/2021 15:40,47,914
6/27/2021 15:45,47,911
6/27/2021 15:50,47,911
6/27/2021 15:55,47,913
6/27/2021 16:00,47,909
6/27/2021 16:05,47,912
6/27/2021 16:10,47,911
6/27/2021 16:15,47,914
6/27/2021 16:20,47,914
6/27/2021 16:25,47,913
6/27/2021 16:30,47,914
6/27/2021 16:35,47,915
6/27/2021 16:40,47,917
6/27/2021 16:45,47,916
6/27/2021 16:50,47,918
6/27/2021 16:55,47,920
6/27/2021 17:00,47,923
6/27/2021 17:05,47,922
6/27/2021 17:10,47,925
6/27/2021 17:15,47,928
6/27/2021 17:20,47,926
6/27/2021 17:25,47,926
6/27/2021 17:30,47,929
6/27/2021 17:35,47,932
6/27/2021 17:40,47,931
6/27/2021 17:45,47,935
6/27/2021 17:50,47,935
6/27/2021 17:55,47,937
6/27/2021 18:00,47,942
6/27/2021 18:05,47,941
6/27/2021 18:10,47,940
6/27/2021 18:15,47,946
6/27/2021 18:25,47,947
6/27/2021 18:30,47,949
6/27/2021 18:35,47,949
6/27/2021 18:40,47,951
6/27/2021 18:45,47,954
6/27/2021 18:50,47,954
6/27/2021 18:55,47,957
6/27/2021 19:00,47,960
6/27/2021 19:05,47,956
6/27/2021 19:10,47,961
6/27/2021 19:15,47,959
6/27/2021 19:20,47,965
6/27/2021 19:25,47,968
6/27/2021 19:30,47,968
6/27/2021 19:35,47,971
6/27/2021 19:40,47,971
6/27/2021 19:45,47,975
6/27/2021 19:50,47,975
6/27/2021 19:55,47,980
6/27/2021 20:00,47,983
6/27/2021 20:05,47,985
6/27/2021 20:10,47,986
6/27/2021 20:15,47,991
6/27/2021 20:20,47,989
6/27/2021 20:25,47,993
6/27/2021 20:30,47,998
6/27/2021 20:35,47,997
6/27/2021 20:40,47,1000
6/27/2021 20:45,47,1000
6/27/2021 20:50,47,1010
6/27/2021 20:55,47,1010
6/27/2021 21:00,47,1010
6/27/2021 21:05,47,1010
6/27/2021 21:10,47,1010
6/27/2021 21:15,47,1010
6/27/2021 21:20,47,1000
6/27/2021 21:25,47,1020
6/27/2021 21:30,47,1020
6/27/2021 21:35,47,1020
6/27/2021 21:40,47,1030
6/27/2021 21:45,47,1030
6/27/2021 21:50,47,1030
6/27/2021 21:55,47,1030
6/27/2021 22:00,47,1030
6/27/2021 22:05,47,1040
6/27/2021 22:10,47,1030
6/27/2021 22:15,47,1040
6/27/2021 22:20,47,1040
6/27/2021 22:25,47,1040
6/27/2021 22:30,47,1050
6/27/2021 22:35,47,1040
6/27/2021 22:40,47,1050
6/27/2021 22:45,47,1050
6/27/2021 22:50,47,1050
6/27/2021 22:55,47,1050
6/27/2021 23:00,47,1050
6/27/2021 23:05,47,1050
6/27/2021 23:10,47,1050
6/27/2021 23:15,47,1060
6/27/2021 23:20,47,1060
6/27/2021 23:25,47,1060
6/27/2021 23:30,47,1060
6/27/2021 23:35,47,1060
6/27/2021 23:40,47,1070
6/27/2021 23:45,47,1070
6/27/2021 23:50,47,1070
6/27/2021 23:55,47,1070
6/28/2021 0:00,47,1070
6/28/2021 0:05,47,1080
6/28/2021 0:10,47,1080
6/28/2021 0:15,47,1080
6/28/2021 0:20,47,1080
6/28/2021 0:25,47,1080
6/28/2021 0:30,47,1080
6/28/2021 0:35,47,1090
6/28/2021 0:40,47,1090
6/28/2021 0:45,47,1090
6/28/2021 0:50,47,1090
6/28/2021 0:55,47,1090
6/28/2021 1:00,47,1090
6/28/2021 1:05,47,1090
6/28/2021 1:10,47,1090
6/28/2021 1:15,47,1100
6/28/2021 1:20,47,1100
6/28/2021 1:25,47,1100
6/28/2021 1:30,47,1100
6/28/2021 1:35,47,1100
6/28/2021 1:40,47,1100
6/28/2021 1:45,47,1100
6/28/2021 1:50,47,1100
6/28/2021 1:55,47,1100
6/28/2021 2:00,47,1100
6/28/2021 2:05,47,1100
6/28/2021 2:10,47,1110
6/28/2021 2:15,47,1110
6/28/2021 2:20,47,1110
6/28/2021 2:25,47,1110
6/28/2021 2:30,47,1110
6/28/2021 2:35,47,1110
6/28/2021 2:40,47,1110
6/28/2021 2:45,47,1110
6/28/2021 2:50,47,1110
6/28/2021 2:55,47,1110
6/28/2021 3:00,47,1110
6/28/2021 3:05,47,1110
6/28/2021 3:10,47,1110
6/28/2021 3:15,47,1110
6/28/2021 3:20,47,1110
6/28/2021 3:25,47,1120
6/28/2021 3:30,47,1110
6/28/2021 3:35,47,1110
6/28/2021 3:40,47,1110
6/28/2021 3:45,47,1110
6/28/2021 3:50,47,1110
6/28/2021 3:55,47,1110
6/28/2021 4:00,47,1110
6/28/2021 4:05,47,1110
6/28/2021 4:10,47,1110
6/28/2021 4:15,47,1110
6/28/2021 4:20,47,1110
6/28/2021 4:25,47,1110
6/28/2021 4:30,47,1110
6/28/2021 4:35,47,1100
6/28/2021 4:40,47,1100
6/28/2021 4:45,47,1110
6/28/2021 4:50,47,1100
6/28/2021 4:55,47,1100
6/28/2021 5:00,47,1100
6/28/2021 5:05,47,1110
6/28/2021 5:10,47,1100
6/28/2021 5:15,47,1100
6/28/2021 5:20,47,1100
6/28/2021 5:25,47,1100
6/28/2021 5:30,47,1100
6/28/2021 5:35,47,1100
6/28/2021 5:40,47,1100
6/28/2021 5:45,47,1100
6/28/2021 5:50,47,1100
6/28/2021 5:55,47,1100
6/28/2021 6:00,47,1090
6/28/2021 6:05,47,1090
6/28/2021 6:10,47,1090
6/28/2021 6:15,47,1090
6/28/2021 6:20,47,1090
6/28/2021 6:25,47,1090
6/28/2021 6:30,47,1090
6/28/2021 6:35,47,1080
6/28/2021 6:40,47,1080
6/28/2021 6:45,47,1080
6/28/2021 6:50,47,1080
6/28/2021 6:55,47,1080
6/28/2021 7:00,47,1070
6/28/2021 7:05,47,1070
6/28/2021 7:10,47,1070
6/28/2021 7:15,47,1070
6/28/2021 7:20,47,1070
6/28/2021 7:25,47,1070
6/28/2021 7:30,47,1070
6/28/2021 7:35,47,1070
6/28/2021 7:40,47,1060
6/28/2021 7:45,47,1060
6/28/2021 7:50,47,1060
6/28/2021 7:55,47,1060
6/28/2021 8:00,47,1060
6/28/2021 8:05,47,1060
6/28/2021 8:10,47,1050
6/28/2021 8:15,47,1050
6/28/2021 8:20,47,1050
6/28/2021 8:25,47,1050
6/28/2021 8:30,47,1040
6/28/2021 8:35,47,1050
6/28/2021 8:40,47,1040
6/28/2021 8:45,47,1040
6/28/2021 8:50,47,1040
6/28/2021 8:55,47,1040
6/28/2021 9:00,47,1040
6/28/2021 9:05,47,1030
6/28/2021 9:10,47,1030
6/28/2021 9:15,47,1020
6/28/2021 9:20,47,1020
6/28/2021 9:25,47,1020
6/28/2021 9:30,47,1020
6/28/2021 9:35,47,1020
6/28/2021 9:40,47,1020
6/28/2021 9:45,47,1020
6/28/2021 9:50,47,1010
6/28/2021 9:55,47,1010
6/28/2021 10:00,47,1010
6/28/2021 10:05,47,1000
6/28/2021 10:10,47,1000
6/28/2021 10:15,47,1000
6/28/2021 10:20,47,1000
6/28/2021 10:25,47,1000
6/28/2021 10:30,47,1000
6/28/2021 10:35,47,1000
6/28/2021 10:40,47,997
6/28/2021 10:45,47,997
6/28/2021 10:50,47,994
6/28/2021 10:55,47,992
6/28/2021 11:00,47,990
6/28/2021 11:05,47,989
6/28/2021 11:10,47,988
6/28/2021 11:15,47,982
6/28/2021 11:20,47,984
6/28/2021 11:25,47,983
6/28/2021 11:30,47,980
6/28/2021 11:35,47,979
6/28/2021 11:40,47,977
6/28/2021 11:45,47,978
6/28/2021 11:50,47,977
6/28/2021 11:55,47,974
6/28/2021 12:00,47,972
6/28/2021 12:05,47,972
6/28/2021 12:10,47,973
6/28/2021 12:15,47,970
6/28/2021 12:20,47,968
6/28/2021 12:25,47,965
6/28/2021 12:30,47,967
6/28/2021 12:35,47,966
6/28/2021 12:40,47,964
6/28/2021 12:45,47,964
6/28/2021 12:50,47,963
6/28/2021 12:55,47,960
6/28/2021 13:00,47,961
6/28/2021 13:05,47,959
6/28/2021 13:10,47,953
6/28/2021 13:15,47,953
6/28/2021 13:20,47,954
6/28/2021 13:25,47,952
6/28/2021 13:30,47,948
6/28/2021 13:35,47,951
6/28/2021 13:40,47,952
6/28/2021 13:45,47,949
6/28/2021 13:50,47,949
6/28/2021 13:55,47,949
6/28/2021 14:00,47,947
6/28/2021 14:05,47,948
6/28/2021 14:10,47,946
6/28/2021 14:15,47,945
6/28/2021 14:20,47,942
6/28/2021 14:25,47,944
6/28/2021 14:30,47,939
6/28/2021 14:35,47,944
6/28/2021 14:40,47,940
6/28/2021 14:45,47,939
6/28/2021 14:50,47,942
6/28/2021 14:55,47,942
6/28/2021 15:00,47,940
6/28/2021 15:05,47,941
6/28/2021 15:10,47,939
6/28/2021 15:15,47,939
6/28/2021 15:20,47,941
6/28/2021 15:25,47,939
6/28/2021 15:30,47,937
6/28/2021 15:35,47,938
6/28/2021 15:40,47,941
6/28/2021 15:45,47,941
6/28/2021 15:50,47,939
6/28/2021 15:55,47,940
6/28/2021 16:00,47,941
6/28/2021 16:05,47,938
6/28/2021 16:10,47,941
6/28/2021 16:15,47,941
6/28/2021 16:20,47,940
6/28/2021 16:25,47,941
6/28/2021 16:30,47,940
6/28/2021 16:35,47,944
6/28/2021 16:40,47,938
6/28/2021 16:45,47,941
6/28/2021 16:50,47,940
6/28/2021 16:55,47,941
6/28/2021 17:00,47,942
6/28/2021 17:05,47,944
6/28/2021 17:10,47,946
6/28/2021 17:15,47,944
6/28/2021 17:20,47,946
6/28/2021 17:25,47,945
6/28/2021 17:30,47,948
6/28/2021 17:35,47,948
6/28/2021 17:40,47,949
6/28/2021 17:45,47,949
6/28/2021 17:50,47,953
6/28/2021 17:55,47,950
6/28/2021 18:00,47,953
6/28/2021 18:05,47,952
6/28/2021 18:10,47,955
6/28/2021 18:15,47,959
6/28/2021 18:20,47,960
6/28/2021 18:25,47,962
6/28/2021 18:30,47,959
6/28/2021 18:35,47,963
6/28/2021 18:40,47,962
6/28/2021 18:45,47,966
6/28/2021 18:50,47,968
6/28/2021 18:55,47,971
6/28/2021 19:00,47,968
6/28/2021 19:05,47,972
6/28/2021 19:10,47,971
6/28/2021 19:15,47,973
6/28/2021 19:20,47,975
6/28/2021 19:25,47,976
6/28/2021 19:30,47,974
6/28/2021 19:35,47,979
6/28/2021 19:40,47,980
6/28/2021 19:45,47,981
6/28/2021 19:50,47,981
6/28/2021 19:55,47,983
6/28/2021 20:00,47,986
6/28/2021 20:05,47,988
6/28/2021 20:10,47,990
6/28/2021 20:15,47,994
6/28/2021 20:20,47,988
6/28/2021 20:25,47,995
6/28/2021 20:30,47,994
6/28/2021 20:35,47,1000
6/28/2021 20:40,47,1000
6/28/2021 20:45,47,1000
6/28/2021 20:50,47,1000
6/28/2021 20:55,47,1010
6/28/2021 21:00,47,1010
6/28/2021 21:05,47,1010
6/28/2021 21:10,47,1010
6/28/2021 21:15,47,1010
6/28/2021 21:20,47,1010
6/28/2021 21:25,47,1020
6/28/2021 21:30,47,1020
6/28/2021 21:35,47,1020
6/28/2021 21:40,47,1020
6/28/2021 21:45,47,1020
6/28/2021 21:50,47,1020
6/28/2021 21:55,47,1020
6/28/2021 22:00,47,1030
6/28/2021 22:05,47,1030
6/28/2021 22:10,47,1030
6/28/2021 22:15,47,1030
6/28/2021 22:20,47,1030
6/28/2021 22:25,47,1040
6/28/2021 22:30,47,1040
6/28/2021 22:35,47,1040
6/28/2021 22:40,47,1040
6/28/2021 22:45,47,1040
6/28/2021 22:50,47,1050
6/28/2021 22:55,47,1050
6/28/2021 23:00,47,1050
6/28/2021 23:05,47,1050
6/28/2021 23:10,47,1050
6/28/2021 23:15,47,1050
6/28/2021 23:20,47,1060
6/28/2021 23:25,47,1050
6/28/2021 23:30,47,1050
6/28/2021 23:35,47,1060
6/28/2021 23:40,47,1060
6/28/2021 23:45,47,1060
6/28/2021 23:50,47,1060
6/28/2021 23:55,47,1060
6/29/2021 0:00,47,1060
6/29/2021 0:05,47,1070
6/29/2021 0:10,47,1070
6/29/2021 0:15,47,1070
6/29/2021 0:20,47,1060
6/29/2021 0:25,47,1070
6/29/2021 0:30,47,1070
6/29/2021 0:35,47,1070
6/29/2021 0:40,47,1070
6/29/2021 0:45,47,1070
6/29/2021 0:50,47,1080
6/29/2021 0:55,47,1080
6/29/2021 1:00,47,1080
6/29/2021 1:05,47,1080
6/29/2021 1:10,47,1080
6/29/2021 1:15,47,1080
6/29/2021 1:20,47,1080
6/29/2021 1:25,47,1080
6/29/2021 1:30,47,1080
6/29/2021 1:35,47,1080
6/29/2021 1:40,47,1080
6/29/2021 1:45,47,1080
6/29/2021 1:50,47,1080
6/29/2021 1:55,47,1080
6/29/2021 2:00,47,1090
6/29/2021 2:05,47,1080
6/29/2021 2:10,47,1080
6/29/2021 2:15,47,1090
6/29/2021 2:20,47,1080
6/29/2021 2:25,47,1090
6/29/2021 2:30,47,1080
6/29/2021 2:35,47,1080
6/29/2021 2:40,47,1090
6/29/2021 2:45,47,1080
6/29/2021 2:50,47,1080
6/29/2021 2:55,47,1090
6/29/2021 3:00,47,1080
6/29/2021 3:05,47,1080
6/29/2021 3:10,47,1080
6/29/2021 3:15,47,1080
6/29/2021 3:20,47,1080
6/29/2021 3:25,47,1080
6/29/2021 3:30,47,1080
6/29/2021 3:35,47,1080
6/29/2021 3:40,47,1080
6/29/2021 3:45,47,1080
6/29/2021 3:50,47,1080
6/29/2021 3:55,47,1080
6/29/2021 4:00,47,1080
6/29/2021 4:05,47,1080
6/29/2021 4:10,47,1070
6/29/2021 4:15,47,1070
6/29/2021 4:20,47,1070
6/29/2021 4:25,47,1070
6/29/2021 4:30,47,1070
6/29/2021 4:35,47,1070
6/29/2021 4:40,47,1070
6/29/2021 4:45,47,1070
6/29/2021 4:50,47,1070
6/29/2021 4:55,47,1070
6/29/2021 5:00,47,1070
6/29/2021 5:05,47,1070
6/29/2021 5:10,47,1070
6/29/2021 5:15,47,1070
6/29/2021 5:20,47,1060
6/29/2021 5:25,47,1070
6/29/2021 5:30,47,1060
6/29/2021 5:35,47,1060
6/29/2021 5:40,47,1060
6/29/2021 5:45,47,1060
6/29/2021 5:50,47,1060
6/29/2021 5:55,47,1060
6/29/2021 6:00,47,1050
6/29/2021 6:05,47,1050
6/29/2021 6:10,47,1050
6/29/2021 6:15,47,1050
6/29/2021 6:20,47,1050
6/29/2021 6:25,47,1050
6/29/2021 6:30,47,1040
6/29/2021 6:35,47,1050
6/29/2021 6:40,47,1040
6/29/2021 6:45,47,1040
6/29/2021 6:50,47,1040
6/29/2021 6:55,47,1040
6/29/2021 7:00,47,1040
6/29/2021 7:05,47,1030
6/29/2021 7:10,47,1030
6/29/2021 7:15,47,1030
6/29/2021 7:20,47,1030
6/29/2021 7:25,47,1030
6/29/2021 7:30,47,1030
6/29/2021 7:35,47,1020
6/29/2021 7:40,47,1030
6/29/2021 7:45,47,1020
6/29/2021 7:50,47,1020
6/29/2021 7:55,47,1020
6/29/2021 8:00,47,1020
6/29/2021 8:05,47,1010
6/29/2021 8:10,47,1010
6/29/2021 8:15,47,1010
6/29/2021 8:20,47,1010
6/29/2021 8:25,47,1010
6/29/2021 8:30,47,1010
6/29/2021 8:35,47,1010
6/29/2021 8:40,47,1000
6/29/2021 8:45,47,1000
6/29/2021 8:50,47,1000
6/29/2021 8:55,47,1000
6/29/2021 9:00,47,1000
6/29/2021 9:05,47,998
6/29/2021 9:10,47,998
6/29/2021 9:15,47,996
6/29/2021 9:20,47,993
6/29/2021 9:25,47,994
6/29/2021 9:30,47,991
6/29/2021 9:35,47,989
6/29/2021 9:40,47,993
6/29/2021 9:45,47,986
6/29/2021 9:50,47,990
6/29/2021 9:55,47,985
6/29/2021 10:00,47,985
6/29/2021 10:05,47,982
6/29/2021 10:10,47,983
6/29/2021 10:15,47,980
6/29/2021 10:20,47,981
6/29/2021 10:25,47,977
6/29/2021 10:30,47,978
6/29/2021 10:35,47,975
6/29/2021 10:40,47,978
6/29/2021 10:45,47,977
6/29/2021 10:50,47,973
6/29/2021 10:55,47,972
6/29/2021 11:00,47,972
6/29/2021 11:05,47,974
6/29/2021 11:10,47,969
6/29/2021 11:15,47,970
6/29/2021 11:20,47,967
6/29/2021 11:25,47,970
6/29/2021 11:30,47,964
6/29/2021 11:35,47,966
6/29/2021 11:40,47,964
6/29/2021 11:45,47,962
6/29/2021 11:50,47,965
6/29/2021 11:55,47,960
6/29/2021 12:00,47,959
6/29/2021 12:05,47,960
6/29/2021 12:10,47,957
6/29/2021 12:15,47,957
6/29/2021 12:20,47,955
6/29/2021 12:25,47,952
6/29/2021 12:30,47,953
6/29/2021 12:35,47,953
6/29/2021 12:40,47,948
6/29/2021 12:45,47,949
6/29/2021 12:50,47,947
6/29/2021 12:55,47,947
6/29/2021 13:00,47,946
6/29/2021 13:05,47,943
6/29/2021 13:10,47,943
6/29/2021 13:15,47,944
6/29/2021 13:20,47,941
6/29/2021 13:25,47,943
6/29/2021 13:30,47,939
6/29/2021 13:35,47,940
6/29/2021 13:40,47,940
6/29/2021 13:45,47,938
6/29/2021 13:50,47,935
6/29/2021 13:55,47,935
6/29/2021 14:00,47,936
6/29/2021 14:05,47,935
6/29/2021 14:10,47,934
6/29/2021 14:15,47,932
6/29/2021 14:20,47,935
6/29/2021 14:25,47,935
6/29/2021 14:30,47,933
6/29/2021 14:35,47,938
6/29/2021 14:40,47,935
6/29/2021 14:45,47,933
6/29/2021 14:50,47,931
6/29/2021 14:55,47,931
6/29/2021 15:00,47,929
6/29/2021 15:05,47,931
6/29/2021 15:10,47,931
6/29/2021 15:15,47,932
6/29/2021 15:20,47,933
6/29/2021 15:25,47,930
6/29/2021 15:30,47,930
6/29/2021 15:35,47,933
6/29/2021 15:40,47,933
6/29/2021 15:45,47,933
6/29/2021 15:50,47,932
6/29/2021 15:55,47,934
6/29/2021 16:00,47,935
6/29/2021 16:05,47,935
6/29/2021 16:10,47,932
6/29/2021 16:15,47,932
6/29/2021 16:20,47,934
6/29/2021 16:25,47,936
6/29/2021 16:30,47,935
6/29/2021 16:35,47,938
6/29/2021 16:40,47,938
6/29/2021 16:45,47,937
6/29/2021 16:50,47,936
6/29/2021 16:55,47,939
6/29/2021 17:00,47,940
6/29/2021 17:05,47,941
6/29/2021 17:10,47,943
6/29/2021 17:15,47,945
6/29/2021 17:20,47,946
6/29/2021 17:25,47,949
6/29/2021 17:30,47,948
6/29/2021 17:35,47,949
6/29/2021 17:40,47,949
6/29/2021 17:45,47,949
6/29/2021 17:50,47,954
6/29/2021 17:55,47,951
6/29/2021 18:00,47,954
6/29/2021 18:05,47,956
6/29/2021 18:10,47,954
6/29/2021 18:15,47,958
6/29/2021 18:20,47,955
6/29/2021 18:25,47,960
6/29/2021 18:30,47,960
6/29/2021 18:35,47,964
6/29/2021 18:40,47,964
6/29/2021 18:45,47,967
6/29/2021 18:50,47,964
6/29/2021 18:55,47,970
6/29/2021 19:00,47,974
6/29/2021 19:05,47,974
6/29/2021 19:10,47,975
6/29/2021 19:15,47,976
6/29/2021 19:20,47,975
6/29/2021 19:25,47,976
6/29/2021 19:30,47,980
6/29/2021 19:35,47,982
6/29/2021 19:40,47,987
6/29/2021 19:45,47,984
6/29/2021 19:50,47,985
6/29/2021 19:55,47,985
6/29/2021 20:00,47,985
6/29/2021 20:05,47,989
6/29/2021 20:10,47,992
6/29/2021 20:15,47,993
6/29/2021 20:20,47,993
6/29/2021 20:25,47,993
6/29/2021 20:30,47,998
6/29/2021 20:35,47,996
6/29/2021 20:40,47,997
6/29/2021 20:45,47,999
6/29/2021 20:50,47,1010
6/29/2021 20:55,47,1010
6/29/2021 21:00,47,1010
6/29/2021 21:05,47,1010
6/29/2021 21:10,47,1010
6/29/2021 21:15,47,1010
6/29/2021 21:20,47,1020
6/29/2021 21:25,47,1020
6/29/2021 21:30,47,1020
6/29/2021 21:35,47,1020
6/29/2021 21:40,47,1020
6/29/2021 21:45,47,1020
6/29/2021 21:50,47,1030
6/29/2021 21:55,47,1030
6/29/2021 22:00,47,1030
6/29/2021 22:05,47,1030
6/29/2021 22:10,47,1040
6/29/2021 22:15,47,1030
6/29/2021 22:20,47,1040
6/29/2021 22:25,47,1040
6/29/2021 22:30,47,1040
6/29/2021 22:35,47,1040
6/29/2021 22:40,47,1050
6/29/2021 22:45,47,1050
6/29/2021 22:50,47,1050
6/29/2021 22:55,47,1050
6/29/2021 23:00,47,1050
6/29/2021 23:05,47,1050
6/29/2021 23:10,47,1050
6/29/2021 23:15,47,1060
6/29/2021 23:20,47,1060
6/29/2021 23:25,47,1060
6/29/2021 23:30,47,1060
6/29/2021 23:35,47,1060
6/29/2021 23:40,47,1070
6/29/2021 23:45,47,1070
6/29/2021 23:50,47,1070
6/29/2021 23:55,47,1070
6/30/2021 0:00,47,1070
6/30/2021 0:05,47,1070
6/30/2021 0:10,47,1070
6/30/2021 0:15,47,1070
6/30/2021 0:20,47,1070
6/30/2021 0:25,47,1070
6/30/2021 0:30,47,1070
6/30/2021 0:35,47,1070
6/30/2021 0:40,47,1070
6/30/2021 0:45,47,1070
6/30/2021 0:50,47,1070
6/30/2021 0:55,47,1070
6/30/2021 1:00,47,1070
6/30/2021 1:05,47,1070
6/30/2021 1:10,47,1070
6/30/2021 1:15,47,1070
6/30/2021 1:20,47,1070
6/30/2021 1:25,47,1070
6/30/2021 1:30,47,1070
6/30/2021 1:35,47,1070
6/30/2021 1:40,47,1070
6/30/2021 1:45,47,1070
6/30/2021 1:50,47,1070
6/30/2021 1:55,47,1070
6/30/2021 2:00,47,1070
6/30/2021 2:05,47,1080
6/30/2021 2:10,47,1070
6/30/2021 2:15,47,1070
6/30/2021 2:20,47,1060
6/30/2021 2:25,47,1050
6/30/2021 2:30,47,1050
6/30/2021 2:35,47,1050
6/30/2021 2:40,47,1050
6/30/2021 2:45,47,1050
6/30/2021 2:50,47,1050
6/30/2021 2:55,47,1050
6/30/2021 3:00,47,1050
6/30/2021 3:05,47,1050
6/30/2021 3:10,47,1050
6/30/2021 3:15,47,1050
6/30/2021 3:20,47,1050
6/30/2021 3:25,47,1050
6/30/2021 3:30,47,1050
6/30/2021 3:35,47,1050
6/30/2021 3:40,47,1050
6/30/2021 3:45,47,1050
6/30/2021 3:50,47,1040
6/30/2021 3:55,47,1040
6/30/2021 4:00,47,1040
6/30/2021 4:05,47,1050
6/30/2021 4:10,47,1040
6/30/2021 4:15,47,1050
6/30/2021 4:20,47,1050
6/30/2021 4:25,47,1050
6/30/2021 4:30,47,1060
6/30/2021 4:35,47,1060
6/30/2021 4:40,47,1040
6/30/2021 4:45,47,1040
6/30/2021 4:50,47,1040
6/30/2021 4:55,47,1040
6/30/2021 5:00,47,1030
6/30/2021 5:05,47,1030
6/30/2021 5:10,47,1030
6/30/2021 5:15,47,1030
6/30/2021 5:20,47,1030
6/30/2021 5:25,47,1030
6/30/2021 5:30,47,1030
6/30/2021 5:35,47,1030
6/30/2021 5:40,47,1030
6/30/2021 5:45,47,1030
6/30/2021 5:50,47,1030
6/30/2021 5:55,47,1030
6/30/2021 6:00,47,1030
6/30/2021 6:05,47,1030
6/30/2021 6:10,47,1030
6/30/2021 6:15,47,1030
6/30/2021 6:20,47,1030
6/30/2021 6:25,47,1030
6/30/2021 6:30,47,1030
6/30/2021 6:35,47,1020
6/30/2021 6:40,47,1020
6/30/2021 6:45,47,1020
6/30/2021 6:50,47,1020
6/30/2021 6:55,47,1020
6/30/2021 7:00,47,1020
6/30/2021 7:05,47,1010
6/30/2021 7:10,47,1010
6/30/2021 7:15,47,1000
6/30/2021 7:20,47,1000
6/30/2021 7:25,47,999
6/30/2021 7:30,47,999
6/30/2021 7:35,47,998
6/30/2021 7:40,47,1010
6/30/2021 7:45,47,1010
6/30/2021 7:50,47,1010
6/30/2021 7:55,47,996
6/30/2021 8:00,47,1000
6/30/2021 8:05,47,993
6/30/2021 8:10,47,997
6/30/2021 8:15,47,999
6/30/2021 8:20,47,984
6/30/2021 8:25,47,981
6/30/2021 8:30,47,975
6/30/2021 8:35,47,976
6/30/2021 8:40,47,971
6/30/2021 8:45,47,970
6/30/2021 8:50,47,967
6/30/2021 8:55,47,967
6/30/2021 9:00,47,964
6/30/2021 9:05,47,969
6/30/2021 9:10,47,970
6/30/2021 9:15,47,966
6/30/2021 9:20,47,964
6/30/2021 9:25,47,964
6/30/2021 9:30,47,960
6/30/2021 9:35,47,966
6/30/2021 9:40,47,965
6/30/2021 9:45,47,961
6/30/2021 9:50,47,957
6/30/2021 9:55,47,954
6/30/2021 10:00,47,953
6/30/2021 10:05,47,951
6/30/2021 10:10,47,950
6/30/2021 10:15,47,942
6/30/2021 10:20,47,940
6/30/2021 10:25,47,937
6/30/2021 10:30,47,935
6/30/2021 10:35,47,934
6/30/2021 10:40,47,932
6/30/2021 10:45,47,929
6/30/2021 10:50,47,926
6/30/2021 10:55,47,924
6/30/2021 11:00,47,924
6/30/2021 11:05,47,923
6/30/2021 11:10,47,920
6/30/2021 11:15,47,921
6/30/2021 11:20,47,916
6/30/2021 11:25,47,915
6/30/2021 11:30,47,911
6/30/2021 11:35,47,909
6/30/2021 11:40,47,910
6/30/2021 11:45,47,905
6/30/2021 11:50,47,905
6/30/2021 11:55,47,903
6/30/2021 12:00,47,905
6/30/2021 12:05,47,900
6/30/2021 12:10,47,895
6/30/2021 12:15,47,896
6/30/2021 12:20,47,900
6/30/2021 12:25,47,903
6/30/2021 12:30,47,893
6/30/2021 12:35,47,893
6/30/2021 12:40,47,897
6/30/2021 12:45,47,892
6/30/2021 12:50,47,887
6/30/2021 12:55,47,887
6/30/2021 13:00,47,885
6/30/2021 13:05,47,883
6/30/2021 13:10,47,881
6/30/2021 13:15,47,882
6/30/2021 13:20,47,878
6/30/2021 13:25,47,877
6/30/2021 13:30,47,875
6/30/2021 13:35,47,874
6/30/2021 13:40,47,873
6/30/2021 13:45,47,871
6/30/2021 13:50,47,871
6/30/2021 13:55,47,868
6/30/2021 14:00,47,868
6/30/2021 14:05,47,870
6/30/2021 14:10,47,868
6/30/2021 14:15,47,866
6/30/2021 14:20,47,863
6/30/2021 14:25,47,865
6/30/2021 14:30,47,865
6/30/2021 14:35,47,861
6/30/2021 14:40,47,858
6/30/2021 14:45,47,861
6/30/2021 14:50,47,858
6/30/2021 14:55,47,859
6/30/2021 15:00,47,858
6/30/2021 15:05,47,860
6/30/2021 15:10,47,856
6/30/2021 15:15,47,853
6/30/2021 15:20,47,852
6/30/2021 15:25,47,850
6/30/2021 15:30,47,854
6/30/2021 15:35,47,855
6/30/2021 15:40,47,851
6/30/2021 15:45,47,849
6/30/2021 15:50,47,850
6/30/2021 15:55,47,849
6/30/2021 16:00,47,848
6/30/2021 16:05,47,849
6/30/2021 16:10,47,845
6/30/2021 16:15,47,846
6/30/2021 16:20,47,849
6/30/2021 16:25,47,847
6/30/2021 16:30,47,849
6/30/2021 16:35,47,850
6/30/2021 16:40,47,851
6/30/2021 16:45,47,850
6/30/2021 16:50,47,850
6/30/2021 16:55,47,846
6/30/2021 17:00,47,848
6/30/2021 17:05,47,851
6/30/2021 17:10,47,851
6/30/2021 17:15,47,848
6/30/2021 17:20,47,858
6/30/2021 17:25,47,860
6/30/2021 17:30,47,852
6/30/2021 17:35,47,852
6/30/2021 17:40,47,852
6/30/2021 17:45,47,852
6/30/2021 17:50,47,860
6/30/2021 17:55,47,860
6/30/2021 18:00,47,857
6/30/2021 18:05,47,856
6/30/2021 18:10,47,859
6/30/2021 18:15,47,853
6/30/2021 18:20,47,851
6/30/2021 18:25,47,853
6/30/2021 18:30,47,858
6/30/2021 18:35,47,855
6/30/2021 18:40,47,855
6/30/2021 18:45,47,855
6/30/2021 18:50,47,854
6/30/2021 18:55,47,856
6/30/2021 19:00,47,855
6/30/2021 19:05,47,859
6/30/2021 19:10,47,859
6/30/2021 19:15,47,857
6/30/2021 19:20,47,861
6/30/2021 19:25,47,864
6/30/2021 19:30,47,865
6/30/2021 19:35,47,868
6/30/2021 19:40,47,875
6/30/2021 19:45,47,868
6/30/2021 19:50,47,870
6/30/2021 19:55,47,870
6/30/2021 20:00,47,873
6/30/2021 20:05,47,888
6/30/2021 20:10,47,890
6/30/2021 20:15,47,889
6/30/2021 20:20,47,893
6/30/2021 20:25,47,888
6/30/2021 20:30,47,898
6/30/2021 20:35,47,890
6/30/2021 20:40,47,895
6/30/2021 20:45,47,897
6/30/2021 20:50,47,893
6/30/2021 20:55,47,897
6/30/2021 21:00,47,901
6/30/2021 21:05,47,900
6/30/2021 21:10,47,901
6/30/2021 21:15,47,906
6/30/2021 21:20,47,909
6/30/2021 21:25,47,912
6/30/2021 21:30,47,912
6/30/2021 21:35,47,915
6/30/2021 21:40,47,916
6/30/2021 21:45,47,913
6/30/2021 21:50,47,920
6/30/2021 21:55,47,923
6/30/2021 22:00,47,921
6/30/2021 22:05,47,919
6/30/2021 22:10,47,928
6/30/2021 22:15,47,926
6/30/2021 22:20,47,928
6/30/2021 22:25,47,929
6/30/2021 22:30,47,928
6/30/2021 22:35,47,931
6/30/2021 22:40,47,933
6/30/2021 22:45,47,933
6/30/2021 22:50,47,923
6/30/2021 22:55,47,924
6/30/2021 23:00,47,925
6/30/2021 23:05,47,924
6/30/2021 23:10,47,928
6/30/2021 23:15,47,931
6/30/2021 23:20,47,931
6/30/2021 23:25,47,932
6/30/2021 23:30,47,938
6/30/2021 23:35,47,940
6/30/2021 23:40,47,943
6/30/2021 23:45,47,948
6/30/2021 23:50,47,943
6/30/2021 23:55,47,944
7/1/2021 0:00,47,946
7/1/2021 0:05,47,948
7/1/2021 0:10,47,951
7/1/2021 0:15,47,954
7/1/2021 0:20,47,950
7/1/2021 0:25,47,946
7/1/2021 0:30,47,945
7/1/2021 0:35,47,945
7/1/2021 0:40,47,949
7/1/2021 0:45,47,948
7/1/2021 0:50,47,949
7/1/2021 0:55,47,951
7/1/2021 1:00,47,953
7/1/2021 1:05,47,952
7/1/2021 1:10,47,954
7/1/2021 1:15,47,955
7/1/2021 1:20,47,953
7/1/2021 1:25,47,954
7/1/2021 1:30,47,955
7/1/2021 1:35,47,956
7/1/2021 1:40,47,963
7/1/2021 1:45,47,958
7/1/2021 1:50,47,961
7/1/2021 1:55,47,963
7/1/2021 2:00,47,965
7/1/2021 2:05,47,960
7/1/2021 2:10,47,961
7/1/2021 2:15,47,961
7/1/2021 2:20,47,961
7/1/2021 2:25,47,961
7/1/2021 2:30,47,966
7/1/2021 2:35,47,971
7/1/2021 2:40,47,976
7/1/2021 2:45,47,971
7/1/2021 2:50,47,965
7/1/2021 2:55,47,968
7/1/2021 3:00,47,976
7/1/2021 3:05,47,978
7/1/2021 3:10,47,978
7/1/2021 3:15,47,972
7/1/2021 3:20,47,977
7/1/2021 3:25,47,975
7/1/2021 3:30,47,975
7/1/2021 3:35,47,970
7/1/2021 3:40,47,972
7/1/2021 3:45,47,968
7/1/2021 3:50,47,968
7/1/2021 3:55,47,966
7/1/2021 4:00,47,964
7/1/2021 4:05,47,960
7/1/2021 4:10,47,963
7/1/2021 4:15,47,958
7/1/2021 4:20,47,956
7/1/2021 4:25,47,955
7/1/2021 4:30,47,954
7/1/2021 4:35,47,963
7/1/2021 4:40,47,957
7/1/2021 4:45,47,958
7/1/2021 4:50,47,959
7/1/2021 4:55,47,955
7/1/2021 5:00,47,956
7/1/2021 5:05,47,956
7/1/2021 5:10,47,952
7/1/2021 5:15,47,954
7/1/2021 5:20,47,954
7/1/2021 5:25,47,948
7/1/2021 5:30,47,945
7/1/2021 5:35,47,945
7/1/2021 5:40,47,950
7/1/2021 5:45,47,945
7/1/2021 5:50,47,944
7/1/2021 5:55,47,943
7/1/2021 6:00,47,937
7/1/2021 6:05,47,936
7/1/2021 6:10,47,942
7/1/2021 6:15,47,938
7/1/2021 6:20,47,934
7/1/2021 6:25,47,932
7/1/2021 6:30,47,932
7/1/2021 6:35,47,936
7/1/2021 6:40,47,928
7/1/2021 6:45,47,927
7/1/2021 6:50,47,931
7/1/2021 6:55,47,927
7/1/2021 7:00,47,926
7/1/2021 7:05,47,922
7/1/2021 7:10,47,919
7/1/2021 7:15,47,917
7/1/2021 7:20,47,916
7/1/2021 7:25,47,913
7/1/2021 7:30,47,914
7/1/2021 7:35,47,914
7/1/2021 7:40,47,916
7/1/2021 7:45,47,911
7/1/2021 7:50,47,913
7/1/2021 7:55,47,908
7/1/2021 8:00,47,904
7/1/2021 8:05,47,904
7/1/2021 8:10,47,901
7/1/2021 8:15,47,899
7/1/2021 8:20,47,897
7/1/2021 8:25,47,899
7/1/2021 8:30,47,893
7/1/2021 8:35,47,891
7/1/2021 8:40,47,889
7/1/2021 8:45,47,886
7/1/2021 8:50,47,882
7/1/2021 8:55,47,878
7/1/2021 9:00,47,877
7/1/2021 9:05,47,874
7/1/2021 9:10,47,873
7/1/2021 9:15,47,867
7/1/2021 9:20,47,865
7/1/2021 9:25,47,861
7/1/2021 9:30,47,863
7/1/2021 9:35,47,860
7/1/2021 9:40,47,860
7/1/2021 9:45,47,858
7/1/2021 9:50,47,856
7/1/2021 9:55,47,855
7/1/2021 10:00,47,852
7/1/2021 10:05,47,846
7/1/2021 10:10,47,852
7/1/2021 10:15,47,843
7/1/2021 10:20,47,842
7/1/2021 10:25,47,838
7/1/2021 10:30,47,838
7/1/2021 10:35,47,835
7/1/2021 10:40,47,837
7/1/2021 10:45,47,831
7/1/2021 10:50,47,826
7/1/2021 10:55,47,825
7/1/2021 11:00,47,824
7/1/2021 11:05,47,821
7/1/2021 11:10,47,818
7/1/2021 11:15,47,815
7/1/2021 11:20,47,814
7/1/2021 11:25,47,810
7/1/2021 11:30,47,808
7/1/2021 11:35,47,807
7/1/2021 11:40,47,805
7/1/2021 11:45,47,800
7/1/2021 11:50,47,800
7/1/2021 11:55,47,798
7/1/2021 12:00,47,795
7/1/2021 12:05,47,793
7/1/2021 12:10,47,791
7/1/2021 12:15,47,787
7/1/2021 12:20,47,785
7/1/2021 12:25,47,784
7/1/2021 12:30,47,784
7/1/2021 12:35,47,778
7/1/2021 12:40,47,777
7/1/2021 12:45,47,774
7/1/2021 12:50,47,771
7/1/2021 12:55,47,768
7/1/2021 13:00,47,768
7/1/2021 13:05,47,766
7/1/2021 13:10,47,765
7/1/2021 13:15,47,763
7/1/2021 13:20,47,762
7/1/2021 13:25,47,761
7/1/2021 13:30,47,760
7/1/2021 13:35,47,757
7/1/2021 13:40,47,756
7/1/2021 13:45,47,758
7/1/2021 13:50,47,757
7/1/2021 13:55,47,757
7/1/2021 14:00,47,755
7/1/2021 14:05,47,748
7/1/2021 14:10,47,751
7/1/2021 14:15,47,748
7/1/2021 14:20,47,745
7/1/2021 14:25,47,743
7/1/2021 14:30,47,739
7/1/2021 14:35,47,738
7/1/2021 14:40,47,737
7/1/2021 14:45,47,735
7/1/2021 14:50,47,734
7/1/2021 14:55,47,732
7/1/2021 15:00,47,729
7/1/2021 15:05,47,727
7/1/2021 15:10,47,726
7/1/2021 15:15,47,723
7/1/2021 15:20,47,721
7/1/2021 15:25,47,721
7/1/2021 15:30,47,718
7/1/2021 15:35,47,719
7/1/2021 15:40,47,715
7/1/2021 15:45,47,714
7/1/2021 15:50,47,714
7/1/2021 15:55,47,711
7/1/2021 16:00,47,709
7/1/2021 16:05,47,709
7/1/2021 16:10,47,708
7/1/2021 16:15,47,706
7/1/2021 16:20,47,707
7/1/2021 16:25,47,705
7/1/2021 16:30,47,704
7/1/2021 16:35,47,702
7/1/2021 16:40,47,701
7/1/2021 16:45,47,700
7/1/2021 16:50,47,697
7/1/2021 16:55,47,696
7/1/2021 17:00,47,697
7/1/2021 17:05,47,695
7/1/2021 17:10,47,695
7/1/2021 17:15,47,694
7/1/2021 17:20,47,694
7/1/2021 17:25,47,693
7/1/2021 17:30,47,693
7/1/2021 17:35,47,691
7/1/2021 17:40,47,691
7/1/2021 17:45,47,689
7/1/2021 17:50,47,689
7/1/2021 17:55,47,687
7/1/2021 18:00,47,688
7/1/2021 18:05,47,687
7/1/2021 18:10,47,686
7/1/2021 18:15,47,685
7/1/2021 18:20,47,685
7/1/2021 18:25,47,684
7/1/2021 18:30,47,684
7/1/2021 18:35,47,686
7/1/2021 18:40,47,683
7/1/2021 18:45,47,684
7/1/2021 18:50,47,684
7/1/2021 18:55,47,681
7/1/2021 19:00,47,681
7/1/2021 19:05,47,681
7/1/2021 19:10,47,681
7/1/2021 19:15,47,680
7/1/2021 19:20,47,681
7/1/2021 19:25,47,681
7/1/2021 19:30,47,680
7/1/2021 19:35,47,684
7/1/2021 19:40,47,685
7/1/2021 19:45,47,683
7/1/2021 19:50,47,684
7/1/2021 19:55,47,682
7/1/2021 20:00,47,681
7/1/2021 20:05,47,681
7/1/2021 20:10,47,682
7/1/2021 20:15,47,682
7/1/2021 20:20,47,682
7/1/2021 20:25,47,682
7/1/2021 20:30,47,680
7/1/2021 20:35,47,684
7/1/2021 20:40,47,682
7/1/2021 20:45,47,683
7/1/2021 20:50,47,683
7/1/2021 20:55,47,686
7/1/2021 21:00,47,683
7/1/2021 21:05,47,682
7/1/2021 21:10,47,685
7/1/2021 21:15,47,685
7/1/2021 21:20,47,686
7/1/2021 21:25,47,686
7/1/2021 21:30,47,687
7/1/2021 21:35,47,687
7/1/2021 21:40,47,689
7/1/2021 21:45,47,687
7/1/2021 21:50,47,688
7/1/2021 21:55,47,689
7/1/2021 22:00,47,690
7/1/2021 22:05,47,688
7/1/2021 22:10,47,690
7/1/2021 22:15,47,688
7/1/2021 22:20,47,689
7/1/2021 22:25,47,689
7/1/2021 22:30,47,688
7/1/2021 22:35,47,690
7/1/2021 22:40,47,691
7/1/2021 22:45,47,691
7/1/2021 22:50,47,693
7/1/2021 22:55,47,697
7/1/2021 23:00,47,696
7/1/2021 23:05,47,696
7/1/2021 23:10,47,694
7/1/2021 23:15,47,696
7/1/2021 23:20,47,694
7/1/2021 23:25,47,698
7/1/2021 23:30,47,701
7/1/2021 23:35,47,701
7/1/2021 23:40,47,702
7/1/2021 23:45,47,700
7/1/2021 23:50,47,701
7/1/2021 23:55,47,701
7/2/2021 0:00,47,704
7/2/2021 0:05,47,702
7/2/2021 0:10,47,707
7/2/2021 0:15,47,706
7/2/2021 0:20,47,707
7/2/2021 0:25,47,710
7/2/2021 0:30,47,713
7/2/2021 0:35,47,712
7/2/2021 0:40,47,711
7/2/2021 0:45,47,711
7/2/2021 0:50,47,714
7/2/2021 0:55,47,714
7/2/2021 1:00,47,714
7/2/2021 1:05,47,715
7/2/2021 1:10,47,716
7/2/2021 1:15,47,719
7/2/2021 1:20,47,721
7/2/2021 1:25,47,723
7/2/2021 1:30,47,721
7/2/2021 1:35,47,723
7/2/2021 1:40,47,725
7/2/2021 1:45,47,726
7/2/2021 1:50,47,726
7/2/2021 1:55,47,724
7/2/2021 2:00,47,726
7/2/2021 2:05,47,726
7/2/2021 2:10,47,729
7/2/2021 2:15,47,727
7/2/2021 2:20,47,728
7/2/2021 2:25,47,729
7/2/2021 2:30,47,727
7/2/2021 2:35,47,728
7/2/2021 2:40,47,728
7/2/2021 2:45,47,728
7/2/2021 2:50,47,727
7/2/2021 2:55,47,730
7/2/2021 3:00,47,730
7/2/2021 3:05,47,729
7/2/2021 3:10,47,734
7/2/2021 3:15,47,731
7/2/2021 3:20,47,731
7/2/2021 3:25,47,730
7/2/2021 3:30,47,731
7/2/2021 3:35,47,730
7/2/2021 3:40,47,731
7/2/2021 3:45,47,733
7/2/2021 3:50,47,731
7/2/2021 3:55,47,729
7/2/2021 4:00,47,729
7/2/2021 4:05,47,731
7/2/2021 4:10,47,727
7/2/2021 4:15,47,728
7/2/2021 4:20,47,727
7/2/2021 4:25,47,728
7/2/2021 4:30,47,726
7/2/2021 4:35,47,727
7/2/2021 4:40,47,726
7/2/2021 4:45,47,727
7/2/2021 4:50,47,726
7/2/2021 4:55,47,726
7/2/2021 5:00,47,725
7/2/2021 5:05,47,725
7/2/2021 5:10,47,727
7/2/2021 5:15,47,726
7/2/2021 5:20,47,727
7/2/2021 5:25,47,727
7/2/2021 5:30,47,726
7/2/2021 5:35,47,724
7/2/2021 5:40,47,722
7/2/2021 5:45,47,720
7/2/2021 5:50,47,720
7/2/2021 5:55,47,722
7/2/2021 6:00,47,721
7/2/2021 6:05,47,719
7/2/2021 6:10,47,719
7/2/2021 6:15,47,717
7/2/2021 6:20,47,716
7/2/2021 6:25,47,714
7/2/2021 6:30,47,715
7/2/2021 6:35,47,716
7/2/2021 6:40,47,714
7/2/2021 6:45,47,708
7/2/2021 6:50,47,706
7/2/2021 6:55,47,707
7/2/2021 7:00,47,705
7/2/2021 7:05,47,704
7/2/2021 7:10,47,703
7/2/2021 7:15,47,702
7/2/2021 7:20,47,702
7/2/2021 7:25,47,704
7/2/2021 7:30,47,702
7/2/2021 7:35,47,701
7/2/2021 7:40,47,701
7/2/2021 7:45,47,699
7/2/2021 7:50,47,699
7/2/2021 7:55,47,698
7/2/2021 8:00,47,697
7/2/2021 8:05,47,697
7/2/2021 8:10,47,695
7/2/2021 8:15,47,695
7/2/2021 8:20,47,694
7/2/2021 8:25,47,694
7/2/2021 8:30,47,694
7/2/2021 8:35,47,692
7/2/2021 8:40,47,690
7/2/2021 8:45,47,689
7/2/2021 8:50,47,687
7/2/2021 8:55,47,686
7/2/2021 9:00,47,684
7/2/2021 9:05,47,687
7/2/2021 9:10,47,685
7/2/2021 9:15,47,684
7/2/2021 9:20,47,682
7/2/2021 9:25,47,679
7/2/2021 9:30,47,680
7/2/2021 9:35,47,680
7/2/2021 9:40,47,678
7/2/2021 9:45,47,677
7/2/2021 9:50,47,677
7/2/2021 9:55,47,672
7/2/2021 10:00,47,673
7/2/2021 10:05,47,669
7/2/2021 10:10,47,670
7/2/2021 10:15,47,667
7/2/2021 10:20,47,669
7/2/2021 10:25,47,665
7/2/2021 10:30,47,664
7/2/2021 10:35,47,663
7/2/2021 10:40,47,662
7/2/2021 10:45,47,662
7/2/2021 10:50,47,661
7/2/2021 10:55,47,660
7/2/2021 11:00,47,657
7/2/2021 11:05,47,657
7/2/2021 11:10,47,654
7/2/2021 11:15,47,651
7/2/2021 11:20,47,654
7/2/2021 11:25,47,651
7/2/2021 11:30,47,650
7/2/2021 11:35,47,647
7/2/2021 11:40,47,648
7/2/2021 11:45,47,648
7/2/2021 11:50,47,645
7/2/2021 11:55,47,646
7/2/2021 12:00,47,641
7/2/2021 12:05,47,639
7/2/2021 12:10,47,639
7/2/2021 12:15,47,639
7/2/2021 12:20,47,637
7/2/2021 12:25,47,637
7/2/2021 12:30,47,634
7/2/2021 12:35,47,633
7/2/2021 12:40,47,634
7/2/2021 12:45,47,633
7/2/2021 12:50,47,631
7/2/2021 12:55,47,628
7/2/2021 13:00,47,630
7/2/2021 13:05,47,629
7/2/2021 13:10,47,627
7/2/2021 13:15,47,625
7/2/2021 13:20,47,623
7/2/2021 13:25,47,622
7/2/2021 13:30,47,620
7/2/2021 13:35,47,620
7/2/2021 13:40,47,618
7/2/2021 13:45,47,617
7/2/2021 13:50,47,615
7/2/2021 13:55,47,616
7/2/2021 14:00,47,617
7/2/2021 14:05,47,616
7/2/2021 14:10,47,616
7/2/2021 14:15,47,612
7/2/2021 14:20,47,611
7/2/2021 14:25,47,612
7/2/2021 14:30,47,610
7/2/2021 14:35,47,611
7/2/2021 14:40,47,607
7/2/2021 14:45,47,608
7/2/2021 14:50,47,605
7/2/2021 14:55,47,605
7/2/2021 15:00,47,604
7/2/2021 15:05,47,603
7/2/2021 15:10,47,603
7/2/2021 15:15,47,601
7/2/2021 15:20,47,601
7/2/2021 15:25,47,598
7/2/2021 15:30,47,598
7/2/2021 15:35,47,596
7/2/2021 15:40,47,595
7/2/2021 15:45,47,595
7/2/2021 15:50,47,593
7/2/2021 15:55,47,591
7/2/2021 16:00,47,591
7/2/2021 16:05,47,591
7/2/2021 16:10,47,590
7/2/2021 16:15,47,587
7/2/2021 16:20,47,586
7/2/2021 16:25,47,584
7/2/2021 16:30,47,583
7/2/2021 16:35,47,582
7/2/2021 16:40,47,582
7/2/2021 16:45,47,583
7/2/2021 16:50,47,582
7/2/2021 16:55,47,582
7/2/2021 17:00,47,581
7/2/2021 17:05,47,582
7/2/2021 17:10,47,580
7/2/2021 17:15,47,579
7/2/2021 17:20,47,580
7/2/2021 17:25,47,580
7/2/2021 17:30,47,579
7/2/2021 17:35,47,579
7/2/2021 17:40,47,579
7/2/2021 17:45,47,579
7/2/2021 17:50,47,579
7/2/2021 17:55,47,578
7/2/2021 18:00,47,577
7/2/2021 18:05,47,579
7/2/2021 18:10,47,578
7/2/2021 18:15,47,578
7/2/2021 18:20,47,578
7/2/2021 18:25,47,577
7/2/2021 18:30,47,575
7/2/2021 18:35,47,575
7/2/2021 18:40,47,577
7/2/2021 18:45,47,577
7/2/2021 18:50,47,576
7/2/2021 18:55,47,578
7/2/2021 19:00,47,579
7/2/2021 19:05,47,577
7/2/2021 19:10,47,577
7/2/2021 19:15,47,578
7/2/2021 19:20,47,578
7/2/2021 19:25,47,579
7/2/2021 19:30,47,579
7/2/2021 19:35,47,577
7/2/2021 19:40,47,579
7/2/2021 19:45,47,578
7/2/2021 19:50,47,579
7/2/2021 19:55,47,578
7/2/2021 20:00,47,579
7/2/2021 20:05,47,580
7/2/2021 20:10,47,581
7/2/2021 20:15,47,583
7/2/2021 20:20,47,585
7/2/2021 20:25,47,584
7/2/2021 20:30,47,584
7/2/2021 20:35,47,587
7/2/2021 20:40,47,588
7/2/2021 20:45,47,590
7/2/2021 20:50,47,589
7/2/2021 20:55,47,587
7/2/2021 21:00,47,590
7/2/2021 21:05,47,589
7/2/2021 21:10,47,589
7/2/2021 21:15,47,591
7/2/2021 21:20,47,591
7/2/2021 21:25,47,592
7/2/2021 21:30,47,592
7/2/2021 21:35,47,594
7/2/2021 21:40,47,596
7/2/2021 21:45,47,596
7/2/2021 21:50,47,597
7/2/2021 21:55,47,597
7/2/2021 22:00,47,599
7/2/2021 22:05,47,599
7/2/2021 22:10,47,600
7/2/2021 22:15,47,601
7/2/2021 22:20,47,602
7/2/2021 22:25,47,603
7/2/2021 22:30,47,605
7/2/2021 22:35,47,605
7/2/2021 22:40,47,607
7/2/2021 22:45,47,607
7/2/2021 22:50,47,610
7/2/2021 22:55,47,612
7/2/2021 23:00,47,613
7/2/2021 23:05,47,614
7/2/2021 23:10,47,614
7/2/2021 23:15,47,615
7/2/2021 23:20,47,615
7/2/2021 23:25,47,617
7/2/2021 23:30,47,619
7/2/2021 23:35,47,620
7/2/2021 23:40,47,621
7/2/2021 23:45,47,621
7/2/2021 23:50,47,623
7/2/2021 23:55,47,623
7/3/2021 0:00,47,624
7/3/2021 0:05,47,626
7/3/2021 0:10,47,626
7/3/2021 0:15,47,628
7/3/2021 0:20,47,630
7/3/2021 0:25,47,629
7/3/2021 0:30,47,632
7/3/2021 0:35,47,632
7/3/2021 0:40,47,634
7/3/2021 0:45,47,634
7/3/2021 0:50,47,635
7/3/2021 0:55,47,635
7/3/2021 1:00,47,636
7/3/2021 1:05,47,638
7/3/2021 1:10,47,639
7/3/2021 1:15,47,641
7/3/2021 1:20,47,644
7/3/2021 1:25,47,648
7/3/2021 1:30,47,647
7/3/2021 1:35,47,649
7/3/2021 1:40,47,650
7/3/2021 1:45,47,648
7/3/2021 1:50,47,649
7/3/2021 1:55,47,650
7/3/2021 2:00,47,652
7/3/2021 2:05,47,651
7/3/2021 2:10,47,652
7/3/2021 2:15,47,654
7/3/2021 2:20,47,653
7/3/2021 2:25,47,654
7/3/2021 2:30,47,655
7/3/2021 2:35,47,656
7/3/2021 2:40,47,656
7/3/2021 2:45,47,656
7/3/2021 2:50,47,659
7/3/2021 2:55,47,660
7/3/2021 3:00,47,661
7/3/2021 3:05,47,662
7/3/2021 3:10,47,659
7/3/2021 3:15,47,659
7/3/2021 3:20,47,659
7/3/2021 3:25,47,659
7/3/2021 3:30,47,661
7/3/2021 3:35,47,660
7/3/2021 3:40,47,660
7/3/2021 3:45,47,660
7/3/2021 3:50,47,658
7/3/2021 3:55,47,661
7/3/2021 4:00,47,659
7/3/2021 4:05,47,661
7/3/2021 4:10,47,661
7/3/2021 4:15,47,660
7/3/2021 4:20,47,659
7/3/2021 4:25,47,660
7/3/2021 4:30,47,658
7/3/2021 4:35,47,659
7/3/2021 4:40,47,660
7/3/2021 4:45,47,659
7/3/2021 4:50,47,658
7/3/2021 4:55,47,658
7/3/2021 5:00,47,660
7/3/2021 5:05,47,658
7/3/2021 5:10,47,656
7/3/2021 5:15,47,656
7/3/2021 5:20,47,656
7/3/2021 5:25,47,657
7/3/2021 5:30,47,655
7/3/2021 5:35,47,655
7/3/2021 5:40,47,654
7/3/2021 5:45,47,652
7/3/2021 5:50,47,652
7/3/2021 5:55,47,650
7/3/2021 6:00,47,650
7/3/2021 6:05,47,649
7/3/2021 6:10,47,649
7/3/2021 6:15,47,648
7/3/2021 6:20,47,648
7/3/2021 6:25,47,646
7/3/2021 6:30,47,646
7/3/2021 6:35,47,646
7/3/2021 6:40,47,642
7/3/2021 6:45,47,643
7/3/2021 6:50,47,643
7/3/2021 6:55,47,645
7/3/2021 7:00,47,639
7/3/2021 7:05,47,639
7/3/2021 7:10,47,640
7/3/2021 7:15,47,637
7/3/2021 7:20,47,636
7/3/2021 7:25,47,633
7/3/2021 7:30,47,633
7/3/2021 7:35,47,632
7/3/2021 7:40,47,632
7/3/2021 7:45,47,628
7/3/2021 7:50,47,626
7/3/2021 7:55,47,626
7/3/2021 8:00,47,626
7/3/2021 8:05,47,625
7/3/2021 8:10,47,623
7/3/2021 8:15,47,621
7/3/2021 8:20,47,620
7/3/2021 8:25,47,621
7/3/2021 8:30,47,620
7/3/2021 8:35,47,616
7/3/2021 8:40,47,615
7/3/2021 8:45,47,615
7/3/2021 8:50,47,615
7/3/2021 8:55,47,611
7/3/2021 9:00,47,612
7/3/2021 9:05,47,608
7/3/2021 9:10,47,607
7/3/2021 9:15,47,607
7/3/2021 9:20,47,606
7/3/2021 9:25,47,605
7/3/2021 9:30,47,603
7/3/2021 9:35,47,602
7/3/2021 9:40,47,601
7/3/2021 9:45,47,600
7/3/2021 9:50,47,599
7/3/2021 9:55,47,597
7/3/2021 10:00,47,595
7/3/2021 10:05,47,594
7/3/2021 10:10,47,592
7/3/2021 10:15,47,592
7/3/2021 10:20,47,592
7/3/2021 10:25,47,588
7/3/2021 10:30,47,586
7/3/2021 10:35,47,585
7/3/2021 10:40,47,584
7/3/2021 10:45,47,581
7/3/2021 10:50,47,580
7/3/2021 10:55,47,579
7/3/2021 11:00,47,580
7/3/2021 11:05,47,577
7/3/2021 11:10,47,577
7/3/2021 11:15,47,574
7/3/2021 11:20,47,574
7/3/2021 11:25,47,568
7/3/2021 11:30,47,569
7/3/2021 11:35,47,567
7/3/2021 11:40,47,566
7/3/2021 11:45,47,565
7/3/2021 11:50,47,565
7/3/2021 11:55,47,564
7/3/2021 12:00,47,563
7/3/2021 12:05,47,560
7/3/2021 12:10,47,559
7/3/2021 12:15,47,558
7/3/2021 12:20,47,558
7/3/2021 12:25,47,556
7/3/2021 12:30,47,555
7/3/2021 12:35,47,553
7/3/2021 12:40,47,553
7/3/2021 12:45,47,551
7/3/2021 12:50,47,550
7/3/2021 12:55,47,547
7/3/2021 13:00,47,545
7/3/2021 13:05,47,545
7/3/2021 13:10,47,544
7/3/2021 13:15,47,542
7/3/2021 13:20,47,541
7/3/2021 13:25,47,540
7/3/2021 13:30,47,538
7/3/2021 13:35,47,537
7/3/2021 13:40,47,536
7/3/2021 13:45,47,534
7/3/2021 13:50,47,534
7/3/2021 13:55,47,533
7/3/2021 14:00,47,531
7/3/2021 14:05,47,530
7/3/2021 14:10,47,530
7/3/2021 14:15,47,528
7/3/2021 14:20,47,526
7/3/2021 14:25,47,526
7/3/2021 14:30,47,525
7/3/2021 14:35,47,523
7/3/2021 14:40,47,523
7/3/2021 14:45,47,520
7/3/2021 14:50,47,519
7/3/2021 14:55,47,518
7/3/2021 15:00,47,517
7/3/2021 15:05,47,516
7/3/2021 15:10,47,514
7/3/2021 15:15,47,514
7/3/2021 15:20,47,514
7/3/2021 15:25,47,513
7/3/2021 15:30,47,512
7/3/2021 15:35,47,511
7/3/2021 15:40,47,510
7/3/2021 15:45,47,509
7/3/2021 15:50,47,508
7/3/2021 15:55,47,508
7/3/2021 16:00,47,508
7/3/2021 16:05,47,506
7/3/2021 16:10,47,507
7/3/2021 16:15,47,503
7/3/2021 16:20,47,502
7/3/2021 16:25,47,503
7/3/2021 16:30,47,503
7/3/2021 16:35,47,501
7/3/2021 16:40,47,502
7/3/2021 16:45,47,501
7/3/2021 16:50,47,500
7/3/2021 16:55,47,501
7/3/2021 17:00,47,500
7/3/2021 17:05,47,499
7/3/2021 17:10,47,497
7/3/2021 17:15,47,495
7/3/2021 17:20,47,495
7/3/2021 17:25,47,497
7/3/2021 17:30,47,496
7/3/2021 17:35,47,495
7/3/2021 17:40,47,495
7/3/2021 17:45,47,493
7/3/2021 17:50,47,494
7/3/2021 17:55,47,494
7/3/2021 18:00,47,494
7/3/2021 18:05,47,493
7/3/2021 18:10,47,494
7/3/2021 18:15,47,493
7/3/2021 18:20,47,492
7/3/2021 18:25,47,492
7/3/2021 18:30,47,492
7/3/2021 18:35,47,492
7/3/2021 18:40,47,493
7/3/2021 18:45,47,492
7/3/2021 18:50,47,492
7/3/2021 18:55,47,492
7/3/2021 19:00,47,492
7/3/2021 19:05,47,492
7/3/2021 19:10,47,494
7/3/2021 19:15,47,492
7/3/2021 19:20,47,493
7/3/2021 19:25,47,494
7/3/2021 19:30,47,494
7/3/2021 19:35,47,495
7/3/2021 19:40,47,494
7/3/2021 19:45,47,495
7/3/2021 19:50,47,496
7/3/2021 19:55,47,495
7/3/2021 20:00,47,497
7/3/2021 20:05,47,498
7/3/2021 20:10,47,499
7/3/2021 20:15,47,498
7/3/2021 20:20,47,499
7/3/2021 20:25,47,500
7/3/2021 20:30,47,500
7/3/2021 20:35,47,501
7/3/2021 20:40,47,501
7/3/2021 20:45,47,503
7/3/2021 20:50,47,501
7/3/2021 20:55,47,502
7/3/2021 21:00,47,504
7/3/2021 21:05,47,505
7/3/2021 21:10,47,504
7/3/2021 21:15,47,506
7/3/2021 21:20,47,507
7/3/2021 21:25,47,508
7/3/2021 21:30,47,510
7/3/2021 21:35,47,510
7/3/2021 21:40,47,511
7/3/2021 21:45,47,511
7/3/2021 21:50,47,513
7/3/2021 21:55,47,513
7/3/2021 22:00,47,516
7/3/2021 22:05,47,516
7/3/2021 22:10,47,517
7/3/2021 22:15,47,517
7/3/2021 22:20,47,518
7/3/2021 22:25,47,519
7/3/2021 22:30,47,521
7/3/2021 22:35,47,522
7/3/2021 22:40,47,523
7/3/2021 22:45,47,524
7/3/2021 22:50,47,525
7/3/2021 22:55,47,526
7/3/2021 23:00,47,529
7/3/2021 23:05,47,529
7/3/2021 23:10,47,529
7/3/2021 23:15,47,532
7/3/2021 23:20,47,533
7/3/2021 23:25,47,534
7/3/2021 23:30,47,535
7/3/2021 23:35,47,536
7/3/2021 23:40,47,537
7/3/2021 23:45,47,538
7/3/2021 23:50,47,540
7/3/2021 23:55,47,541
7/4/2021 0:00,47,542
7/4/2021 0:05,47,543
7/4/2021 0:10,47,546
7/4/2021 0:15,47,547
7/4/2021 0:20,47,548
7/4/2021 0:25,47,551
7/4/2021 0:30,47,550
7/4/2021 0:35,47,552
7/4/2021 0:40,47,554
7/4/2021 0:45,47,554
7/4/2021 0:50,47,556
7/4/2021 0:55,47,557
7/4/2021 1:00,47,558
7/4/2021 1:05,47,559
7/4/2021 1:10,47,560
7/4/2021 1:15,47,562
7/4/2021 1:20,47,562
7/4/2021 1:25,47,563
7/4/2021 1:30,47,564
7/4/2021 1:35,47,566
7/4/2021 1:40,47,567
7/4/2021 1:45,47,567
7/4/2021 1:50,47,568
7/4/2021 1:55,47,569
7/4/2021 2:00,47,570
7/4/2021 2:05,47,572
7/4/2021 2:10,47,570
7/4/2021 2:15,47,573
7/4/2021 2:20,47,573
7/4/2021 2:25,47,575
7/4/2021 2:30,47,576
7/4/2021 2:35,47,576
7/4/2021 2:40,47,576
7/4/2021 2:45,47,575
7/4/2021 2:50,47,578
7/4/2021 2:55,47,579
7/4/2021 3:00,47,578
7/4/2021 3:05,47,580
7/4/2021 3:10,47,580
7/4/2021 3:15,47,580
7/4/2021 3:20,47,580
7/4/2021 3:25,47,580
7/4/2021 3:30,47,581
7/4/2021 3:35,47,583
7/4/2021 3:40,47,582
7/4/2021 3:45,47,582
7/4/2021 3:50,47,583
7/4/2021 3:55,47,583
7/4/2021 4:00,47,583
7/4/2021 4:05,47,584
7/4/2021 4:10,47,585
7/4/2021 4:15,47,584
7/4/2021 4:20,47,584
7/4/2021 4:25,47,585
7/4/2021 4:30,47,585
7/4/2021 4:35,47,584
7/4/2021 4:40,47,585
7/4/2021 4:45,47,586
7/4/2021 4:50,47,585
7/4/2021 4:55,47,585
7/4/2021 5:00,47,585
7/4/2021 5:05,47,587
7/4/2021 5:10,47,585
7/4/2021 5:15,47,585
7/4/2021 5:20,47,583
7/4/2021 5:25,47,584
7/4/2021 5:30,47,583
7/4/2021 5:35,47,585
7/4/2021 5:40,47,586
7/4/2021 5:45,47,585
7/4/2021 5:50,47,584
7/4/2021 5:55,47,582
7/4/2021 6:00,47,585
7/4/2021 6:05,47,583
7/4/2021 6:10,47,583
7/4/2021 6:15,47,583
7/4/2021 6:20,47,583
7/4/2021 6:25,47,583
7/4/2021 6:30,47,581
7/4/2021 6:35,47,580
7/4/2021 6:40,47,580
7/4/2021 6:45,47,578
7/4/2021 6:50,47,579
7/4/2021 6:55,47,579
7/4/2021 7:00,47,579
7/4/2021 7:05,47,576
7/4/2021 7:10,47,577
7/4/2021 7:15,47,576
7/4/2021 7:20,47,575
7/4/2021 7:25,47,575
7/4/2021 7:30,47,574
7/4/2021 7:35,47,575
7/4/2021 7:40,47,574
7/4/2021 7:45,47,572
7/4/2021 7:50,47,573
7/4/2021 7:55,47,572
7/4/2021 8:00,47,571
7/4/2021 8:05,47,570
7/4/2021 8:10,47,569
7/4/2021 8:15,47,567
7/4/2021 8:20,47,568
7/4/2021 8:25,47,567
7/4/2021 8:30,47,567
7/4/2021 8:35,47,566
7/4/2021 8:40,47,564
7/4/2021 8:45,47,563
7/4/2021 8:50,47,565
7/4/2021 8:55,47,563
7/4/2021 9:00,47,563
7/4/2021 9:05,47,560
7/4/2021 9:10,47,562
7/4/2021 9:15,47,560
7/4/2021 9:20,47,559
7/4/2021 9:25,47,559
7/4/2021 9:30,47,558
7/4/2021 9:35,47,558
7/4/2021 9:40,47,557
7/4/2021 9:45,47,557
7/4/2021 9:50,47,555
7/4/2021 9:55,47,555
7/4/2021 10:00,47,552
7/4/2021 10:05,47,552
7/4/2021 10:10,47,553
7/4/2021 10:15,47,550
7/4/2021 10:20,47,550
7/4/2021 10:25,47,549
7/4/2021 10:30,47,548
7/4/2021 10:35,47,546
7/4/2021 10:40,47,545
7/4/2021 10:45,47,543
7/4/2021 10:50,47,543
7/4/2021 10:55,47,541
7/4/2021 11:00,47,540
7/4/2021 11:05,47,540
7/4/2021 11:10,47,540
7/4/2021 11:15,47,538
7/4/2021 11:20,47,536
7/4/2021 11:25,47,537
7/4/2021 11:30,47,536
7/4/2021 11:35,47,533
7/4/2021 11:40,47,533
7/4/2021 11:45,47,532
7/4/2021 11:50,47,531
7/4/2021 11:55,47,530
7/4/2021 12:00,47,529
7/4/2021 12:05,47,527
7/4/2021 12:10,47,527
7/4/2021 12:15,47,527
7/4/2021 12:20,47,525
7/4/2021 12:25,47,523
7/4/2021 12:30,47,522
7/4/2021 12:35,47,522
7/4/2021 12:40,47,520
7/4/2021 12:45,47,518
7/4/2021 12:50,47,517
7/4/2021 12:55,47,515
7/4/2021 13:00,47,515
7/4/2021 13:05,47,515
7/4/2021 13:10,47,514
7/4/2021 13:15,47,514
7/4/2021 13:20,47,511
7/4/2021 13:25,47,510
7/4/2021 13:30,47,510
7/4/2021 13:35,47,508
7/4/2021 13:40,47,509
7/4/2021 13:45,47,506
7/4/2021 13:50,47,505
7/4/2021 13:55,47,504
7/4/2021 14:00,47,503
7/4/2021 14:05,47,502
7/4/2021 14:10,47,501
7/4/2021 14:15,47,502
7/4/2021 14:20,47,499
7/4/2021 14:25,47,499
7/4/2021 14:30,47,497
7/4/2021 14:35,47,498
7/4/2021 14:40,47,496
7/4/2021 14:45,47,496
7/4/2021 14:50,47,494
7/4/2021 14:55,47,495
7/4/2021 15:00,47,494
7/4/2021 15:05,47,493
7/4/2021 15:10,47,493
7/4/2021 15:15,47,492
7/4/2021 15:20,47,491
7/4/2021 15:25,47,491
7/4/2021 15:30,47,489
7/4/2021 15:35,47,488
7/4/2021 15:40,47,487
7/4/2021 15:45,47,486
7/4/2021 15:50,47,486
7/4/2021 15:55,47,485
7/4/2021 16:00,47,485
7/4/2021 16:05,47,485
7/4/2021 16:10,47,484
7/4/2021 16:15,47,483
7/4/2021 16:20,47,483
7/4/2021 16:25,47,484
7/4/2021 16:30,47,482
7/4/2021 16:35,47,483
7/4/2021 16:40,47,482
7/4/2021 16:45,47,481
7/4/2021 16:50,47,480
7/4/2021 16:55,47,481
7/4/2021 17:00,47,481
7/4/2021 17:05,47,480
7/4/2021 17:10,47,481
7/4/2021 17:15,47,480
7/4/2021 17:20,47,479
7/4/2021 17:25,47,479
7/4/2021 17:30,47,481
7/4/2021 17:35,47,480
7/4/2021 17:40,47,480
7/4/2021 17:45,47,481
7/4/2021 17:50,47,481
7/4/2021 17:55,47,480
7/4/2021 18:00,47,479
7/4/2021 18:05,47,481
7/4/2021 18:10,47,480
7/4/2021 18:15,47,480
7/4/2021 18:20,47,481
7/4/2021 18:25,47,482
7/4/2021 18:30,47,482
7/4/2021 18:35,47,481
7/4/2021 18:40,47,481
7/4/2021 18:45,47,480
7/4/2021 18:50,47,481
7/4/2021 18:55,47,482
7/4/2021 19:00,47,483
7/4/2021 19:05,47,482
7/4/2021 19:10,47,483
7/4/2021 19:15,47,482
7/4/2021 19:20,47,484
7/4/2021 19:25,47,484
7/4/2021 19:30,47,485
7/4/2021 19:35,47,487
7/4/2021 19:40,47,486
7/4/2021 19:45,47,488
7/4/2021 19:50,47,488
7/4/2021 19:55,47,488
7/4/2021 20:00,47,488
7/4/2021 20:05,47,489
7/4/2021 20:10,47,490
7/4/2021 20:15,47,491
7/4/2021 20:20,47,491
7/4/2021 20:25,47,493
7/4/2021 20:30,47,493
7/4/2021 20:35,47,494
7/4/2021 20:40,47,495
7/4/2021 20:45,47,498
7/4/2021 20:50,47,496
7/4/2021 20:55,47,498
7/4/2021 21:00,47,499
7/4/2021 21:05,47,499
7/4/2021 21:10,47,501
7/4/2021 21:15,47,502
7/4/2021 21:20,47,503
7/4/2021 21:25,47,504
7/4/2021 21:30,47,504
7/4/2021 21:35,47,507
7/4/2021 21:40,47,506
7/4/2021 21:45,47,510
7/4/2021 21:50,47,510
7/4/2021 21:55,47,510
7/4/2021 22:00,47,515
7/4/2021 22:05,47,514
7/4/2021 22:10,47,515
7/4/2021 22:15,47,516
7/4/2021 22:20,47,516
7/4/2021 22:25,47,518
7/4/2021 22:30,47,519
7/4/2021 22:35,47,521
7/4/2021 22:40,47,522
7/4/2021 22:45,47,524
7/4/2021 22:50,47,526
7/4/2021 22:55,47,525
7/4/2021 23:00,47,527
7/4/2021 23:05,47,528
7/4/2021 23:10,47,529
7/4/2021 23:15,47,531
7/4/2021 23:20,47,532
7/4/2021 23:25,47,532
7/4/2021 23:30,47,536
7/4/2021 23:35,47,538
7/4/2021 23:40,47,539
7/4/2021 23:45,47,540
7/4/2021 23:50,47,543
7/4/2021 23:55,47,542
7/5/2021 0:00,47,544
7/5/2021 0:05,47,546
7/5/2021 0:10,47,547
7/5/2021 0:15,47,550
7/5/2021 0:20,47,548
7/5/2021 0:25,47,551
7/5/2021 0:30,47,551
7/5/2021 0:35,47,552
7/5/2021 0:40,47,555
7/5/2021 0:45,47,558
7/5/2021 0:50,47,558
7/5/2021 0:55,47,558
7/5/2021 1:00,47,558
7/5/2021 1:05,47,558
7/5/2021 1:10,47,562
7/5/2021 1:15,47,560
7/5/2021 1:20,47,564
7/5/2021 1:25,47,562
7/5/2021 1:30,47,564
7/5/2021 1:35,47,565
7/5/2021 1:40,47,565
7/5/2021 1:45,47,567
7/5/2021 1:50,47,568
7/5/2021 1:55,47,566
7/5/2021 2:00,47,569
7/5/2021 2:05,47,571
7/5/2021 2:10,47,572
7/5/2021 2:15,47,572
7/5/2021 2:20,47,573
7/5/2021 2:25,47,574
7/5/2021 2:30,47,574
7/5/2021 2:35,47,576
7/5/2021 2:40,47,575
7/5/2021 2:45,47,577
7/5/2021 2:50,47,578
7/5/2021 2:55,47,578
7/5/2021 3:00,47,579
7/5/2021 3:05,47,581
7/5/2021 3:10,47,581
7/5/2021 3:15,47,581
7/5/2021 3:20,47,580
7/5/2021 3:25,47,581
7/5/2021 3:30,47,582
7/5/2021 3:35,47,583
7/5/2021 3:40,47,582
7/5/2021 3:45,47,582
7/5/2021 3:50,47,580
7/5/2021 3:55,47,581
7/5/2021 4:00,47,584
7/5/2021 4:05,47,582
7/5/2021 4:10,47,584
7/5/2021 4:15,47,584
7/5/2021 4:20,47,584
7/5/2021 4:25,47,584
7/5/2021 4:30,47,585
7/5/2021 4:35,47,584
7/5/2021 4:40,47,585
7/5/2021 4:45,47,585
7/5/2021 4:50,47,584
7/5/2021 4:55,47,585
7/5/2021 5:00,47,584
7/5/2021 5:05,47,584
7/5/2021 5:10,47,581
7/5/2021 5:15,47,584
7/5/2021 5:20,47,582
7/5/2021 5:25,47,582
7/5/2021 5:30,47,582
7/5/2021 5:35,47,581
7/5/2021 5:40,47,582
7/5/2021 5:45,47,581
7/5/2021 5:50,47,580
7/5/2021 5:55,47,578
7/5/2021 6:00,47,579
7/5/2021 6:05,47,580
7/5/2021 6:10,47,578
7/5/2021 6:15,47,577
7/5/2021 6:20,47,578
7/5/2021 6:25,47,577
7/5/2021 6:30,47,577
7/5/2021 6:35,47,576
7/5/2021 6:40,47,575
7/5/2021 6:45,47,574
7/5/2021 6:50,47,573
7/5/2021 6:55,47,574
7/5/2021 7:00,47,573
7/5/2021 7:05,47,572
7/5/2021 7:10,47,573
7/5/2021 7:15,47,570
7/5/2021 7:20,47,569
7/5/2021 7:25,47,568
7/5/2021 7:30,47,568
7/5/2021 7:35,47,568
7/5/2021 7:40,47,566
7/5/2021 7:45,47,567
7/5/2021 7:50,47,564
7/5/2021 7:55,47,564
7/5/2021 8:00,47,564
7/5/2021 8:05,47,563
7/5/2021 8:10,47,560
7/5/2021 8:15,47,561
7/5/2021 8:20,47,561
7/5/2021 8:25,47,559
7/5/2021 8:30,47,558
7/5/2021 8:35,47,558
7/5/2021 8:40,47,558
7/5/2021 8:45,47,558
7/5/2021 8:50,47,557
7/5/2021 8:55,47,554
7/5/2021 9:00,47,554
7/5/2021 9:05,47,552
7/5/2021 9:10,47,553
7/5/2021 9:15,47,552
7/5/2021 9:20,47,550
7/5/2021 9:25,47,547
7/5/2021 9:30,47,547
7/5/2021 9:35,47,545
7/5/2021 9:40,47,546
7/5/2021 9:45,47,546
7/5/2021 9:50,47,544
7/5/2021 9:55,47,542
7/5/2021 10:00,47,542
7/5/2021 10:05,47,540
7/5/2021 10:10,47,538
7/5/2021 10:15,47,538
7/5/2021 10:20,47,537
7/5/2021 10:25,47,537
7/5/2021 10:30,47,534
7/5/2021 10:35,47,534
7/5/2021 10:40,47,533
7/5/2021 10:45,47,533
7/5/2021 10:50,47,532
7/5/2021 10:55,47,530
7/5/2021 11:00,47,529
7/5/2021 11:05,47,528
7/5/2021 11:10,47,527
7/5/2021 11:15,47,528
7/5/2021 11:20,47,525
7/5/2021 11:25,47,523
7/5/2021 11:30,47,522
7/5/2021 11:35,47,521
7/5/2021 11:40,47,519
7/5/2021 11:45,47,519
7/5/2021 11:50,47,518
7/5/2021 11:55,47,514
7/5/2021 12:00,47,515
7/5/2021 12:05,47,515
7/5/2021 12:10,47,514
7/5/2021 12:15,47,512
7/5/2021 12:20,47,512
7/5/2021 12:25,47,510
7/5/2021 12:30,47,508
7/5/2021 12:35,47,509
7/5/2021 12:40,47,508
7/5/2021 12:45,47,505
7/5/2021 12:50,47,505
7/5/2021 12:55,47,504
7/5/2021 13:00,47,502
7/5/2021 13:05,47,502
7/5/2021 13:10,47,501
7/5/2021 13:15,47,498
7/5/2021 13:20,47,498
7/5/2021 13:25,47,497
7/5/2021 13:30,47,495
7/5/2021 13:35,47,497
7/5/2021 13:40,47,495
7/5/2021 13:45,47,493
7/5/2021 13:50,47,493
7/5/2021 13:55,47,493
7/5/2021 14:00,47,491
7/5/2021 14:05,47,491
7/5/2021 14:10,47,490
7/5/2021 14:15,47,488
7/5/2021 14:20,47,487
7/5/2021 14:25,47,487
7/5/2021 14:30,47,485
7/5/2021 14:35,47,486
7/5/2021 14:40,47,485
7/5/2021 14:45,47,483
7/5/2021 14:50,47,484
7/5/2021 14:55,47,483
7/5/2021 15:00,47,483
7/5/2021 15:05,47,483
7/5/2021 15:10,47,482
7/5/2021 15:15,47,481
7/5/2021 15:20,47,480
7/5/2021 15:25,47,480
7/5/2021 15:30,47,480
7/5/2021 15:35,47,478
7/5/2021 15:40,47,478
7/5/2021 15:45,47,477
7/5/2021 15:50,47,478
7/5/2021 15:55,47,477
7/5/2021 16:00,47,475
7/5/2021 16:05,47,475
7/5/2021 16:10,47,475
7/5/2021 16:15,47,474
7/5/2021 16:20,47,473
7/5/2021 16:25,47,475
7/5/2021 16:30,47,474
7/5/2021 16:35,47,473
7/5/2021 16:40,47,473
7/5/2021 16:45,47,473
7/5/2021 16:50,47,473
7/5/2021 16:55,47,473
7/5/2021 17:00,47,473
7/5/2021 17:05,47,472
7/5/2021 17:10,47,472
7/5/2021 17:15,47,471
7/5/2021 17:20,47,472
7/5/2021 17:25,47,472
7/5/2021 17:30,47,471
7/5/2021 17:35,47,472
7/5/2021 17:40,47,472
7/5/2021 17:45,47,470
7/5/2021 17:50,47,472
7/5/2021 17:55,47,471
7/5/2021 18:00,47,470
7/5/2021 18:05,47,472
7/5/2021 18:10,47,472
7/5/2021 18:15,47,472
7/5/2021 18:20,47,473
7/5/2021 18:25,47,473
7/5/2021 18:30,47,475
7/5/2021 18:35,47,473
7/5/2021 18:40,47,474
7/5/2021 18:45,47,473
7/5/2021 18:50,47,473
7/5/2021 18:55,47,474
7/5/2021 19:00,47,476
7/5/2021 19:05,47,476
7/5/2021 19:10,47,476
7/5/2021 19:15,47,476
7/5/2021 19:20,47,477
7/5/2021 19:25,47,477
7/5/2021 19:30,47,480
7/5/2021 19:35,47,479
7/5/2021 19:40,47,479
7/5/2021 19:45,47,481
7/5/2021 19:50,47,481
7/5/2021 19:55,47,482
7/5/2021 20:00,47,483
7/5/2021 20:05,47,483
7/5/2021 20:10,47,484
7/5/2021 20:15,47,485
7/5/2021 20:20,47,486
7/5/2021 20:25,47,487
7/5/2021 20:30,47,488
7/5/2021 20:35,47,489
7/5/2021 20:40,47,491
7/5/2021 20:45,47,490
7/5/2021 20:50,47,493
7/5/2021 20:55,47,492
7/5/2021 21:00,47,493
7/5/2021 21:05,47,494
7/5/2021 21:10,47,496
7/5/2021 21:15,47,498
7/5/2021 21:20,47,496
7/5/2021 21:25,47,499
7/5/2021 21:30,47,501
7/5/2021 21:35,47,502
7/5/2021 21:40,47,500
7/5/2021 21:45,47,502
7/5/2021 21:50,47,505
7/5/2021 21:55,47,505
7/5/2021 22:00,47,507
7/5/2021 22:05,47,508
7/5/2021 22:10,47,510
7/5/2021 22:15,47,511
7/5/2021 22:20,47,513
7/5/2021 22:25,47,512
7/5/2021 22:30,47,516
7/5/2021 22:35,47,515
7/5/2021 22:40,47,517
7/5/2021 22:45,47,518
7/5/2021 22:50,47,519
7/5/2021 22:55,47,520
7/5/2021 23:00,47,523
7/5/2021 23:05,47,525
7/5/2021 23:10,47,525
7/5/2021 23:15,47,523
7/5/2021 23:20,47,527
7/5/2021 23:25,47,528
7/5/2021 23:30,47,530
7/5/2021 23:35,47,531
7/5/2021 23:40,47,532
7/5/2021 23:45,47,534
7/5/2021 23:50,47,535
7/5/2021 23:55,47,537
7/6/2021 0:00,47,538
7/6/2021 0:05,47,541
7/6/2021 0:10,47,541
7/6/2021 0:15,47,544
7/6/2021 0:20,47,543
7/6/2021 0:25,47,544
7/6/2021 0:30,47,545
7/6/2021 0:35,47,545
7/6/2021 0:40,47,550
7/6/2021 0:45,47,547
7/6/2021 0:50,47,552
7/6/2021 0:55,47,553
7/6/2021 1:00,47,553
7/6/2021 1:05,47,555
7/6/2021 1:10,47,556
7/6/2021 1:15,47,556
7/6/2021 1:20,47,558
7/6/2021 1:25,47,558
7/6/2021 1:30,47,560
7/6/2021 1:35,47,559
7/6/2021 1:40,47,562
7/6/2021 1:45,47,562
7/6/2021 1:50,47,563
7/6/2021 1:55,47,564
7/6/2021 2:00,47,565
7/6/2021 2:05,47,567
7/6/2021 2:10,47,567
7/6/2021 2:15,47,568
7/6/2021 2:20,47,568
7/6/2021 2:25,47,567
7/6/2021 2:30,47,570
7/6/2021 2:35,47,569
7/6/2021 2:40,47,571
7/6/2021 2:45,47,572
7/6/2021 2:50,47,571
7/6/2021 2:55,47,571
7/6/2021 3:00,47,574
7/6/2021 3:05,47,574
7/6/2021 3:10,47,575
7/6/2021 3:15,47,574
7/6/2021 3:20,47,576
7/6/2021 3:25,47,576
7/6/2021 3:30,47,575
7/6/2021 3:35,47,578
7/6/2021 3:40,47,578
7/6/2021 3:45,47,576
7/6/2021 3:50,47,576
7/6/2021 3:55,47,579
7/6/2021 4:00,47,578
7/6/2021 4:05,47,579
7/6/2021 4:10,47,578
7/6/2021 4:15,47,577
7/6/2021 4:20,47,576
7/6/2021 4:25,47,579
7/6/2021 4:30,47,580
7/6/2021 4:35,47,580
7/6/2021 4:40,47,581
7/6/2021 4:45,47,579
7/6/2021 4:50,47,581
7/6/2021 4:55,47,579
7/6/2021 5:00,47,578
7/6/2021 5:05,47,577
7/6/2021 5:10,47,578
7/6/2021 5:15,47,576
7/6/2021 5:20,47,579
7/6/2021 5:25,47,576
7/6/2021 5:30,47,575
7/6/2021 5:35,47,575
7/6/2021 5:40,47,576
7/6/2021 5:45,47,576
7/6/2021 5:50,47,577
7/6/2021 5:55,47,575
7/6/2021 6:00,47,574
7/6/2021 6:05,47,573
7/6/2021 6:10,47,573
7/6/2021 6:15,47,573
7/6/2021 6:20,47,573
7/6/2021 6:25,47,571
7/6/2021 6:30,47,573
7/6/2021 6:35,47,572
7/6/2021 6:40,47,571
7/6/2021 6:45,47,570
7/6/2021 6:50,47,569
7/6/2021 6:55,47,566
7/6/2021 7:00,47,566
7/6/2021 7:05,47,566
7/6/2021 7:10,47,566
7/6/2021 7:15,47,565
7/6/2021 7:20,47,566
7/6/2021 7:25,47,564
7/6/2021 7:30,47,562
7/6/2021 7:35,47,561
7/6/2021 7:40,47,561
7/6/2021 7:45,47,561
7/6/2021 7:50,47,559
7/6/2021 7:55,47,559
7/6/2021 8:00,47,558
7/6/2021 8:05,47,556
7/6/2021 8:10,47,556
7/6/2021 8:15,47,557
7/6/2021 8:20,47,552
7/6/2021 8:25,47,552
7/6/2021 8:30,47,551
7/6/2021 8:35,47,551
7/6/2021 8:40,47,550
7/6/2021 8:45,47,548
7/6/2021 8:50,47,552
7/6/2021 8:55,47,548
7/6/2021 9:00,47,545
7/6/2021 9:05,47,545
7/6/2021 9:10,47,545
7/6/2021 9:15,47,542
7/6/2021 9:20,47,543
7/6/2021 9:25,47,542
7/6/2021 9:30,47,541
7/6/2021 9:35,47,540
7/6/2021 9:40,47,539
7/6/2021 9:45,47,537
7/6/2021 9:50,47,536
7/6/2021 9:55,47,535
7/6/2021 10:00,47,533
7/6/2021 10:05,47,535
7/6/2021 10:10,47,531
7/6/2021 10:15,47,531
7/6/2021 10:20,47,530
7/6/2021 10:25,47,528
7/6/2021 10:30,47,529
7/6/2021 10:35,47,528
7/6/2021 10:40,47,525
7/6/2021 10:45,47,525
7/6/2021 10:50,47,525
7/6/2021 10:55,47,522
7/6/2021 11:00,47,520
7/6/2021 11:05,47,520
7/6/2021 11:10,47,521
7/6/2021 11:15,47,519
7/6/2021 11:20,47,516
7/6/2021 11:25,47,517
7/6/2021 11:30,47,513
7/6/2021 11:35,47,514
7/6/2021 11:40,47,511
7/6/2021 11:45,47,509
7/6/2021 11:50,47,508
7/6/2021 11:55,47,510
7/6/2021 12:00,47,506
7/6/2021 12:05,47,507
7/6/2021 12:10,47,502
7/6/2021 12:15,47,501
7/6/2021 12:20,47,500
7/6/2021 12:25,47,501
7/6/2021 12:30,47,499
7/6/2021 12:35,47,500
7/6/2021 12:40,47,497
7/6/2021 12:45,47,497
7/6/2021 12:50,47,495
7/6/2021 12:55,47,494
7/6/2021 13:00,47,494
7/6/2021 13:05,47,493
7/6/2021 13:10,47,492
7/6/2021 13:15,47,491
7/6/2021 13:20,47,489
7/6/2021 13:25,47,487
7/6/2021 13:30,47,487
7/6/2021 13:35,47,485
7/6/2021 13:40,47,485
7/6/2021 13:45,47,484
7/6/2021 13:50,47,483
7/6/2021 13:55,47,481
7/6/2021 14:00,47,481
7/6/2021 14:05,47,478
7/6/2021 14:10,47,478
7/6/2021 14:15,47,479
7/6/2021 14:20,47,476
7/6/2021 14:25,47,477
7/6/2021 14:30,47,475
7/6/2021 14:35,47,473
7/6/2021 14:40,47,473
7/6/2021 14:45,47,473
7/6/2021 14:50,47,471
7/6/2021 14:55,47,469
7/6/2021 15:00,47,468
7/6/2021 15:05,47,470
7/6/2021 15:10,47,468
7/6/2021 15:15,47,468
7/6/2021 15:20,47,467
7/6/2021 15:25,47,466
7/6/2021 15:30,47,464
7/6/2021 15:35,47,465
7/6/2021 15:40,47,465
7/6/2021 15:45,47,463
7/6/2021 15:50,47,463
7/6/2021 15:55,47,464
7/6/2021 16:00,47,461
7/6/2021 16:05,47,462
7/6/2021 16:10,47,462
7/6/2021 16:15,47,461
7/6/2021 16:20,47,459
7/6/2021 16:25,47,461
7/6/2021 16:30,47,462
7/6/2021 16:35,47,459
7/6/2021 16:40,47,460
7/6/2021 16:45,47,458
7/6/2021 16:50,47,459
7/6/2021 16:55,47,459
7/6/2021 17:00,47,459
7/6/2021 17:05,47,458
7/6/2021 17:10,47,458
7/6/2021 17:15,47,457
7/6/2021 17:20,47,457
7/6/2021 17:25,47,457
7/6/2021 17:30,47,458
7/6/2021 17:35,47,458
7/6/2021 17:40,47,457
7/6/2021 17:45,47,459
7/6/2021 17:50,47,457
7/6/2021 17:55,47,457
7/6/2021 18:00,47,459
7/6/2021 18:05,47,457
7/6/2021 18:10,47,458
7/6/2021 18:15,47,459
7/6/2021 18:20,47,459
7/6/2021 18:25,47,460
7/6/2021 18:30,47,460
7/6/2021 18:35,47,460
7/6/2021 18:40,47,459
7/6/2021 18:45,47,460
7/6/2021 18:50,47,461
7/6/2021 18:55,47,462
7/6/2021 19:00,47,461
7/6/2021 19:05,47,460
7/6/2021 19:10,47,462
7/6/2021 19:15,47,464
7/6/2021 19:20,47,462
7/6/2021 19:25,47,465
7/6/2021 19:30,47,465
7/6/2021 19:35,47,465
7/6/2021 19:40,47,469
7/6/2021 19:45,47,468
7/6/2021 19:50,47,470
7/6/2021 19:55,47,472
7/6/2021 20:00,47,474
7/6/2021 20:05,47,475
7/6/2021 20:10,47,477
7/6/2021 20:15,47,478
7/6/2021 20:20,47,479
7/6/2021 20:25,47,484
7/6/2021 20:30,47,484
7/6/2021 20:35,47,487
7/6/2021 20:40,47,489
7/6/2021 20:45,47,492
7/6/2021 20:50,47,493
7/6/2021 20:55,47,496
7/6/2021 21:00,47,499
7/6/2021 21:05,47,501
7/6/2021 21:10,47,502
7/6/2021 21:15,47,502
7/6/2021 21:20,47,506
7/6/2021 21:25,47,508
7/6/2021 21:30,47,510
7/6/2021 21:35,47,510
7/6/2021 21:40,47,513
7/6/2021 21:45,47,516
7/6/2021 21:50,47,515
7/6/2021 21:55,47,519
7/6/2021 22:00,47,520
7/6/2021 22:05,47,521
7/6/2021 22:10,47,525
7/6/2021 22:15,47,528
7/6/2021 22:20,47,525
7/6/2021 22:25,47,528
7/6/2021 22:30,47,530
7/6/2021 22:35,47,530
7/6/2021 22:40,47,532
7/6/2021 22:45,47,531
7/6/2021 22:50,47,533
7/6/2021 22:55,47,536
7/6/2021 23:00,47,537
7/6/2021 23:05,47,540
7/6/2021 23:10,47,540
7/6/2021 23:15,47,542
7/6/2021 23:20,47,542
7/6/2021 23:25,47,545
7/6/2021 23:30,47,546
7/6/2021 23:35,47,546
7/6/2021 23:40,47,549
7/6/2021 23:45,47,550
7/6/2021 23:50,47,551
7/6/2021 23:55,47,552
7/7/2021 0:00,47,553
7/7/2021 0:05,47,554
7/7/2021 0:10,47,555
7/7/2021 0:15,47,558
7/7/2021 0:20,47,558
7/7/2021 0:25,47,560
7/7/2021 0:30,47,560
7/7/2021 0:35,47,563
7/7/2021 0:40,47,562
7/7/2021 0:45,47,563
7/7/2021 0:50,47,564
7/7/2021 0:55,47,565
7/7/2021 1:00,47,568
7/7/2021 1:05,47,568
7/7/2021 1:10,47,566
7/7/2021 1:15,47,571
7/7/2021 1:20,47,571
7/7/2021 1:25,47,570
7/7/2021 1:30,47,572
7/7/2021 1:35,47,575
7/7/2021 1:40,47,575
7/7/2021 1:45,47,574
7/7/2021 1:50,47,575
7/7/2021 1:55,47,575
7/7/2021 2:00,47,578
7/7/2021 2:05,47,577
7/7/2021 2:10,47,579
7/7/2021 2:15,47,580
7/7/2021 2:20,47,580
7/7/2021 2:25,47,581
7/7/2021 2:30,47,580
7/7/2021 2:35,47,582
7/7/2021 2:40,47,582
7/7/2021 2:45,47,582
7/7/2021 2:50,47,585
7/7/2021 2:55,47,583
7/7/2021 3:00,47,584
7/7/2021 3:05,47,585
7/7/2021 3:10,47,587
7/7/2021 3:15,47,585
7/7/2021 3:20,47,586
7/7/2021 3:25,47,587
7/7/2021 3:30,47,587
7/7/2021 3:35,47,587
7/7/2021 3:40,47,588
7/7/2021 3:45,47,589
7/7/2021 3:50,47,589
7/7/2021 3:55,47,586
7/7/2021 4:00,47,588
7/7/2021 4:05,47,586
7/7/2021 4:10,47,590
7/7/2021 4:15,47,591
7/7/2021 4:20,47,590
7/7/2021 4:25,47,589
7/7/2021 4:30,47,588
7/7/2021 4:35,47,590
7/7/2021 4:40,47,589
7/7/2021 4:45,47,591
7/7/2021 4:50,47,588
7/7/2021 4:55,47,589
7/7/2021 5:00,47,592
7/7/2021 5:05,47,590
7/7/2021 5:10,47,589
7/7/2021 5:15,47,588
7/7/2021 5:20,47,588
7/7/2021 5:25,47,588
7/7/2021 5:30,47,588
7/7/2021 5:35,47,589
7/7/2021 5:40,47,590
7/7/2021 5:45,47,587
7/7/2021 5:50,47,585
7/7/2021 5:55,47,588
7/7/2021 6:00,47,587
7/7/2021 6:05,47,586
7/7/2021 6:10,47,584
7/7/2021 6:15,47,584
7/7/2021 6:20,47,584
7/7/2021 6:25,47,583
7/7/2021 6:30,47,583
7/7/2021 6:35,47,583
7/7/2021 6:40,47,582
7/7/2021 6:45,47,582
7/7/2021 6:50,47,580
7/7/2021 6:55,47,579
7/7/2021 7:00,47,582
7/7/2021 7:05,47,578
7/7/2021 7:10,47,580
7/7/2021 7:15,47,580
7/7/2021 7:20,47,576
7/7/2021 7:25,47,576
7/7/2021 7:30,47,573
7/7/2021 7:35,47,574
7/7/2021 7:40,47,575
7/7/2021 7:45,47,572
7/7/2021 7:50,47,572
7/7/2021 7:55,47,572
7/7/2021 8:00,47,571
7/7/2021 8:05,47,569
7/7/2021 8:10,47,569
7/7/2021 8:15,47,567
7/7/2021 8:20,47,566
7/7/2021 8:25,47,565
7/7/2021 8:30,47,564
7/7/2021 8:35,47,564
7/7/2021 8:40,47,564
7/7/2021 8:45,47,563
7/7/2021 8:50,47,561
7/7/2021 8:55,47,560
7/7/2021 9:00,47,561
7/7/2021 9:05,47,559
7/7/2021 9:10,47,557
7/7/2021 9:15,47,556
7/7/2021 9:20,47,553
7/7/2021 9:25,47,556
7/7/2021 9:30,47,556
7/7/2021 9:35,47,552
7/7/2021 9:40,47,551
7/7/2021 9:45,47,551
7/7/2021 9:50,47,549
7/7/2021 9:55,47,550
7/7/2021 10:00,47,548
7/7/2021 10:05,47,547
7/7/2021 10:10,47,547
7/7/2021 10:15,47,545
7/7/2021 10:20,47,543
7/7/2021 10:25,47,542
7/7/2021 10:30,47,541
7/7/2021 10:35,47,541
7/7/2021 10:40,47,541
7/7/2021 10:45,47,538
7/7/2021 10:50,47,538
7/7/2021 10:55,47,538
7/7/2021 11:00,47,535
7/7/2021 11:05,47,535
7/7/2021 11:10,47,533
7/7/2021 11:15,47,533
7/7/2021 11:20,47,532
7/7/2021 11:25,47,531
7/7/2021 11:30,47,528
7/7/2021 11:35,47,528
7/7/2021 11:40,47,526
7/7/2021 11:45,47,524
7/7/2021 11:50,47,526
7/7/2021 11:55,47,524
7/7/2021 12:00,47,522
7/7/2021 12:05,47,520
7/7/2021 12:10,47,519
7/7/2021 12:15,47,518
7/7/2021 12:20,47,518
7/7/2021 12:25,47,515
7/7/2021 12:30,47,515
7/7/2021 12:35,47,514
7/7/2021 12:40,47,512
7/7/2021 12:45,47,514
7/7/2021 12:50,47,505
7/7/2021 12:55,47,503
7/7/2021 13:00,47,502
7/7/2021 13:05,47,502
7/7/2021 13:10,47,500
7/7/2021 13:15,47,499
7/7/2021 13:20,47,498
7/7/2021 13:25,47,498
7/7/2021 13:30,47,496
7/7/2021 13:35,47,497
7/7/2021 13:40,47,496
7/7/2021 13:45,47,495
7/7/2021 13:50,47,500
7/7/2021 13:55,47,499
7/7/2021 14:00,47,499
7/7/2021 14:05,47,498
7/7/2021 14:10,47,496
7/7/2021 14:15,47,495
7/7/2021 14:20,47,493
7/7/2021 14:25,47,494
7/7/2021 14:30,47,492
7/7/2021 14:35,47,493
7/7/2021 14:40,47,491
7/7/2021 14:45,47,492
7/7/2021 14:50,47,488
7/7/2021 14:55,47,489
7/7/2021 15:00,47,487
7/7/2021 15:05,47,487
7/7/2021 15:10,47,487
7/7/2021 15:15,47,486
7/7/2021 15:20,47,484
7/7/2021 15:25,47,484
7/7/2021 15:30,47,484
7/7/2021 15:35,47,483
7/7/2021 15:40,47,485
7/7/2021 15:45,47,482
7/7/2021 15:50,47,481
7/7/2021 15:55,47,481
7/7/2021 16:00,47,479
7/7/2021 16:05,47,480
7/7/2021 16:10,47,478
7/7/2021 16:15,47,479
7/7/2021 16:20,47,479
7/7/2021 16:25,47,478
7/7/2021 16:30,47,478
7/7/2021 16:35,47,477
7/7/2021 16:40,47,478
7/7/2021 16:45,47,475
7/7/2021 16:50,47,476
7/7/2021 16:55,47,475
7/7/2021 17:00,47,474
7/7/2021 17:05,47,475
7/7/2021 17:10,47,472
7/7/2021 17:15,47,473
7/7/2021 17:20,47,474
7/7/2021 17:25,47,473
7/7/2021 17:30,47,474
7/7/2021 17:35,47,474
7/7/2021 17:40,47,474
7/7/2021 17:45,47,473
7/7/2021 17:50,47,473
7/7/2021 17:55,47,472
7/7/2021 18:00,47,473
7/7/2021 18:05,47,472
7/7/2021 18:10,47,472
7/7/2021 18:15,47,472
7/7/2021 18:20,47,473
7/7/2021 18:25,47,472
7/7/2021 18:30,47,472
7/7/2021 18:35,47,473
7/7/2021 18:40,47,472
7/7/2021 18:45,47,473
7/7/2021 18:50,47,474
7/7/2021 18:55,47,475
7/7/2021 19:00,47,473
7/7/2021 19:05,47,474
7/7/2021 19:10,47,473
7/7/2021 19:15,47,474
7/7/2021 19:20,47,475
7/7/2021 19:25,47,475
7/7/2021 19:30,47,475
7/7/2021 19:35,47,477
7/7/2021 19:40,47,475
7/7/2021 19:45,47,476
7/7/2021 19:50,47,476
7/7/2021 19:55,47,477
7/7/2021 20:00,47,478
7/7/2021 20:05,47,478
7/7/2021 20:10,47,478
7/7/2021 20:15,47,480
7/7/2021 20:20,47,480
7/7/2021 20:25,47,481
7/7/2021 20:30,47,481
7/7/2021 20:35,47,484
7/7/2021 20:40,47,483
7/7/2021 20:45,47,484
7/7/2021 20:50,47,485
7/7/2021 20:55,47,486
7/7/2021 21:00,47,486
7/7/2021 21:05,47,486
7/7/2021 21:10,47,487
7/7/2021 21:15,47,490
7/7/2021 21:20,47,490
7/7/2021 21:25,47,489
7/7/2021 21:30,47,490
7/7/2021 21:35,47,491
7/7/2021 21:40,47,493
7/7/2021 21:45,47,496
7/7/2021 21:50,47,496
7/7/2021 21:55,47,498
7/7/2021 22:00,47,497
7/7/2021 22:05,47,497
7/7/2021 22:10,47,501
7/7/2021 22:15,47,501
7/7/2021 22:20,47,502
7/7/2021 22:25,47,504
7/7/2021 22:30,47,505
7/7/2021 22:35,47,507
7/7/2021 22:40,47,508
7/7/2021 22:45,47,509
7/7/2021 22:50,47,511
7/7/2021 22:55,47,512
7/7/2021 23:00,47,511
7/7/2021 23:05,47,514
7/7/2021 23:10,47,514
7/7/2021 23:15,47,516
7/7/2021 23:20,47,518
7/7/2021 23:25,47,520
7/7/2021 23:30,47,521
7/7/2021 23:35,47,524
7/7/2021 23:40,47,523
7/7/2021 23:45,47,525
7/7/2021 23:50,47,524
7/7/2021 23:55,47,526
7/8/2021 0:00,47,528
7/8/2021 0:05,47,530
7/8/2021 0:10,47,530
7/8/2021 0:15,47,533
7/8/2021 0:20,47,534
7/8/2021 0:25,47,534
7/8/2021 0:30,47,536
7/8/2021 0:35,47,537
7/8/2021 0:40,47,540
7/8/2021 0:45,47,538
7/8/2021 0:50,47,541
7/8/2021 0:55,47,541
7/8/2021 1:00,47,542
7/8/2021 1:05,47,542
7/8/2021 1:10,47,542
7/8/2021 1:15,47,544
7/8/2021 1:20,47,543
7/8/2021 1:25,47,545
7/8/2021 1:30,47,544
7/8/2021 1:35,47,546
7/8/2021 1:40,47,545
7/8/2021 1:45,47,544
7/8/2021 1:50,47,545
7/8/2021 1:55,47,546
7/8/2021 2:00,47,548
7/8/2021 2:05,47,545
7/8/2021 2:10,47,544
7/8/2021 2:15,47,543
7/8/2021 2:20,47,542
7/8/2021 2:25,47,542
7/8/2021 2:30,47,543
7/8/2021 2:35,47,543
7/8/2021 2:40,47,543
7/8/2021 2:45,47,542
7/8/2021 2:50,47,542
7/8/2021 2:55,47,541
7/8/2021 3:00,47,540
7/8/2021 3:05,47,540
7/8/2021 3:10,47,542
7/8/2021 3:15,47,542
7/8/2021 3:20,47,541
7/8/2021 3:25,47,539
7/8/2021 3:30,47,541
7/8/2021 3:35,47,542
7/8/2021 3:40,47,541
7/8/2021 3:45,47,541
7/8/2021 3:50,47,540
7/8/2021 3:55,47,541
7/8/2021 4:00,47,540
7/8/2021 4:05,47,543
7/8/2021 4:10,47,542
7/8/2021 4:15,47,543
7/8/2021 4:20,47,540
7/8/2021 4:25,47,540
7/8/2021 4:30,47,541
7/8/2021 4:35,47,540
7/8/2021 4:40,47,541
7/8/2021 4:45,47,541
7/8/2021 4:50,47,539
7/8/2021 4:55,47,542
7/8/2021 5:00,47,540
7/8/2021 5:05,47,541
7/8/2021 5:10,47,539
7/8/2021 5:15,47,542
7/8/2021 5:20,47,541
7/8/2021 5:25,47,540
7/8/2021 5:30,47,541
7/8/2021 5:35,47,539
7/8/2021 5:40,47,541
7/8/2021 5:45,47,539
7/8/2021 5:50,47,538
7/8/2021 5:55,47,539
7/8/2021 6:00,47,537
7/8/2021 6:05,47,540
7/8/2021 6:10,47,540
7/8/2021 6:15,47,537
7/8/2021 6:20,47,536
7/8/2021 6:25,47,536
7/8/2021 6:30,47,537
7/8/2021 6:35,47,536
7/8/2021 6:40,47,535
7/8/2021 6:45,47,535
7/8/2021 6:50,47,533
7/8/2021 6:55,47,533
7/8/2021 7:00,47,532
7/8/2021 7:05,47,532
7/8/2021 7:10,47,533
7/8/2021 7:15,47,531
7/8/2021 7:20,47,531
7/8/2021 7:25,47,531
7/8/2021 7:30,47,530
7/8/2021 7:35,47,529
7/8/2021 7:40,47,530
7/8/2021 7:45,47,530
7/8/2021 7:50,47,530
7/8/2021 7:55,47,531
7/8/2021 8:00,47,529
7/8/2021 8:05,47,530
7/8/2021 8:10,47,530
7/8/2021 8:15,47,529
7/8/2021 8:20,47,530
7/8/2021 8:25,47,532
7/8/2021 8:30,47,531
7/8/2021 8:35,47,534
7/8/2021 8:40,47,531
7/8/2021 8:45,47,532
7/8/2021 8:50,47,532
7/8/2021 8:55,47,532
7/8/2021 9:00,47,534
7/8/2021 9:05,47,534
7/8/2021 9:10,47,533
7/8/2021 9:15,47,536
7/8/2021 9:20,47,536
7/8/2021 9:25,47,534
7/8/2021 9:30,47,534
7/8/2021 9:35,47,534
7/8/2021 9:40,47,534
7/8/2021 9:45,47,532
7/8/2021 9:50,47,533
7/8/2021 9:55,47,532
7/8/2021 10:00,47,532
7/8/2021 10:05,47,533
7/8/2021 10:10,47,530
7/8/2021 10:15,47,530
7/8/2021 10:20,47,529
7/8/2021 10:25,47,530
7/8/2021 10:30,47,527
7/8/2021 10:35,47,529
7/8/2021 10:40,47,527
7/8/2021 10:45,47,525
7/8/2021 10:50,47,526
7/8/2021 10:55,47,524
7/8/2021 11:00,47,524
7/8/2021 11:05,47,525
7/8/2021 11:10,47,522
7/8/2021 11:15,47,522
7/8/2021 11:20,47,521
7/8/2021 11:25,47,519
7/8/2021 11:30,47,520
7/8/2021 11:35,47,518
7/8/2021 11:40,47,516
7/8/2021 11:45,47,516
7/8/2021 11:50,47,515
7/8/2021 11:55,47,513
7/8/2021 12:00,47,513
7/8/2021 12:05,47,513
7/8/2021 12:10,47,510
7/8/2021 12:15,47,508
7/8/2021 12:20,47,509
7/8/2021 12:25,47,510
7/8/2021 12:30,47,509
7/8/2021 12:35,47,508
7/8/2021 12:40,47,507
7/8/2021 12:45,47,505
7/8/2021 12:50,47,505
7/8/2021 12:55,47,504
7/8/2021 13:00,47,502
7/8/2021 13:05,47,502
7/8/2021 13:10,47,500
7/8/2021 13:15,47,500
7/8/2021 13:20,47,499
7/8/2021 13:25,47,498
7/8/2021 13:30,47,497
7/8/2021 13:35,47,496
7/8/2021 13:40,47,494
7/8/2021 13:45,47,493
7/8/2021 13:50,47,493
7/8/2021 13:55,47,492
7/8/2021 14:00,47,492
7/8/2021 14:05,47,490
7/8/2021 14:10,47,491
7/8/2021 14:15,47,488
7/8/2021 14:20,47,488
7/8/2021 14:25,47,487
7/8/2021 14:30,47,485
7/8/2021 14:35,47,485
7/8/2021 14:40,47,484
7/8/2021 14:45,47,482
7/8/2021 14:50,47,481
7/8/2021 14:55,47,483
7/8/2021 15:00,47,480
7/8/2021 15:05,47,478
7/8/2021 15:10,47,479
7/8/2021 15:15,47,478
7/8/2021 15:20,47,476
7/8/2021 15:25,47,474
7/8/2021 15:30,47,475
7/8/2021 15:35,47,474
7/8/2021 15:40,47,473
7/8/2021 15:45,47,473
7/8/2021 15:50,47,471
7/8/2021 15:55,47,471
7/8/2021 16:00,47,471
7/8/2021 16:05,47,469
7/8/2021 16:10,47,468
7/8/2021 16:15,47,468
7/8/2021 16:20,47,467
7/8/2021 16:25,47,466
7/8/2021 16:30,47,466
7/8/2021 16:35,47,464
7/8/2021 16:40,47,465
7/8/2021 16:45,47,463
7/8/2021 16:50,47,463
7/8/2021 16:55,47,463
7/8/2021 17:00,47,462
7/8/2021 17:05,47,461
7/8/2021 17:10,47,461
7/8/2021 17:15,47,460
7/8/2021 17:20,47,461
7/8/2021 17:25,47,458
7/8/2021 17:30,47,458
7/8/2021 17:35,47,459
7/8/2021 17:40,47,458
7/8/2021 17:45,47,458
7/8/2021 17:50,47,458
7/8/2021 17:55,47,457
7/8/2021 18:00,47,457
7/8/2021 18:05,47,456
7/8/2021 18:10,47,456
7/8/2021 18:15,47,457
7/8/2021 18:20,47,456
7/8/2021 18:25,47,456
7/8/2021 18:30,47,456
7/8/2021 18:35,47,456
7/8/2021 18:40,47,455
7/8/2021 18:45,47,456
7/8/2021 18:50,47,453
7/8/2021 18:55,47,454
7/8/2021 19:00,47,454
7/8/2021 19:05,47,455
7/8/2021 19:10,47,455
7/8/2021 19:15,47,454
7/8/2021 19:20,47,453
7/8/2021 19:25,47,454
7/8/2021 19:30,47,452
7/8/2021 19:35,47,454
7/8/2021 19:40,47,452
7/8/2021 19:45,47,453
7/8/2021 19:50,47,453
7/8/2021 19:55,47,453
7/8/2021 20:00,47,454
7/8/2021 20:05,47,455
7/8/2021 20:10,47,453
7/8/2021 20:15,47,453
7/8/2021 20:20,47,454
7/8/2021 20:25,47,453
7/8/2021 20:30,47,453
7/8/2021 20:35,47,453
7/8/2021 20:40,47,454
7/8/2021 20:45,47,454
7/8/2021 20:50,47,455
7/8/2021 20:55,47,455
7/8/2021 21:00,47,456
7/8/2021 21:05,47,455
7/8/2021 21:10,47,456
7/8/2021 21:15,47,456
7/8/2021 21:20,47,456
7/8/2021 21:25,47,457
7/8/2021 21:30,47,458
7/8/2021 21:35,47,457
7/8/2021 21:40,47,458
7/8/2021 21:45,47,458
7/8/2021 21:50,47,459
7/8/2021 21:55,47,459
7/8/2021 22:00,47,462
7/8/2021 22:05,47,461
7/8/2021 22:10,47,462
7/8/2021 22:15,47,462
7/8/2021 22:20,47,463
7/8/2021 22:25,47,464
7/8/2021 22:30,47,464
7/8/2021 22:35,47,465
7/8/2021 22:40,47,466
7/8/2021 22:45,47,468
7/8/2021 22:50,47,468
7/8/2021 22:55,47,467
7/8/2021 23:00,47,470
7/8/2021 23:05,47,469
7/8/2021 23:10,47,470
7/8/2021 23:15,47,469
7/8/2021 23:20,47,472
7/8/2021 23:25,47,472
7/8/2021 23:30,47,472
7/8/2021 23:35,47,473
7/8/2021 23:40,47,473
7/8/2021 23:45,47,474
7/8/2021 23:50,47,474
7/8/2021 23:55,47,474
7/9/2021 0:00,47,473
7/9/2021 0:05,47,474
7/9/2021 0:10,47,475
7/9/2021 0:15,47,475
7/9/2021 0:20,47,475
7/9/2021 0:25,47,474
7/9/2021 0:30,47,475
7/9/2021 0:35,47,475
7/9/2021 0:40,47,475
7/9/2021 0:45,47,475
7/9/2021 0:50,47,474
7/9/2021 0:55,47,475
7/9/2021 1:00,47,474
7/9/2021 1:05,47,473
7/9/2021 1:10,47,473
7/9/2021 1:15,47,473
7/9/2021 1:20,47,471
7/9/2021 1:25,47,473
7/9/2021 1:30,47,471
7/9/2021 1:35,47,472
7/9/2021 1:40,47,472
7/9/2021 1:45,47,472
7/9/2021 1:50,47,470
7/9/2021 1:55,47,473
7/9/2021 2:00,47,472
7/9/2021 2:05,47,472
7/9/2021 2:10,47,471
7/9/2021 2:15,47,470
7/9/2021 2:20,47,472
7/9/2021 2:25,47,473
7/9/2021 2:30,47,473
7/9/2021 2:35,47,473
7/9/2021 2:40,47,473
7/9/2021 2:45,47,474
7/9/2021 2:50,47,474
7/9/2021 2:55,47,473
7/9/2021 3:00,47,475
7/9/2021 3:05,47,473
7/9/2021 3:10,47,476
7/9/2021 3:15,47,476
7/9/2021 3:20,47,477
7/9/2021 3:25,47,477
7/9/2021 3:30,47,477
7/9/2021 3:35,47,475
7/9/2021 3:40,47,477
7/9/2021 3:45,47,476
7/9/2021 3:50,47,477
7/9/2021 3:55,47,477
7/9/2021 4:00,47,478
7/9/2021 4:05,47,477
7/9/2021 4:10,47,478
7/9/2021 4:15,47,479
7/9/2021 4:20,47,478
7/9/2021 4:25,47,478
7/9/2021 4:30,47,480
7/9/2021 4:35,47,477
7/9/2021 4:40,47,479
7/9/2021 4:45,47,479
7/9/2021 4:50,47,479
7/9/2021 4:55,47,480
7/9/2021 5:00,47,479
7/9/2021 5:05,47,479
7/9/2021 5:10,47,479
7/9/2021 5:15,47,479
7/9/2021 5:20,47,480
7/9/2021 5:25,47,479
7/9/2021 5:30,47,478
7/9/2021 5:35,47,479
7/9/2021 5:40,47,479
7/9/2021 5:45,47,478
7/9/2021 5:50,47,478
7/9/2021 5:55,47,480
7/9/2021 6:00,47,478
7/9/2021 6:05,47,479
7/9/2021 6:10,47,478
7/9/2021 6:15,47,477
7/9/2021 6:20,47,478
7/9/2021 6:25,47,477
7/9/2021 6:30,47,477
7/9/2021 6:35,47,477
7/9/2021 6:40,47,476
7/9/2021 6:45,47,475
7/9/2021 6:50,47,477
7/9/2021 6:55,47,476
7/9/2021 7:00,47,476
7/9/2021 7:05,47,477
7/9/2021 7:10,47,477
7/9/2021 7:15,47,478
7/9/2021 7:20,47,477
7/9/2021 7:25,47,478
7/9/2021 7:30,47,478
7/9/2021 7:35,47,479
7/9/2021 7:40,47,481
7/9/2021 7:45,47,480
7/9/2021 7:50,47,483
7/9/2021 7:55,47,483
7/9/2021 8:00,47,483
7/9/2021 8:05,47,484
7/9/2021 8:10,47,485
7/9/2021 8:15,47,485
7/9/2021 8:20,47,485
7/9/2021 8:25,47,485
7/9/2021 8:30,47,486
7/9/2021 8:35,47,485
7/9/2021 8:40,47,487
7/9/2021 8:45,47,487
7/9/2021 8:50,47,486
7/9/2021 8:55,47,485
7/9/2021 9:00,47,487
7/9/2021 9:05,47,487
7/9/2021 9:10,47,485
7/9/2021 9:15,47,485
7/9/2021 9:20,47,486
7/9/2021 9:25,47,485
7/9/2021 9:30,47,487
7/9/2021 9:35,47,485
7/9/2021 9:40,47,484
7/9/2021 9:45,47,485
7/9/2021 9:50,47,485
7/9/2021 9:55,47,483
7/9/2021 10:00,47,484
7/9/2021 10:05,47,482
7/9/2021 10:10,47,482
7/9/2021 10:15,47,481
7/9/2021 10:20,47,481
7/9/2021 10:25,47,480
7/9/2021 10:30,47,479
7/9/2021 10:35,47,479
7/9/2021 10:40,47,477
7/9/2021 10:45,47,476
7/9/2021 10:50,47,477
7/9/2021 10:55,47,475
7/9/2021 11:00,47,476
7/9/2021 11:05,47,473
7/9/2021 11:10,47,473
7/9/2021 11:15,47,474
7/9/2021 11:20,47,472
7/9/2021 11:25,47,471
7/9/2021 11:30,47,471
7/9/2021 11:35,47,470
7/9/2021 11:40,47,468
7/9/2021 11:45,47,468
7/9/2021 11:50,47,468
7/9/2021 11:55,47,468
7/9/2021 12:00,47,465
7/9/2021 12:05,47,466
7/9/2021 12:10,47,464
7/9/2021 12:15,47,464
7/9/2021 12:20,47,461
7/9/2021 12:25,47,462
7/9/2021 12:30,47,461
7/9/2021 12:35,47,460
7/9/2021 12:40,47,459
7/9/2021 12:45,47,459
7/9/2021 12:50,47,459
7/9/2021 12:55,47,458
7/9/2021 13:00,47,457
7/9/2021 13:05,47,456
7/9/2021 13:10,47,455
7/9/2021 13:15,47,455
7/9/2021 13:20,47,454
7/9/2021 13:25,47,452
7/9/2021 13:30,47,452
7/9/2021 13:35,47,450
7/9/2021 13:40,47,451
7/9/2021 13:45,47,449
7/9/2021 13:50,47,449
7/9/2021 13:55,47,448
7/9/2021 14:00,47,447
7/9/2021 14:05,47,447
7/9/2021 14:10,47,446
7/9/2021 14:15,47,445
7/9/2021 14:20,47,444
7/9/2021 14:25,47,444
7/9/2021 14:30,47,443
7/9/2021 14:35,47,442
7/9/2021 14:40,47,443
7/9/2021 14:45,47,442
7/9/2021 14:50,47,440
7/9/2021 14:55,47,442
7/9/2021 15:00,47,441
7/9/2021 15:05,47,439
7/9/2021 15:10,47,438
7/9/2021 15:15,47,438
7/9/2021 15:20,47,438
7/9/2021 15:25,47,438
7/9/2021 15:30,47,437
7/9/2021 15:35,47,437
7/9/2021 15:40,47,437
7/9/2021 15:45,47,436
7/9/2021 15:50,47,435
7/9/2021 15:55,47,435
7/9/2021 16:00,47,433
7/9/2021 16:05,47,435
7/9/2021 16:10,47,433
7/9/2021 16:15,47,432
7/9/2021 16:20,47,433
7/9/2021 16:25,47,433
7/9/2021 16:30,47,431
7/9/2021 16:35,47,431
7/9/2021 16:40,47,432
7/9/2021 16:45,47,431
7/9/2021 16:50,47,432
7/9/2021 16:55,47,430
7/9/2021 17:00,47,431
7/9/2021 17:05,47,429
7/9/2021 17:10,47,430
7/9/2021 17:15,47,430
7/9/2021 17:20,47,428
7/9/2021 17:25,47,428
7/9/2021 17:30,47,428
7/9/2021 17:35,47,427
7/9/2021 17:40,47,428
7/9/2021 17:45,47,428
7/9/2021 17:50,47,428
7/9/2021 17:55,47,428
7/9/2021 18:00,47,427
7/9/2021 18:05,47,427
7/9/2021 18:10,47,427
7/9/2021 18:15,47,427
7/9/2021 18:20,47,426
7/9/2021 18:25,47,427
7/9/2021 18:30,47,428
7/9/2021 18:35,47,427
7/9/2021 18:40,47,427
7/9/2021 18:45,47,427
7/9/2021 18:50,47,429
7/9/2021 18:55,47,428
7/9/2021 19:00,47,428
7/9/2021 19:05,47,427
7/9/2021 19:10,47,430
7/9/2021 19:15,47,429
7/9/2021 19:20,47,430
7/9/2021 19:25,47,431
7/9/2021 19:30,47,430
7/9/2021 19:35,47,430
7/9/2021 19:40,47,431
7/9/2021 19:45,47,432
7/9/2021 19:50,47,433
7/9/2021 19:55,47,432
7/9/2021 20:00,47,434
7/9/2021 20:05,47,434
7/9/2021 20:10,47,436
7/9/2021 20:15,47,435
7/9/2021 20:20,47,436
7/9/2021 20:25,47,438
7/9/2021 20:30,47,438
7/9/2021 20:35,47,438
7/9/2021 20:40,47,440
7/9/2021 20:45,47,443
7/9/2021 20:50,47,440
7/9/2021 20:55,47,441
7/9/2021 21:00,47,443
7/9/2021 21:05,47,443
